list,thread_key,root_message_id,messages,path
pod,04309e38dbba-welcome_john_cowan%2E,20020909174340.gf16233@chain.digitalkingdom.org,1,mail/pod/threads/2002/04309e38dbba-welcome_john_cowan%2E.txt
pod,11525bdf9f83-my_apologies%2E,20020909174635.gi16233@chain.digitalkingdom.org,2,mail/pod/threads/2002/11525bdf9f83-my_apologies%2E.txt
pod,35c5a35df871-level_-1_doc%2E,20020822141533.j2396@miranda.org,14,mail/pod/threads/2002/35c5a35df871-level_-1_doc%2E.txt
pod,099b94bf4669-inquiry_from_a_non-profit_organization%2E,20020904162116.gj24416@chain.digitalkingdom.org,1,mail/pod/threads/2002/099b94bf4669-inquiry_from_a_non-profit_organization%2E.txt
pod,189d2eed7324-level_0_to_europe,001301c2501f$ab618b20$71b4003e@default,3,mail/pod/threads/2002/189d2eed7324-level_0_to_europe.txt
pod,f730e19f86fa-welcome%21,20020821220427.go4159@chain.digitalkingdom.org,1,mail/pod/threads/2002/f730e19f86fa-welcome%21.txt
pod,2fd4e7b154fc-no_subject,20020910155746.gj27783@chain.digitalkingdom.org,1,mail/pod/threads/2002/2fd4e7b154fc-no_subject.txt
pod,30996819765a-no_subject,20020914234223.ga21153@chain,1,mail/pod/threads/2002/30996819765a-no_subject.txt
pod,"031ff49de841-test,_please_ignore%2E",20020920003144.gf23580@digitalkingdom.org,1,"mail/pod/threads/2002/031ff49de841-test,_please_ignore%2E.txt"
pod,bb29f15bdc3e-sapir-whorf_hypothesis,5.1.0.14.0.20021011000752.030a7500@pop.east.cox.net,1,mail/pod/threads/2002/bb29f15bdc3e-sapir-whorf_hypothesis.txt
pod,7f3f69926f0a-no_subject,20030219170202.gp30112@digitalkingdom.org,1,mail/pod/threads/2003/7f3f69926f0a-no_subject.txt
pod,"cee92eec0f90-here's_the_link,_let_me_know",e18m48x-0005pe-00@digitalkingdom.org,1,"mail/pod/threads/2003/cee92eec0f90-here's_the_link,_let_me_know.txt"
pod,26c94941ca79-itching_to_publish%2E%2E%2E,20030222223231.gn21342@digitalkingdom.org,5,mail/pod/threads/2003/26c94941ca79-itching_to_publish%2E%2E%2E.txt
pod,fec30d5686f8-send_me_the_info_again_here,e18nw8e-0007wg-00@digitalkingdom.org,2,mail/pod/threads/2003/fec30d5686f8-send_me_the_info_again_here.txt
pod,a4ffd452b65b-bracing_microphone,wtrbhusludzcwougcaqkfdomxlvtue@243.179.176.218,1,mail/pod/threads/2003/a4ffd452b65b-bracing_microphone.txt
pod,b046477c672a-get_the_facts_about_penis_enlargement_9477iihk8,96cec8cda11b$d8a32ebe$fe43d357@kotbwumuqs.ce,1,mail/pod/threads/2003/b046477c672a-get_the_facts_about_penis_enlargement_9477iihk8.txt
pod,6dcaf6432e33-pod_list_closed%2E,20030315215741.gh11275@digitalkingdom.org,2,mail/pod/threads/2003/6dcaf6432e33-pod_list_closed%2E.txt
pod,c6edd57c18c9-level_0_latest,a0c1f07a-57af-11d7-8e65-003065d4ec72@optushome.com.au,10,mail/pod/threads/2003/c6edd57c18c9-level_0_latest.txt
pod,dda7bd1df267-want_to_go_see_a_movie%3F_%2E%2E%2E,025b01e00c6c$2685a8b3$7ea46de2@netqto,1,mail/pod/threads/2003/dda7bd1df267-want_to_go_see_a_movie%3F_%2E%2E%2E.txt
pod,a4fba4910f48-internal_%2F_external_cell_glifdmecieyxj_iib,po1o$eq8-rg-1361z8o$4kf36$$7g@a1699,1,mail/pod/threads/2003/a4fba4910f48-internal_%2F_external_cell_glifdmecieyxj_iib.txt
pod,"b3e21c31f454-phentermine,_xenical_%26_many_others_prescribed",e1m366v01l$08wtiem$p-7--mx05v@0vy.dck.q6rhvw,1,"mail/pod/threads/2003/b3e21c31f454-phentermine,_xenical_%26_many_others_prescribed.txt"
pod,2ba84a98131a-pvck_filk,j$$-9e757-280$p-0o@f70.vaygl,1,mail/pod/threads/2003/2ba84a98131a-pvck_filk.txt
pod,"f87c09920df3-purchase,_diet_pills,_and_other_prescriptions_w",ld52-20r$4086-xc@tdyg632h4mky,1,"mail/pod/threads/2003/f87c09920df3-purchase,_diet_pills,_and_other_prescriptions_w.txt"
pod,4f4ab97f6b87-initial_price_for_level_0,20030425233030.ga9369@digitalkingdom.org,1,mail/pod/threads/2003/4f4ab97f6b87-initial_price_for_level_0.txt
pod,a70a974c6dee-nlrth_cnerub,zav94s527$42@sue3.ncb,1,mail/pod/threads/2003/a70a974c6dee-nlrth_cnerub.txt
pod,41075b5a88da-viagra_and_diet_pills_prescribed_online%21_us_d,r$mow538dyq29$940v6pv1o2@r85i.q0,1,mail/pod/threads/2003/41075b5a88da-viagra_and_diet_pills_prescribed_online%21_us_d.txt
pod,e85d2d9f5f4c-experience_more_powerful_erections_tz,3zmln-djx0vf2-8-dj-d9@tuk4576h,1,mail/pod/threads/2003/e85d2d9f5f4c-experience_more_powerful_erections_tz.txt
pod,62f2ccc13ab1-the_party_info,001511c0ce22$cbe18153$73331681@lnopuia.yym,1,mail/pod/threads/2003/62f2ccc13ab1-the_party_info.txt
pod,1099a83011ca-top_mortgage_leads,5ffb01c3107a$613e7bc8$5fef21a5@70fh8l1,1,mail/pod/threads/2003/1099a83011ca-top_mortgage_leads.txt
pod,7cc409fca407-what_are_you_doing_baby,dd4001c31734$404f1cae$3b3dc802@p4tdoo9,1,mail/pod/threads/2003/7cc409fca407-what_are_you_doing_baby.txt
pod,"1577d727648f-online_prescription_from_your_home,_pod%40digit",9r87-66$4ouhv0qy$r2i-4$e-vd@13ot28.y0v,1,"mail/pod/threads/2003/1577d727648f-online_prescription_from_your_home,_pod%40digit.txt"
pod,070efbee2c6f-half_off_v1agra%21%21_%5B_cmqjrq,y-k68-1s81-3l$1012a4bo@23f.6wdjx,1,mail/pod/threads/2003/070efbee2c6f-half_off_v1agra%21%21_%5B_cmqjrq.txt
pod,360c82f8efcd-be_refinance_free%2E%2E%2E_free_online_quote_aa,n2lcw-50$61$8@u5s6d7.y74.lao,1,mail/pod/threads/2003/360c82f8efcd-be_refinance_free%2E%2E%2E_free_online_quote_aa.txt
pod,205c13438fc7-rrapply_for_a_online_mortgage_loan_247_gbi_jwsn,j$6$-6-t03wcv2kh---6zy3to$01@al7.q56.pu8,1,mail/pod/threads/2003/205c13438fc7-rrapply_for_a_online_mortgage_loan_247_gbi_jwsn.txt
pod,a60a37389ad4-%3C%3C%3C%23%23government_funding_program,5j3$-r0$w$2hs076-out0o@435h40,1,mail/pod/threads/2003/a60a37389ad4-%3C%3C%3C%23%23government_funding_program.txt
pod,7a17060d6530-%3E%23government_loan_program%23%23%23,9181873obd2lm8-$7ccg3b@x4jnw0.0l,1,mail/pod/threads/2003/7a17060d6530-%3E%23government_loan_program%23%23%23.txt
pod,"01a17d0947ce-xenical,_phentermine_and_others",k4$8yri--7q1$85@jde1.5qx.djf,1,"mail/pod/threads/2003/01a17d0947ce-xenical,_phentermine_and_others.txt"
pod,a23e75889c41-half_off_v1agra%21%21_%5B_chjhkg_b,37$$$u50v$7223hk048915fo-v$e@z55y9.gkl,1,mail/pod/threads/2003/a23e75889c41-half_off_v1agra%21%21_%5B_chjhkg_b.txt
pod,c09775b4f599-this_will_definately_help_d_7ndgi72xh0t,476501c3127f$26763074$e433a739@xlguii2,1,mail/pod/threads/2003/c09775b4f599-this_will_definately_help_d_7ndgi72xh0t.txt
pod,043f7c1c212e-h_g_h_free-lose_weight_%26_get_younger,144-18dnk$8-8v$5a3dk1$i@jmkx971o,1,mail/pod/threads/2003/043f7c1c212e-h_g_h_free-lose_weight_%26_get_younger.txt
pod,ab3a43471418-where_are_you_sexy,941f01c33496$5afe7531$918e1c47@8vicap1,1,mail/pod/threads/2003/ab3a43471418-where_are_you_sexy.txt
pod,636e4076fc1e-luxurious_health_discovery_now_affordable,o$sl$7-297m54$cz-c09@j13h.c6,1,mail/pod/threads/2003/636e4076fc1e-luxurious_health_discovery_now_affordable.txt
pod,cf759ea5d88b-the_most_reliable_lenders_in_the_country_are_wo,f$3n069s0q$y4439q$e-bt2csvw5na3@9d8gd,1,mail/pod/threads/2003/cf759ea5d88b-the_most_reliable_lenders_in_the_country_are_wo.txt
pod,"cd5446193d0a-men,_end_those_embarrising_moments%21_sxm_einf_",1exv9-784hd446-e$66z$$n$7b85-r@viwnbo.8oq,1,"mail/pod/threads/2003/cd5446193d0a-men,_end_those_embarrising_moments%21_sxm_einf_.txt"
pod,de58fd49c7fb-fix_your_problems,e19ughg-0003ka-00@digitalkingdom.org,1,mail/pod/threads/2003/de58fd49c7fb-fix_your_problems.txt
pod,55cd735944e4-half_off_v1agra%21_%5B_rpbii,g--y106$9z-7n8$-4$h-f3-x$337@ph3pe7,1,mail/pod/threads/2003/55cd735944e4-half_off_v1agra%21_%5B_rpbii.txt
pod,feef5c61e4dd-help_please%2E%2E,517a01c33f30$23e35cac$f8a9aee6@j6n7mjh,1,mail/pod/threads/2003/feef5c61e4dd-help_please%2E%2E.txt
pod,63aa758b6ec8-i_saw_you_in_the_chatroom,400901c33fbb$698dec2d$454c9d98@pfh90x1,1,mail/pod/threads/2003/63aa758b6ec8-i_saw_you_in_the_chatroom.txt
pod,65298fe3eb71-dont_tell_her_please,3f016f1c.f7e9e298@slug.ctv.es,1,mail/pod/threads/2003/65298fe3eb71-dont_tell_her_please.txt
pod,c37044448a3c-advance_on_the_job_with_our_college_graduation_,99i7$8-6ks$356s78yl08d2@4x1d.ytk1,1,mail/pod/threads/2003/c37044448a3c-advance_on_the_job_with_our_college_graduation_.txt
pod,667aa416b39c-1%2F2_off_v1agra%21%21%21%21_%5B_wqij,p-9m-$59$53$h0887vegr@8zalf.abs,1,mail/pod/threads/2003/667aa416b39c-1%2F2_off_v1agra%21%21%21%21_%5B_wqij.txt
pod,024005543396-i_know_your_out_there_somewhere%21,595901c3415d$ee44e9a8$b8d718fe@21a0t32,1,mail/pod/threads/2003/024005543396-i_know_your_out_there_somewhere%21.txt
pod,351f07619460-i_need_some_help%2E%2E,52be01c342b8$5e78748e$a73305ee@3mxd2x2,1,mail/pod/threads/2003/351f07619460-i_need_some_help%2E%2E.txt
pod,313efc5ea3d5-you_are_the_best,18db01c34363$0a26023a$0d625f89@3j1of32,1,mail/pod/threads/2003/313efc5ea3d5-you_are_the_best.txt
pod,d2c672270136-shed_while_you_sleep,63w64$-95---$7@zsy.f7q.f6,1,mail/pod/threads/2003/d2c672270136-shed_while_you_sleep.txt
pod,cea3579a35fa-do_you_remember_me%3F,ca0001c344d7$96080488$f6de3b35@9ilvrom,1,mail/pod/threads/2003/cea3579a35fa-do_you_remember_me%3F.txt
pod,c7d85e45fd7c-let's_fix_your_problems,e19a4om-0005cp-00@digitalkingdom.org,1,mail/pod/threads/2003/c7d85e45fd7c-let's_fix_your_problems.txt
pod,"dad758bf55b2-hey,_did_you_hear%3F",e19adiz-0000is-00@digitalkingdom.org,2,"mail/pod/threads/2003/dad758bf55b2-hey,_did_you_hear%3F.txt"
pod,b50f2e7ae90b-science_has_finally_done_it,7a60r7ca3oo5668-5ok-9$$e@mu1.00.5.to,1,mail/pod/threads/2003/b50f2e7ae90b-science_has_finally_done_it.txt
pod,0f461082d0c8-aadv_we_are_here_because_we_care%21_new_15_min_,x2z1$-43s$b$8x$rxg3@vrxhgn,1,mail/pod/threads/2003/0f461082d0c8-aadv_we_are_here_because_we_care%21_new_15_min_.txt
pod,0a7a91a02b14-%7Ea%7Ed%7Ev%7E_give_your_love_hours_of_pleasur,62t367h3y-1b36$423$nbkl-3$-z@9hko1n.9p2u,1,mail/pod/threads/2003/0a7a91a02b14-%7Ea%7Ed%7Ev%7E_give_your_love_hours_of_pleasur.txt
pod,3f5fa9af7ba6-scientific_breakthrough,n7jidshwh$u-$1cfi$mr2bb7x15$3@f0yir0a,1,mail/pod/threads/2003/3f5fa9af7ba6-scientific_breakthrough.txt
pod,3dd08766b558-have_faith,e19etpd-0001ew-00@digitalkingdom.org,1,mail/pod/threads/2003/3dd08766b558-have_faith.txt
pod,bddd4cd5f795-vz0k%40esignal%2Ecom_q_cl_dsqh_nxo_penr,ryw2-$-a$y$au9$z@8ca6.k6v.eu2,1,mail/pod/threads/2003/bddd4cd5f795-vz0k%40esignal%2Ecom_q_cl_dsqh_nxo_penr.txt
pod,3cb9243be011-pod%40digitalkingdom%2Eorg,67g785kt-0-vm4-$1fv@v92glyya8c,2,mail/pod/threads/2003/3cb9243be011-pod%40digitalkingdom%2Eorg.txt
pod,cfe29266984b-free_for_a_month,b58$-2$uy--09@jq81q.v5.t1,1,mail/pod/threads/2003/cfe29266984b-free_for_a_month.txt
pod,a5dedad48b35-%7Ea%7Ed%7Ev%7E_time_is_of_the_essence%21_get_y,20$651u-85-e4@9v2j7w.h2.x1,1,mail/pod/threads/2003/a5dedad48b35-%7Ea%7Ed%7Ev%7E_time_is_of_the_essence%21_get_y.txt
pod,"3a5dc496a826-expand,_lenghten_and_enlarge_your_penis_3%2B_in",m9$zz2h-3ae88y53$-2zv@q5gar2,1,"mail/pod/threads/2003/3a5dc496a826-expand,_lenghten_and_enlarge_your_penis_3%2B_in.txt"
pod,0cab9887ba5a-%7Bplease_read%7D_cll_shipment_issues%2E,20030804041429.gq3259@digitalkingdom.org,5,mail/pod/threads/2003/0cab9887ba5a-%7Bplease_read%7D_cll_shipment_issues%2E.txt
pod,64acbf8f3b94-wanna_know_why%3F,e19k3t3-000217-00@digitalkingdom.org,1,mail/pod/threads/2003/64acbf8f3b94-wanna_know_why%3F.txt
pod,73ffa868b72e-dlew_zeficient_igo_zg,38be2yw-68i61@08a.b6.5hngjt,1,mail/pod/threads/2003/73ffa868b72e-dlew_zeficient_igo_zg.txt
pod,c9f53f232bc5-our_thank_you_for_trying_enclosed,t8u3u$22h-ws@uy6c0,1,mail/pod/threads/2003/c9f53f232bc5-our_thank_you_for_trying_enclosed.txt
pod,a1c1c70f0d80-extend_your_r0d_o_wjztkq3kijhbp,6bd901c3627e$1db36f6f$b2db140d@rr3t5s3,1,mail/pod/threads/2003/a1c1c70f0d80-extend_your_r0d_o_wjztkq3kijhbp.txt
pod,022e7fbd7a78-new_medications,272cxo74q6-9$pb-7m54k$-4n@9y5lw.8.nupyy0,1,mail/pod/threads/2003/022e7fbd7a78-new_medications.txt
pod,5f0cb1160651-self_employed_health_insurance_free_quotes,o-k4v4924-1$-dvr-x2u6e8$qk-4865@q7n.qswj,1,mail/pod/threads/2003/5f0cb1160651-self_employed_health_insurance_free_quotes.txt
pod,e3def5d48e8d-health_insurance_for_your_life_free_quotes,7hq9p18su2$o8@noc94e,1,mail/pod/threads/2003/e3def5d48e8d-health_insurance_for_your_life_free_quotes.txt
pod,5ca3df206500-do_you_suffer_pindick_problems%3F_o_74k0od5dk,a91401c377cf$933a677c$ec759d8d@x4whglq,1,mail/pod/threads/2003/5ca3df206500-do_you_suffer_pindick_problems%3F_o_74k0od5dk.txt
pod,a3dbbfe7fe35-ecstasy92linden,g-caz-z0l-j1tv$7z--j9t5@0v8g0t,1,mail/pod/threads/2003/a3dbbfe7fe35-ecstasy92linden.txt
pod,80110660f613-the_time_has_come%2E%2E%2Eo_m8937934,f41101c379d9$1263153d$e787ca91@yj7lo13,1,mail/pod/threads/2003/80110660f613-the_time_has_come%2E%2E%2Eo_m8937934.txt
pod,67add8b32f0f-oh_my_dear_look_at_this_o_736dvi3v751u,2a2c01c37b64$110fd083$53eca4e0@ng8uwoi,1,mail/pod/threads/2003/67add8b32f0f-oh_my_dear_look_at_this_o_736dvi3v751u.txt
pod,c4d84a54b3f2-hello,e19zkif-0000wu-00@digitalkingdom.org,2,mail/pod/threads/2003/c4d84a54b3f2-hello.txt
pod,6124bc290cd5-hey,e19zlaf-0001hv-00@digitalkingdom.org,2,mail/pod/threads/2003/6124bc290cd5-hey.txt
pod,7507878b7265-special_offer_lumgle_zl_zka_dnxo,xz43c$a-bk0g60f9i25@eoyucv,1,mail/pod/threads/2003/7507878b7265-special_offer_lumgle_zl_zka_dnxo.txt
pod,401c5abee340-amazing_anti-aging_discovery%21_qy,f02w6-$zmfi332988m-$06e@19y.dg7v,1,mail/pod/threads/2003/401c5abee340-amazing_anti-aging_discovery%21_qy.txt
pod,b61fb56cb1ff-hi,e1a01c4-0001u4-00@digitalkingdom.org,4,mail/pod/threads/2003/b61fb56cb1ff-hi.txt
pod,01105dcc16a5-you_are_soooo_great,db1601c382bb$c043deac$d0557b03@64iegg1,1,mail/pod/threads/2003/01105dcc16a5-you_are_soooo_great.txt
pod,69d27171ee74-whats_up%3F,kph9in$z-$33y@a7i3.d2,1,mail/pod/threads/2003/69d27171ee74-whats_up%3F.txt
pod,1c1cd1705665-spy_on_your_spouse_through_the_computer%2E_k_qv,987e01c384c3$eeb3a64a$f5369ce1@fy5b393,1,mail/pod/threads/2003/1c1cd1705665-spy_on_your_spouse_through_the_computer%2E_k_qv.txt
pod,91755890ed32-i_can_come%21,3f7700cc.019178a3@raex.com,1,mail/pod/threads/2003/91755890ed32-i_can_come%21.txt
pod,b44948785ab7-ciao,u35-46$-p8-23$b@hvc.psb21s,1,mail/pod/threads/2003/b44948785ab7-ciao.txt
pod,b8aa8c8b6799-whats_happening%3F,l26kl$s98ncibd$92m@0j93.rveoum,1,mail/pod/threads/2003/b8aa8c8b6799-whats_happening%3F.txt
pod,"c17728e08262-test_again,_sorry%2E",20031002200252.gw1970@digitalkingdom.org,1,"mail/pod/threads/2003/c17728e08262-test_again,_sorry%2E.txt"
pod,d2684ce923c7-ikbmiyderfajo,414d01c38a23$b5fff59b$2d5b96e6@qdwbsvc,1,mail/pod/threads/2003/d2684ce923c7-ikbmiyderfajo.txt
pod,00d577b35644-latest_update,139501c38a5b$05e5894f$c6098644@ugu7345,1,mail/pod/threads/2003/00d577b35644-latest_update.txt
pod,8edb8e099d8a-grow_it_strong,b3e201c38afe$16a7253d$24218161@jj64641,1,mail/pod/threads/2003/8edb8e099d8a-grow_it_strong.txt
pod,5c57913a80de-lets_refinance_today%21,e1a6ccb-000382-jf@chain.digitalkingdom.org,1,mail/pod/threads/2003/5c57913a80de-lets_refinance_today%21.txt
pod,6f9fb621f07a-become_large,b69d01c38b86$db1b16c4$ff3b3322@3x5oxs2,1,mail/pod/threads/2003/6f9fb621f07a-become_large.txt
pod,5775159a411a-_%2Ewant_a_'bi'g%3A_%2Ep%2Ae%60nis%3F_k_cgrcvfi,709601c38c14$422dfa19$1e42d148@dpdalrc,1,mail/pod/threads/2003/5775159a411a-_%2Ewant_a_'bi'g%3A_%2Ep%2Ae%60nis%3F_k_cgrcvfi.txt
pod,9b30c8c1f434-%5E_revitalize_your_%60p_eni%3As'%21_p_uryvmfdi,d7c201c38d15$8bf34e3f$5f286126@lomsgzb,1,mail/pod/threads/2003/9b30c8c1f434-%5E_revitalize_your_%60p_eni%3As'%21_p_uryvmfdi.txt
pod,3d548295866b-doerman_captwous,esul40$qb4-$t@bzw.a.tn,1,mail/pod/threads/2003/3d548295866b-doerman_captwous.txt
pod,"52f9dae33bf2-here_yah_go%21_spy_cams_are_back,_%241%2E00_onl",856a01c38de1$27695b80$3ce1c398@aqrrtlidqko,1,"mail/pod/threads/2003/52f9dae33bf2-here_yah_go%21_spy_cams_are_back,_%241%2E00_onl.txt"
pod,88ae6c7fbc09-cynservatism_jacasonville,2pb$9$az$7xd$-$057c$a$a4-g3-1@5akchfa.0fnk,1,mail/pod/threads/2003/88ae6c7fbc09-cynservatism_jacasonville.txt
pod,0c9ea15edc0c-whats_doing_today%3F,dp$$$5uki$-9m72k-c$3qx7191-l@yuk.m.l.3r.r3m,1,mail/pod/threads/2003/0c9ea15edc0c-whats_doing_today%3F.txt
pod,438359e3b37f-we_should_so_some_business,4r382zgjyrh3-$4i@chxp.su6q,1,mail/pod/threads/2003/438359e3b37f-we_should_so_some_business.txt
pod,781f68a65771-%2E%2E_hi,e1a8nbq-0006ix-tt@chain.digitalkingdom.org,1,mail/pod/threads/2003/781f68a65771-%2E%2E_hi.txt
pod,785ce1fc69cb-%2Eex%2Etend_y%2Aou%22r_r%2Eod%2E_-ea%2Asy_%3A_,471f01c39119$9c808b3e$dfd09053@cmpskod,1,mail/pod/threads/2003/785ce1fc69cb-%2Eex%2Etend_y%2Aou%22r_r%2Eod%2E_-ea%2Asy_%3A_.txt
pod,4e1181b7a7c6-your_next_date_relies_on_you_getting_a_bigger_p,e1a93da-0000y5-hu@chain.digitalkingdom.org,1,mail/pod/threads/2003/4e1181b7a7c6-your_next_date_relies_on_you_getting_a_bigger_p.txt
pod,570e3906dea6-crosswowd_ugual,09$8$7204i$g3z1-$-070p$rs8tp0@e54.g.373.rj0,1,mail/pod/threads/2003/570e3906dea6-crosswowd_ugual.txt
pod,724f60f52d3e-cljnt_dain,r7hm921290zsq$fml5$ulj$x@uuwp9.r.sf.lh,1,mail/pod/threads/2003/724f60f52d3e-cljnt_dain.txt
pod,f344bd32f50c-hows_about_we_do_something_this_week%3F,18-64p1-qqom0q9k8-$r3@77z.1rq.08,1,mail/pod/threads/2003/f344bd32f50c-hows_about_we_do_something_this_week%3F.txt
pod,15919a75d1ed-produce_more_of_your_own_hgh,8hml1-oc-$$v3-p527@7sol2b,1,mail/pod/threads/2003/15919a75d1ed-produce_more_of_your_own_hgh.txt
pod,cbc7d308ce2c-grow_young,2t$bv$5261mlc-i81u4sl-apt-7u9@o2t1jvbu,1,mail/pod/threads/2003/cbc7d308ce2c-grow_young.txt
pod,040294f85c9f-svnsory_babyldnian,zh4077x5$$39dl3-4bynw8g605-qp@l0121i,1,mail/pod/threads/2003/040294f85c9f-svnsory_babyldnian.txt
pod,8e190a02e7bf-comsagnie_coyley,3-7400-5in1-eiw$kg05h$05ck@b9ro8f.c.yci,1,mail/pod/threads/2003/8e190a02e7bf-comsagnie_coyley.txt
pod,3b955ee8c477-hubbenl_celesfe,6tzp445--ho-wwiv-$$v93y8@tf2n3.z.qby,1,mail/pod/threads/2003/3b955ee8c477-hubbenl_celesfe.txt
pod,2798adec8bdf-cisery_germayy,cq$do7u-e5$34im1f6n-49n$43@8ubvz.8yvb,1,mail/pod/threads/2003/2798adec8bdf-cisery_germayy.txt
pod,7979f854fc6b-cd_banister,07g1q0-q-6i-d6$r8@6dt.9.aeoi4,1,mail/pod/threads/2003/7979f854fc6b-cd_banister.txt
pod,d0ed7fdadef8-feeling_sluggish%3F,e1acwgb-0008bq-j6@chain.digitalkingdom.org,1,mail/pod/threads/2003/d0ed7fdadef8-feeling_sluggish%3F.txt
pod,48861ae6209b-semirwmis_whoir,p5$pvocr-$n-3-3cv39$j$1@pj5.cc.z0x3.b5,1,mail/pod/threads/2003/48861ae6209b-semirwmis_whoir.txt
pod,92a25a0e2fcf-hey_take_a_look_at_this,e1adamc-0004f0-g5@chain.digitalkingdom.org,1,mail/pod/threads/2003/92a25a0e2fcf-hey_take_a_look_at_this.txt
pod,233ec3f5e122-smpdgy_bzst,kj6r27uy233cf$$l9qdvm0z@wv22otojcl4,1,mail/pod/threads/2003/233ec3f5e122-smpdgy_bzst.txt
pod,a84fe31af71e-bushwhdck_btg,do7309$--v-0-6s@323h3yxv,1,mail/pod/threads/2003/a84fe31af71e-bushwhdck_btg.txt
pod,f77c668b5fd3-gclogue_ironaood,3$eq4e410-i03-8w$bon08$-$e@su0.p6jq1,1,mail/pod/threads/2003/f77c668b5fd3-gclogue_ironaood.txt
pod,"2d11b9192744-%2Ddo%22nt_be_s%3Bhy%2E%2E_ta,ke_a_l%22ook_sjae",b42901c39e17$4729b6d5$5a35f644@hjbgjoc,1,"mail/pod/threads/2003/2d11b9192744-%2Ddo%22nt_be_s%3Bhy%2E%2E_ta,ke_a_l%22ook_sjae.txt"
pod,cc71c70e9883-%2Ash%2Ee'l%3Bl_tha%2Enk_u_vqdtgscg,d3b601c39e99$b17e88f6$b8c0ec27@ygigean,1,mail/pod/threads/2003/cc71c70e9883-%2Ash%2Ee'l%3Bl_tha%2Enk_u_vqdtgscg.txt
pod,46d99cb56625-join_the_many_americans_enlarging_their_penises,e1afzol-0006wc-gh@chain.digitalkingdom.org,1,mail/pod/threads/2003/46d99cb56625-join_the_many_americans_enlarging_their_penises.txt
pod,56da58dc1574-technological_breakthrough%3A_descramble_cable_,9d-u61ef82v$-2q-16@31sm9ei,1,mail/pod/threads/2003/56da58dc1574-technological_breakthrough%3A_descramble_cable_.txt
pod,65568081e6a8-no_subject,t5$4wq---13-n7bp-2g-n-rv2@sr0nu,1,mail/pod/threads/2003/65568081e6a8-no_subject.txt
pod,"4e46061ef697-%2Dm%2Eoney_back'_,gu%60%3Aara'ntee'_xlqnqcceqz",2ff501c3a512$d5793367$3e9dd21f@fgurdfd,1,"mail/pod/threads/2003/4e46061ef697-%2Dm%2Eoney_back'_,gu%60%3Aara'ntee'_xlqnqcceqz.txt"
pod,"291d208a331d-%3Bgirl%60s_on_ly,_li%2Ake_b%22ig%60_'ro%22ds%3",eb7801c3a640$3f690c4f$41ef4760@vgydtnc,1,"mail/pod/threads/2003/291d208a331d-%3Bgirl%60s_on_ly,_li%2Ake_b%22ig%60_'ro%22ds%3.txt"
pod,61321292a3c2-no_subject,61gj3-2-lj$$he4m$t4@tibwsetkh022,1,mail/pod/threads/2003/61321292a3c2-no_subject.txt
pod,0540be6ce81c-%5Ethe_t%22ime_ha%2As_arriv%22ed_zrrnuxybop,b11901c3a962$1471d226$f60e2ac7@tkqwlgc,1,mail/pod/threads/2003/0540be6ce81c-%5Ethe_t%22ime_ha%2As_arriv%22ed_zrrnuxybop.txt
pod,"abd42a3b1d5f-m'on%5Eey_b%3Aack_%2Agu,ara%60nte'e%3B%5E_%60_y",70ce01c3aa6d$1a0ded77$c8fdfe46@utupcwb,1,"mail/pod/threads/2003/abd42a3b1d5f-m'on%5Eey_b%3Aack_%2Agu,ara%60nte'e%3B%5E_%60_y.txt"
pod,ecb75126012c-enlarge_your_member_without_pills_cq40,jmlomcgmacoadanmndhibcfenhaa.aimee.mcleanoo@hotmail.com,1,mail/pod/threads/2003/ecb75126012c-enlarge_your_member_without_pills_cq40.txt
pod,b5e5ed32f7f7-r%2Ea%2Et%2Ee%2Es_h%2Ea%2Ev%2Ee_d%2Er%2Eo%2Ep%2,o6nvc$5q4$r1oe9-$4@lps.p.58.tzrkg,1,mail/pod/threads/2003/b5e5ed32f7f7-r%2Ea%2Et%2Ee%2Es_h%2Ea%2Ev%2Ee_d%2Er%2Eo%2Ep%2.txt
pod,bb456bcbdf7e-add_inches_with_the_patch_tufli2,fpjelgmnmhjgneagknajdbngbiaa.bacajr@email.com,1,mail/pod/threads/2003/bb456bcbdf7e-add_inches_with_the_patch_tufli2.txt
pod,c6fbf6d935e7-no_subject,81d601c3ada6$4a1d17db$d50e1446@kbr.be,1,mail/pod/threads/2003/c6fbf6d935e7-no_subject.txt
pod,0a20d8d171f6-no_subject,970801c3b01a$b793c4e9$fe161c61@wlw.de,1,mail/pod/threads/2003/0a20d8d171f6-no_subject.txt
pod,"dfa2de59c8e2-,%22%2Asto-p%2E%2E%2E_ri,ght_h%3Bere%2E_elvmrwd",3ab501c3b14d$ebf89520$afc5514c@vcitfib,1,"mail/pod/threads/2003/dfa2de59c8e2-,%22%2Asto-p%2E%2E%2E_ri,ght_h%3Bere%2E_elvmrwd.txt"
pod,be1a4e68428d-rest_easy,8ga$$q1958$$e1t2u@q3h.hd,1,mail/pod/threads/2003/be1a4e68428d-rest_easy.txt
pod,72047b8c5adf-no_subject,ux$s$$-pv-3d9981-0a6$ivw$98u@y45fs2ic02r21e,1,mail/pod/threads/2003/72047b8c5adf-no_subject.txt
pod,783aabb2e5ea-%2Ad'o'nt_be_s%2Ehy%2E%2E_ta%2Eke_a_look_duadav,274f01c3b414$7833af32$e4a9994d@xdmxplc,1,mail/pod/threads/2003/783aabb2e5ea-%2Ad'o'nt_be_s%2Ehy%2E%2E_ta%2Eke_a_look_duadav.txt
pod,23150950b9a6-cleaner_colons,o-49awq$f$pm$$-858tz@oh5ve.4a3ts,1,mail/pod/threads/2003/23150950b9a6-cleaner_colons.txt
pod,da65433211ec-no_subject,43--f-j5tg-14l2npi2$2p$44$$9@o7bv79,1,mail/pod/threads/2003/da65433211ec-no_subject.txt
pod,54c9ccab0533-enlarge_your_member_without_pills_roj144,ppingmibeaedphnecjfhifaggcab.karl.holmes_qf@yahoo.ca,1,mail/pod/threads/2003/54c9ccab0533-enlarge_your_member_without_pills_roj144.txt
pod,0c7c7fa09f3d-large_d%5Ei%60ck%3B_or_%2Amo'n%2Ee%2Ay_-back_%5,86f001c3b5e1$c8927a20$5d7d8402@nba.fi,1,mail/pod/threads/2003/0c7c7fa09f3d-large_d%5Ei%60ck%3B_or_%2Amo'n%2Ee%2Ay_-back_%5.txt
pod,bd124f1bc2e0-we_can_teach_you_to_make_a_fortune_online%2E%2E,882301c3b644$f2f1cae7$53612067@koys.de,1,mail/pod/threads/2003/bd124f1bc2e0-we_can_teach_you_to_make_a_fortune_online%2E%2E.txt
pod,"ef73e5f16feb-no_pills,_no_pumps_-_its_the_patch_2jxvb",gfmmhdbilihpknolchcgiihjlpaa.hhall_km@mail.com,1,"mail/pod/threads/2003/ef73e5f16feb-no_pills,_no_pumps_-_its_the_patch_2jxvb.txt"
pod,ed8746c5ea57-gr-ow_siz%22e_%5E_fuwdutccabwv,946501c3b74f$e50162e2$cdf2c1a9@davinci.ethz.ch,1,mail/pod/threads/2003/ed8746c5ea57-gr-ow_siz%22e_%5E_fuwdutccabwv.txt
pod,cd63074787bc-nothing_you_cant_do%21,2.2.32.2003120321513400ff8138@argovision.de,1,mail/pod/threads/2003/cd63074787bc-nothing_you_cant_do%21.txt
pod,8d894ed3c802-thursday%3F,01$vlt2f8$80d-our-gz@3cbh7a9e,1,mail/pod/threads/2003/8d894ed3c802-thursday%3F.txt
pod,3548853ce9ea-royejebyvaj,577001c3bcb4$fd80df6c$66e75b68@djmlbrh,1,mail/pod/threads/2003/3548853ce9ea-royejebyvaj.txt
pod,603dd160ed17-nwhggrcsth,1a4b01c3bd7d$9e717fe3$ca7d24e7@xzwzwjb,1,mail/pod/threads/2003/603dd160ed17-nwhggrcsth.txt
pod,5e345cbcb7cd-you_have_words_with_him_n_dljywazjibcuv,8-063$a9$8n5o-27$4$-s-o4@9f2nby2p8,1,mail/pod/threads/2003/5e345cbcb7cd-you_have_words_with_him_n_dljywazjibcuv.txt
pod,815167cb4f8c-give_it_a_try_for_me_please%21,3fdac211.2274e788@ghost.de,1,mail/pod/threads/2003/815167cb4f8c-give_it_a_try_for_me_please%21.txt
pod,72b0600787c8-how_are_you%3F,4fq42$-$3$en$229$ybxvos247@fk1f.nhx536lx7,2,mail/pod/threads/2003/72b0600787c8-how_are_you%3F.txt
pod,"db1a5f2002e7-%2Aexp'and,_your_horizons_cqsyrxdhde",718701c3c80d$f83b72e5$0aec4285@home.pf.jcu.cz,1,"mail/pod/threads/2003/db1a5f2002e7-%2Aexp'and,_your_horizons_cqsyrxdhde.txt"
pod,80e7ea774d74-keep_your_colon_clean,bf9-9pxyy88-6t-sn@hna.7spspl2v,1,mail/pod/threads/2003/80e7ea774d74-keep_your_colon_clean.txt
pod,abb28a8ca13b-i_don't_understand_q_ungi_xq_ta_l,m8xa$kqvh0wuh$mf175v38t8yf7d@ba0.3iu.vw0u,1,mail/pod/threads/2003/abb28a8ca13b-i_don't_understand_q_ungi_xq_ta_l.txt
pod,282b6fb37ae5-settled_high_under_w_qorr,du54634h46ktl03kkcq$8hli04v61wfy@pz7ia.3v.q4w,1,mail/pod/threads/2003/282b6fb37ae5-settled_high_under_w_qorr.txt
pod,e3a0b11adf58-clean_your_colon,s-0n4$--p94-r$0$k@yw1.2mt.4y,1,mail/pod/threads/2003/e3a0b11adf58-clean_your_colon.txt
pod,e58c953adae7-cheapp_webhosting_pp_rv_sgt,5e5hc5u3jn025lui$ai-54116@pf9a46,1,mail/pod/threads/2003/e58c953adae7-cheapp_webhosting_pp_rv_sgt.txt
pod,"281e03771157-qyulaytn,_as_she_flew",zejpeer-0002615858280@aerate,1,"mail/pod/threads/2003/281e03771157-qyulaytn,_as_she_flew.txt"
pod,"e11f9c0b1e65-tidxhg,_i_know_that",lrgzesl-0008932492560@quantico,1,"mail/pod/threads/2003/e11f9c0b1e65-tidxhg,_i_know_that.txt"
pod,9dede9b6ffd7-behave%21,2.2.32.20031225123943009a6bfb@cargosurvey.se,1,mail/pod/threads/2003/9dede9b6ffd7-behave%21.txt
pod,"b6737b05f77f-ugt,_added_deferentially%3A_allow",gnsygpl-0001621604472@epsilon,1,"mail/pod/threads/2003/b6737b05f77f-ugt,_added_deferentially%3A_allow.txt"
pod,230cd5fc17e2-anti-aging_pill%21_1st_month_free%21,d1$5v36$0m2s9lr$i5$j-8@2726b9n.iks,1,mail/pod/threads/2003/230cd5fc17e2-anti-aging_pill%21_1st_month_free%21.txt
pod,51ddb4198f62-ecommercessolutions_of,13dp5l6cjb-37kaeid-48r601x86@mv3.g2b5.qhg,1,mail/pod/threads/2003/51ddb4198f62-ecommercessolutions_of.txt
pod,49141f035ccb-lowest_home_l%2Aans_around%21,u60$5m91-nv-b@ifu.e135,1,mail/pod/threads/2003/49141f035ccb-lowest_home_l%2Aans_around%21.txt
pod,4f0e58f334ac-new_fda_approved_prescriptions,33092-190--ta8--3s-9dl$-$-8$54@f5q78.5.dsj,1,mail/pod/threads/2003/4f0e58f334ac-new_fda_approved_prescriptions.txt
pod,"ddc6ca69c67e-klz,_on_the_blanket",ilknxru-0006340069764@compulsion,1,"mail/pod/threads/2003/ddc6ca69c67e-klz,_on_the_blanket.txt"
pod,"93e23fd9d594-hde,_so_the_thing",avlvnho-0000633880597@hatteras,1,"mail/pod/threads/2003/93e23fd9d594-hde,_so_the_thing.txt"
pod,"d6826cd94683-uluxrq,_moment_later_natasha",vzawkem-0001946426717@universe,1,"mail/pod/threads/2003/d6826cd94683-uluxrq,_moment_later_natasha.txt"
pod,46e37e314239-learn_to_make_a_fortune_on_ebay%21,7bn54i-5m$p4$$d$2a@ywbju0,2,mail/pod/threads/2003/46e37e314239-learn_to_make_a_fortune_on_ebay%21.txt
pod,"0dc17abda21a-49,354,122_0rders_filled_%26_counting%2E%2E%2E_",5a9a01c3cd6f$3ca5f382$015b1015@experimentarium.dk,1,"mail/pod/threads/2003/0dc17abda21a-49,354,122_0rders_filled_%26_counting%2E%2E%2E_.txt"
pod,cc009bd991ec-pod_view_our_inventory_new_official_drugs_appro,8l01$5--m$64@vti1.o.7xc,1,mail/pod/threads/2003/cc009bd991ec-pod_view_our_inventory_new_official_drugs_appro.txt
pod,"e95d35dcc87c-kusa,_zhukopov_the_novelist",gzlzyry-0007405021637@winthrop,1,"mail/pod/threads/2003/e95d35dcc87c-kusa,_zhukopov_the_novelist.txt"
pod,"096f8f06c35c-kdea,_rapturously_declared_that",xmxewkx-0004565296171@mechanist,1,"mail/pod/threads/2003/096f8f06c35c-kdea,_rapturously_declared_that.txt"
pod,"9a86f151fabe-kqdwm,_with_the_noise",hzbrnat-0000913375359@mendacious,1,"mail/pod/threads/2003/9a86f151fabe-kqdwm,_with_the_noise.txt"
pod,0a353ba26811-ebay_notification_-_your_auction_has_completed_,z49t-2$$p4ozhoc5p$h$210ph3s@36x9.f.m.up8h2,2,mail/pod/threads/2003/0a353ba26811-ebay_notification_-_your_auction_has_completed_.txt
pod,"ebf79a3e4d8f-aybj,_that_surely_only",aszntlc-0009934006278@crush,1,"mail/pod/threads/2003/ebf79a3e4d8f-aybj,_that_surely_only.txt"
pod,"98b87d770598-eminem,_b%2E_spears,_dixie_chicks,_etc_xxspvibs",388v$$m57$r$fnrm-pwo0@2c0.d4,1,"mail/pod/threads/2003/98b87d770598-eminem,_b%2E_spears,_dixie_chicks,_etc_xxspvibs.txt"
pod,"ec7841a58284-irqih,_ill_get_violent%3F",zlohmsd-0002276443142@comprehension,1,"mail/pod/threads/2003/ec7841a58284-irqih,_ill_get_violent%3F.txt"
pod,"f0fcc1540875-nqrryal,_strangely%3A_the_procurators",kkgsnzf-0007472913716@anybody'd,1,"mail/pod/threads/2003/f0fcc1540875-nqrryal,_strangely%3A_the_procurators.txt"
pod,980441c9db49-we_can_teach_you_to_make_a_fortune_online%2E%2E,o-4hayis1y07e8ifo-2n7rfim$-ia@safj2el,2,mail/pod/threads/2003/980441c9db49-we_can_teach_you_to_make_a_fortune_online%2E%2E.txt
pod,"97691ead27a5-pq,_the_thaw'_that",tbmsazp-0002603630329@plasma,1,"mail/pod/threads/2003/97691ead27a5-pq,_the_thaw'_that.txt"
pod,"7de0bd40e6af-vfxgf,_the_darkness_that",sekizbm-0000218457176@cygnus,1,"mail/pod/threads/2004/7de0bd40e6af-vfxgf,_the_darkness_that.txt"
pod,26e81c36113d-turnkey_system_for_earning_from_home_b_szaobjnz,42x$6--$436ne-$--$bx1@cho.86o0580tn6,1,mail/pod/threads/2004/26e81c36113d-turnkey_system_for_earning_from_home_b_szaobjnz.txt
pod,"a5012b1b1e53-rn,_tear_his_head",arbgowk-0001963790274@stepwise,1,"mail/pod/threads/2004/a5012b1b1e53-rn,_tear_his_head.txt"
pod,"d9fd39bc4fd8-hz,_of_a_profession",aaunugt-0003312048208@larvae,1,"mail/pod/threads/2004/d9fd39bc4fd8-hz,_of_a_profession.txt"
pod,5a2926e81ec3-learn_how_thousands_of_people_have_quit_their_d,0$$szcf0417eeg@z11mv7,1,mail/pod/threads/2004/5a2926e81ec3-learn_how_thousands_of_people_have_quit_their_d.txt
pod,f0db8c05b407-do_you_want_for_a_prosperous_future%3F_nw,kd-ufjdq26-4$3-o8a@ugk3w,1,mail/pod/threads/2004/f0db8c05b407-do_you_want_for_a_prosperous_future%3F_nw.txt
pod,55d5b9f68db2-what_criminal%3F_where_zik,18k2v03b70w482149whl2v1p44oe-447@v315r0,1,mail/pod/threads/2004/55d5b9f68db2-what_criminal%3F_where_zik.txt
pod,"d3b07153097d-hnsyssj,_clutching_his_briefcase",pipscmv-0002547396876@amarillo,1,"mail/pod/threads/2004/d3b07153097d-hnsyssj,_clutching_his_briefcase.txt"
pod,"93d180ebd987-ofc,_them_anywhere%3F_werent",wdbbddc-0008802567986@leather,1,"mail/pod/threads/2004/93d180ebd987-ofc,_them_anywhere%3F_werent.txt"
pod,"4e30c7db8e6c-%25rnd_uc_char%5B2-8%5D,_do_you_happen",cdprqoe-0003103348951@egotism,1,"mail/pod/threads/2004/4e30c7db8e6c-%25rnd_uc_char%5B2-8%5D,_do_you_happen.txt"
pod,"29a8ddb545aa-el,_rain_poured_down",xhndfzi-0004342345434@lump,1,"mail/pod/threads/2004/29a8ddb545aa-el,_rain_poured_down.txt"
pod,"1d85bc8b48ed-eh,_findirector_was_also",shyolya-0008453715363@adolph,1,"mail/pod/threads/2004/1d85bc8b48ed-eh,_findirector_was_also.txt"
pod,"68ffea116b82-bcch,_at_their_head",aqsafmm-0000821515124@polity,1,"mail/pod/threads/2004/68ffea116b82-bcch,_at_their_head.txt"
pod,f10c7b7ddb3c-save_over_80%25_on_fda_official_medications_suc,cvdidiwwgzhdixxqkemjefrm@yahoo.com,1,mail/pod/threads/2004/f10c7b7ddb3c-save_over_80%25_on_fda_official_medications_suc.txt
pod,"807c8c23be2c-qvwxzya,_to_read_something",sedbfum-0005339683769@dairy,1,"mail/pod/threads/2004/807c8c23be2c-qvwxzya,_to_read_something.txt"
pod,"9f24e1863178-qqhplwbt,_nearly_delirious_citizen",oycbbzb-0001111972010@dinghy,1,"mail/pod/threads/2004/9f24e1863178-qqhplwbt,_nearly_delirious_citizen.txt"
pod,e6ba15b34870-your_confidence_%26_self-esteem_will_soar_for_t,bapbllpflnddkacpdejfidkbbfaa.boswell_jy@bio.mach.mie-u.ac.jp,1,mail/pod/threads/2004/e6ba15b34870-your_confidence_%26_self-esteem_will_soar_for_t.txt
pod,"f841a2d2473b-vvj,_against_the_polonaise",zbdjjoi-0008201807394@ail,1,"mail/pod/threads/2004/f841a2d2473b-vvj,_against_the_polonaise.txt"
pod,"f224d91c9fb8-xjndxot,_out_and_after",dgxpjmh-0006300095239@everybody,1,"mail/pod/threads/2004/f224d91c9fb8-xjndxot,_out_and_after.txt"
pod,529ebce725b5-get_rid_of_that_annoying_junk_mail_for_good%21,ffcfb0578729c91945639098170c9cdb@no-id-found.mhonarc.org,1,mail/pod/threads/2004/529ebce725b5-get_rid_of_that_annoying_junk_mail_for_good%21.txt
pod,"166a19d0bf4e-rgpmehad,_from_nobody_knows",lbjtvcy-0006037539448@naive,1,"mail/pod/threads/2004/166a19d0bf4e-rgpmehad,_from_nobody_knows.txt"
pod,ff61cbdf0eb0-savings_of_over_50%25_on_new_fda_official_drugs,grzqfrrnqgjrkpxspdabivc@yahoo.com,1,mail/pod/threads/2004/ff61cbdf0eb0-savings_of_over_50%25_on_new_fda_official_drugs.txt
pod,"abed2ad64e1e-dvqvwiiw,_of_humid_heat",ykkbwzq-0002308024745@pariah,1,"mail/pod/threads/2004/abed2ad64e1e-dvqvwiiw,_of_humid_heat.txt"
pod,"f3b27342fa4b-more_16_million_couples_have_loved_it,_its_your",zq9jsv8s9-w-202$$7i3@ar0k.s8.gia,1,"mail/pod/threads/2004/f3b27342fa4b-more_16_million_couples_have_loved_it,_its_your.txt"
pod,"deedd97fd457-onbevho,_the_guest_sympathetically",nnlstrt-0004488831565@wallaby,1,"mail/pod/threads/2004/deedd97fd457-onbevho,_the_guest_sympathetically.txt"
pod,0d648548417e-portrayal_of_human_zjqpbooxx_dzxtuwi,wdch$f99bo09pbs4qnn2q87tnysdk@svg9.68u8,1,mail/pod/threads/2004/0d648548417e-portrayal_of_human_zjqpbooxx_dzxtuwi.txt
pod,9602204d2cf9-and_the_most_mnnxhzvac,383gss-r1mn-e08vbn$8jif62j@gw2.m.fmf.ihh,1,mail/pod/threads/2004/9602204d2cf9-and_the_most_mnnxhzvac.txt
pod,"a90a73511116-plhvnss,_in_the_name",rwwztwg-0009157097605@thailand,1,"mail/pod/threads/2004/a90a73511116-plhvnss,_in_the_name.txt"
pod,"a7cb3e4d77bd-zr,_but_the_effect",ewmvwts-0004789593503@strop,1,"mail/pod/threads/2004/a7cb3e4d77bd-zr,_but_the_effect.txt"
pod,6c6cfb92b8b6-%2D-%3Enew_pill_adds_inches,i-s32g7$-48r57-6-fe@8m4gl9b8,1,mail/pod/threads/2004/6c6cfb92b8b6-%2D-%3Enew_pill_adds_inches.txt
pod,"74aa9c1a1484-pczcdfd,_benzene_spouted_from",cfstkmf-0004630383644@bijection,1,"mail/pod/threads/2004/74aa9c1a1484-pczcdfd,_benzene_spouted_from.txt"
pod,"6a52f3a1c1d3-lnjnkt,_through_a_megaphone",hbdjedb-0005937476813@saloonkeeper,1,"mail/pod/threads/2004/6a52f3a1c1d3-lnjnkt,_through_a_megaphone.txt"
pod,"734e104ae6be-soj,_ivan_was_unable",lbtfokh-0007534354540@arboreal,1,"mail/pod/threads/2004/734e104ae6be-soj,_ivan_was_unable.txt"
pod,"50225ae2725e-wyfumk,_after_the_revolution",mzekikr-0008496184451@equilateral,1,"mail/pod/threads/2004/50225ae2725e-wyfumk,_after_the_revolution.txt"
pod,2ccba69e6410-how_to_stop_spam_forever%21%21%21,21f5d5135cbdcb6f661307ac0b6a793e@no-id-found.mhonarc.org,1,mail/pod/threads/2004/2ccba69e6410-how_to_stop_spam_forever%21%21%21.txt
pod,c8fece6dc19d-speciality_and_assign_hl_a,33b6iy4i4sop2c15@6fdc2if4,1,mail/pod/threads/2004/c8fece6dc19d-speciality_and_assign_hl_a.txt
pod,fd2dfdab8d9b-create_a_new_inccanineome_with_ebay%2E%2E%2E,uc6th4$w5n$$k4$6cjud0l$wq@8d8fu40pb,1,mail/pod/threads/2004/fd2dfdab8d9b-create_a_new_inccanineome_with_ebay%2E%2E%2E.txt
pod,ddc80f7c7265-its_so_lnoticeableong,t014-k8955$$$$7x$h-$rq-sqv@mr5t2,1,mail/pod/threads/2004/ddc80f7c7265-its_so_lnoticeableong.txt
pod,"d4d2285bb5f7-rqgyjvxz,_i'm_not_trying",nsljzps-0005917000396@blueberry,1,"mail/pod/threads/2004/d4d2285bb5f7-rqgyjvxz,_i'm_not_trying.txt"
pod,a8222a98ae0c-wont_be_comfortable_rnunbextmr_kkwcf_ha,ta4c8xmdv-e3u47m3s8h2x3k75gl@ucgyu0,1,mail/pod/threads/2004/a8222a98ae0c-wont_be_comfortable_rnunbextmr_kkwcf_ha.txt
pod,"1a13d5efe55c-eyrn,_could_buy_whatever",ttxwqul-0007026152943@bujumbura,1,"mail/pod/threads/2004/1a13d5efe55c-eyrn,_could_buy_whatever.txt"
pod,"5847dcbb8fc5-geffel,_white_blinds_behind",iwtcohl-0007350551467@parisian,1,"mail/pod/threads/2004/5847dcbb8fc5-geffel,_white_blinds_behind.txt"
pod,"ebdedfc8d884-%25rnd_uc_char%5B2-8%5D,_painfully_and_added%3A",lojlcxg-0004664882511@coffee,1,"mail/pod/threads/2004/ebdedfc8d884-%25rnd_uc_char%5B2-8%5D,_painfully_and_added%3A.txt"
pod,"86655b4fb9d4-uzhwmm,_from_in_front",bvqpyoi-0006403289808@accessible,1,"mail/pod/threads/2004/86655b4fb9d4-uzhwmm,_from_in_front.txt"
pod,"e786339d7150-fire_your_boandersonss,_with_ebay%21",yn$f$$8joo8-$7-x@c2rdlla.199,1,"mail/pod/threads/2004/e786339d7150-fire_your_boandersonss,_with_ebay%21.txt"
pod,"6a5ebf7f5527-mzimatxy,_while_the_visitor",crsqsuh-0006916541263@drain,1,"mail/pod/threads/2004/6a5ebf7f5527-mzimatxy,_while_the_visitor.txt"
pod,"d33d3c8355fb-rllutqcp,_the_tired_doctor",cykaiuw-0003060517472@hoff,1,"mail/pod/threads/2004/d33d3c8355fb-rllutqcp,_the_tired_doctor.txt"
pod,f75f36d21771-the_loninventiveger_the_better,777-q86t8d5mw$4nm$aho@1pxo23r2,1,mail/pod/threads/2004/f75f36d21771-the_loninventiveger_the_better.txt
pod,3328c727e8c1-funds_from_your_aucsnowytion,f-90$0fgt7c63s$57@h9z.bqsqqvi4re,1,mail/pod/threads/2004/3328c727e8c1-funds_from_your_aucsnowytion.txt
pod,"48f87c6ddf96-nf,_in_its_unwound",uocnnvu-0008068981152@priggish,1,"mail/pod/threads/2004/48f87c6ddf96-nf,_in_its_unwound.txt"
pod,"75d5f1ec1e04-lxi,_fancied_the_lights",fhnnegw-0008208031078@kurt,1,"mail/pod/threads/2004/75d5f1ec1e04-lxi,_fancied_the_lights.txt"
pod,"76c032335659-xj,_wood_and_decided",ylmjsxx-0003672220687@clergyman,1,"mail/pod/threads/2004/76c032335659-xj,_wood_and_decided.txt"
pod,"089eac1cd000-%25rnd_uc_char%5B2-8%5D,_the_procurators_guest",murvogu-0005419176182@acrylate,1,"mail/pod/threads/2004/089eac1cd000-%25rnd_uc_char%5B2-8%5D,_the_procurators_guest.txt"
pod,"30e31c71b22d-yawxww,_years_of_experience",spkpfxc-0005496025273@northeastern,1,"mail/pod/threads/2004/30e31c71b22d-yawxww,_years_of_experience.txt"
pod,"08390f1bd279-pz,_straight_away_there",bnhvvqo-0008122396049@jangle,1,"mail/pod/threads/2004/08390f1bd279-pz,_straight_away_there.txt"
pod,"e60a40cd623e-edkfjwwl,_two_eyes_were",pupxdye-0004925830264@bona,1,"mail/pod/threads/2004/e60a40cd623e-edkfjwwl,_two_eyes_were.txt"
pod,"3faaecaa7637-za,_the_door_opened",piakmyw-0007926723308@hack,1,"mail/pod/threads/2004/3faaecaa7637-za,_the_door_opened.txt"
pod,"123ed394eabc-qr,_berlioz_looked_around",zutaxpa-0001863120403@staid,1,"mail/pod/threads/2004/123ed394eabc-qr,_berlioz_looked_around.txt"
pod,62c45db70db4-groinstantaneousw_your_tool_flainast,sa7-5ubgf$--2$1e$b9m-rx53k8p2@3fxq.1h,1,mail/pod/threads/2004/62c45db70db4-groinstantaneousw_your_tool_flainast.txt
pod,4a19255fdc68-new_drugs_available_now_pod,0871e$3-b8$68ajd-5$m$r9a-i@3ocko,1,mail/pod/threads/2004/4a19255fdc68-new_drugs_available_now_pod.txt
pod,"b9351618d976-addlnjnn,_dunchil_turned_calmly",lqcvbwz-0008077874787@either,1,"mail/pod/threads/2004/b9351618d976-addlnjnn,_dunchil_turned_calmly.txt"
pod,"da69185b8516-rlcz,_and_then_whispered",yxtzhnr-0000907492318@glutamic,1,"mail/pod/threads/2004/da69185b8516-rlcz,_and_then_whispered.txt"
pod,"e012fa3b1774-fire_your_bocatalyticss,_with_ebay%21",4jsp175u7p$8j-791jk$c@hs7x2,1,"mail/pod/threads/2004/e012fa3b1774-fire_your_bocatalyticss,_with_ebay%21.txt"
pod,"ecda43657259-upbpd,_a_certain_citizen",pbvowju-0007796973030@vilify,1,"mail/pod/threads/2004/ecda43657259-upbpd,_a_certain_citizen.txt"
pod,"1446f2ecee52-pjfun,_study_the_barely",xrotpax-0008766238900@bristol,1,"mail/pod/threads/2004/1446f2ecee52-pjfun,_study_the_barely.txt"
pod,"7cbd461aca9c-vnxrzpze,_but_still_there",suxitws-0006928729804@nowise,1,"mail/pod/threads/2004/7cbd461aca9c-vnxrzpze,_but_still_there.txt"
pod,"e820922fe406-fh,_replied_and_added%3A",axwpxfh-0009832467517@convair,1,"mail/pod/threads/2004/e820922fe406-fh,_replied_and_added%3A.txt"
pod,"f17a7d7b48ae-imqxnut,_hands_of_servants",jxkefcf-0007323842722@abusive,1,"mail/pod/threads/2004/f17a7d7b48ae-imqxnut,_hands_of_servants.txt"
pod,80c1889005b3-the_scientifically_formulated_product_for_your_,0l9fmt1483ar4n99bzd@18n7.d.3w2,1,mail/pod/threads/2004/80c1889005b3-the_scientifically_formulated_product_for_your_.txt
pod,"0cecf73dc8de-nf,_niza_said_nothing",whshfgl-0001550738336@insecticide,1,"mail/pod/threads/2004/0cecf73dc8de-nf,_niza_said_nothing.txt"
pod,302e2071c069-on_him_after_gutjvjyalh_wjq,e29dr-qq-j5m8743ei39d237k964sq5p@2c1rcl1s,1,mail/pod/threads/2004/302e2071c069-on_him_after_gutjvjyalh_wjq.txt
pod,f2f2abe22a57-massive_ebay_profwaspits_are_easy,w56-5-o1vlt63gj5316$duqd6@anv62.l3rct,1,mail/pod/threads/2004/f2f2abe22a57-massive_ebay_profwaspits_are_easy.txt
pod,"ed02ba124f9e-xillli,_out_the_back",bprycgy-0005240545586@july,1,"mail/pod/threads/2004/ed02ba124f9e-xillli,_out_the_back.txt"
pod,fb88dcee2cec-you_don't_know_the_half_of_it,j779r$j-vc9jz6p-p21bs@f4y8p.k.cpv,1,mail/pod/threads/2004/fb88dcee2cec-you_don't_know_the_half_of_it.txt
pod,"1a2ada5d840e-wiu,_sadness_and_went",obhecxh-0006036844562@incident,1,"mail/pod/threads/2004/1a2ada5d840e-wiu,_sadness_and_went.txt"
pod,"36c2d7f4ba7a-pj,_to_a_shameful",hgbrors-0002922373474@chaparral,1,"mail/pod/threads/2004/36c2d7f4ba7a-pj,_to_a_shameful.txt"
pod,50e4ff1b040d-no_subject,1ac21414d8dc22aa0e0d054011c466e5@no-id-found.mhonarc.org,1,mail/pod/threads/2004/50e4ff1b040d-no_subject.txt
pod,"73e1d9f41312-yx,_state_library_here",lfjmisr-0006663734659@therapy,1,"mail/pod/threads/2004/73e1d9f41312-yx,_state_library_here.txt"
pod,"f864c206ac8b-wvyl,_twelve_thousand_moons",laizdak-0005672554106@ethology,1,"mail/pod/threads/2004/f864c206ac8b-wvyl,_twelve_thousand_moons.txt"
pod,"6cdee748d38e-argn,_immortality_had_come%3F",lkbhtic-0006366543156@mann,1,"mail/pod/threads/2004/6cdee748d38e-argn,_immortality_had_come%3F.txt"
pod,f1bf681f4cc9-time_theyll_certainly_awh,j142ux098m3fm8mdil$05uh164@90u.sr.6.vu3,1,mail/pod/threads/2004/f1bf681f4cc9-time_theyll_certainly_awh.txt
pod,07de1f0fb38b-iy,0--e5$$z$67z-38@6nv6b,1,mail/pod/threads/2004/07de1f0fb38b-iy.txt
pod,"8c28e09b3a9e-gufmydwm,_very_adroitly_took",xvxlwnq-0009968515376@acerbic,1,"mail/pod/threads/2004/8c28e09b3a9e-gufmydwm,_very_adroitly_took.txt"
pod,"bec6b6d2238c-lvllg,_a_collarless_coat",wzgbtvw-0000078644797@swore,1,"mail/pod/threads/2004/bec6b6d2238c-lvllg,_a_collarless_coat.txt"
pod,"233517e2a922-dzvxr,_they_say_there",zumemow-0001102964858@balk,1,"mail/pod/threads/2004/233517e2a922-dzvxr,_they_say_there.txt"
pod,"aea41ba76047-awem,_clothes_had_stayed",zvmlins-0009021657957@vulcan,1,"mail/pod/threads/2004/aea41ba76047-awem,_clothes_had_stayed.txt"
pod,"cf8f829e82fd-vaqxu,_the_soviet_regime",fhchkzq-0001688113812@widget,1,"mail/pod/threads/2004/cf8f829e82fd-vaqxu,_the_soviet_regime.txt"
pod,2665279e643f-knowing_the_form_wvrrcazzj,11fw04vr4h8dk$47173@b43w4g.s50,1,mail/pod/threads/2004/2665279e643f-knowing_the_form_wvrrcazzj.txt
pod,"4189aeeaaafe-tjn,_telling_the_poet",obogxnu-0007913940190@absolute,1,"mail/pod/threads/2004/4189aeeaaafe-tjn,_telling_the_poet.txt"
pod,"0b7f2bd49c94-67,212,999_happy_customers_wolrdwide%21_9_jeswt",912301c3dca6$95a33e0d$22236912@vrflow.oulu.fi,1,"mail/pod/threads/2004/0b7f2bd49c94-67,212,999_happy_customers_wolrdwide%21_9_jeswt.txt"
pod,1088ec9892e9-and_just_then_tjsgux,4l1qt-qj-h92k739r19tdhs@i6p.dttxv.h6k,1,mail/pod/threads/2004/1088ec9892e9-and_just_then_tjsgux.txt
pod,e9a499885446-no_subject,dyerphp-0005713151742@,1,mail/pod/threads/2004/e9a499885446-no_subject.txt
pod,"bdd84a97dd70-wwewjem,_the_procurator_doesn't",rbmpzgt-0000798524949@buzz,1,"mail/pod/threads/2004/bdd84a97dd70-wwewjem,_the_procurator_doesn't.txt"
pod,"11051d42d384-ianllo,_that_your_novel",yrgipsp-0001327862848@caliber,1,"mail/pod/threads/2004/11051d42d384-ianllo,_that_your_novel.txt"
pod,"f843da8edcec-xxwuf,_good_evening%21_coming",lmcayan-0003674013837@ac,1,"mail/pod/threads/2004/f843da8edcec-xxwuf,_good_evening%21_coming.txt"
pod,"880f4ea6ca42-zrlryle,_varenukha_was_presently",rzkxoll-0007145948361@chalcocite,1,"mail/pod/threads/2004/880f4ea6ca42-zrlryle,_varenukha_was_presently.txt"
pod,"b84fe55814f5-rweooo,_a_good_man%3F'",rwdhaex-0007408550977@johanson,1,"mail/pod/threads/2004/b84fe55814f5-rweooo,_a_good_man%3F'.txt"
pod,"9ed7b1b58ff1-nuuax,_going_to_have",rczukqf-0008478199374@bufflehead,1,"mail/pod/threads/2004/9ed7b1b58ff1-nuuax,_going_to_have.txt"
pod,"916cc43cc971-99,543_bottles_sold_daily_-_slze_matters%21_4_w",9d7301c3dde8$467b4fdf$fd29a252@virtual.finland.fi,1,"mail/pod/threads/2004/916cc43cc971-99,543_bottles_sold_daily_-_slze_matters%21_4_w.txt"
pod,"7765f1c2264c-zqpnheqv,_institutions_presented_reports",twkvmgz-0001428767189@gumption,1,"mail/pod/threads/2004/7765f1c2264c-zqpnheqv,_institutions_presented_reports.txt"
pod,95505ac4966c-we've_been_testing_yzspy,1gxce11pfyi1ikx$7jlx43@2i4f.pumk6qm,1,mail/pod/threads/2004/95505ac4966c-we've_been_testing_yzspy.txt
pod,"4dc1584dc70a-zxbowr,_the_chest_with",ojvsqla-0005455528314@scull,1,"mail/pod/threads/2004/4dc1584dc70a-zxbowr,_the_chest_with.txt"
pod,"0d7e9c05a499-tzybovzq,_woland_silently_raised",gqjmhmw-0006647032032@ignoramus,1,"mail/pod/threads/2004/0d7e9c05a499-tzybovzq,_woland_silently_raised.txt"
pod,8a7cfda55470-taking_measures_watch_jnkzxtnwmere_hpxxj,o56esf6n12a7h2hvfuhibx9m37p@bqiu.2m.nplm,1,mail/pod/threads/2004/8a7cfda55470-taking_measures_watch_jnkzxtnwmere_hpxxj.txt
pod,a27aacd87afe-rimsky_suddenly_reached_pxz,8itl73spk$0l5qpl92srxgkf@w87bn6.p57.1wu,1,mail/pod/threads/2004/a27aacd87afe-rimsky_suddenly_reached_pxz.txt
pod,"af476bec8c3a-zouoi,_true%21_you're_perfectly",ixaubhx-0009183491240@marceau,1,"mail/pod/threads/2004/af476bec8c3a-zouoi,_true%21_you're_perfectly.txt"
pod,10e0fd8e2565-arrangement_pod,g2$ne$r-f39k-2b8m-d09$29y8@79sy.m96,1,mail/pod/threads/2004/10e0fd8e2565-arrangement_pod.txt
pod,"f6b7d0482367-rxod,_existed_a_legend",voihvjx-0001979973090@centipede,1,"mail/pod/threads/2004/f6b7d0482367-rxod,_existed_a_legend.txt"
pod,"ddfeef5eae87-zzcxmwsj,_know_what_kind",yjtpckc-0008024375992@chlorinate,1,"mail/pod/threads/2004/ddfeef5eae87-zzcxmwsj,_know_what_kind.txt"
pod,"b7732606cd15-jksg,_the_very_first",bdeyhti-0007523880614@,1,"mail/pod/threads/2004/b7732606cd15-jksg,_the_very_first.txt"
pod,28c7805b6efe-quit_your_day_jsqueezeob%2E%2E%2E,4$eg5ns$$-68q-10-mu$v@r180yv.61e1r,1,mail/pod/threads/2004/28c7805b6efe-quit_your_day_jsqueezeob%2E%2E%2E.txt
pod,01895e591818-the_worlds_only_enlargement_pill,b$0ohf-$9$l39-4-020qy@65pyub,1,mail/pod/threads/2004/01895e591818-the_worlds_only_enlargement_pill.txt
pod,7d06b56017d5-i_won't_hear_arrnp,l4ttad79543be7rj48j3@6yhe.8w8,1,mail/pod/threads/2004/7d06b56017d5-i_won't_hear_arrnp.txt
pod,e4ae44052ea5-let_this_give_you_the_extra_boost_in_bed,f$zp--g$-s21$rm$g0@64kjr95.3dx73q,1,mail/pod/threads/2004/e4ae44052ea5-let_this_give_you_the_extra_boost_in_bed.txt
pod,"6d1fdb73c100-gvexemz,_chandeliers_blazed_under",twnvwvf-0005132914900@,1,"mail/pod/threads/2004/6d1fdb73c100-gvexemz,_chandeliers_blazed_under.txt"
pod,67030c8960fc-some_strange_thoughts_xjfy_cmoxtiewyd,6y56ly6x6789y4se9in06hi$c92nu@mpt.thty0,1,mail/pod/threads/2004/67030c8960fc-some_strange_thoughts_xjfy_cmoxtiewyd.txt
pod,"c8d96f7f431a-yb,_expensive_grey_suit",bnntazk-0008573149812@bug,1,"mail/pod/threads/2004/c8d96f7f431a-yb,_expensive_grey_suit.txt"
pod,1a1a8749d778-get_her_into_bed_today,mlcnhnignjgcpbnplkccfeakchab.barbaralacyxp@chellaston.co.uk,1,mail/pod/threads/2004/1a1a8749d778-get_her_into_bed_today.txt
pod,"b21d57b726de-zuylon,_perfectly_true%21'_thought",epgatau-0007210152334@flo,1,"mail/pod/threads/2004/b21d57b726de-zuylon,_perfectly_true%21'_thought.txt"
pod,"85e568efdc05-vga,_but_i'd_like",dkuoerb-0001088602665@individualism,1,"mail/pod/threads/2004/85e568efdc05-vga,_but_i'd_like.txt"
pod,1f01764f4120-no_one_attempted_avu_asbdz_ui_hyn,8warb$wn4sk749r8j82u77f5j0104@f631q,1,mail/pod/threads/2004/1f01764f4120-no_one_attempted_avu_asbdz_ui_hyn.txt
pod,"0a9ae33bca8d-ifbwsfw,_over_the_tents",mogbhub-0001366301925@delano,1,"mail/pod/threads/2004/0a9ae33bca8d-ifbwsfw,_over_the_tents.txt"
pod,"6698a34158e0-eanimeo,_here's_what_measures%3A",efdwfrf-0009878462654@,1,"mail/pod/threads/2004/6698a34158e0-eanimeo,_here's_what_measures%3A.txt"
pod,10d325090496-thoushankelands_are_already_making_fortconquist,r500894$--m$x-ll8r$1u6v--st$i@l4sbg7,1,mail/pod/threads/2004/10d325090496-thoushankelands_are_already_making_fortconquist.txt
pod,b2acb3eca150-want_a_bidrumheadgger_penbenzedrineis,1-oi749m-$-51-7p36v@qxg.6.ze,1,mail/pod/threads/2004/b2acb3eca150-want_a_bidrumheadgger_penbenzedrineis.txt
pod,cef96cc51f1c-xanax_available_and_many_other_meds_at_low_pric,jntuqrigegsitiiebfple@aol.com,1,mail/pod/threads/2004/cef96cc51f1c-xanax_available_and_many_other_meds_at_low_pric.txt
pod,67e5de574f8e-bigger_pen%C3%ADs_with_the_new_pill,n36gl5-05h-s@mw3.1vy,1,mail/pod/threads/2004/67e5de574f8e-bigger_pen%C3%ADs_with_the_new_pill.txt
pod,8fdd7a30559d-that_some_impostor_gsytnuwaetpcwg,3j9s16bd85813ra03c349u4pa$l4ywa@090e7i.l.oh.0n,1,mail/pod/threads/2004/8fdd7a30559d-that_some_impostor_gsytnuwaetpcwg.txt
pod,"9128ee5412b2-wug,_trying_to_make",jakbspi-0006835560828@cornea,1,"mail/pod/threads/2004/9128ee5412b2-wug,_trying_to_make.txt"
pod,"c3d9c7c6cdf4-uecp,_primus_was_lodged",ybyphcp-0006930466247@allspice,1,"mail/pod/threads/2004/c3d9c7c6cdf4-uecp,_primus_was_lodged.txt"
pod,"451782aabf9c-ds,_referring_to_pushkin",gppgjeg-0008381617687@costume,1,"mail/pod/threads/2004/451782aabf9c-ds,_referring_to_pushkin.txt"
pod,"c666782bc9f5-gjgsgl,_to_the_procurator",enktrnq-0004848245885@,1,"mail/pod/threads/2004/c666782bc9f5-gjgsgl,_to_the_procurator.txt"
pod,4dcb51d30fa2-yandy_warplone,17w358-p2s7k-p-$d09y5-94j@b4kxy,1,mail/pod/threads/2004/4dcb51d30fa2-yandy_warplone.txt
pod,11b728a46d4e-discikle_defgrring,2i6zy5-$76$4a48-4@1z18ub6.jr6y,1,mail/pod/threads/2004/11b728a46d4e-discikle_defgrring.txt
pod,c0c08084e352-the_novels_form_bfsecs_esf_n,w3751oeb7m13oe7171h4hx$6gwjh@qz5.vf,1,mail/pod/threads/2004/c0c08084e352-the_novels_form_bfsecs_esf_n.txt
pod,9999ab2d2d34-set_up_pod,lgl-$hs77r3fip@kbymjn0qmohk6y,2,mail/pod/threads/2004/9999ab2d2d34-set_up_pod.txt
pod,"3bc73192cdca-vjawtvy,_the_russian_school",umkbjxm-0009037839414@argon,1,"mail/pod/threads/2004/3bc73192cdca-vjawtvy,_the_russian_school.txt"
pod,6bb87d8cf996-peasantry_and_destroyed_odk_ih_mkh,n3l5vk6006nw69318x982p9pk7@2b6c2,1,mail/pod/threads/2004/6bb87d8cf996-peasantry_and_destroyed_odk_ih_mkh.txt
pod,83305d2204e7-teleprompter_dobson,hzpasgjxpjdjwfpurygphf@msn.com,1,mail/pod/threads/2004/83305d2204e7-teleprompter_dobson.txt
pod,"15df324c61c1-tonhumw,_what%3F_even_after",ryfepiw-0004200658035@sabbath,1,"mail/pod/threads/2004/15df324c61c1-tonhumw,_what%3F_even_after.txt"
pod,"557f8f20a269-pnm,_arkady_apollonovichs_testimony",zamiqeu-0007336453498@bucketfull,1,"mail/pod/threads/2004/557f8f20a269-pnm,_arkady_apollonovichs_testimony.txt"
pod,"d959715d4454-lszufg,_which_stubbornly_refused",sngtyux-0003331142374@decline,1,"mail/pod/threads/2004/d959715d4454-lszufg,_which_stubbornly_refused.txt"
pod,3567e005f1b1-had_left_sparrow_tsx_jwb,33971p66qt0h7slq@fyne.sho,1,mail/pod/threads/2004/3567e005f1b1-had_left_sparrow_tsx_jwb.txt
pod,3b47c4b2fe5a-have_erections_for_hours%21,4r139n$d-1j$-4t$67@0lh.ceeb.wxs,1,mail/pod/threads/2004/3b47c4b2fe5a-have_erections_for_hours%21.txt
pod,"d90f2fb56370-wpvqd,_when_i_remember%3A",byosgzd-0005183579045@australis,1,"mail/pod/threads/2004/d90f2fb56370-wpvqd,_when_i_remember%3A.txt"
pod,37bc7a696ea6-v%21agra%21,seaqcbwkztvxeebkpvnxdwv@fastmail.gr,1,mail/pod/threads/2004/37bc7a696ea6-v%21agra%21.txt
pod,572ec2dbdc6a-westchester,9f7$-o-l$$822-x$r6m9@85i2rq5a,1,mail/pod/threads/2004/572ec2dbdc6a-westchester.txt
pod,57aafdff8f45-no_subject,f74301c3e741$33ec2704$3f62432e@sueddeutsche.de,1,mail/pod/threads/2004/57aafdff8f45-no_subject.txt
pod,e918c483aa4a-celebrity_secret_to_youth,278565$$-291x7@nmk.4.r6d0o,1,mail/pod/threads/2004/e918c483aa4a-celebrity_secret_to_youth.txt
pod,046476b5aaa9-37%2E_great_rates_starting_at_2%2E97%25_6_cthpu,58f301c3e79c$a3f1cb61$cc9779b4@exportservices.be,1,mail/pod/threads/2004/046476b5aaa9-37%2E_great_rates_starting_at_2%2E97%25_6_cthpu.txt
pod,"caff00297740-vjcrh,_of_all_that",zlgrtng-0009774281003@pittston,1,"mail/pod/threads/2004/caff00297740-vjcrh,_of_all_that.txt"
pod,69b7791cdec4-discountdomain_registration_fujcr_ghuu,y41s0504ri332jh$g6e0@04w5p,1,mail/pod/threads/2004/69b7791cdec4-discountdomain_registration_fujcr_ghuu.txt
pod,"031c71b0322d-htvu,_clashing_of_dishes",xkxnwqo-0004114018451@chinquapin,1,"mail/pod/threads/2004/031c71b0322d-htvu,_clashing_of_dishes.txt"
pod,"16556731a431-mmy,_we_have_just",mongdbm-0001628647067@forgetting,1,"mail/pod/threads/2004/16556731a431-mmy,_we_have_just.txt"
pod,"b5e3406d8bb7-qp,_avoiding_intersections_with",rzanjro-0003863861069@bunch,1,"mail/pod/threads/2004/b5e3406d8bb7-qp,_avoiding_intersections_with.txt"
pod,"f6c4e1cab1ee-fqodxkbe,_may_i_have",fxfkfdd-0004822279237@mao,1,"mail/pod/threads/2004/f6c4e1cab1ee-fqodxkbe,_may_i_have.txt"
pod,"0fcd471a43a7-el,_the_procurator_began",ersmljc-0002344626709@sst,1,"mail/pod/threads/2004/0fcd471a43a7-el,_the_procurator_began.txt"
pod,"bcba7811f760-blhagfi,_procurator_sat_down",hfzidso-0004846868781@beta,1,"mail/pod/threads/2004/bcba7811f760-blhagfi,_procurator_sat_down.txt"
pod,ff19ac3a0d77-after_him_came_pci_knak_vxvnjf,t8wu9kkg-3so-dq8a7814846@77hkx,1,mail/pod/threads/2004/ff19ac3a0d77-after_him_came_pci_knak_vxvnjf.txt
pod,"c1834e082cf7-yrlaa,_looking_the_wrong",eebplxq-0002003401856@moravia,1,"mail/pod/threads/2004/c1834e082cf7-yrlaa,_looking_the_wrong.txt"
pod,"02468d1f5df6-xgzlpjm,_homeless_as_they",tkqmdje-0007398405617@support,1,"mail/pod/threads/2004/02468d1f5df6-xgzlpjm,_homeless_as_they.txt"
pod,9fb908c5227f-ultram_and_other_meds_at_up_to_80%25_off_gogwxv,5$68fncl6290r3$mk9kj-5l26-y1@2sj89.0sx5fx,1,mail/pod/threads/2004/9fb908c5227f-ultram_and_other_meds_at_up_to_80%25_off_gogwxv.txt
pod,"bd6545ab33e4-ydjzhf,_the_prisoner_glanced",zkyvkwq-0002419646075@grade,1,"mail/pod/threads/2004/bd6545ab33e4-ydjzhf,_the_prisoner_glanced.txt"
pod,311902f4a0bb-free_prescription_medicine%21,mgjdeqnzcedyvdlsmqchdv@pharmmer5.com,1,mail/pod/threads/2004/311902f4a0bb-free_prescription_medicine%21.txt
pod,"795486b2ed63-find_out_about_cialis_vi,agras_big_bro%2Ather_%",1fab01c3eb19$c2e7e8da$259334d5@home20.inet.tele.dk,1,"mail/pod/threads/2004/795486b2ed63-find_out_about_cialis_vi,agras_big_bro%2Ather_%.txt"
pod,df3502ae8446-61%2E_mortgage_rates-_as_low_as_2%2E94%25_7_nci,bd6b01c3eb29$35541308$2926221d@uni-mannheim.de,1,mail/pod/threads/2004/df3502ae8446-61%2E_mortgage_rates-_as_low_as_2%2E94%25_7_nci.txt
pod,e3feb6ab63a1-order_viagra_-_fast_shipping,ufvgomibpucbxrhwgejfz@meds34r.com,1,mail/pod/threads/2004/e3feb6ab63a1-order_viagra_-_fast_shipping.txt
pod,320fde048ab1-need_some_pharms%3F%2E%3F%2E,s83h92f8j$$1$q213j6@fev0nz9.t4w,1,mail/pod/threads/2004/320fde048ab1-need_some_pharms%3F%2E%3F%2E.txt
pod,"735506b2e702-buy_vioxx_online_today,_overnight_shipping",xnavviieviwfvgdgwesugxeb@lionnned.com,1,"mail/pod/threads/2004/735506b2e702-buy_vioxx_online_today,_overnight_shipping.txt"
pod,918534c94ab2-find_out_about_super_vi_agra_-_prlsekb,c7a601c3ebee$1d51c0df$530fd4b9@slarti.ucd.ie,1,mail/pod/threads/2004/918534c94ab2-find_out_about_super_vi_agra_-_prlsekb.txt
pod,e0d660918885-order_confirmation%3A_neuter%40digitalkingdom%2,5l9-dw7614x-8-0a5$6$-vkj@c59hniupby0s,3,mail/pod/threads/2004/e0d660918885-order_confirmation%3A_neuter%40digitalkingdom%2.txt
pod,5e50b1b5c966-buchwald,80wda-iz$6-d1@c5s1jl2,1,mail/pod/threads/2004/5e50b1b5c966-buchwald.txt
pod,286151e545d5-ambi3n_free_overnight_shipping,tfafwtkxprawtpqaemiwswuzq@bsllmeds.com,1,mail/pod/threads/2004/286151e545d5-ambi3n_free_overnight_shipping.txt
pod,062bc18576ba-montreal,i-$z6-njq$m$b4@psann,1,mail/pod/threads/2004/062bc18576ba-montreal.txt
pod,5d3fa7898c36-urgent_help,916bd81e3145f5e41e2d2525ba618e4c@no-id-found.mhonarc.org,2,mail/pod/threads/2004/5d3fa7898c36-urgent_help.txt
pod,41656d6f70a6-guaranteed_to_profit_with_ebay,h9p3fhy8$$6-5119cww4$$6v@6e7y.vc.d.h4,1,mail/pod/threads/2004/41656d6f70a6-guaranteed_to_profit_with_ebay.txt
pod,5a42e70f61fb-www%2Ecarderportal%2Ecom,tfqghotxuyhodlfzoamukwcy@yahoo.com,1,mail/pod/threads/2004/5a42e70f61fb-www%2Ecarderportal%2Ecom.txt
pod,3295a86d50d6-thecc%2Eru,tqgftwuzjicnkemappxiighog@powerdns.net,1,mail/pod/threads/2004/3295a86d50d6-thecc%2Eru.txt
pod,fb4197f3b5b4-cc%3Acc%3Aindividual_life_insurance_fr%C3%ABe_q,fg00x9$$g$-9-z5q9v@1up8n.w64mi3ir,1,mail/pod/threads/2004/fb4197f3b5b4-cc%3Acc%3Aindividual_life_insurance_fr%C3%ABe_q.txt
pod,4b4df22537e9-free_shipping%21%21%21%21%21%21%21%21%21%21%21%,653525-l62rtx0@bkc.u0.5y.0y,1,mail/pod/threads/2004/4b4df22537e9-free_shipping%21%21%21%21%21%21%21%21%21%21%21%.txt
pod,76bb9bbc07eb-working_from_home_is_possible_35360j,1076793532.5946@mails-7.yihmarketers.com,1,mail/pod/threads/2004/76bb9bbc07eb-working_from_home_is_possible_35360j.txt
pod,21ff10af42aa-card_cancelled,09-bjf$5-8$ol-k---e9p4q6@892ipz,1,mail/pod/threads/2004/21ff10af42aa-card_cancelled.txt
pod,af7deae41d0d-cc%3Anew_pill_adds_inches,l6-s8x$8vx2s$28o3@d4onl,1,mail/pod/threads/2004/af7deae41d0d-cc%3Anew_pill_adds_inches.txt
pod,acf65aa85be4-no_pills_or_capsules_for_the_new_year,nppfnnbacelpbgogmijglfecafaa.p_brunoby@ags.ciateq.mx,1,mail/pod/threads/2004/acf65aa85be4-no_pills_or_capsules_for_the_new_year.txt
pod,c7d215744a42-vic_odin_available_online,1k3ht$-snj0$p$77e-c1iyc$me33@gk1iall.bax2,1,mail/pod/threads/2004/c7d215744a42-vic_odin_available_online.txt
pod,31b513bbc9c1-save_up_to_89%25_on_ink_%2B_no_shipping_cost,cbb813048c0fcb5300cca3b7e1b74448@no-id-found.mhonarc.org,2,mail/pod/threads/2004/31b513bbc9c1-save_up_to_89%25_on_ink_%2B_no_shipping_cost.txt
pod,"8133308484d4-card_termination_info,_application",1pd--xrf$6$p81rg04@awi3.ivvhre8,1,"mail/pod/threads/2004/8133308484d4-card_termination_info,_application.txt"
pod,e687487223ac-no_subject,fuaolqgdvdciaaiqtbjcufuxn@rediff.com,1,mail/pod/threads/2004/e687487223ac-no_subject.txt
pod,54981bc32e0b-drinking_this_weekend%3F_before_you_do_35360b,1077213195.1336@mails-5.yihmarketers.com,1,mail/pod/threads/2004/54981bc32e0b-drinking_this_weekend%3F_before_you_do_35360b.txt
pod,"540cca49105a-nptq,_and_that_now%3F",xvkzhro-0007185778348@crowberry,1,"mail/pod/threads/2004/540cca49105a-nptq,_and_that_now%3F.txt"
pod,"2de37b5227c3-jjgpj,_the_gestures_appropriate",kidyenl-0001720950821@college,1,"mail/pod/threads/2004/2de37b5227c3-jjgpj,_the_gestures_appropriate.txt"
pod,05f58294a2c8-save_on_100_of_the_top_brands_of_cigarettes_%3F,seuhmuyfncamwkpwinyd@idealu.com,1,mail/pod/threads/2004/05f58294a2c8-save_on_100_of_the_top_brands_of_cigarettes_%3F.txt
pod,"128ad7287ed3-jdiqxjd,_at_the_same",zbqivry-0005831542229@dung,1,"mail/pod/threads/2004/128ad7287ed3-jdiqxjd,_at_the_same.txt"
pod,8dac87d4fd11-cc%3Aadd_inches_with_the_pill_chyj,n$$06s3i73$3$o-u$--88bzn$az12@zbfw.5gan,1,mail/pod/threads/2004/8dac87d4fd11-cc%3Aadd_inches_with_the_pill_chyj.txt
pod,"86fc4950ee05-rc,_thrown_them_together",nxtipgj-0001550709839@primal,1,"mail/pod/threads/2004/86fc4950ee05-rc,_thrown_them_together.txt"
pod,8acc3a4ffbfb-h-a-r-d_as_r-o-c-k_mvno_hmdzrgp,iv3$81$k1q$5$ix5-a-7b23is3$k@ftv.a.5.ssl,1,mail/pod/threads/2004/8acc3a4ffbfb-h-a-r-d_as_r-o-c-k_mvno_hmdzrgp.txt
pod,98bdb09be403-is_your_privacy_at_risk%3F%3F,atonnnnhambrkziyvcxn@rediff.com,1,mail/pod/threads/2004/98bdb09be403-is_your_privacy_at_risk%3F%3F.txt
pod,81fc0144223f-cc%3Apermanently_add_3_inches_to_your_pen%C3%AD,b36$epd75s1vv-f5@8f688.vrm,1,mail/pod/threads/2004/81fc0144223f-cc%3Apermanently_add_3_inches_to_your_pen%C3%AD.txt
pod,"401a416d5da4-ode,_and_your_little",ljmzajg-0005348530634@pejorative,1,"mail/pod/threads/2004/401a416d5da4-ode,_and_your_little.txt"
pod,342dabfd0d41-revolutionary_wireless_card_terminals%21,faaiqdqirhodoimodnllt@rediff.com,1,mail/pod/threads/2004/342dabfd0d41-revolutionary_wireless_card_terminals%21.txt
pod,"a5e398fb0ce7-vezn,_some_reason_felt",ahdwojk-0003031618357@rhombus,1,"mail/pod/threads/2004/a5e398fb0ce7-vezn,_some_reason_felt.txt"
pod,"779905b844a8-get_gr%40nts,_learn_how_here%21",778d242e1be20e02f308c21141242fb0@no-id-found.mhonarc.org,1,"mail/pod/threads/2004/779905b844a8-get_gr%40nts,_learn_how_here%21.txt"
pod,"a6fd1e2de563-qlsna,_and_the_consultants",rhqzoib-0006597420460@hokan,1,"mail/pod/threads/2004/a6fd1e2de563-qlsna,_and_the_consultants.txt"
pod,"55cf530d38a9-lzj,_and_began_telling",iodghzx-0006454834676@electrolyte,1,"mail/pod/threads/2004/55cf530d38a9-lzj,_and_began_telling.txt"
pod,"9e2349e1f18f-moo,_the_keeneared_findirector",iyhcnvd-0006446770225@gyroscope,1,"mail/pod/threads/2004/9e2349e1f18f-moo,_the_keeneared_findirector.txt"
pod,"92bce8384d1a-zmrxdmjy,_thunder_they_were",hxaswin-0003588749752@atrocity,1,"mail/pod/threads/2004/92bce8384d1a-zmrxdmjy,_thunder_they_were.txt"
pod,24e29e7eab8a-one-click_history_deletion,mmtmotksoctmmhuoagosbs@rediff.com,1,mail/pod/threads/2004/24e29e7eab8a-one-click_history_deletion.txt
pod,"3675ca86032b-rx,_the_ones_going",wtzsabt-0007763063943@minneapolis,1,"mail/pod/threads/2004/3675ca86032b-rx,_the_ones_going.txt"
pod,"a9017b77844d-cbszkd,_a_few_minutes",zlnnopx-0005498720974@semi,1,"mail/pod/threads/2004/a9017b77844d-cbszkd,_a_few_minutes.txt"
pod,"6f3222de46e1-pcbqbwm,_i've_never_read",esvlhjl-0008679127457@paschal,1,"mail/pod/threads/2004/6f3222de46e1-pcbqbwm,_i've_never_read.txt"
pod,954d614186a3-save_70%25_on_your_term_life_insurance,8439--8-521664-129@xppqm8bbtvu1eg,1,mail/pod/threads/2004/954d614186a3-save_70%25_on_your_term_life_insurance.txt
pod,"822bf0d82dc8-fvhypjkl,_was_rechristened_pioneer",vtwriff-0006669895103@bon,1,"mail/pod/threads/2004/822bf0d82dc8-fvhypjkl,_was_rechristened_pioneer.txt"
pod,"34e38bb15315-nmmub,_down%21_youre_upset",veiwlbb-0003917680754@afterward,1,"mail/pod/threads/2004/34e38bb15315-nmmub,_down%21_youre_upset.txt"
pod,"1af1a491b576-xuvsq,_striking_that_there",qhbyldh-0001169243291@balm,1,"mail/pod/threads/2004/1af1a491b576-xuvsq,_striking_that_there.txt"
pod,"c366991a1af2-ubbu,_felt_cold_under",nmjubni-0005078080176@curtsey,1,"mail/pod/threads/2004/c366991a1af2-ubbu,_felt_cold_under.txt"
pod,"0abf7efb2215-mpt,_it_have_changed",jqjgrde-0003519231983@personify,1,"mail/pod/threads/2004/0abf7efb2215-mpt,_it_have_changed.txt"
pod,"475e6460e9e4-wtpq,_have_to_settle",voxawqo-0000765132104@binary,1,"mail/pod/threads/2004/475e6460e9e4-wtpq,_have_to_settle.txt"
pod,"28a94b632ffe-yggzc,_a_collarless_coat",kcehsun-0003821070474@toggle,1,"mail/pod/threads/2004/28a94b632ffe-yggzc,_a_collarless_coat.txt"
pod,"381198a6e159-bdftster,_the_strangely_dressed",wfgefdg-0009358788680@glaze,1,"mail/pod/threads/2004/381198a6e159-bdftster,_the_strangely_dressed.txt"
pod,dd5191bbf1f7-take_these_pells_your_johnson_will_be_a_legend,n3-4fdk$51914t976n@ywe.6.g0,1,mail/pod/threads/2004/dd5191bbf1f7-take_these_pells_your_johnson_will_be_a_legend.txt
pod,"29d972a90cb7-hvc,_over_ivan_nikolaevichs",mabtoat-0004321605949@suspend,1,"mail/pod/threads/2004/29d972a90cb7-hvc,_over_ivan_nikolaevichs.txt"
pod,2b0a596997d9-refill_notification,gapbgdgdcpcipaadklbaocgkicaa.g.murphymm@yahoo.com,1,mail/pod/threads/2004/2b0a596997d9-refill_notification.txt
pod,"2d328e797000-phrzr,_drag_on_with",mfeownd-0000319652991@masterpiece,1,"mail/pod/threads/2004/2d328e797000-phrzr,_drag_on_with.txt"
pod,cb9e84097b26-re%3B_why_get_viagra_when_you_can_get_%5Esuper_,80d401c40138$26f287a9$7e2efc1b@koys.de,1,mail/pod/threads/2004/cb9e84097b26-re%3B_why_get_viagra_when_you_can_get_%5Esuper_.txt
pod,efcc1b9c60d4-our_predictions_make_investors_huge_money,cghlaaefnjcbmenolpclgpeopaab.maryrivers_my@email.com,1,mail/pod/threads/2004/efcc1b9c60d4-our_predictions_make_investors_huge_money.txt
pod,"279b42cdc1bd-diirvmj,_them_one_that",tmqpmaa-0007281211165@travesty,1,"mail/pod/threads/2004/279b42cdc1bd-diirvmj,_them_one_that.txt"
pod,8cb3002d5226-fr%C3%ABe_l%C3%ADfe_ins%2E_quotes%2E%2E%2E%2E%2,e2-$3vvb154$xwh84jy6@1ds8.ty,1,mail/pod/threads/2004/8cb3002d5226-fr%C3%ABe_l%C3%ADfe_ins%2E_quotes%2E%2E%2E%2E%2.txt
pod,"38e08832a818-uye,_he_slapped_himself",ppixmyc-0002817107989@probe,1,"mail/pod/threads/2004/38e08832a818-uye,_he_slapped_himself.txt"
pod,"f2b98534a8ae-jbtknob,_did_not_find",vvjcbhk-0009885751533@galley,1,"mail/pod/threads/2004/f2b98534a8ae-jbtknob,_did_not_find.txt"
pod,"e1e899f01c53-lq,_procurator_quietly_spoke",neoojui-0007994395678@splenetic,1,"mail/pod/threads/2004/e1e899f01c53-lq,_procurator_quietly_spoke.txt"
pod,4040adaff266-%3Bconsolidate_your_%2Ede%60bt_hwoldncxlh,db3f01c40320$2799dc4d$60c60cd3@slarti.ucd.ie,1,mail/pod/threads/2004/4040adaff266-%3Bconsolidate_your_%2Ede%60bt_hwoldncxlh.txt
pod,ef3ce477d18b-non_prescription_prices_for_your_v%C3%ADagra,n$v$4-a2-$$6r1x-8x1t$5@eg8pktp2v4,1,mail/pod/threads/2004/ef3ce477d18b-non_prescription_prices_for_your_v%C3%ADagra.txt
pod,1c62d960dc4b-dont_be_left_out_eevry_men_is_diong_it%21,kimczr89563nbabmlnty@optonline.net,1,mail/pod/threads/2004/1c62d960dc4b-dont_be_left_out_eevry_men_is_diong_it%21.txt
pod,"1a5ba5509be1-gqycedu,_but_can_also",oivmkhmgesqorrwhwqkjnh@yahoo.com,1,"mail/pod/threads/2004/1a5ba5509be1-gqycedu,_but_can_also.txt"
pod,"9766d96713d3-igsbg,_could_be_seen",emzsufvxdwjirkrjktelky@yahoo.com.hk,1,"mail/pod/threads/2004/9766d96713d3-igsbg,_could_be_seen.txt"
pod,fd849329c6f5-are_you_uncomfortable_with_the_s1ze_of_your_lov,9596qj-o903i9@higi2.n9,1,mail/pod/threads/2004/fd849329c6f5-are_you_uncomfortable_with_the_s1ze_of_your_lov.txt
pod,9c38eadf7050-rlpowell%40digitalkingdom%2Eorg_cialis_2%2E00_a,osmacipzwtcyylgrgazw@yahoo.com,1,mail/pod/threads/2004/9c38eadf7050-rlpowell%40digitalkingdom%2Eorg_cialis_2%2E00_a.txt
pod,e0c1b3550fdb-36-refinance_to_2%2E9%25,bd3d01c407d8$6d30214b$33885a85@experimentarium.dk,1,mail/pod/threads/2004/e0c1b3550fdb-36-refinance_to_2%2E9%25.txt
pod,6dab47a12aff-web_based_pharmacy_overnights_meds_to_you,jdioidxpmtvnpuvqkvnphwqky@cancer.org,1,mail/pod/threads/2004/6dab47a12aff-web_based_pharmacy_overnights_meds_to_you.txt
pod,f5508da42ced-more_efficient_than_v%C3%ADagra%2E,law5-s46rzxyzcgbj8c525545o8@hotmail.com,1,mail/pod/threads/2004/f5508da42ced-more_efficient_than_v%C3%ADagra%2E.txt
pod,cc7822c0e9d7-32-refinance_to_2%2E9%25,0fe301c409bc$53f216f4$c6bcbff7@cifec-sa.fr,1,mail/pod/threads/2004/cc7822c0e9d7-32-refinance_to_2%2E9%25.txt
pod,90b3c2f0d182-%3E%3E%3Asave_on_term_life_insurance,679874p8gru5$or9m6j97$0547j6u6@st312096560448,1,mail/pod/threads/2004/90b3c2f0d182-%3E%3E%3Asave_on_term_life_insurance.txt
pod,c60b602aa8b7-free_affordable_life_insurance_quotes,mpffofhxcmwvbsjgcxay@hotmail.com,1,mail/pod/threads/2004/c60b602aa8b7-free_affordable_life_insurance_quotes.txt
pod,d030a97fb7bc-7-refinance_today_at_our_premium_low_rate,216f01c40bd5$5501a898$d6fee11c@tvhe.de,1,mail/pod/threads/2004/d030a97fb7bc-7-refinance_today_at_our_premium_low_rate.txt
pod,ed3694ef6752-turn_your_spud_into_a_stud%21,837203p3nhdo$0913y6s6$6850o3a8@labyrinth,1,mail/pod/threads/2004/ed3694ef6752-turn_your_spud_into_a_stud%21.txt
pod,585fd5d84d4f-inexpensive_cial%C3%ADs,z3$-8m$v76-$jko-93t$c3yh--$2@m1l3k.cgt,1,mail/pod/threads/2004/585fd5d84d4f-inexpensive_cial%C3%ADs.txt
pod,1c2ce8de0dbc-credit_application_declined,02243391754485.7790.brl,1,mail/pod/threads/2004/1c2ce8de0dbc-credit_application_declined.txt
pod,147f50ad6b9b-%280%29guaranteed_to_boost_size%283%29,ec5401c40e88$f8ac4dad$13ad09b5@tvlev.de,1,mail/pod/threads/2004/147f50ad6b9b-%280%29guaranteed_to_boost_size%283%29.txt
pod,b1621aa0716f-ciadlis_will_you_be_ready_debonair,526wb844bzc92$19hkd91h271$37tp7k@schweitzercarboniumxub3269,1,mail/pod/threads/2004/b1621aa0716f-ciadlis_will_you_be_ready_debonair.txt
pod,727f357971fd-inexpensive_val%C3%ADum,vt5ynz09u-q2--v9$nto$6k-h7c24a@gc6vyqroy,1,mail/pod/threads/2004/727f357971fd-inexpensive_val%C3%ADum.txt
pod,5578b19f0213-v1agkra_80%25_discount_%21%21_wsxqbghe,50uh0n07ld687g5s-10m@k4jt3q0w,1,mail/pod/threads/2004/5578b19f0213-v1agkra_80%25_discount_%21%21_wsxqbghe.txt
pod,8c1ac798e0b6-prescriptions%2E%2E%2E_everything_is_here%21,lruynkxdvncpwfrvcstkgjbco@hotmail.com,1,mail/pod/threads/2004/8c1ac798e0b6-prescriptions%2E%2E%2E_everything_is_here%21.txt
pod,"411a5c3d3214-online_pharmacy_-_%22viagra%22,_propecia,_phent",hkugqvbylhcvakxyanwvoymcs@cnnb.net,1,"mail/pod/threads/2004/411a5c3d3214-online_pharmacy_-_%22viagra%22,_propecia,_phent.txt"
pod,2c294ed54051-v1agkra_80%25_d1scount,m1175y46-je$--97f6o5f-v--$3-j@6i3j2.bw,1,mail/pod/threads/2004/2c294ed54051-v1agkra_80%25_d1scount.txt
pod,6f08123c9822-sugper_viagrga_xin_gaw_k,5$0rpv-2ll4ro$2-$$n$3@tvj27.6o,1,mail/pod/threads/2004/6f08123c9822-sugper_viagrga_xin_gaw_k.txt
pod,"e5c5fbf7ba30-val%C3%ADum_,xanax_and_more_-_no_prescription_n",yqpdbbutkrwdytxcqqgiiaeq@msn.com,1,"mail/pod/threads/2004/e5c5fbf7ba30-val%C3%ADum_,xanax_and_more_-_no_prescription_n.txt"
pod,cf8d964b48ba-v1agkra_80%25_discount_%21%21_w_ncnncsy_mk,kfietsjl6$-mad5--4$w$-c45d273x0@724j0.3wg.c.jp,1,mail/pod/threads/2004/cf8d964b48ba-v1agkra_80%25_discount_%21%21_w_ncnncsy_mk.txt
pod,63e898a24e3f-%28310%29be_a_better_lover%28250%29,c9f801c4142d$1edfc6f0$d9a8ac1c@staker.demon.co.uk,1,mail/pod/threads/2004/63e898a24e3f-%28310%29be_a_better_lover%28250%29.txt
pod,e3b952cd08e1-orwellian,cpyrqxv-0000239263563@determine,1,mail/pod/threads/2004/e3b952cd08e1-orwellian.txt
pod,fc01874b7c62-get_meds_over_night_-_no_prescription_needed,ucuhuwuimywdkpafokedzj@msn.com,1,mail/pod/threads/2004/fc01874b7c62-get_meds_over_night_-_no_prescription_needed.txt
pod,f9431aa27a82-better_then_viagrga,3-8$-i-5124$hdsq7j@s3nv.r6yg,1,mail/pod/threads/2004/f9431aa27a82-better_then_viagrga.txt
pod,0e7a7a262c9f-%283%29enlarge_it_or_moneyback%284%29,45e901c415ba$69166c97$aa8c8e0d@ciif.ph,1,mail/pod/threads/2004/0e7a7a262c9f-%283%29enlarge_it_or_moneyback%284%29.txt
pod,9395f1c2ed46-virility_ex_pabtch_rtaied_%231_for_men,ubciesdxxhepexeeiebp@midcoast.com,1,mail/pod/threads/2004/9395f1c2ed46-virility_ex_pabtch_rtaied_%231_for_men.txt
pod,401ac155a553-catholicism,wncgvbc-0006302940738@victim,1,mail/pod/threads/2004/401ac155a553-catholicism.txt
pod,b7eabbdeae1b-%28238%29penis_enlargment%28495%29,2bf701c416f6$f43fde94$4a31a0c2@stapromo.co.uk,1,mail/pod/threads/2004/b7eabbdeae1b-%28238%29penis_enlargment%28495%29.txt
pod,4ae53aca9475-new_online_casino_with_67_games,84$8fzga$3309@vj03wa.jy,1,mail/pod/threads/2004/4ae53aca9475-new_online_casino_with_67_games.txt
pod,eeabafed665f-fudge,cofsvfg-0007411296871@wayne,1,mail/pod/threads/2004/eeabafed665f-fudge.txt
pod,28ab16211bee-your_valium_%26_xanax_cheap%21,fajccxjnkuppduuufelmld@yahoo.com,1,mail/pod/threads/2004/28ab16211bee-your_valium_%26_xanax_cheap%21.txt
pod,d29fd3cefd3a-home_delivery_vicodin,nncdugzxxxtvzoiwygjff@yahoo.com,1,mail/pod/threads/2004/d29fd3cefd3a-home_delivery_vicodin.txt
pod,d9e54c4b40bd-this_email_is_for_men%21,948805w0oxi9$lx3g9t49$4270x7p4@fw764831503767,1,mail/pod/threads/2004/d9e54c4b40bd-this_email_is_for_men%21.txt
pod,b22cd6f4aad7-got_meds%3F_we_ship_overnight%2E_no_prescriptio,74603fc6916a283f4daea4ed8b5b0adb@no-id-found.mhonarc.org,1,mail/pod/threads/2004/b22cd6f4aad7-got_meds%3F_we_ship_overnight%2E_no_prescriptio.txt
pod,18caae6eda31-any_meds_you_want_prescribed_online_and_shipped,gdzpjueacupeaaaa@mailcity.com,1,mail/pod/threads/2004/18caae6eda31-any_meds_you_want_prescribed_online_and_shipped.txt
pod,e5cbbcee5256-guaranteed_12%25-50%25_discount_on_all_prescrip,jztplykjilopxjnduueapmgbh@yahoo.com,1,mail/pod/threads/2004/e5cbbcee5256-guaranteed_12%25-50%25_discount_on_all_prescrip.txt
pod,"22fb092b38e3-1%5C2_off_xanax,_val%C3%ADum_-_overnight_delive",<637rnd_lc_char,1,"mail/pod/threads/2004/22fb092b38e3-1%5C2_off_xanax,_val%C3%ADum_-_overnight_delive.txt"
pod,c7b1b64b6362-%C3%A0%C2%B4%C3%97%C3%B4_mail%2Ewzptt%2Ezj%2Ecn,mail2.10083.892593.1081236375,1,mail/pod/threads/2004/c7b1b64b6362-%C3%A0%C2%B4%C3%97%C3%B4_mail%2Ewzptt%2Ezj%2Ecn.txt
pod,5d9f331b6460-mail_delivery_%28failure_pod%40digitalkingdom%2,30206d4b829f6aff05abdd3518bd531c@no-id-found.mhonarc.org,17,mail/pod/threads/2004/5d9f331b6460-mail_delivery_%28failure_pod%40digitalkingdom%2.txt
pod,ba2e8f6cd5f0-hello,eae6b18118222e872803deef8a88a458@no-id-found.mhonarc.org,5,mail/pod/threads/2004/ba2e8f6cd5f0-hello.txt
pod,7e70475502bb-partnership,20040406224825.1112.qmail@web109.biz.mail.yahoo.com,1,mail/pod/threads/2004/7e70475502bb-partnership.txt
pod,ff8701de5ab3-smtp_server,8c88411a1fbe138a375d40b7ff804353@no-id-found.mhonarc.org,2,mail/pod/threads/2004/ff8701de5ab3-smtp_server.txt
pod,31d87529dba0-a_better_way_of_investing_pyroxene,qexljdgcfinliiiprqpyiv@hotmail.com,1,mail/pod/threads/2004/31d87529dba0-a_better_way_of_investing_pyroxene.txt
pod,5d75568aaa6f-any_meds_you_want%2E_prescribed_online_and_ship,eozyvfawufuoaaaa@mailcity.com,1,mail/pod/threads/2004/5d75568aaa6f-any_meds_you_want%2E_prescribed_online_and_ship.txt
pod,df58d9b010c7-the_only_proven_effective_product_on_the_market,74d309ea557aed84116bb4051ca85b61@no-id-found.mhonarc.org,1,mail/pod/threads/2004/df58d9b010c7-the_only_proven_effective_product_on_the_market.txt
pod,"1ced68c90bc1-sat,_10_apr_2004_12%3A01%3A45_-0500",49d101c41f1d$71aff8ea$24c87531@bmhg,1,"mail/pod/threads/2004/1ced68c90bc1-sat,_10_apr_2004_12%3A01%3A45_-0500.txt"
pod,cd7acba7cc60-bitt,qkcdhs70213fhqfyt@pearlpaint.com,1,mail/pod/threads/2004/cd7acba7cc60-bitt.txt
pod,3bb6605b915a-millions_in_foreclosure_duel,wbrptkitietpkvyxyoavq@msn.com,1,mail/pod/threads/2004/3bb6605b915a-millions_in_foreclosure_duel.txt
pod,4f557943fbd5-snack,39324219.37085@rqvgllrrmuq,1,mail/pod/threads/2004/4f557943fbd5-snack.txt
pod,b2e1a56ce34a-your_doctor_say_no%3F_we_will_say_yes%21_17023,89b501c42025$6cb80861$8842d0c5@zqkri,1,mail/pod/threads/2004/b2e1a56ce34a-your_doctor_say_no%3F_we_will_say_yes%21_17023.txt
pod,5576852b404e-failed_%28pod%40digitalkingdom%2Eorg%29,13ff384f4dc505fdac411828fbfb4e8c@no-id-found.mhonarc.org,5,mail/pod/threads/2004/5576852b404e-failed_%28pod%40digitalkingdom%2Eorg%29.txt
pod,046709f5127d-mail_delivery_system_%28pod%40digitalkingdom%2E,d6ad7cfed5c63c695c3941f639895a5b@no-id-found.mhonarc.org,10,mail/pod/threads/2004/046709f5127d-mail_delivery_system_%28pod%40digitalkingdom%2E.txt
pod,3469eece96ad-unknown_exception_%28pod%40digitalkingdom%2Eorg,555cbf06903b31c0532767af834a8379@no-id-found.mhonarc.org,4,mail/pod/threads/2004/3469eece96ad-unknown_exception_%28pod%40digitalkingdom%2Eorg.txt
pod,8d7691b7f4eb-delivery_error_%28pod%40digitalkingdom%2Eorg%29,6481593a0ca8b46f1ef3a235373af938@no-id-found.mhonarc.org,5,mail/pod/threads/2004/8d7691b7f4eb-delivery_error_%28pod%40digitalkingdom%2Eorg%29.txt
pod,6ea4be1e31dc-delivery_failure_%28pod%40digitalkingdom%2Eorg%,f39e1656c175346939d5109692ecef1d@no-id-found.mhonarc.org,9,mail/pod/threads/2004/6ea4be1e31dc-delivery_failure_%28pod%40digitalkingdom%2Eorg%.txt
pod,1362e240047c-delivery_bot_%28pod%40digitalkingdom%2Eorg%29,5becd028a06e0a675ea12b17736d525f@no-id-found.mhonarc.org,10,mail/pod/threads/2004/1362e240047c-delivery_bot_%28pod%40digitalkingdom%2Eorg%29.txt
pod,3e1857b92530-error_%28pod%40digitalkingdom%2Eorg%29,09dd7b23d62b532eac81591ca5b3350a@no-id-found.mhonarc.org,4,mail/pod/threads/2004/3e1857b92530-error_%28pod%40digitalkingdom%2Eorg%29.txt
pod,4e5b04816ab4-failure_%28pod%40digitalkingdom%2Eorg%29,3c7316e99a8dbeb93eb46d97d8370b1b@no-id-found.mhonarc.org,6,mail/pod/threads/2004/4e5b04816ab4-failure_%28pod%40digitalkingdom%2Eorg%29.txt
pod,6ce0f95938e6-prescriptions_without_doctors_appointment%2E%2E,qkivflblxgrqrecnwziqtg@msn.com,1,mail/pod/threads/2004/6ce0f95938e6-prescriptions_without_doctors_appointment%2E%2E.txt
pod,6b6e99247c6f-urgent_business_proposal,40768dd000005868@mk-cpfrontend-1.mail.uk.tiscali.com,1,mail/pod/threads/2004/6b6e99247c6f-urgent_business_proposal.txt
pod,03fd7a2a69a1-get_back_that_feeling,e5c02cd1eac18e618422e898e7fe1035@no-id-found.mhonarc.org,1,mail/pod/threads/2004/03fd7a2a69a1-get_back_that_feeling.txt
pod,563df03a8699-this_works,ddde36adeff6f93d617911a1881e5118@no-id-found.mhonarc.org,1,mail/pod/threads/2004/563df03a8699-this_works.txt
pod,03399e304bc3-status_%28pod%40digitalkingdom%2Eorg%29,3a420c0da8a3e7fb5285f6fd6a472c5a@no-id-found.mhonarc.org,2,mail/pod/threads/2004/03399e304bc3-status_%28pod%40digitalkingdom%2Eorg%29.txt
pod,6f31f5e1e838-deliver_mail_%28pod%40digitalkingdom%2Eorg%29,78bf3e299267145cbd872a9ba07ece60@no-id-found.mhonarc.org,2,mail/pod/threads/2004/6f31f5e1e838-deliver_mail_%28pod%40digitalkingdom%2Eorg%29.txt
pod,910f58bbc325-breaking_news_56270,a3a801c421fb$e3d9a4f3$abee8510@xmrf,1,mail/pod/threads/2004/910f58bbc325-breaking_news_56270.txt
pod,40a107609a0c-naturalgain%2B,cba201c4223e$9b3106ac$b41d5100@ubant,1,mail/pod/threads/2004/40a107609a0c-naturalgain%2B.txt
pod,4cf01dc8704f-do_you_want_a_prosperous_future%3F_get_your_uni,fkrkocltzxtxomxmixlozc@yahoo.com,1,mail/pod/threads/2004/4cf01dc8704f-do_you_want_a_prosperous_future%3F_get_your_uni.txt
pod,34a48fadaf99-its_not_too_late%2E%2E,ec8a01c42305$d42c33a1$8e833c26@gwcfk,1,mail/pod/threads/2004/34a48fadaf99-its_not_too_late%2E%2E.txt
pod,f98bd2e822bd-premium_diet_patch_-_cutting_edge_brand_new,1e4cb2b9bc2835e223471e480ec53854@no-id-found.mhonarc.org,1,mail/pod/threads/2004/f98bd2e822bd-premium_diet_patch_-_cutting_edge_brand_new.txt
pod,e8d6ab66f1ea-smart_way_to_l0se_the_1bs%2E%2E,qzzcsnrtvtmdslhvffmwj@msn.com,1,mail/pod/threads/2004/e8d6ab66f1ea-smart_way_to_l0se_the_1bs%2E%2E.txt
pod,"884df7f44866-thu,_15_apr_2004_23%3A40%3A28_-0500",3daa01c4236c$c63552b2$13cb3afc@qhgdiiq,1,"mail/pod/threads/2004/884df7f44866-thu,_15_apr_2004_23%3A40%3A28_-0500.txt"
pod,caebed85fab3-delivery_notification%3A_delivery_has_failed,0hw90075p9up3u@public.wh.hb.cn,1,mail/pod/threads/2004/caebed85fab3-delivery_notification%3A_delivery_has_failed.txt
pod,5669f1e2e9e7-a_skateboard_must%21_tailviper,7ee821321c7df4a381daf1a78eb36522@no-id-found.mhonarc.org,1,mail/pod/threads/2004/5669f1e2e9e7-a_skateboard_must%21_tailviper.txt
pod,3332d586a905-delivery_%28pod%40digitalkingdom%2Eorg%29,8b8ff37a7e6c512ebc1bf676cf1fcecc@no-id-found.mhonarc.org,12,mail/pod/threads/2004/3332d586a905-delivery_%28pod%40digitalkingdom%2Eorg%29.txt
pod,100c76aa6fc6-lasts_for_36_hours_wopcsydusd,8a8401c424d8$587b437c$0fb73a05@embdena.de,1,mail/pod/threads/2004/100c76aa6fc6-lasts_for_36_hours_wopcsydusd.txt
pod,01b8dd7e4dd4-your_email_address%2E%2E,cclmmzxjntchcztsjhzmdqlw@hotmail.com,1,mail/pod/threads/2004/01b8dd7e4dd4-your_email_address%2E%2E.txt
pod,aa41aa7317d9-solve_the_pr%2Aoblem_downs'tairs_twpfxjbbxrngz,d93801c424dd$8593f2bd$ed4b46c4@moksnes.no,1,mail/pod/threads/2004/aa41aa7317d9-solve_the_pr%2Aoblem_downs'tairs_twpfxjbbxrngz.txt
pod,3768b946f46b-%22viagra%22_substitution_at_low_price,387e5d9b43de6f3b217f34657d40c962@no-id-found.mhonarc.org,1,mail/pod/threads/2004/3768b946f46b-%22viagra%22_substitution_at_low_price.txt
pod,9b96e8b0b6eb-your_doctor_say_no%3F_we_will_say_yes%21_39486,01bd01c424ca$5cb34aa7$ff1734ff@1hd0u,1,mail/pod/threads/2004/9b96e8b0b6eb-your_doctor_say_no%3F_we_will_say_yes%21_39486.txt
pod,f8b381823830-it_doesn't_get_any_better%2E%2E,rzwgfatrpbjbibtcuegcf@msn.com,1,mail/pod/threads/2004/f8b381823830-it_doesn't_get_any_better%2E%2E.txt
pod,b15f38ea9f48-notice_of_default_humpty,uugbczimjxtslfmcfooj@aol.com,1,mail/pod/threads/2004/b15f38ea9f48-notice_of_default_humpty.txt
pod,c83e544774c0-do_you_want_a_larger_penis_%3F,brnpedlmsjqflpdttddsgerum@blackhills.com,1,mail/pod/threads/2004/c83e544774c0-do_you_want_a_larger_penis_%3F.txt
pod,05d96f8a2b69-get_vicodin_prescription_directly,50de01c4256b$78bd96e5$e1d6bed2@stangenrod.de,1,mail/pod/threads/2004/05d96f8a2b69-get_vicodin_prescription_directly.txt
pod,ba42b586485b-order_xanax_online_for_less,grlnrnfupnzliekskrfldixbr@hotmail.com,1,mail/pod/threads/2004/ba42b586485b-order_xanax_online_for_less.txt
pod,ed7b580216f3-failure_notice,8c33d49b1a057418d30a50cf85f5136a@no-id-found.mhonarc.org,1,mail/pod/threads/2004/ed7b580216f3-failure_notice.txt
pod,abd807d4eb33-lust,bb6b01c4260b$e80c3976$9af96209@qglwsjbf,1,mail/pod/threads/2004/abd807d4eb33-lust.txt
pod,b3cdcd70c18d-illegal_content_violation_-_message_08662,8fc001c4267e$a17f6905$5a88164f@sid8q,1,mail/pod/threads/2004/b3cdcd70c18d-illegal_content_violation_-_message_08662.txt
pod,a4d0f33b69f3-financial_gift%21_3%2E56%25_6%23,6992386318.89956@yboecvlvxkqhb,1,mail/pod/threads/2004/a4d0f33b69f3-financial_gift%21_3%2E56%25_6%23.txt
pod,7ec9202c8f3a-buy_hydrocodone_online_for_less,28ef01c42701$986e19c3$8dcda566@moehnesee.de,1,mail/pod/threads/2004/7ec9202c8f3a-buy_hydrocodone_online_for_less.txt
pod,"4c20785d7401-refi_or_buy_a_home,_there's_still_time_sockluxe",saogefrgainepqwqidbx@hotmail.com,1,"mail/pod/threads/2004/4c20785d7401-refi_or_buy_a_home,_there's_still_time_sockluxe.txt"
pod,"fe1b0a9b1afd-balance_due,_acct",ofurbrtovhmsjfoxntusxa@victorycapital.net,1,"mail/pod/threads/2004/fe1b0a9b1afd-balance_due,_acct.txt"
pod,0d9bd6035827-want_meds%3F_we_have_them_all_prescribed_online,asorlpluwssjhfhtqmhrgqhw@cts.com,1,mail/pod/threads/2004/0d9bd6035827-want_meds%3F_we_have_them_all_prescribed_online.txt
pod,a19c70fffdcc-let_us_help_you_25942,180b01c4282d$9b807c1f$95245049@f3mk,1,mail/pod/threads/2004/a19c70fffdcc-let_us_help_you_25942.txt
pod,bf21df9dd9b5-look_and_feel_20_years_y0unger%2E%2E,uprtlyekrutaovrhhrbzqcln@msn.com,2,mail/pod/threads/2004/bf21df9dd9b5-look_and_feel_20_years_y0unger%2E%2E.txt
pod,777215e6695b-home_loans_and_refinancing,0373726743676c6a6c77646f6e6c716a6772703172756a$4df803ge2@stoka.mammothinformation.com,1,mail/pod/threads/2004/777215e6695b-home_loans_and_refinancing.txt
pod,99c94caf40fc-delivered_message_%28pod%40digitalkingdom%2Eorg,29b56b7c765f68ed3b24452d26042077@no-id-found.mhonarc.org,2,mail/pod/threads/2004/99c94caf40fc-delivered_message_%28pod%40digitalkingdom%2Eorg.txt
pod,0692503c5c98-mail_authentification,1d42a373319d7e723d67bbe0918c67d2@no-id-found.mhonarc.org,1,mail/pod/threads/2004/0692503c5c98-mail_authentification.txt
pod,404293b9f31f-amazing_rolex_replica,tiarwemhjfgscegunzwhrmx@lycos.com,1,mail/pod/threads/2004/404293b9f31f-amazing_rolex_replica.txt
pod,b94269f19870-slash_your_payments_3%2E21%25_g_h_f,0466551048277.01546@yqolrxniyxem,1,mail/pod/threads/2004/b94269f19870-slash_your_payments_3%2E21%25_g_h_f.txt
pod,6a74c6c1d09a-purchase_hy%2Edrocodone_online_easily_today,f7c301c42a15$d5d02d0d$e3f0f3f6@stairwell.free-online.co.uk,1,mail/pod/threads/2004/6a74c6c1d09a-purchase_hy%2Edrocodone_online_easily_today.txt
pod,a320eeff388f-extra_help,582601c429be$0f3fcb1e$09d35b1e@moyugc,1,mail/pod/threads/2004/a320eeff388f-extra_help.txt
pod,2251b67a3b11-secure_delivery,baae64d9b6881d1b16bbbdae81a0adf5@no-id-found.mhonarc.org,1,mail/pod/threads/2004/2251b67a3b11-secure_delivery.txt
pod,afc08bcd3d3a-notice_of_default,dbkwjbwtwjjnirryakaflg@yahoo.com,1,mail/pod/threads/2004/afc08bcd3d3a-notice_of_default.txt
pod,5b97760e1a90-vi%2Ecodin_-_order_meds_from_home_now,806901c42a03$2231a9ec$f6ea4c07@staffplanning.nl,1,mail/pod/threads/2004/5b97760e1a90-vi%2Ecodin_-_order_meds_from_home_now.txt
pod,d7a854053c0b-encrypted_mail,4de646828be73ca78a9fc62efc754814@no-id-found.mhonarc.org,1,mail/pod/threads/2004/d7a854053c0b-encrypted_mail.txt
pod,e730750ea197-mail_delivery_failure_%28pod%40digitalkingdom%2,9577c01faae75103517ae21e1e34c8cc@no-id-found.mhonarc.org,2,mail/pod/threads/2004/e730750ea197-mail_delivery_failure_%28pod%40digitalkingdom%2.txt
pod,0dda81a557de-server_error_%28pod%40digitalkingdom%2Eorg%29,0f5e35962bb8ad1ea5748f488506d2ba@no-id-found.mhonarc.org,3,mail/pod/threads/2004/0dda81a557de-server_error_%28pod%40digitalkingdom%2Eorg%29.txt
pod,ef10470289a5-mail_system_%28pod%40digitalkingdom%2Eorg%29,d182f40e66952b3349deb6235560399f@no-id-found.mhonarc.org,4,mail/pod/threads/2004/ef10470289a5-mail_system_%28pod%40digitalkingdom%2Eorg%29.txt
pod,5a6d111f7cdd-delivery_failed_%28pod%40digitalkingdom%2Eorg%2,e4e9f2e1211b3df3146a55c79eb16510@no-id-found.mhonarc.org,2,mail/pod/threads/2004/5a6d111f7cdd-delivery_failed_%28pod%40digitalkingdom%2Eorg%2.txt
pod,408c80f3c4b6-extreme_content_violation_-_message_00602,0e4c01c42b6b$6dd27421$1c76a0c2@g6ep,1,mail/pod/threads/2004/408c80f3c4b6-extreme_content_violation_-_message_00602.txt
pod,5ebb035ef216-%603%2E2%25rt%25,1390076141508768570.80323.hslzuykly@ournewhomeloan.com,1,mail/pod/threads/2004/5ebb035ef216-%603%2E2%25rt%25.txt
pod,"c76d089c3a06-you_can_refinance,_even_with_bad_credit",0373726743676c6a6c77646f6e6c716a6772703172756a$4df803ge2@nucej.hugecommunications.com,1,"mail/pod/threads/2004/c76d089c3a06-you_can_refinance,_even_with_bad_credit.txt"
pod,e605a5144db4-lack_of_university_degree_means_you_miss_out_on,wegjansfhfpslcekmehofeju@pure.co.jp,1,mail/pod/threads/2004/e605a5144db4-lack_of_university_degree_means_you_miss_out_on.txt
pod,617d9e0d2c9a-information,106680bc515bf520dda784f842bfc10e@no-id-found.mhonarc.org,1,mail/pod/threads/2004/617d9e0d2c9a-information.txt
pod,0ba655c0353a-wholesale_prices_on_v%2Eicodin_%22_qmmpqvbpqopt,2b6a01c42d02$2abeb1da$22112fb3@stanno.karoo.co.uk,1,mail/pod/threads/2004/0ba655c0353a-wholesale_prices_on_v%2Eicodin_%22_qmmpqvbpqopt.txt
pod,3a947c99c131-take_your_s3x_life_out_of_this_world,vprlkamkcgktllwpcndvohg@mailcity.com,1,mail/pod/threads/2004/3a947c99c131-take_your_s3x_life_out_of_this_world.txt
pod,65931b5618f7-enhance_your_sexual_performance_up_to_24-36_%2E,yofhkjehadvflecfzjtn@francemail.com,1,mail/pod/threads/2004/65931b5618f7-enhance_your_sexual_performance_up_to_24-36_%2E.txt
pod,9ad6249e8e09-be_the_man_of_her_dreams,nhw1_evt8-1358175401-3469424052-59-55278.2507331987@aerate2,1,mail/pod/threads/2004/9ad6249e8e09-be_the_man_of_her_dreams.txt
pod,13ff1021c8b3-word_document,ab27eb575c9b571630194b5aa9198705@no-id-found.mhonarc.org,1,mail/pod/threads/2004/13ff1021c8b3-word_document.txt
pod,a15931cb050f-propecia,ydsfswibvnxcnunuugcz@yahoo.com,1,mail/pod/threads/2004/a15931cb050f-propecia.txt
pod,"61815b22c7c9-buy_v%2Eicodin_online_today,_overnight_shipping",4c6c01c42d72$18873480$d98dd867@stargate.msk.ru,1,"mail/pod/threads/2004/61815b22c7c9-buy_v%2Eicodin_online_today,_overnight_shipping.txt"
pod,b5a87ca85d62-no_subject,0637a9d507478f46a84904d570434c0a@no-id-found.mhonarc.org,1,mail/pod/threads/2004/b5a87ca85d62-no_subject.txt
pod,"cba0ee5a40e5-pod,_copies_everything_-_easy_download_or_disc",011001c42da3$3851bf69$f01c7704@true-values.com,1,"mail/pod/threads/2004/cba0ee5a40e5-pod,_copies_everything_-_easy_download_or_disc.txt"
pod,f8477a895858-no_subject,3d5942fdbce133f0d845c7fee7282fdb@no-id-found.mhonarc.org,1,mail/pod/threads/2004/f8477a895858-no_subject.txt
pod,28d3aaf6ff00-get_all_the_prescription_pills_you_want_with_no,68410fh07kvlbr$42277221s45$2594flh57wne05@sickroom,1,mail/pod/threads/2004/28d3aaf6ff00-get_all_the_prescription_pills_you_want_with_no.txt
pod,"82da9e47ba6d-mon,_3_may_2004_00%3A52%3A21_-0500",deef01c430d2$c3f84e25$eb421e9f@oov4y3,1,"mail/pod/threads/2004/82da9e47ba6d-mon,_3_may_2004_00%3A52%3A21_-0500.txt"
pod,6be3303f2402-get_your_prescription_drugs_now_online%21_with_,ilkqauzrrjkvzkaoitos@copacabana.com,1,mail/pod/threads/2004/6be3303f2402-get_your_prescription_drugs_now_online%21_with_.txt
pod,a8d69407865b-get_vicodin_fast_and_easy,cd4201c4319d$6f30a15b$0801d2b7@tv3.ee,1,mail/pod/threads/2004/a8d69407865b-get_vicodin_fast_and_easy.txt
pod,d122dbca40ac-can't_get_the_job_because_you_don't_have_a_univ,vgberlzyxbblnctvtfoc@bigmail.com.br,1,mail/pod/threads/2004/d122dbca40ac-can't_get_the_job_because_you_don't_have_a_univ.txt
pod,13c275dfa37b-buy_vicodin_at_unbelievable_prices_%3A_igvqrodm,2b4401c431d9$93b459b0$c1bdbf48@stam.xs4all.nl,1,mail/pod/threads/2004/13c275dfa37b-buy_vicodin_at_unbelievable_prices_%3A_igvqrodm.txt
pod,a6a551f0087e-is_that_your_password%3F,d140c11879dfd2288f6faca6f5658bb6@no-id-found.mhonarc.org,1,mail/pod/threads/2004/a6a551f0087e-is_that_your_password%3F.txt
pod,eb8b021886ba-pod_you_don't_know_the_half_of_it,lnfcowlepmfbzojjxled@hotmail.com,1,mail/pod/threads/2004/eb8b021886ba-pod_you_don't_know_the_half_of_it.txt
pod,d0c9830a9ff3-buy_v%C3%ADagra_and_many_other_medicines_here%2,07a401c43270$381f0ccc$3ccd0fa4@ibex.es,2,mail/pod/threads/2004/d0c9830a9ff3-buy_v%C3%ADagra_and_many_other_medicines_here%2.txt
pod,402b61520982-unbelievable_3%2E55%25_q-%25,86621069.03605@faaujbqnayz,1,mail/pod/threads/2004/402b61520982-unbelievable_3%2E55%25_q-%25.txt
pod,03edba57fdb1-pod_your_horoscope_looks_good,qycuqggdpmrxgnsjtvmgot@yahoo.com,1,mail/pod/threads/2004/03edba57fdb1-pod_your_horoscope_looks_good.txt
pod,53fc8a79efd5-re_billing_info_needed_for_order,050b01c432cb$80d55cf0$b44600db@tv2oestjylland.dk,1,mail/pod/threads/2004/53fc8a79efd5-re_billing_info_needed_for_order.txt
pod,ee883d550473-pod_waiting_by_the_lobby,cuakdaqfonoyraetgyokfo@yahoo.com,1,mail/pod/threads/2004/ee883d550473-pod_waiting_by_the_lobby.txt
pod,fbfb42f15e93-its_me,04d2d02de255e9d2464a4435822c0bf6@no-id-found.mhonarc.org,1,mail/pod/threads/2004/fbfb42f15e93-its_me.txt
pod,fff714ad1c54-pod_re%3A_mine's_bigger%2E,vjjbydznawpbvvfbntnbbgb@msn.com,1,mail/pod/threads/2004/fff714ad1c54-pod_re%3A_mine's_bigger%2E.txt
pod,3cf0ee1edef5-cash_out_your_equity,0373726743676c6a6c77646f6e6c716a6772703172756a$4df803ge2@finduqu.miracleassistance.com,1,mail/pod/threads/2004/3cf0ee1edef5-cash_out_your_equity.txt
pod,617e5953ea0b-no_subject,8883755030492.55364@otiruxsc,1,mail/pod/threads/2004/617e5953ea0b-no_subject.txt
pod,3336d5f58ea3-pod_extinguish_pain_with_codenol%2E%2E,xjtbyzcvreclptzjkuyhfbl@yahoo.com,1,mail/pod/threads/2004/3336d5f58ea3-pod_extinguish_pain_with_codenol%2E%2E.txt
pod,a1cd451b55d6-improved,9321427e202b3b077984b80bb1a9e996@no-id-found.mhonarc.org,1,mail/pod/threads/2004/a1cd451b55d6-improved.txt
pod,773cf7ac27c4-i_will_always_love_you,1rt7ovm9$c43-$u0m$8fy@t967p32i1.ib5,1,mail/pod/threads/2004/773cf7ac27c4-i_will_always_love_you.txt
pod,"db4007802db7-cialis%2E%2E,_fioricet,_soma,_buspar,_prozac,_v",msiqiaykguvrhoppahgtrzyk@yahoo.com,1,"mail/pod/threads/2004/db4007802db7-cialis%2E%2E,_fioricet,_soma,_buspar,_prozac,_v.txt"
pod,12846cce3b22-news,833a439d6d74d339fc9fe82174eb98d8@no-id-found.mhonarc.org,1,mail/pod/threads/2004/12846cce3b22-news.txt
pod,5af97f51fb7e-no_subject,502927106468.98459@skjotv,1,mail/pod/threads/2004/5af97f51fb7e-no_subject.txt
pod,ff000ab9c609-take_advantage_of_low_interest-rates%21_exhibit,zxqhhtbpgbxldjikgggfxpv@hotmail.com,1,mail/pod/threads/2004/ff000ab9c609-take_advantage_of_low_interest-rates%21_exhibit.txt
pod,"835b22bb8b34-order_cialis%2E%2E,_viagra,_levitra,_diet_pills",pbymkthmdkghbvyhcpkphxjr@yahoo.com,1,"mail/pod/threads/2004/835b22bb8b34-order_cialis%2E%2E,_viagra,_levitra,_diet_pills.txt"
pod,644d952dbf19-buy_your_medicines_from_us%2E,a95f01c43462$92af04cb$025cf5da@ebim.com.tr,1,mail/pod/threads/2004/644d952dbf19-buy_your_medicines_from_us%2E.txt
pod,8e5d06e5f461-now_i_cant_stop_scoundrel_besiege,1680096852325520424.65.4082790785@polaroid90-v0.icq.com,1,mail/pod/threads/2004/8e5d06e5f461-now_i_cant_stop_scoundrel_besiege.txt
pod,87e66eea5eb0-thanks%21,a6aa73e9fabc1311fc3e9b8e47a8a32c@no-id-found.mhonarc.org,1,mail/pod/threads/2004/87e66eea5eb0-thanks%21.txt
pod,595360e7bd5e-important_auto_warranty_information_hydrogenter,jhgqjiftlgrakiojdxawxblk@yahoo.com,1,mail/pod/threads/2004/595360e7bd5e-important_auto_warranty_information_hydrogenter.txt
pod,"2e9ee9dc93c7-cialis%2E%2E,_fioricet,_soma,_buspar,_prozac,_v",bhqxljdrcpvaszwaqfixrfuf@hotmail.com,1,"mail/pod/threads/2004/2e9ee9dc93c7-cialis%2E%2E,_fioricet,_soma,_buspar,_prozac,_v.txt"
pod,0df7f6b377cd-3%2E5000%25,68934354252.07537@jrolbgv,1,mail/pod/threads/2004/0df7f6b377cd-3%2E5000%25.txt
pod,e9c959087cbc-buy_prozac_online_--_no_prescription_needed%21,qthplwyjfpgjcwwucbrsw@msn.com,1,mail/pod/threads/2004/e9c959087cbc-buy_prozac_online_--_no_prescription_needed%21.txt
pod,b582da1a16e4-hurry_rates_will_go_up,0373726743676c6a6c77646f6e6c716a6772703172756a$4df803ge2@kecipa.interestingcommunications.com,1,mail/pod/threads/2004/b582da1a16e4-hurry_rates_will_go_up.txt
pod,"f03484dfd71b-order_cialis%2E%2E,_viagra,_levitra,_valium,_xa",hwqoqywlcpyewyrtrqzjbyy@msn.com,1,"mail/pod/threads/2004/f03484dfd71b-order_cialis%2E%2E,_viagra,_levitra,_valium,_xa.txt"
pod,9107d21bdd51-the_next_time_i_fall,dwk8--bqbs7$orc1x9@z2n.k.m.6cg.m2,1,mail/pod/threads/2004/9107d21bdd51-the_next_time_i_fall.txt
pod,f79f07ed2668-breaking_news%3A_a_medically_proven_hardware_de,1084244489.4051@yahoo.com,1,mail/pod/threads/2004/f79f07ed2668-breaking_news%3A_a_medically_proven_hardware_de.txt
pod,"14b3488ac51f-valium,_xanax,_cialis%2E%2E,_viagra,_levitra,_p",xpepqjdxhrldhkhhhufndaynz@msn.com,1,"mail/pod/threads/2004/14b3488ac51f-valium,_xanax,_cialis%2E%2E,_viagra,_levitra,_p.txt"
pod,51761b46702d-mail_account,d81dd295489aace77433ba17db70a23d@no-id-found.mhonarc.org,1,mail/pod/threads/2004/51761b46702d-mail_account.txt
pod,"663a228d83b0-cialis%2E%2E,_viagra,_levitra,_valium,_xanax,_s",qkgogvepnjnapyhnufxnh@yahoo.com,1,"mail/pod/threads/2004/663a228d83b0-cialis%2E%2E,_viagra,_levitra,_valium,_xanax,_s.txt"
pod,8f3ddf918a1a-internet_provider_abuse,8d93884067e7ae4030ac2d2dc48fc412@no-id-found.mhonarc.org,1,mail/pod/threads/2004/8f3ddf918a1a-internet_provider_abuse.txt
pod,"cd1a84e03069-order_cialis%2E%2E,_viagra,_levitra,_diet_pills",wdvgqbgrhhpscdqunfkdr@hotmail.com,1,"mail/pod/threads/2004/cd1a84e03069-order_cialis%2E%2E,_viagra,_levitra,_diet_pills.txt"
pod,f8dd028b0059-no_subject,4f1761cb4e28d30f7cb6a3f03c6f385e@no-id-found.mhonarc.org,1,mail/pod/threads/2004/f8dd028b0059-no_subject.txt
pod,e63381cfbfe0-unb%3Beatable_software_dea%2Els_uuhoakwr,c73e01c43692$504e1c6e$8185c218@ciesc.k12.in.us,1,mail/pod/threads/2004/e63381cfbfe0-unb%3Beatable_software_dea%2Els_uuhoakwr.txt
pod,"f64672e403ed-buy_cialis%2E%2E,_phentermine,_viagra_levitra,_",suzlytewwoujdyanjmnnj@msn.com,1,"mail/pod/threads/2004/f64672e403ed-buy_cialis%2E%2E,_phentermine,_viagra_levitra,_.txt"
pod,"d65886deb733-dental_lists,_tooth_decay,",hcdquhmjtjzpjcfawktkcf@cedefop.eu.int,1,"mail/pod/threads/2004/d65886deb733-dental_lists,_tooth_decay,.txt"
pod,9f84ad48503c-any_meds_u_want%21_order_online_with_no_prior_p,sttoqubvrtbebazdjgtxdasu@aol.com,1,mail/pod/threads/2004/9f84ad48503c-any_meds_u_want%21_order_online_with_no_prior_p.txt
pod,e4ee5af65df4-0i09u5rug08r89589gjrg,4b0dee0b90bca179eb825d4e5034b5ce@no-id-found.mhonarc.org,1,mail/pod/threads/2004/e4ee5af65df4-0i09u5rug08r89589gjrg.txt
pod,7ae3b427fd7c-new_out%3A_the_only_penls_enlarger_proven_to_wo,1084476340.7938@yahoo.com,2,mail/pod/threads/2004/7ae3b427fd7c-new_out%3A_the_only_penls_enlarger_proven_to_wo.txt
pod,890b9caaeb59-do_you_own_a_home%3F,tzofkekrnubwviclmyqb@verizon.net,1,mail/pod/threads/2004/890b9caaeb59-do_you_own_a_home%3F.txt
pod,809834141b37-hottest_new_product_on_the_market%21,a3a2435ca61c5d96da93ab92bf00a99a@no-id-found.mhonarc.org,1,mail/pod/threads/2004/809834141b37-hottest_new_product_on_the_market%21.txt
pod,457757b56db3-status,4f6b7b2140da01a66d30d36e8276b1e2@no-id-found.mhonarc.org,1,mail/pod/threads/2004/457757b56db3-status.txt
pod,5919d4188013-colon_cleaner,1084357255.7229@mx1.rwbworks.com,1,mail/pod/threads/2004/5919d4188013-colon_cleaner.txt
pod,dda16f1176dd-thank_you%21,4d8f0e60115ab4ff5d4343ac72145bd8@no-id-found.mhonarc.org,1,mail/pod/threads/2004/dda16f1176dd-thank_you%21.txt
pod,a2a89ca00a18-huge_disc0unt%21_s_v_w_p_u_g,x-2z7$$-0h9ee@4xpm86.bb.e754,1,mail/pod/threads/2004/a2a89ca00a18-huge_disc0unt%21_s_v_w_p_u_g.txt
pod,"7a03f6bdd71e-lose_weight_now_with_phentermine%2E%2E,_adipex,",nghhduqlcoryafbgdhzauf@hotmail.com,1,"mail/pod/threads/2004/7a03f6bdd71e-lose_weight_now_with_phentermine%2E%2E,_adipex,.txt"
pod,4f372a44b99a-you_sound_like_the_kind_of_man_i_am_looking_for,ltbrghatqluzodcpghxnwpbfw@yahoo.com,1,mail/pod/threads/2004/4f372a44b99a-you_sound_like_the_kind_of_man_i_am_looking_for.txt
pod,c8c404fcdb41-%E5%90%88%E4%BD%9C-%E6%8F%90%E4%BE%9B%E5%85%B7%,0f77a7a034709a9704748a3cd66a2258@no-id-found.mhonarc.org,1,mail/pod/threads/2004/c8c404fcdb41-%E5%90%88%E4%BD%9C-%E6%8F%90%E4%BE%9B%E5%85%B7%.txt
pod,57ebf04958ff-have_you_installed_the_new_adobe_software%3F_bl,%messageid@hotmail.com,1,mail/pod/threads/2004/57ebf04958ff-have_you_installed_the_new_adobe_software%3F_bl.txt
pod,7913acb7fb46-earn_an_extra_%2410k_this_month_durango,qtruzfgmpugfutadwskcheaob@hotmail.com,1,mail/pod/threads/2004/7913acb7fb46-earn_an_extra_%2410k_this_month_durango.txt
pod,"17e7276c765b-pr%2Aescripti0n_di%2Aet_pi%2Alls,_cial%2Ais,_vi",ntfyukiltqbqhhflzpecxwv@yahoo.com,1,"mail/pod/threads/2004/17e7276c765b-pr%2Aescripti0n_di%2Aet_pi%2Alls,_cial%2Ais,_vi.txt"
pod,73f95a69a57c-message_subject,661054635769955.ijz109953@yahoo.com,1,mail/pod/threads/2004/73f95a69a57c-message_subject.txt
pod,2c9350a31e5b-we_send_it_over_night_91336,b5ab01c43968$e4e4b4d7$31f8c577@jpjrz,1,mail/pod/threads/2004/2c9350a31e5b-we_send_it_over_night_91336.txt
pod,eaf50374b76f-home_delivery_xanax,hjviapazroudrzqknmouefrli@msn.com,1,mail/pod/threads/2004/eaf50374b76f-home_delivery_xanax.txt
pod,"a6c0385d4f0b-l0se_wei%2Aght_now_with_ph%2Aentermine,_adi%2Ap",nzhkxmqbnvgmkfgkqpdtlvzr@yahoo.com,1,"mail/pod/threads/2004/a6c0385d4f0b-l0se_wei%2Aght_now_with_ph%2Aentermine,_adi%2Ap.txt"
pod,06ab74c89bee-you_went_to_school_and_got_no_diploma%3F_we_can,tucsppjohqefpjurnfbzzdq@abaforum.es,2,mail/pod/threads/2004/06ab74c89bee-you_went_to_school_and_got_no_diploma%3F_we_can.txt
pod,fb8f8d672fdd-pay_less_for_s_project_2003_professional_auschw,319293p6jeb9$tf8u6y69$9918u3o6@di123451026965,1,mail/pod/threads/2004/fb8f8d672fdd-pay_less_for_s_project_2003_professional_auschw.txt
pod,5777393cd696-c1al1s_super_m3dz,hhphiibbfchkbmilohddhdnmcbaa.morris.sanford_kr@aol.com,2,mail/pod/threads/2004/5777393cd696-c1al1s_super_m3dz.txt
pod,a5668e6b04d1-my_testimonial_about_skuper_viakgra,mcofbkooidimeopdikbihepelfab.mmckenziehw@msn.com,1,mail/pod/threads/2004/a5668e6b04d1-my_testimonial_about_skuper_viakgra.txt
pod,"2917f2e56c97-b%5Euy_cial%5Eis,_phe%2Antermine,_vi%2Aagra_lev",mkwzpupaadwieoecwonzckkfe@msn.com,1,"mail/pod/threads/2004/2917f2e56c97-b%5Euy_cial%5Eis,_phe%2Antermine,_vi%2Aagra_lev.txt"
pod,83eba53e43e0-viag%2Ara_cures_92%25_rollback,501422491971.s9aswxi26567036@fusiform8.chugging20tenterhooks.com,1,mail/pod/threads/2004/83eba53e43e0-viag%2Ara_cures_92%25_rollback.txt
pod,1100427859f3-awesome_look_and_feel_20_years_younger,6ee22aefd6e847f6204f1d35a88e9c5f@no-id-found.mhonarc.org,1,mail/pod/threads/2004/1100427859f3-awesome_look_and_feel_20_years_younger.txt
pod,"3b455f6aa5b1-you_can_0rder_anti-de%2Apressants,_wei%2Aght_l0",oabrjojqbswjbmokxabbdneb@yahoo.com,1,"mail/pod/threads/2004/3b455f6aa5b1-you_can_0rder_anti-de%2Apressants,_wei%2Aght_l0.txt"
pod,00e29375bba2-fantastic_news_26281,a75b01c43b25$fbcd1471$7719be33@5fcpi,1,mail/pod/threads/2004/00e29375bba2-fantastic_news_26281.txt
pod,9e21521807ec-want_all_the_channels_mutiny,fb071e6ed704ec769f3ff1bba9b15383@no-id-found.mhonarc.org,1,mail/pod/threads/2004/9e21521807ec-want_all_the_channels_mutiny.txt
pod,9fd869b5cfac-interest_rates_just_fell_again,0373726743676c6a6c77646f6e6c716a6772703172756a$4df803ge2@husong.revolutionaryreport.com,1,mail/pod/threads/2004/9fd869b5cfac-interest_rates_just_fell_again.txt
pod,f8e4de3a0e3e-cheap_fireworks_mx_2004_%2460_icicle,796884463326.o5euxrub565622@clothesmen628.bruit70yahoo.com,1,mail/pod/threads/2004/f8e4de3a0e3e-cheap_fireworks_mx_2004_%2460_icicle.txt
pod,1ec3c1efcbc7-is_your_tummy_too_fat%3F,fhaytqekxgpwltjmrqsoato@hotmail.com,1,mail/pod/threads/2004/1ec3c1efcbc7-is_your_tummy_too_fat%3F.txt
pod,"41011250b3f6-va%2Alium,_xa%2Anax,_cial%2Ais,_vi%2Aagra,_lev%",djpdagrxhcicnocwgdqkbtvxh@msn.com,1,"mail/pod/threads/2004/41011250b3f6-va%2Alium,_xa%2Anax,_cial%2Ais,_vi%2Aagra,_lev%.txt"
pod,5075ceafbd16-no_subject,953e0f4a37884b664647717f63671dbf@no-id-found.mhonarc.org,1,mail/pod/threads/2004/5075ceafbd16-no_subject.txt
pod,a4bf0a7149c3-no_subject,032604296.78778999387200@scientist.com,1,mail/pod/threads/2004/a4bf0a7149c3-no_subject.txt
pod,21198d197f18-bedside,697610649.61064063309944@technologist.com,1,mail/pod/threads/2004/21198d197f18-bedside.txt
pod,"4d4637164078-hydrocodone,_pain_medication_available_-_banbgm",d46201c43c85$9c51ed21$f84de198@0711crew.de,1,"mail/pod/threads/2004/4d4637164078-hydrocodone,_pain_medication_available_-_banbgm.txt"
pod,"43ca2595d427-va%2Alium,_xa%2Anax,_cial%2Ais,_vi%2Aagra,_lev%",igtklajgainpnbjlelpm@yahoo.com,1,"mail/pod/threads/2004/43ca2595d427-va%2Alium,_xa%2Anax,_cial%2Ais,_vi%2Aagra,_lev%.txt"
pod,204822e03cf8-limited_time_pri%3Aces,e61001c43ca3$beca96ec$fd271617@stage.at,1,mail/pod/threads/2004/204822e03cf8-limited_time_pri%3Aces.txt
pod,7432956f7c6c-your_software_opportunity_3623,7d8801c43cb1$8451b389$b35a8e2f@k6gaic,1,mail/pod/threads/2004/7432956f7c6c-your_software_opportunity_3623.txt
pod,86d84e473bbd-your_%22cialis%22_refill_is_now_ready,etinvcoajovbbgvimywlyyf@aude.org,1,mail/pod/threads/2004/86d84e473bbd-your_%22cialis%22_refill_is_now_ready.txt
pod,"cddf0634f36e-software_bar,gains",3a7c01c43cf1$7ae5132e$62d695d6@mod.gr,1,"mail/pod/threads/2004/cddf0634f36e-software_bar,gains.txt"
pod,7df2ee8a0633-windows_2003_server_standart_clearance_ventricl,%messageid@msn.com,1,mail/pod/threads/2004/7df2ee8a0633-windows_2003_server_standart_clearance_ventricl.txt
pod,903602906028-chea%3Bp_software,b9ea01c43d25$09d612bf$6fc4a8a9@email.peaktime.fr,1,mail/pod/threads/2004/903602906028-chea%3Bp_software.txt
pod,6d92eb29ddf6-vivacity,711018003.94848544833329@financier.com,1,mail/pod/threads/2004/6d92eb29ddf6-vivacity.txt
pod,4afad6c384e0-no_subject,166404846.13302@apxivwvcwogso,1,mail/pod/threads/2004/4afad6c384e0-no_subject.txt
pod,58f4cfc0a482-no_subject,101909618.80866464592950@saintly.com,1,mail/pod/threads/2004/58f4cfc0a482-no_subject.txt
pod,94fcfbdfb2fb-chea%2Ap_sof'tware_%2A_yjtceawbjonlbh,db3b01c43dde$b7aad01f$b247c795@cigma.asso.fr,1,mail/pod/threads/2004/94fcfbdfb2fb-chea%2Ap_sof'tware_%2A_yjtceawbjonlbh.txt
pod,e137bf66124e-96'_i_can't_believe_this,rjraqkbpdvhftebmlpclwr@rrz.uni-koeln.de,1,mail/pod/threads/2004/e137bf66124e-96'_i_can't_believe_this.txt
pod,ff6515e4d580-would_you_like_to_get_cash%3F,0373726743676c6a6c77646f6e6c716a6772703172756a$4df803ge2@pithand.miracledigest.com,1,mail/pod/threads/2004/ff6515e4d580-would_you_like_to_get_cash%3F.txt
pod,8fb8e8fab72c-copies_everything_-_easy_download_or_disc,1f3dd2aa9f3092d00ec974dbe66c8549@no-id-found.mhonarc.org,5,mail/pod/threads/2004/8fb8e8fab72c-copies_everything_-_easy_download_or_disc.txt
pod,c06bd65ea7fa-your_account_%23_rj988,yqrowonfwdwfoeduuajdr@msn.com,1,mail/pod/threads/2004/c06bd65ea7fa-your_account_%23_rj988.txt
pod,85d7a3759686-returned_mail%3A_user_unknown,200405201228.iag08112@rly-ye05.mx.aol.com,1,mail/pod/threads/2004/85d7a3759686-returned_mail%3A_user_unknown.txt
pod,660458647190-server_report,9758e12a8255a7f9a833ecbf7ec1c94b@no-id-found.mhonarc.org,1,mail/pod/threads/2004/660458647190-server_report.txt
pod,0715b5d0fa8e-no_subject,430821323.80185582787862@europe.com,1,mail/pod/threads/2004/0715b5d0fa8e-no_subject.txt
pod,689010284015-levitra_-_new_viagra_alternative_now_available_,iyqpokwgqviiftuxszarzvp@hotmail.com,1,mail/pod/threads/2004/689010284015-levitra_-_new_viagra_alternative_now_available_.txt
pod,f3bc76fecd22-home_delivery_v%2Eicodin,e10601c43e87$fc52f01e$5390196e@moha.atomki.hu,1,mail/pod/threads/2004/f3bc76fecd22-home_delivery_v%2Eicodin.txt
pod,0d70530e6ff2-no_subject,qr034zj98-8696718411487025-3080172637862@ton415,1,mail/pod/threads/2004/0d70530e6ff2-no_subject.txt
pod,9de6f3db0e48-v%2Eicodin_pain_killers_now_online,9f8201c43eb6$d690a52c$0e90aa49@moeldrup.dk,1,mail/pod/threads/2004/9de6f3db0e48-v%2Eicodin_pain_killers_now_online.txt
pod,9652f424dc9a-no_subject,769198692.15937573222418@nycmail.com,1,mail/pod/threads/2004/9652f424dc9a-no_subject.txt
pod,b6d72efb5bec-pleasure_light,1085146182.4083@mx1.rwbworks.com,1,mail/pod/threads/2004/b6d72efb5bec-pleasure_light.txt
pod,ae6b4d865e15-the_lowest_just_got_lower_pod%2E,0373726743676c6a6c77646f6e6c716a6772703172756a$4df803ge2@covulu.approvednetnews.com,1,mail/pod/threads/2004/ae6b4d865e15-the_lowest_just_got_lower_pod%2E.txt
pod,5bb68fb069d3-it_all_worked_out_numeral_author,<502648533rnd_lc_char,1,mail/pod/threads/2004/5bb68fb069d3-it_all_worked_out_numeral_author.txt
pod,ed23f25df42f-hey,maoaqdjghqmwl6jxdzx16ek@hotmail.com,4,mail/pod/threads/2004/ed23f25df42f-hey.txt
pod,02a7a4572885-no_subject,646033379.20905512731751@cheerful.com,1,mail/pod/threads/2004/02a7a4572885-no_subject.txt
pod,"f3e2a6136149-x%3Banax,_valiu9m,_ciali%29s,_phente%5Drmine,_p",t1ri8lgilsxlfc0rhq1v@anecdotetechnician,1,"mail/pod/threads/2004/f3e2a6136149-x%3Banax,_valiu9m,_ciali%29s,_phente%5Drmine,_p.txt"
pod,e43d0b3b9158-get_all_meds_over_night_-_no_prescription_requi,3764440938ztvie8uuj$689892fh83$96c194s0@corruptible,1,mail/pod/threads/2004/e43d0b3b9158-get_all_meds_over_night_-_no_prescription_requi.txt
pod,76fb7f6cd98e-no_subject,<m[20,1,mail/pod/threads/2004/76fb7f6cd98e-no_subject.txt
pod,9133c31ee20f-get_a_diploma_without_going_back_to_school,sdfgizzbhoorowdhruszfct@fdt.de,1,mail/pod/threads/2004/9133c31ee20f-get_a_diploma_without_going_back_to_school.txt
pod,d15b0773b95d-unheardof_new_method_to_enlarqe_your_pen1s_now%,shsgjwdftwambwqfgzadyof@yahoo.com,1,mail/pod/threads/2004/d15b0773b95d-unheardof_new_method_to_enlarqe_your_pen1s_now%.txt
pod,4af203619af0-this_has_worked_for_me_sportswrite_anglican,97522ns558kw433$377pt90ka16$z5rj0cfx@lethargicexpositoryciliadgn0nqb47,1,mail/pod/threads/2004/4af203619af0-this_has_worked_for_me_sportswrite_anglican.txt
pod,902cd9aa808f-southpaw,940780287.96727048563075@deliveryman.com,1,mail/pod/threads/2004/902cd9aa808f-southpaw.txt
pod,9a274de7fb61-government_secured_investment,jyromjiomkjwvfmixycafhbcc@aol.com,1,mail/pod/threads/2004/9a274de7fb61-government_secured_investment.txt
pod,c42de26bffee-release_the_man_in_you_physique_cosy,93466235.cs44pdioxe85821075@berate646.malaise49canada.com,1,mail/pod/threads/2004/c42de26bffee-release_the_man_in_you_physique_cosy.txt
pod,c7f6b1be2148-need_more_info_k,366841275.02997563036822@dr.com,1,mail/pod/threads/2004/c7f6b1be2148-need_more_info_k.txt
pod,a7d74286dc53-spidery_aaron,079323056.29120719788394@consultant.com,1,mail/pod/threads/2004/a7d74286dc53-spidery_aaron.txt
pod,afc7c72ae2d8-your_account_%23_ul448,ejcpvdfguabsuoogeecuoc@yahoo.com,1,mail/pod/threads/2004/afc7c72ae2d8-your_account_%23_ul448.txt
pod,d18dd706b7a7-find_out_about_%22cialis%22%2E_%22viagra%22s_bi,dyqszfgphbgmixtycwxp@powerup.com.au,1,mail/pod/threads/2004/d18dd706b7a7-find_out_about_%22cialis%22%2E_%22viagra%22s_bi.txt
pod,99893949c62d-proven_effective%21_please_your_partner,b7db489600918bb256d06da797bffc44@no-id-found.mhonarc.org,1,mail/pod/threads/2004/99893949c62d-proven_effective%21_please_your_partner.txt
pod,5fe3ec8f1ff2-come_see_our_new_site%2E%2E,pod379828652672-001882@mail.connie.sabsbmeds.com,1,mail/pod/threads/2004/5fe3ec8f1ff2-come_see_our_new_site%2E%2E.txt
pod,2c3ec6c3592f-%E6%88%91%E5%B7%B2%E7%BB%8F%E6%83%B3%E9%80%9A%E,54460c750b7362e1cab17d336095a4fc@no-id-found.mhonarc.org,1,mail/pod/threads/2004/2c3ec6c3592f-%E6%88%91%E5%B7%B2%E7%BB%8F%E6%83%B3%E9%80%9A%E.txt
pod,9d7d6ae355bc-%E5%B9%BF%E4%B8%9C%E7%9C%81%E6%B1%95%E5%A4%B4%E,e5bad38b44bca3b8b9f78346fc6a9dd6@no-id-found.mhonarc.org,1,mail/pod/threads/2004/9d7d6ae355bc-%E5%B9%BF%E4%B8%9C%E7%9C%81%E6%B1%95%E5%A4%B4%E.txt
pod,2ea7b23b2c77-no_subject,%messidb,1,mail/pod/threads/2004/2ea7b23b2c77-no_subject.txt
pod,e12f275d08ef-now_that_i_am_hawk_knight,pj458i4-4366938788431059-5525133711637404888839@abate78,1,mail/pod/threads/2004/e12f275d08ef-now_that_i_am_hawk_knight.txt
pod,e533bfa8027f-no_subject,649916788.11914343209682@graphic-designer.com,1,mail/pod/threads/2004/e533bfa8027f-no_subject.txt
pod,f59e0ecdf328-you've_waited_long_enough%2E,eyyasyyfawxbaaaa@mailcity.com,1,mail/pod/threads/2004/f59e0ecdf328-you've_waited_long_enough%2E.txt
pod,722f4dad0ef2-our_new_website_is_finally_done,pod961655760354-008762@mail.forgive.maftrri.com,1,mail/pod/threads/2004/722f4dad0ef2-our_new_website_is_finally_done.txt
pod,00c3b5df20cc-software_bar%3Bgains,664801c44436$ca1405bd$927034b3@stammsperber.de,1,mail/pod/threads/2004/00c3b5df20cc-software_bar%3Bgains.txt
pod,653d47472709-low_cost_term_life_i%C3%B1s%2E,zpfoabqtklvabplyaoqmaemsb@msn.com,1,mail/pod/threads/2004/653d47472709-low_cost_term_life_i%C3%B1s%2E.txt
pod,"f023e98a4bf2-deleting_%22internet_cache_and_history%22,_will",98da01c44473$f4b2a333$f1c2b5e5@dnnqe2et,1,"mail/pod/threads/2004/f023e98a4bf2-deleting_%22internet_cache_and_history%22,_will.txt"
pod,957d7b0c1952-pow_l'oeil,150822556.38035005000827@post.com,1,mail/pod/threads/2004/957d7b0c1952-pow_l'oeil.txt
pod,8c66f9fc8963-short_sqeeze_in_motion,ngofufcgehignqhtfcja@eol.ee,1,mail/pod/threads/2004/8c66f9fc8963-short_sqeeze_in_motion.txt
pod,2e10c9c78f87-no_subject,213240802984.49880@218.85.166.254,1,mail/pod/threads/2004/2e10c9c78f87-no_subject.txt
pod,5aa115266232-please_fill_out_and_return,fjarnstfftceceltkosk@icq.com,1,mail/pod/threads/2004/5aa115266232-please_fill_out_and_return.txt
pod,9db84386a4df-%E4%BD%A0%E5%A5%BD%21%E4%BE%9B%E6%89%8B%E6%9C%B,0d3b381c9763a19b02f2d7b1809f2577@no-id-found.mhonarc.org,1,mail/pod/threads/2004/9db84386a4df-%E4%BD%A0%E5%A5%BD%21%E4%BE%9B%E6%89%8B%E6%9C%B.txt
pod,c55d8207884b-christiana,426647170856084926296.4822yrcni7zai@tvcatalunya.com,1,mail/pod/threads/2004/c55d8207884b-christiana.txt
pod,ad7864c106bf-let_lenders_compete_for_your_business,0373726743676c6a6c77646f6e6c716a6772703172756a$4df803ge2@cacan.usefulnetnews.com,1,mail/pod/threads/2004/ad7864c106bf-let_lenders_compete_for_your_business.txt
pod,341ddce0458f-90%25_off_software_tbolmpylgexrv,11b601c44679$e0e61248$6592ce9f@cimbrae.freeserve.co.uk,1,mail/pod/threads/2004/341ddce0458f-90%25_off_software_tbolmpylgexrv.txt
pod,33ec9fc9e8e4-now_you_can_have_her_dehydrate_protagonist,54916vzh3w7fh$74dp16y6c59$744db4su@brochure.christian.com,1,mail/pod/threads/2004/33ec9fc9e8e4-now_you_can_have_her_dehydrate_protagonist.txt
pod,"25999c152832-take_once,_last_all_weekend%21_f8",loyfzixxnchkducrmvcod@hotmail.com,1,"mail/pod/threads/2004/25999c152832-take_once,_last_all_weekend%21_f8.txt"
pod,ad051b3e9d9e-no_subject,%messida,1,mail/pod/threads/2004/ad051b3e9d9e-no_subject.txt
pod,9cfdd3dceae7-m%2Eortgage_application,rbzgnjokouanbsxogkqhi@cgocable.net,1,mail/pod/threads/2004/9cfdd3dceae7-m%2Eortgage_application.txt
pod,"0db771951f0d-pod,_copies_everything_-_easy_downioad_or_disc",111101c445c8$6bcee7a5$9cf936b3@true-values.com,1,"mail/pod/threads/2004/0db771951f0d-pod,_copies_everything_-_easy_downioad_or_disc.txt"
pod,7cff79eb852d-sexually-explicit%3A_unbelievable_explicit_acti,1086107563.4160@yahoo.com,1,mail/pod/threads/2004/7cff79eb852d-sexually-explicit%3A_unbelievable_explicit_acti.txt
pod,2beb013707eb-ours_is_the_best%21_8q1eb6,youxobaacvcpfznlmadirsqna@msn.com,1,mail/pod/threads/2004/2beb013707eb-ours_is_the_best%21_8q1eb6.txt
pod,"71f54b42070d-t,adalis_deal_on_toda%2Ey",b4c501c4466f$dafe23d8$afe67d77@tve.co.il,1,"mail/pod/threads/2004/71f54b42070d-t,adalis_deal_on_toda%2Ey.txt"
pod,dd42fd7e9286-chea-pest_and_the_best%21_uhww,fylidbukvtzgpcdjcpefst@msn.com,1,mail/pod/threads/2004/dd42fd7e9286-chea-pest_and_the_best%21_uhww.txt
pod,8b8c9e36393e-you_are_being_watched_656,244201c446de$47d626da$1d7799e5@nnhh,1,mail/pod/threads/2004/8b8c9e36393e-you_are_being_watched_656.txt
pod,9b1273c5e4a7-best_price_on_viagra_-_no_prescription_needed,blrhjdmslwflvjomoeyssl@msn.com,1,mail/pod/threads/2004/9b1273c5e4a7-best_price_on_viagra_-_no_prescription_needed.txt
pod,bf0955fad309-keep_it_up,ifbekiolekmpphdocjkncocfncaa.marjoriemitchell_ij@yahoo.com,1,mail/pod/threads/2004/bf0955fad309-keep_it_up.txt
pod,842e15790311-email_marketing,98cd7db36f66a4d40f13a512b318584e@no-id-found.mhonarc.org,1,mail/pod/threads/2004/842e15790311-email_marketing.txt
pod,b79c315e95aa-fabuklous%21_alistair,anuxegrfupnbfzxmqwxdaeeqr@yahoo.com,1,mail/pod/threads/2004/b79c315e95aa-fabuklous%21_alistair.txt
pod,cbcc9b50f3c4-is_yours_short%3F%3F_8tzi1,morqturysjbuzystigokkgeu@msn.com,1,mail/pod/threads/2004/cbcc9b50f3c4-is_yours_short%3F%3F_8tzi1.txt
pod,b3a0d9bcbc8c-chea-pest_and_the_best%21_qzjw,excpdjxnugxaasnpafqxpjga@msn.com,1,mail/pod/threads/2004/b3a0d9bcbc8c-chea-pest_and_the_best%21_qzjw.txt
pod,56bbd9db80ea-super_hardrock_e-rection_at_cheapest_price%21_t,ikeuyiwxwukweadsguvqn@hotmail.com,1,mail/pod/threads/2004/56bbd9db80ea-super_hardrock_e-rection_at_cheapest_price%21_t.txt
pod,"c202848517de-super_v,lagra_made_better",afbe01c447c2$32cc2c71$bd7ee813@mohr-media.de,1,"mail/pod/threads/2004/c202848517de-super_v,lagra_made_better.txt"
pod,497cec2607df-no_subject,<w[20,1,mail/pod/threads/2004/497cec2607df-no_subject.txt
pod,4379bb0c6283-please_for_your_kind_attention%2E,7662ef5d5b08aa5c27e39862f53d7f44@no-id-found.mhonarc.org,1,mail/pod/threads/2004/4379bb0c6283-please_for_your_kind_attention%2E.txt
pod,"634a6646d3f4-back_pain,_orthopaedic,_accident,",qjsvvwqhsalmvgkbwtiy@pub1.fz.fj.cn,1,"mail/pod/threads/2004/634a6646d3f4-back_pain,_orthopaedic,_accident,.txt"
pod,"8a397d8acea8-no_doctors_appointments_needed_-_xanax,_val%C3%",380104401859985.60065@bestowal1,1,"mail/pod/threads/2004/8a397d8acea8-no_doctors_appointments_needed_-_xanax,_val%C3%.txt"
pod,f5ba4da57a54-latest_s0ftware_at_80%25_d%7Cscount%21_byk,ikhecldxopvleaemosdgh@hotmail.com,1,mail/pod/threads/2004/f5ba4da57a54-latest_s0ftware_at_80%25_d%7Cscount%21_byk.txt
pod,ea7b042a2d4a-no_subject,916075670647.06603@67.163.4.236,1,mail/pod/threads/2004/ea7b042a2d4a-no_subject.txt
pod,1e71103e44d5-you_were_wrong_wrigley_lumbar,3061514773892.49nlskj8728ate@hushmail.com,1,mail/pod/threads/2004/1e71103e44d5-you_were_wrong_wrigley_lumbar.txt
pod,9779b1730e38-get_the_job_you_deserve_with_a_university_degre,32d81e4e4125a.24a8e@sbrisxlaiuah,1,mail/pod/threads/2004/9779b1730e38-get_the_job_you_deserve_with_a_university_degre.txt
pod,b61e797782ff-mo%5Br%5Dtgage_application,cgwquwzwphvokyjipzmpty@sisna.com,1,mail/pod/threads/2004/b61e797782ff-mo%5Br%5Dtgage_application.txt
pod,fa785e97a6d6-triplex,6729178799360.5dqsk36340jts@email.cz,1,mail/pod/threads/2004/fa785e97a6d6-triplex.txt
pod,a33c6c2ae710-not_this_time_ingrown_dodo,14430024472.84.4951@donaldson64-lle9.yahoo.co.uk,1,mail/pod/threads/2004/a33c6c2ae710-not_this_time_ingrown_dodo.txt
pod,4156dff655cc-get_your_pharm%25aceuticals_from_canada_and_sav,pod951434619653-006199@mail.combustion.qwmnsa2.com,1,mail/pod/threads/2004/4156dff655cc-get_your_pharm%25aceuticals_from_canada_and_sav.txt
pod,c05cb96b188b-i_missed_your_call,xhdnmgymesu8ldmtb31a@yahoo.com,2,mail/pod/threads/2004/c05cb96b188b-i_missed_your_call.txt
pod,b18f9542ccb1-no_subject,403214980.89175840853697@presidency.com,1,mail/pod/threads/2004/b18f9542ccb1-no_subject.txt
pod,34e59cbf816c-%E4%BE%9B%E5%BA%94%E5%90%84%E7%A7%8D%E7%9B%8A%E,4e9b32871cb0ffe1dccf4d0c0ee6422a@no-id-found.mhonarc.org,3,mail/pod/threads/2004/34e59cbf816c-%E4%BE%9B%E5%BA%94%E5%90%84%E7%A7%8D%E7%9B%8A%E.txt
pod,ded7d95a0674-oem_s0ftware_chieap,yfygjovrpbzgjfaasrrdoi@hotmail.com,1,mail/pod/threads/2004/ded7d95a0674-oem_s0ftware_chieap.txt
pod,"9792eaa425fb-inkjet,_laser_%26_copier_cartridges_%7E_save_up",28b101c449c4$4dbf0b00$0103a8c0@acom13,1,"mail/pod/threads/2004/9792eaa425fb-inkjet,_laser_%26_copier_cartridges_%7E_save_up.txt"
pod,"5d4d172ddaa5-adv%3A_attention_all_nonprofit_orgs%3A_members,",a59lc279$s-cnw2f3$b$$yh1qzs3ya@vq2xi1.z1.3h,1,"mail/pod/threads/2004/5d4d172ddaa5-adv%3A_attention_all_nonprofit_orgs%3A_members,.txt"
pod,365ba8040208-get_24%25_return_on_your_money,lsliqhqshhqnxidwtqhbgma@hotmail.com,1,mail/pod/threads/2004/365ba8040208-get_24%25_return_on_your_money.txt
pod,"663b9382ce89-healthier,_happier,_harder%21_cartesian_horseba",9586fw28f50hc$02ko15x9f22$38mh623j@hydrous.netscape.com,1,"mail/pod/threads/2004/663b9382ce89-healthier,_happier,_harder%21_cartesian_horseba.txt"
pod,b22acd579dac-warez_on_sa1e%21,gwahmvshczrlkpfpgbpcmle@hotmail.com,1,mail/pod/threads/2004/b22acd579dac-warez_on_sa1e%21.txt
pod,ff9bf80d5396-delivery_status_notification_%28failure%29,ycqlh5oyl000398bb@mc10-f9.hotmail.com,1,mail/pod/threads/2004/ff9bf80d5396-delivery_status_notification_%28failure%29.txt
pod,7e89a45e5b9a-get_a_university_diploma_even_if_you_don't_dese,5cedcf3cc8.0dc4d@lquqdcxsl,1,mail/pod/threads/2004/7e89a45e5b9a-get_a_university_diploma_even_if_you_don't_dese.txt
pod,d5bc791a4db3-the_american_2004_doctors_%26_medical_directory,fkkqurnkbwcrgseaedvexnf@eken.phys.nagoya-u.ac.jp,1,mail/pod/threads/2004/d5bc791a4db3-the_american_2004_doctors_%26_medical_directory.txt
pod,dd866d0fbd32-donation_for_the_less_priveledged,20040605042500.60bbd2b2432@email.sirindia.com,1,mail/pod/threads/2004/dd866d0fbd32-donation_for_the_less_priveledged.txt
pod,d6465f01a002-why_would_you_opacity_versailles,08476939.l22vulttw51023@mince091.sophism24christian.com,1,mail/pod/threads/2004/d6465f01a002-why_would_you_opacity_versailles.txt
pod,4095590eff49-application_form_accepted,pnqfmqldsfvqovosuuwcxu@shinbiro.com,1,mail/pod/threads/2004/4095590eff49-application_form_accepted.txt
pod,e48c6352dead-windows_xp_%2B_office_xp_%3D_%2480%2E_%3B_gsawh,6d4f01c44c2a$ba752dc1$73ef57c0@ciju.de,1,mail/pod/threads/2004/e48c6352dead-windows_xp_%2B_office_xp_%3D_%2480%2E_%3B_gsawh.txt
pod,2eef68f233cc-hiii%21%2E%2E_friend_o_o,5b01aa61980bc340561a4d05b6d161ca@no-id-found.mhonarc.org,1,mail/pod/threads/2004/2eef68f233cc-hiii%21%2E%2E_friend_o_o.txt
pod,d1a6924a34e4-what_if_you_had%2E%2E_wondrous_extraneous,55403mi51h3bx$0cu2u8c22$43l5y@belch.catholic.com,1,mail/pod/threads/2004/d1a6924a34e4-what_if_you_had%2E%2E_wondrous_extraneous.txt
pod,5adc8d254990-contact_me_asap,tpdfxziaosjqovqetbemmqhh@msn.com,1,mail/pod/threads/2004/5adc8d254990-contact_me_asap.txt
pod,bb2d3bbc0f35-no_subject,50e4242c2ffc5208fbe924df2ef8c8b0@no-id-found.mhonarc.org,1,mail/pod/threads/2004/bb2d3bbc0f35-no_subject.txt
pod,"4e0504f62635-2004_doctors_american_directoty,physicians,",984fd189567ce1a2273d648a6cc3823c@no-id-found.mhonarc.org,1,"mail/pod/threads/2004/4e0504f62635-2004_doctors_american_directoty,physicians,.txt"
pod,184ede50f462-cc%3Ahome_del%C3%ADvery_on_all_meds%2E,867223t4v587$05897363$sz3y9510@theronq88w7dzd1n,1,mail/pod/threads/2004/184ede50f462-cc%3Ahome_del%C3%ADvery_on_all_meds%2E.txt
pod,52b47343638c-important,owvcsjzwjijeraz4i4difeexa@juno.com,1,mail/pod/threads/2004/52b47343638c-important.txt
pod,79b0a29103a4-shot,000301c44d2c$9f61c0e0$4b757973@zzhkm,1,mail/pod/threads/2004/79b0a29103a4-shot.txt
pod,aaec29ce2af2-we_will_help_you_refinance_your_home,ybqgeodoyvwehynhqwyig@dairyherd.com,1,mail/pod/threads/2004/aaec29ce2af2-we_will_help_you_refinance_your_home.txt
pod,7cd34fa5c683-what_if_you_had%2E%2E_mitchell_affiance,<077rnd_lc_char,1,mail/pod/threads/2004/7cd34fa5c683-what_if_you_had%2E%2E_mitchell_affiance.txt
pod,8ffc477480da-hexachloride_web,000301c44d6c$c8a8f820$4fa7f43a@rrumrjwfghy,1,mail/pod/threads/2004/8ffc477480da-hexachloride_web.txt
pod,11b2eb42a4ac-please_send_me,1086715558.19662.blah,1,mail/pod/threads/2004/11b2eb42a4ac-please_send_me.txt
pod,efa3f6dbf0fe-rum,2328961317511.2o4377517355ml@netian.com,1,mail/pod/threads/2004/efa3f6dbf0fe-rum.txt
pod,235a673c2e3c-adair,714775772020.9726popy62620579jdk@chez.com,1,mail/pod/threads/2004/235a673c2e3c-adair.txt
pod,31de094fbf7e-sari,41628440941124.3794k8028014986dt@pisem.net,1,mail/pod/threads/2004/31de094fbf7e-sari.txt
pod,c89e2687de58-now_you_can_have_her_handkerchief_develop,1643qt8mw7m$4ob67n1a77$0thr878n@rural.icq.com,1,mail/pod/threads/2004/c89e2687de58-now_you_can_have_her_handkerchief_develop.txt
pod,dc9bfa16ecb0-reduce_monthly-payments,000101c44e84$01e8a2c2$c90b4a4e@deais.com,1,mail/pod/threads/2004/dc9bfa16ecb0-reduce_monthly-payments.txt
pod,119078fef965-polyglot,3p419b5$ha722qhn46l9$0xh8inc69@i60413,1,mail/pod/threads/2004/119078fef965-polyglot.txt
pod,87e7715c5754-fda,8kan50e17$uk909e8xgx630$353hq659rnp893@cd8181446341,1,mail/pod/threads/2004/87e7715c5754-fda.txt
pod,3fedcd4059c1-balmy,9928db2ww576$q88z203x46$6zo5x8@aur78429516092113,1,mail/pod/threads/2004/3fedcd4059c1-balmy.txt
pod,0e540b967204-i_need_to_tell_you_derogatory_fadeout,1382837.edd9kqtflsd79458@embower3.november10yahoo.co.uk,1,mail/pod/threads/2004/0e540b967204-i_need_to_tell_you_derogatory_fadeout.txt
pod,ad3a298200ac-you_wont_find_a_b%3Better_deal,061301c44efa$ab80d955$6c790c42@tvp.ru,1,mail/pod/threads/2004/ad3a298200ac-you_wont_find_a_b%3Better_deal.txt
pod,003624b6994b-it_depends_on_you_lyons_farina,j51d739-169537423-3386303390951176095632@pentagonal68,1,mail/pod/threads/2004/003624b6994b-it_depends_on_you_lyons_farina.txt
pod,b151d69513f3-celebrant,3856dq7ejl488$x419ynv4jk72$0jky3q4@ebq788487403724887,1,mail/pod/threads/2004/b151d69513f3-celebrant.txt
pod,f77a1320126a-new_message,donorz2nmfjpdey@juno.com,3,mail/pod/threads/2004/f77a1320126a-new_message.txt
pod,4b3ed7bee957-compare_prices_for_phentermine_and_more,rkmarkpmpndnckzcwrdnlage@hotmail.com,1,mail/pod/threads/2004/4b3ed7bee957-compare_prices_for_phentermine_and_more.txt
pod,"81990b4c3d72-you_wont_find_a_b,etter_deal",a59201c44fc1$01cf8554$1fcec7a4@starfashion.co.th,1,"mail/pod/threads/2004/81990b4c3d72-you_wont_find_a_b,etter_deal.txt"
pod,a5c59dec2c31-all_direct_windsurf_admitted_immense,0nxu0zl1$zfp7tu189q253$1yzj0xvr140@p172775978,1,mail/pod/threads/2004/a5c59dec2c31-all_direct_windsurf_admitted_immense.txt
pod,032e5e30e785-notice%3A_congrats%2E_you_have_been_accepted,mhjfdttkweqsbvysvrhehwse@aaiworldmarket.com,1,mail/pod/threads/2004/032e5e30e785-notice%3A_congrats%2E_you_have_been_accepted.txt
pod,8d7c522005e2-oberlin,28435aih3ws3$pn883j882vhq95$7skj5e5@pvs3881421239646,1,mail/pod/threads/2004/8d7c522005e2-oberlin.txt
pod,3a05f7a58389-no_waiting_refer_extol_brawl,1745440608293.0j208348iec@yahoo.co.uk,1,mail/pod/threads/2004/3a05f7a58389-no_waiting_refer_extol_brawl.txt
pod,e4a9efd9d10a-captious,07215ng14b58$r290xjq2dm199$622jqr6yd9@t960968,1,mail/pod/threads/2004/e4a9efd9d10a-captious.txt
pod,1778dc61835d-blissful,84lhd91sp35$mhc27c94wj755$2zi6tw6@air8845750485641,1,mail/pod/threads/2004/1778dc61835d-blissful.txt
pod,80085d285fab-cowpunch,323pxk81y25$k69m13zi594$87b391n265@ux31111296324452,1,mail/pod/threads/2004/80085d285fab-cowpunch.txt
pod,51a888eafd6d-please_complete_and_return,mrfpbbxgxnnywswjghqf@optonline.net,1,mail/pod/threads/2004/51a888eafd6d-please_complete_and_return.txt
pod,d6f81e6bcfea-the_results_of_your_survey,qvytoovsbnqmrecmugijfb@telus.net,1,mail/pod/threads/2004/d6f81e6bcfea-the_results_of_your_survey.txt
pod,156bd772881c-no_subject,61931393451158669937.217971.qexsvtlwm@aaiworldmarket.com,1,mail/pod/threads/2004/156bd772881c-no_subject.txt
pod,409ef38491fd-bush_banned_importing_low_cost_drugs_from_canad,memojbr4rr5p$d11ltk94$yskxl8dg@gwentipton,1,mail/pod/threads/2004/409ef38491fd-bush_banned_importing_low_cost_drugs_from_canad.txt
pod,6c67de9d20d3-no_subject,000301c451e7$97c76960$79652ea9@echo,1,mail/pod/threads/2004/6c67de9d20d3-no_subject.txt
pod,60dc3a42c9b0-your_account_%23collegial,asfbvspghbzimqammxeyzgjlx@sympatico.ca,1,mail/pod/threads/2004/60dc3a42c9b0-your_account_%23collegial.txt
pod,"34da2fdd02c1-you_need_a_better_degree,_and_we_can_help%21_%3",8b8101c452b1$d457fe91$4d33fa2c@stamm-gilwell.de,1,"mail/pod/threads/2004/34da2fdd02c1-you_need_a_better_degree,_and_we_can_help%21_%3.txt"
pod,ab3e2f918509-marrow,68nw912l7$ruc51qoj64d581$38l451fwn5@fvz274441064058,1,mail/pod/threads/2004/ab3e2f918509-marrow.txt
pod,8be4ce49c515-%2421274,92688097263.43734@82.42.166.45,1,mail/pod/threads/2004/8be4ce49c515-%2421274.txt
pod,950c96034885-assist_dog,000301c45247$8513cec0$16426311@ulvjpvgmpm,1,mail/pod/threads/2004/950c96034885-assist_dog.txt
pod,b40a7bd30e6b-blindfold,27cww487mrx7$kpj15j10k43$718k96z601@b47756683498,1,mail/pod/threads/2004/b40a7bd30e6b-blindfold.txt
pod,3af342ccd5a6-insider_secrets_on_investing,yxmxsgzilbugyyuotlagurxek@yahoo.com,1,mail/pod/threads/2004/3af342ccd5a6-insider_secrets_on_investing.txt
pod,4c13e21caab3-euphoric_transcript,000301c4529f$33229a80$25cce94c@rptnhnw,1,mail/pod/threads/2004/4c13e21caab3-euphoric_transcript.txt
pod,6174739b8bb5-%2479530,03881858441.25951@65.74.15.189,1,mail/pod/threads/2004/6174739b8bb5-%2479530.txt
pod,1d00c61ec7c3-%2458222,677325129349.80599@24.210.192.199,1,mail/pod/threads/2004/1d00c61ec7c3-%2458222.txt
pod,f6aca0a77211-high_priority_-_urgent,tenneyttss2uspan8ndm@bigfoot.com,1,mail/pod/threads/2004/f6aca0a77211-high_priority_-_urgent.txt
pod,"0f3f1ae1dbbe-hospital_lists%2E_bloodpressure,_cancer,_flu,_h",lxjtgelhtjazsdfihobd@urz-mail.urz.uni-heidelberg.de,1,"mail/pod/threads/2004/0f3f1ae1dbbe-hospital_lists%2E_bloodpressure,_cancer,_flu,_h.txt"
pod,2a23531a74a1-message,131339817735.02049@hsfum,1,mail/pod/threads/2004/2a23531a74a1-message.txt
pod,e8d089549e79-no_subject,000301c45322$8b7bb3f0$78bb23e3@oqefhzns,1,mail/pod/threads/2004/e8d089549e79-no_subject.txt
pod,05c50a88a1cb-isomorph,micronesia03-kv46pzwmlcnlta22nc4961sj890@163.com,1,mail/pod/threads/2004/05c50a88a1cb-isomorph.txt
pod,3aae5e1a2ce4-no_subject,000301c4534b$b6c25c20$afe302e0@frohmv,1,mail/pod/threads/2004/3aae5e1a2ce4-no_subject.txt
pod,6943e0c3698c-adv%3A_attention_all_nonprofit_organizations%3A,cr-$8514-73w071n6ek0@gpfn0,3,mail/pod/threads/2004/6943e0c3698c-adv%3A_attention_all_nonprofit_organizations%3A.txt
pod,bf5b17763674-dont_wait_nutria_vitamin_fugue,e5-wu049qiypwwxsv6pck6595gi2@overture.com,1,mail/pod/threads/2004/bf5b17763674-dont_wait_nutria_vitamin_fugue.txt
pod,df0211f6812a-no_pre-scription_required%21_mkhldwxrium,e-4o69yz--4us$0b92-5907$418@yk4.uucef,1,mail/pod/threads/2004/df0211f6812a-no_pre-scription_required%21_mkhldwxrium.txt
pod,0b7dfbe08626-are_you_too_busy_to_send_out_your_emails_yourse,wtsmyllktmuiimwpeyohqx@netzmarkt.de,1,mail/pod/threads/2004/0b7dfbe08626-are_you_too_busy_to_send_out_your_emails_yourse.txt
pod,f0622a540fa2-perverse,trisodium222-h30swkaij23ry85eh085@abv.bg,1,mail/pod/threads/2004/f0622a540fa2-perverse.txt
pod,fe9ed42f4573-basidiomycetes_agent,000301c453f5$39a1e260$7584f03a@ejqbwrysif,1,mail/pod/threads/2004/fe9ed42f4573-basidiomycetes_agent.txt
pod,3e347a88f428-unbelievable_3%2E45%25_%218_,69542540108.70677@bmihygsifzjh,1,mail/pod/threads/2004/3e347a88f428-unbelievable_3%2E45%25_%218_.txt
pod,441c0ef2d9f2-an_excellent_project,152165c62f87bc883769a35b04e83967@no-id-found.mhonarc.org,1,mail/pod/threads/2004/441c0ef2d9f2-an_excellent_project.txt
pod,4753ff9c745f-no_subject,000301c4547f$c91eb870$2fd786a5@vadebewbn,1,mail/pod/threads/2004/4753ff9c745f-no_subject.txt
pod,fcb05d870ee9-warty,egan4-f37vlwqouniyzlne358x44e6@wp.pl,1,mail/pod/threads/2004/fcb05d870ee9-warty.txt
pod,91ab00d1702f-of_532_but,squirmy67-sic92heconlj1yg07011l3@wp.pl,1,mail/pod/threads/2004/91ab00d1702f-of_532_but.txt
pod,9d6c6eccb78e-pecos_divine,000301c454ce$9c6b7260$5a712a71@wpkux,1,mail/pod/threads/2004/9d6c6eccb78e-pecos_divine.txt
pod,5d94aa3c27d1-%E9%95%BF%E9%80%94%E5%8C%85%E6%9C%88,1fe8ec89eedc804a493d99389a51a86b@no-id-found.mhonarc.org,2,mail/pod/threads/2004/5d94aa3c27d1-%E9%95%BF%E9%80%94%E5%8C%85%E6%9C%88.txt
pod,fb3824cea938-response_required,e033676c6731fe95654557099d1ec88b@no-id-found.mhonarc.org,1,mail/pod/threads/2004/fb3824cea938-response_required.txt
pod,cbcd958c4aa8-spurn,chive5-n6xrxidzalstzwd79zy5631z90@sohu.com.cn,1,mail/pod/threads/2004/cbcd958c4aa8-spurn.txt
pod,885d094e1948-the_sex_warehouse_-_all_your_kinks_and_needs_ca,1087934642.5494@yahoo.com,1,mail/pod/threads/2004/885d094e1948-the_sex_warehouse_-_all_your_kinks_and_needs_ca.txt
pod,b452d94fc7ea-why_don't_you_just_order_them_on_the_net%3F,1617753049.32578361374915@wwmen4n3.com,1,mail/pod/threads/2004/b452d94fc7ea-why_don't_you_just_order_them_on_the_net%3F.txt
pod,43e7f0510bd9-lumpur,diopter51-cuf1fzabkhrdjdy024jyo77235v03@x263.net,1,mail/pod/threads/2004/43e7f0510bd9-lumpur.txt
pod,e4c8feebe657-tel,bobcat7-ohe862geccnpwe8fzg10237op54@land.ru,1,mail/pod/threads/2004/e4c8feebe657-tel.txt
pod,a0c2096d423b-embargo,associable051-vl56yhyuxjkfl800ft47069e9@newmail.ru,1,mail/pod/threads/2004/a0c2096d423b-embargo.txt
pod,4b5e9dd9dd6a-numerische_snobbish_babble,furry72-ri509htrqxwki654dea725ch7@chat.ru,1,mail/pod/threads/2004/4b5e9dd9dd6a-numerische_snobbish_babble.txt
pod,1f0a99aa2055-appt_not_neccesary_chortle_walk_lorelei,851949022625.pei808ehkexx28@bourgeois41.airspeed75netscape.com,1,mail/pod/threads/2004/1f0a99aa2055-appt_not_neccesary_chortle_walk_lorelei.txt
pod,6d8df62d9ec3-belmont,000301c455c1$4b35e990$149f33e6@zehqszqe,1,mail/pod/threads/2004/6d8df62d9ec3-belmont.txt
pod,75c00635b66c-find_out_about_cialis'_vi%2Aagra%60s_big_bro%2A,668a01c4566f$211fb566$e25136ee@staib.de,1,mail/pod/threads/2004/75c00635b66c-find_out_about_cialis'_vi%2Aagra%60s_big_bro%2A.txt
pod,4fe0f16ebff5-book,40d44df6.cd9d125a@cox.net,1,mail/pod/threads/2004/4fe0f16ebff5-book.txt
pod,9d79d90fba0a-urgent_-_new_message,xwzyvjkfblpj0lu0vpe2qrgww9@rogers.com,1,mail/pod/threads/2004/9d79d90fba0a-urgent_-_new_message.txt
pod,64a12d164e45-thirtieth,000301c45616$ee5ae4e0$1e6221a4@wttx,1,mail/pod/threads/2004/64a12d164e45-thirtieth.txt
pod,8bdafb38b446-sent_to_me_crosspoint_luck_modal,026590546831584466.590ziw35im@netscape.com,1,mail/pod/threads/2004/8bdafb38b446-sent_to_me_crosspoint_luck_modal.txt
pod,611d89201c9a-barefoot,craftsperson83-u4strlrrwvkb450r69dh3@worldonline.fr,1,mail/pod/threads/2004/611d89201c9a-barefoot.txt
pod,ff3c957ea72c-bowmen,eligible533-yll7zvyasvyncnhq43ni053s673@ccnt.com,1,mail/pod/threads/2004/ff3c957ea72c-bowmen.txt
pod,baa72ebe8745-important_message%2E,saul56ujqkex9m7h@ae.com,2,mail/pod/threads/2004/baa72ebe8745-important_message%2E.txt
pod,1ded39eb0e6d-delegable,see34-obl0kwvcgchl19v8jq84@free.fr,1,mail/pod/threads/2004/1ded39eb0e6d-delegable.txt
pod,537136af84fe-urgent_-_important,qsfzihrqxgrvf65jsunpxlyp3pa@lycos.com,1,mail/pod/threads/2004/537136af84fe-urgent_-_important.txt
pod,99757386a870-the_best__avail_ammonium_causate_schoolhouse,5354md9gkj632$b9d03vq253$6hnk7ya0@t7255983214,1,mail/pod/threads/2004/99757386a870-the_best__avail_ammonium_causate_schoolhouse.txt
pod,e7e4e0cf6f0e-no_subject,<v[20,1,mail/pod/threads/2004/e7e4e0cf6f0e-no_subject.txt
pod,81a479cad51e-urgent_-_important_message,ynzwxxdvqbfhmkwmufqsxqt5n6@lycos.com,1,mail/pod/threads/2004/81a479cad51e-urgent_-_important_message.txt
pod,b04e02101ba7-shop_for_rolex_here_only%2E,4599164248389313.87721@madellb,1,mail/pod/threads/2004/b04e02101ba7-shop_for_rolex_here_only%2E.txt
pod,b308007f1e77-urgent_message,kwfjhgckcjfhhe2wgk0odwhgk4@charter.net,1,mail/pod/threads/2004/b308007f1e77-urgent_message.txt
pod,"912e9eb04c27-bmmg,csrz_-_this_stock_is_on_the_move",legion99-bck93xiracmdd674g005a586@east.net,1,"mail/pod/threads/2004/912e9eb04c27-bmmg,csrz_-_this_stock_is_on_the_move.txt"
pod,69de99e23222-chea%2Ep_software,473c01c4573e$43eaf402$ebba367b@0x63.nu,1,mail/pod/threads/2004/69de99e23222-chea%2Ep_software.txt
pod,71a9a94288c7-no_subject,<x[20,1,mail/pod/threads/2004/71a9a94288c7-no_subject.txt
pod,4679deebcb74-no_subject,000301c4577d$2c1f3df0$d08ff8f5@nfkqy,1,mail/pod/threads/2004/4679deebcb74-no_subject.txt
pod,dfe01b63d981-what_you_need_tonight_delegate_denumerable,30339737936079614.9049.55@realtor83-t274.yahoo.co.uk,1,mail/pod/threads/2004/dfe01b63d981-what_you_need_tonight_delegate_denumerable.txt
pod,4a316e2d665e-proven_effective%21_please_your_partner_with_gf,72579d52efcf7ccd4d09c2a3773512e9@no-id-found.mhonarc.org,2,mail/pod/threads/2004/4a316e2d665e-proven_effective%21_please_your_partner_with_gf.txt
pod,"49278488ae90-sjd,csrz_-_this_stock_is_on_the_move",lackey7-etp902fwrexahu5bu1l6@indiatimes.com,1,"mail/pod/threads/2004/49278488ae90-sjd,csrz_-_this_stock_is_on_the_move.txt"
pod,f25e9d583eae-no_subject,4691751467.53512@200.97.135.27,1,mail/pod/threads/2004/f25e9d583eae-no_subject.txt
pod,"ec8027d94fa4-apmstxd,csrz_-_this_stock_is_on_the_move",annihilate16-agv4gpaphjlcllnmp75j076t5@list.ru,1,"mail/pod/threads/2004/ec8027d94fa4-apmstxd,csrz_-_this_stock_is_on_the_move.txt"
pod,14d123cd7bf3-everyone_knows_drugs_are_cheaper_in_canada%2E,9.0.4.36.5.21481519408450.90136435@earthlink.net,1,mail/pod/threads/2004/14d123cd7bf3-everyone_knows_drugs_are_cheaper_in_canada%2E.txt
pod,34f55082ddd5-poynting,gland0-uvb082mmdnzk63fqt05650dk3@indiatimes.com,1,mail/pod/threads/2004/34f55082ddd5-poynting.txt
pod,3c4fbbb6f67e-knob_descendent_ferdinand,nectareous661-ede855dajcljd211vus397a315@nm.ru,1,mail/pod/threads/2004/3c4fbbb6f67e-knob_descendent_ferdinand.txt
pod,bc4bdb0c519d-plush,bookie0-i349thusnzkkfranr14pv0t141@personales.com,1,mail/pod/threads/2004/bc4bdb0c519d-plush.txt
pod,34262134a501-fredholm,apatite063-yw9tvhtgocdee481pb5n360@topmail.de,1,mail/pod/threads/2004/34262134a501-fredholm.txt
pod,91f8ee597c59-home_delivery_on_all_meds,643282632037913948.2796268.ipdiftgh@yahoo.com,1,mail/pod/threads/2004/91f8ee597c59-home_delivery_on_all_meds.txt
pod,c6325816e9d8-no_subject,<t[20,1,mail/pod/threads/2004/c6325816e9d8-no_subject.txt
pod,8b078bbd1b30-don't_miss_this%21_yam_pcykxd,3491r6$nf08$1z0-$-r4166r-a@szq.5juw935c87,1,mail/pod/threads/2004/8b078bbd1b30-don't_miss_this%21_yam_pcykxd.txt
pod,"63c5bd5d0c82-get_96%25_dis%2Ecounted_oem_microsoft,_corel,_a",jzopqzwpmjejgxiviojcoo@163.com,1,"mail/pod/threads/2004/63c5bd5d0c82-get_96%25_dis%2Ecounted_oem_microsoft,_corel,_a.txt"
pod,e80f0ceb86d2-business_assist,2986b652989e42.2989e422986b65@email.bigpond.com,1,mail/pod/threads/2004/e80f0ceb86d2-business_assist.txt
pod,dd9f84a95131-waiting_to_hear_from_you_re%3A_acct_%23_1933062,72bad41c4ec0015733db633c91ae1eaa@no-id-found.mhonarc.org,1,mail/pod/threads/2004/dd9f84a95131-waiting_to_hear_from_you_re%3A_acct_%23_1933062.txt
pod,a3801fc65c13-chore,000301c4587f$782c8150$01040c31@ohqwdkftc,1,mail/pod/threads/2004/a3801fc65c13-chore.txt
pod,"f1c0fceb8659-ymqap,uptd_-_major_trading_alert%21%21%21%21_ou",qed425-mfp751uldrfdxzx92m4il246@bol.com.br,1,"mail/pod/threads/2004/f1c0fceb8659-ymqap,uptd_-_major_trading_alert%21%21%21%21_ou.txt"
pod,1d69acbbc3d3-software_-_big_discouonts%2E%2E%2E_retail_prjce,ustshqvkbzwhtzgiltshxozre@juno.com,1,mail/pod/threads/2004/1d69acbbc3d3-software_-_big_discouonts%2E%2E%2E_retail_prjce.txt
pod,e500d3d7e446-reply_as_soon_as_possible,9b185d08c5e425d9ab66d4b2268e4e23@no-id-found.mhonarc.org,2,mail/pod/threads/2004/e500d3d7e446-reply_as_soon_as_possible.txt
pod,1f064e07f9f9-unb%3Beatable_software_dea%3Bls,ec4d01c45904$33cbeca8$11c68fad@tw.odessa.ua,1,mail/pod/threads/2004/1f064e07f9f9-unb%3Beatable_software_dea%3Bls.txt
pod,3715a713b100-update_your_current_infomation%21%21,auqwfdeqfvmpnyghjzgytnkmn@msn.com,1,mail/pod/threads/2004/3715a713b100-update_your_current_infomation%21%21.txt
pod,dda48afc5ea0-some_picks_from_60%25_to_over_300%25_in_days_%5,b06c01c459ac$8c4fa51e$95f12d9e@emaniax.de,1,mail/pod/threads/2004/dda48afc5ea0-some_picks_from_60%25_to_over_300%25_in_days_%5.txt
pod,9902f4f66407-new_message%2E,confectv7yigxncpg50ie@rogers.com,2,mail/pod/threads/2004/9902f4f66407-new_message%2E.txt
pod,f791940b56c1-so_why_not_order_them_from_toronto%3F,9317974495.17002357002548@phramsne.com,1,mail/pod/threads/2004/f791940b56c1-so_why_not_order_them_from_toronto%3F.txt
pod,3126aa96ed09-because_she_wanted_it_miami_atop,82973401940288.vsq55dtxkrbb84396021@work69.coo32yahoo.co.uk,1,mail/pod/threads/2004/3126aa96ed09-because_she_wanted_it_miami_atop.txt
pod,ab36cb9609a1-what_she_doesnt_know_ecumenic_caroline,62dky171xwr64$t378dtv6lr1$6ny038xm5@zk90222335,1,mail/pod/threads/2004/ab36cb9609a1-what_she_doesnt_know_ecumenic_caroline.txt
pod,0c31d44aed79-i_told_you_so_embower_templeton,83076oz67r76$ky4y10a89$104akg01qr49@y54716004,1,mail/pod/threads/2004/0c31d44aed79-i_told_you_so_embower_templeton.txt
pod,0139e5a26d57-biconcave,loaves2-h9mwtlbrumacfns92cem69211a077@takas.lt,1,mail/pod/threads/2004/0139e5a26d57-biconcave.txt
pod,eecfe39e7a25-more_girth%3Dhappy_women_dragon_dc,011701175.fs0muoennf50955197@dynamo8.ransack69canada.com,1,mail/pod/threads/2004/eecfe39e7a25-more_girth%3Dhappy_women_dragon_dc.txt
pod,ada46b50cc6c-your_prescription_is_ready%2E%2E,ofpubqebplkutlpseerwkj@hotmail.com,1,mail/pod/threads/2004/ada46b50cc6c-your_prescription_is_ready%2E%2E.txt
pod,db43e65a4eea-is_it_really_you%3F,gdnfntevahzbujslajfmbb3pnfqz@msn.com,1,mail/pod/threads/2004/db43e65a4eea-is_it_really_you%3F.txt
pod,2aa23af0905e-belate,indubitable79-tnt520oxweqjxeyp529uo681nu073@ig.com.br,1,mail/pod/threads/2004/2aa23af0905e-belate.txt
pod,d6e013aa07f3-winkle,catapult41-kad1yxtrvmddd8fj5ox166@pochta.ru,1,mail/pod/threads/2004/d6e013aa07f3-winkle.txt
pod,84727b4328a0-richard,hurl09-ni271ptqbmmcjue153cg09211jr42@ctn.com.cn,1,mail/pod/threads/2004/84727b4328a0-richard.txt
pod,fb4ec3054639-%2458528,5339170334.40743@212.186.157.101,1,mail/pod/threads/2004/fb4ec3054639-%2458528.txt
pod,46d5a7282e99-cheap_%3Ameds_%3B_bmjwzxbzh,a63a01c45b2e$06adc156$32d4230b@tvb.in-berlin.de,1,mail/pod/threads/2004/46d5a7282e99-cheap_%3Ameds_%3B_bmjwzxbzh.txt
pod,4cafdf86f217-i_missed_you%21,lctrxloazijnurqg9jaeeok@msn.com,1,mail/pod/threads/2004/4cafdf86f217-i_missed_you%21.txt
pod,ef6bed0cc537-flare,d'art44-b389pxvwt58pmz12344t0@yandex.ru,1,mail/pod/threads/2004/ef6bed0cc537-flare.txt
pod,ac5dd373c7db-%E4%BD%A0%E5%A5%BD%E3%80%82,a8e7120029b6bfe97a7514288455ec5b@no-id-found.mhonarc.org,1,mail/pod/threads/2004/ac5dd373c7db-%E4%BD%A0%E5%A5%BD%E3%80%82.txt
pod,78444ee779ba-no_subject,2961213763.09320@64.203.11.251,1,mail/pod/threads/2004/78444ee779ba-no_subject.txt
pod,3820a52fbb7a-new_message_notification%2E,xtqexqamfoxe1wxihgktoja@highstream.com,1,mail/pod/threads/2004/3820a52fbb7a-new_message_notification%2E.txt
pod,6bd0acbe6e4d-beatnik,switchblade768-ysi7biukmrv40r32785r8@interia.pl,1,mail/pod/threads/2004/6bd0acbe6e4d-beatnik.txt
pod,d682ab39780e-broadside,carboxy3-gxk266tmgxadkl8jsw83720o5@emails.ru,1,mail/pod/threads/2004/d682ab39780e-broadside.txt
pod,d31c8425e9dd-addis,aitken785-lk236vvgdhbult1n05v8@poczta.onet.pl,1,mail/pod/threads/2004/d31c8425e9dd-addis.txt
pod,"67ed4157b96a-zocxwoeq,urgent_stock_alert_-_uptd_is_about_to_",goody2-g752sjcewqgcxvv691udy8439e4@jumpy.it,1,"mail/pod/threads/2004/67ed4157b96a-zocxwoeq,urgent_stock_alert_-_uptd_is_about_to_.txt"
pod,b75acc4bfc29-flocculate,939171698408.18438855355450781486171@ksint,1,mail/pod/threads/2004/b75acc4bfc29-flocculate.txt
pod,b4fe98b2e9c1-%2489331,58185363728.25911@138.88.98.30,1,mail/pod/threads/2004/b4fe98b2e9c1-%2489331.txt
pod,4210f187497e-no_subject,<j[20,1,mail/pod/threads/2004/4210f187497e-no_subject.txt
pod,33ae8500bed3-wholesale_software_to_public_-_sa%2Eve_up_to_75,ifsxqlbijvyifnaxwiogwq@nm.ru,1,mail/pod/threads/2004/33ae8500bed3-wholesale_software_to_public_-_sa%2Eve_up_to_75.txt
pod,64a9a6932363-i_beg_your_pardon,000301c45cd7$243ba830$d8092240@izytnx,1,mail/pod/threads/2004/64a9a6932363-i_beg_your_pardon.txt
pod,71de9c9fc325-low_cost_pharmacy_delivered_to_your_door,mqyfelcmbfsijysxqjmqdxksa@msn.com,1,mail/pod/threads/2004/71de9c9fc325-low_cost_pharmacy_delivered_to_your_door.txt
pod,584e4574242e-goods_news%2E_application_was_accepted,huejwtreebddshulpmc@127.0.0.1,1,mail/pod/threads/2004/584e4574242e-goods_news%2E_application_was_accepted.txt
pod,584c135bc843-bonito,finland50-zy64yzrxkaoyqsqh64d741d29@pochtamt.ru,1,mail/pod/threads/2004/584c135bc843-bonito.txt
pod,"91d08254bcc8-vjjyum,gdno_-_hot_news_-_the_st0ck_will_go_craz",lollipop175-xw58owlzuzrmi3eo5894x68@homeway.com.cn,1,"mail/pod/threads/2004/91d08254bcc8-vjjyum,gdno_-_hot_news_-_the_st0ck_will_go_craz.txt"
pod,c04dfa86c2b3-need_mdes%3F_we_got_eevyrhtnig%21_no_percspiito,hg454mht833-4327972-44890916113@bethesda744,1,mail/pod/threads/2004/c04dfa86c2b3-need_mdes%3F_we_got_eevyrhtnig%21_no_percspiito.txt
pod,2d5cba223f27-urgent_-_consumer_alert_kuao,6c5001c45dad$e09d5316$7956ba34@t0q6,1,mail/pod/threads/2004/2d5cba223f27-urgent_-_consumer_alert_kuao.txt
pod,727f91c5b502-as_seen_on_tv%21,1b1f0f9c1e0eed38da06fb070caece25@no-id-found.mhonarc.org,2,mail/pod/threads/2004/727f91c5b502-as_seen_on_tv%21.txt
pod,dc5ca9743958-please_confirm,7527615777.894293195784012897384@folfb,1,mail/pod/threads/2004/dc5ca9743958-please_confirm.txt
pod,d88a0c9569d7-no_waiting_bravery_unit_flattery,emerge94-rnj7govlxvigzptpt31be118e17@icq.com,1,mail/pod/threads/2004/d88a0c9569d7-no_waiting_bravery_unit_flattery.txt
pod,56595019bae2-parable_cuts_through_the,1359950543.17142508891051008362@cbmqy,1,mail/pod/threads/2004/56595019bae2-parable_cuts_through_the.txt
pod,f09e61539d79-dont_overpay_negotiable_menial_cathodic,909503361468147358942019.8429e16190l@yahoo.co.uk,1,mail/pod/threads/2004/f09e61539d79-dont_overpay_negotiable_menial_cathodic.txt
pod,955e1203e99b-be_slim_and_saxy_till_the_summer%21_luse_wejght,mjoytihcpoumhrnliejqxtcm@hotpop.com,1,mail/pod/threads/2004/955e1203e99b-be_slim_and_saxy_till_the_summer%21_luse_wejght.txt
pod,f32efb9f65ce-i_tried_to_call_you,ybjipfwmjwyqtbul5j666elj0@charter.net,1,mail/pod/threads/2004/f32efb9f65ce-i_tried_to_call_you.txt
pod,68da1b14803d-dicount_here_r-x_present_ceremonial_rebutting,7443q93rb59$dgr63j839enp3$43gir344mvf992@jdj935314737639,1,mail/pod/threads/2004/68da1b14803d-dicount_here_r-x_present_ceremonial_rebutting.txt
pod,"be1bf90c4fe4-kosarchuk,_well-known_affiliate_toadies,",8267684031.07435498384761686699434@xeepbbf,1,"mail/pod/threads/2004/be1bf90c4fe4-kosarchuk,_well-known_affiliate_toadies,.txt"
pod,"c0da6d702aaf-bbsbtskj,gdno_-_hot_news_-_the_st0ck_will_go_cr",biopsy371-o134tdqynkofqxl8ud33927m704@newmail.ru,1,"mail/pod/threads/2004/c0da6d702aaf-bbsbtskj,gdno_-_hot_news_-_the_st0ck_will_go_cr.txt"
pod,539d09acfa8f-get_your_valium_%26_xanax_online_-_shipped_over,806038598420.02532@hsswhammjprzt,1,mail/pod/threads/2004/539d09acfa8f-get_your_valium_%26_xanax_online_-_shipped_over.txt
pod,5cce608bb971-adult_special_offer%21_male_sexual_enhancement,5a6946395d2cd64d3329498eace50e98@no-id-found.mhonarc.org,1,mail/pod/threads/2004/5cce608bb971-adult_special_offer%21_male_sexual_enhancement.txt
pod,6e2e0debe8a3-no_subject,2fc6002f5529cd7a054ccfadfdf45817@no-id-found.mhonarc.org,1,mail/pod/threads/2004/6e2e0debe8a3-no_subject.txt
pod,fa916d9d1548-%E4%BB%85%E4%BE%9B%E5%AF%B9%E7%BD%91%E7%BB%9C%E,5157489b3761931b3d1ae3deead45e12@no-id-found.mhonarc.org,1,mail/pod/threads/2004/fa916d9d1548-%E4%BB%85%E4%BE%9B%E5%AF%B9%E7%BD%91%E7%BB%9C%E.txt
pod,551a5dd4dc09-very_cehap_vlauim,glocorftl81109rrzzjsbmk@pemltd.com,1,mail/pod/threads/2004/551a5dd4dc09-very_cehap_vlauim.txt
pod,"dcb6245833b6-artiste_said_soulfully,_'turn",94766651971.7710889292118204287029@kmymzpjx,1,"mail/pod/threads/2004/dcb6245833b6-artiste_said_soulfully,_'turn.txt"
pod,b39c1ea5b8b2-time_sensitive%2E%2E%2E_refer_to_%23_l171027,9b8f4ddcfeaba3865624bdc4d83b5408@no-id-found.mhonarc.org,1,mail/pod/threads/2004/b39c1ea5b8b2-time_sensitive%2E%2E%2E_refer_to_%23_l171027.txt
pod,270d9ef1cbbd-all_the_while_the,000301c4603f$adbdcdc0$804c5b6d@ugujf,1,mail/pod/threads/2004/270d9ef1cbbd-all_the_while_the.txt
pod,c9aeae713843-grateful,barbecue76-ozu230urncvcmizdxn82y079u56@iskon.hr,1,mail/pod/threads/2004/c9aeae713843-grateful.txt
pod,f3faa0ae9db4-this_is_really_cheap%21_xbtoguq,f1$2$z-q-082z5@fao.gs.8780g,1,mail/pod/threads/2004/f3faa0ae9db4-this_is_really_cheap%21_xbtoguq.txt
pod,ad9b78921d6d-coax,stromberg856-cjr34owtgretpiy6hc2zh3@interia.pl,1,mail/pod/threads/2004/ad9b78921d6d-coax.txt
pod,e90cff21e164-what_she_doesnt_know_congener_areawide,0wky40rki02$q800hil894yz07$4kgj68zlq268@zhb3230601850,1,mail/pod/threads/2004/e90cff21e164-what_she_doesnt_know_congener_areawide.txt
pod,229438abc270-i_forgot_to_give_you_my_number_yesterday,ktrqqnoutytdzayenlsxz3nthpuir@charterpa.net,1,mail/pod/threads/2004/229438abc270-i_forgot_to_give_you_my_number_yesterday.txt
pod,e43fb7d7adfa-except_for_me_contradistinct_bulky,debugged0-t49ocfqsg7vm97vh85@yahoo.co.uk,1,mail/pod/threads/2004/e43fb7d7adfa-except_for_me_contradistinct_bulky.txt
pod,e95469767bb8-no_subject,gnctrfzmegivqevvuogevdr@fastmail.ca,1,mail/pod/threads/2004/e95469767bb8-no_subject.txt
pod,"8d62154f76fa-ne%2Ew_penile_drug_just_developed,",45fc01c46108$fcd35515$d3869f67@twainweb.de,1,"mail/pod/threads/2004/8d62154f76fa-ne%2Ew_penile_drug_just_developed,.txt"
pod,c2b92cc4fd65-take_a_look_susanne_diamagnetism,35741638622.88767abfes0769mm@catholic.com,1,mail/pod/threads/2004/c2b92cc4fd65-take_a_look_susanne_diamagnetism.txt
pod,"806e83d63e39-you_qualified,_please_read",b6ddbcc24c4de3a11405342bbe4286bf@no-id-found.mhonarc.org,1,"mail/pod/threads/2004/806e83d63e39-you_qualified,_please_read.txt"
pod,1f84bccc795c-order_soma_online_-_free_consultation,dxlnxuqzxazjsbzgkmhljofie@yahoo.com,1,mail/pod/threads/2004/1f84bccc795c-order_soma_online_-_free_consultation.txt
pod,f8f72f13dd27-athabascan,masseur5-y5yecbykfyoq03e92jc77@21cn.com,1,mail/pod/threads/2004/f8f72f13dd27-athabascan.txt
pod,c115e93a5f5c-%2404804,0158455722.38966@216.51.173.235,1,mail/pod/threads/2004/c115e93a5f5c-%2404804.txt
pod,e786a1a0170c-chlordane,calvary09-enj99jthvwuyb2c68h2@inbox.lv,1,mail/pod/threads/2004/e786a1a0170c-chlordane.txt
pod,c36c726e431d-deforest,ruth39-r42nkrhwxfwms4y62fc23@free.fr,1,mail/pod/threads/2004/c36c726e431d-deforest.txt
pod,705a96d0e058-cia_lis_r_x_direct,15d0f4ccd059b1f5666f53a7b1dde4ff@no-id-found.mhonarc.org,1,mail/pod/threads/2004/705a96d0e058-cia_lis_r_x_direct.txt
pod,9dcbadb5f5bd-low_price_-_office_software,555384904300741.dh65630@loscaptain.com,2,mail/pod/threads/2004/9dcbadb5f5bd-low_price_-_office_software.txt
pod,228b1ed85262-it_works_better,b674482d18b9cf2e3e4761ffe5f1e7c5@no-id-found.mhonarc.org,2,mail/pod/threads/2004/228b1ed85262-it_works_better.txt
pod,6c38a6d30a45-direct_to_u,b0c661968cd25bcc927b24c6b8fc400c@no-id-found.mhonarc.org,1,mail/pod/threads/2004/6c38a6d30a45-direct_to_u.txt
pod,61bdd127cc81-software_-_big_discouonts%2E%2E%2E_retail_prjce,lonuulowqoqzbeoqmnepl@hotpop.com,1,mail/pod/threads/2004/61bdd127cc81-software_-_big_discouonts%2E%2E%2E_retail_prjce.txt
pod,6a743fadd633-%2407008,7847360646.94024@221.3.250.4,1,mail/pod/threads/2004/6a743fadd633-%2407008.txt
pod,21ae5ec0e87d-ground_in_the_garden%2E,000301c461cf$615e96d0$44f5bda9@krslfg,1,mail/pod/threads/2004/21ae5ec0e87d-ground_in_the_garden%2E.txt
pod,556a9e267cca-that_party_the_other_night_wow,asywezwhcrhgcgzuvn8qse1ecim@msn.com,1,mail/pod/threads/2004/556a9e267cca-that_party_the_other_night_wow.txt
pod,"a8670335234b-bdzmkgqd,major_trading_alert_for_jvgi_headed_to",kikuyu7-hpx04wflazb8m198x35@inbox.lv,1,"mail/pod/threads/2004/a8670335234b-bdzmkgqd,major_trading_alert_for_jvgi_headed_to.txt"
pod,581173caa282-direct_rx_ciali_is,f38c667119ec5f468786b937ac945e57@no-id-found.mhonarc.org,1,mail/pod/threads/2004/581173caa282-direct_rx_ciali_is.txt
pod,"4e098428a15f-ufhoqzg,jvgi_-_acquires_stake_in_world_boxing_l",badge1-pze951zqortbtubaa8efk7205go16@hotbox.ru,1,"mail/pod/threads/2004/4e098428a15f-ufhoqzg,jvgi_-_acquires_stake_in_world_boxing_l.txt"
pod,55cf908f2cbe-mail_delivery_failed%3A_returning_message_to_se,e1bhlb0-000423-qe@solaris.dnsvelocity.com,1,mail/pod/threads/2004/55cf908f2cbe-mail_delivery_failed%3A_returning_message_to_se.txt
pod,95c2cbd20494-congratulations%21,e67f011686f9cb1f38a997aa62dda736@no-id-found.mhonarc.org,1,mail/pod/threads/2004/95c2cbd20494-congratulations%21.txt
pod,"6c6c01c31869-secure_ordering,_perscription_medication_11042",81da01c4624d$1054e3e4$5747e363@ropsv,1,"mail/pod/threads/2004/6c6c01c31869-secure_ordering,_perscription_medication_11042.txt"
pod,dd3ad934580a-ci%2Balisdirect,d0c7709c55c12775e035771723bd9e81@no-id-found.mhonarc.org,1,mail/pod/threads/2004/dd3ad934580a-ci%2Balisdirect.txt
pod,0a2095b8c58b-the_best_i_found,5e5ad5bbd74e96f02ccee375bb5659d1@no-id-found.mhonarc.org,1,mail/pod/threads/2004/0a2095b8c58b-the_best_i_found.txt
pod,0f70a9eaeb60-buy_xnaax_at_home,7922ucn60z5429$14045627$r4p46@mabeluyy1dbt04zzx37ttn,1,mail/pod/threads/2004/0f70a9eaeb60-buy_xnaax_at_home.txt
pod,1fd35d8768a6-the_most_complete_yiquan_training_course_ever_p,80016e7ad9d99547aa5b2329f2b7d62d@no-id-found.mhonarc.org,1,mail/pod/threads/2004/1fd35d8768a6-the_most_complete_yiquan_training_course_ever_p.txt
pod,e56e515c0154-schoolgirl,groan650-hwc9ekhuaatrj7vat694jb12@126.com,1,mail/pod/threads/2004/e56e515c0154-schoolgirl.txt
pod,f3467445a205-responding_back_to_your_application,bfa6b9ef7fe82617a8a2b06e0e21bc34@no-id-found.mhonarc.org,1,mail/pod/threads/2004/f3467445a205-responding_back_to_your_application.txt
pod,8bbbf0a0ae5a-i_tried_to_call_you_yesterday,ovgzikqaknutzlsrjmj7fk@rogers.com,1,mail/pod/threads/2004/8bbbf0a0ae5a-i_tried_to_call_you_yesterday.txt
pod,"2f2ccb8605a2-chew,jvgi_-_huge_news_and_st0ck_will_explode_on",caustic11-aih2gzhoxfsyxk826rkf85698a5@chinaren.com,1,"mail/pod/threads/2004/2f2ccb8605a2-chew,jvgi_-_huge_news_and_st0ck_will_explode_on.txt"
pod,81bb07ec5953-yoke,ella1-s64osjftwuulgl74m9985wo25@x263.net,1,mail/pod/threads/2004/81bb07ec5953-yoke.txt
pod,ca4e4bc7f222-my_day_is_better_now_tetragonal_puissant,055bb46acc6f2febe0f8aeaafd93a1dd@no-id-found.mhonarc.org,1,mail/pod/threads/2004/ca4e4bc7f222-my_day_is_better_now_tetragonal_puissant.txt
pod,de9ce2cd3e35-%2436889,48653774349.14889@64.110.243.191,1,mail/pod/threads/2004/de9ce2cd3e35-%2436889.txt
pod,5b87d180382e-you_if_it's_not,000301c4638a$cd9f91c0$fd56c9ab@zdvywunyyog,1,mail/pod/threads/2004/5b87d180382e-you_if_it's_not.txt
pod,"6e5d7b1f1055-deflater,major_trading_alert_for_jvgi_headed_to",gwyn0-psk7bllxgipv29gz035hl345@front.ru,1,"mail/pod/threads/2004/6e5d7b1f1055-deflater,major_trading_alert_for_jvgi_headed_to.txt"
pod,deb4320ca50f-get_meds_online,19853.e467@amrer.net,1,mail/pod/threads/2004/deb4320ca50f-get_meds_online.txt
pod,5c841eeed952-now_that_i_am_sac_turkey,11c81a026f99064062479fa1891ac910@no-id-found.mhonarc.org,1,mail/pod/threads/2004/5c841eeed952-now_that_i_am_sac_turkey.txt
pod,b82d020cd434-tird_of_being_fat%3F,89275467584.vv9nng308@american97.nate06regiomontano.com,1,mail/pod/threads/2004/b82d020cd434-tird_of_being_fat%3F.txt
pod,ecee3a2888e5-merchandise,embargo2-fjv15lftnnhnwval811yac1742k089@ctn.com.cn,1,mail/pod/threads/2004/ecee3a2888e5-merchandise.txt
pod,b8468760130f-banal,coyote65-do358khuwyvbo90yzq45941i6@centrum.cz,1,mail/pod/threads/2004/b8468760130f-banal.txt
pod,"c93a2e81b7ff-sable,jvgi_acquires_stake_in_world_boxing_leagu",bundestag722-m19gkxszmqayvu328wh58yl708@pisem.net,1,"mail/pod/threads/2004/c93a2e81b7ff-sable,jvgi_acquires_stake_in_world_boxing_leagu.txt"
pod,8e32a23befda-m%28o%29rtgage_application,261625339560507585.67817@msn.com,1,mail/pod/threads/2004/8e32a23befda-m%28o%29rtgage_application.txt
pod,d662bd8ee5c2-hey_its_me,oudkyzcncxsutsqg9xsllegrn@msn.com,1,mail/pod/threads/2004/d662bd8ee5c2-hey_its_me.txt
pod,b3b10794c1b6-i_am_glad_i_tried_it,8e389c3f572e5a4f8a874292e00e8ee8@no-id-found.mhonarc.org,1,mail/pod/threads/2004/b3b10794c1b6-i_am_glad_i_tried_it.txt
pod,26c4b3751883-bureau_for_acquainting_foreigners,000301c46443$59265f90$fdcb4142@eebyut,1,mail/pod/threads/2004/26c4b3751883-bureau_for_acquainting_foreigners.txt
pod,7a951f43f3ee-be_great,88610ftlsq50658kxu$3086699n4$3vv9nuj82@franco,6,mail/pod/threads/2004/7a951f43f3ee-be_great.txt
pod,6035b664faaf-tell_me_about_it_baste_gorham,e8f38f911ad8bbd9835a93dd85ba299d@no-id-found.mhonarc.org,1,mail/pod/threads/2004/6035b664faaf-tell_me_about_it_baste_gorham.txt
pod,554f50b5befc-except_for_me_than_cayuga,ba94492157f1c5c4f8bc34189d5a6d13@no-id-found.mhonarc.org,1,mail/pod/threads/2004/554f50b5befc-except_for_me_than_cayuga.txt
pod,26d27aefdb74-v1agkra_80%25_discount_%21%21,jdlhjabbhkhhbmcmolpcdlifngaa.eloy_bowdensl@adia.co.ae,1,mail/pod/threads/2004/26d27aefdb74-v1agkra_80%25_discount_%21%21.txt
pod,465a43a76acd-your_registration,000301c46504$b25361a0$60077480@ylylkah,2,mail/pod/threads/2004/465a43a76acd-your_registration.txt
pod,"320f35b3b16e-shelter,",o542xze7-02801319098-477377588805@masturbate40,1,"mail/pod/threads/2004/320f35b3b16e-shelter,.txt"
pod,774b68e8e0dc-hi,mpkwamadqxhxbcznorgnyg2x4@charterpa.net,4,mail/pod/threads/2004/774b68e8e0dc-hi.txt
pod,6c67c4dec16b-no_subject,0c720e8bcc359c3a7d968b2218912314@no-id-found.mhonarc.org,1,mail/pod/threads/2004/6c67c4dec16b-no_subject.txt
pod,"2efd498c2907-dew,hot_stock-alert_-_armm-_is_hot_-_they_annou",v12u132-142179-933939708226@transcription399,1,"mail/pod/threads/2004/2efd498c2907-dew,hot_stock-alert_-_armm-_is_hot_-_they_annou.txt"
pod,"fb73a26c22fa-pine,urgent_st0ck_alert_-_armm_is_about_to_expl",fe4a741-082092567-75874866451594695156858761616324@balsa19,1,"mail/pod/threads/2004/fb73a26c22fa-pine,urgent_st0ck_alert_-_armm_is_about_to_expl.txt"
pod,8fb9a86825f4-plunge,gpk7g136-08930876-865817532856061@candlewick601,1,mail/pod/threads/2004/8fb9a86825f4-plunge.txt
pod,7e4e43c95c34-and_i_just_got_a_webcam,666961284603.20140@61.83.65.221,1,mail/pod/threads/2004/7e4e43c95c34-and_i_just_got_a_webcam.txt
pod,9433be815c97-wow_that_party_was_something,vnqzkpeqbeehoafohlpsc@yahoo.com,1,mail/pod/threads/2004/9433be815c97-wow_that_party_was_something.txt
pod,abede4faf5c5-low_cost_term_life_ins%2E,04485656487211.360wca75534hw@hotmail.com,1,mail/pod/threads/2004/abede4faf5c5-low_cost_term_life_ins%2E.txt
pod,bfd6755b579f-steeplechase,yd5nbn615-823203276328766-7938789689553227844761045618727563@senora828,1,mail/pod/threads/2004/bfd6755b579f-steeplechase.txt
pod,2e9c98493d45-won't_be_comfortable_at,3478371270.171959101215499451061@wbcgfo,1,mail/pod/threads/2004/2e9c98493d45-won't_be_comfortable_at.txt
pod,929225f3db2c-get_those_inches_vehicular_dissociate,946b7c669783b3bfd6967102a00d5184@no-id-found.mhonarc.org,1,mail/pod/threads/2004/929225f3db2c-get_those_inches_vehicular_dissociate.txt
pod,6b7a3c826dc0-cheapest_prices_on_v1agra_and_valuim,lwnvwvfnstxffunjpfnduc@yahoo.com,1,mail/pod/threads/2004/6b7a3c826dc0-cheapest_prices_on_v1agra_and_valuim.txt
pod,f12b5ae22741-here%3A_a_beauty_who,000301c4667e$5f4d2420$18ea4ef3@ldszxdiqwr,1,mail/pod/threads/2004/f12b5ae22741-here%3A_a_beauty_who.txt
pod,c7ef326a4e52-its_way_better_now_coot_armillaria,25b6e52b9097f1d25f3a52dccee60f53@no-id-found.mhonarc.org,1,mail/pod/threads/2004/c7ef326a4e52-its_way_better_now_coot_armillaria.txt
pod,"0bc8c5306da3-beautiful,armm_-_major_trading_alert%21%21%21%2",f2ax8-4989876155752646470-07126325567972652604819338221766@corp86,1,"mail/pod/threads/2004/0bc8c5306da3-beautiful,armm_-_major_trading_alert%21%21%21%2.txt"
pod,"f430ee4cafe5-stateroom,hot_st0ck_alert_-_armm_-_announced_gr",b374bi8-3731006985854140099-73533360453557022399825011022603@evade99,1,"mail/pod/threads/2004/f430ee4cafe5-stateroom,hot_st0ck_alert_-_armm_-_announced_gr.txt"
pod,36b7634ef0e1-ours_is_the_best%21_ageks_p,f2e7-46ykf57@llpdc6,1,mail/pod/threads/2004/36b7634ef0e1-ours_is_the_best%21_ageks_p.txt
pod,25ea4015e9f0-applied,tb7m29-74535256185-968499969171247736278918970493@christenson0,1,mail/pod/threads/2004/25ea4015e9f0-applied.txt
pod,cc32050b1167-atrocious,bti85gj4-1494985-82996557790681901226920242984@breezy9,1,mail/pod/threads/2004/cc32050b1167-atrocious.txt
pod,e598a92be2f9-i'm_pretty_with_a_webcam,iosmqeaegeucnmokgvpf@dbzmail.com,1,mail/pod/threads/2004/e598a92be2f9-i'm_pretty_with_a_webcam.txt
pod,d3a6bd723b73-no_subject,2306584666.92140@nfgfpgj,1,mail/pod/threads/2004/d3a6bd723b73-no_subject.txt
pod,"5293fa696757-swat,hot_st0ck_alert_-_armm_-_announced_great_n",lo1jl9-357607477766689865-2640582862@crud2,1,"mail/pod/threads/2004/5293fa696757-swat,hot_st0ck_alert_-_armm_-_announced_great_n.txt"
pod,"26e41ffacd5c-monarchic,hot_st0ck_alert_-_armm_-_announced_gr",jz48xj36-365975643-13038726699931644@blasphemous73,1,"mail/pod/threads/2004/26e41ffacd5c-monarchic,hot_st0ck_alert_-_armm_-_announced_gr.txt"
pod,3232e59b0880-undeliverable_mail,10407140123.aa62918045@nt-52,1,mail/pod/threads/2004/3232e59b0880-undeliverable_mail.txt
pod,2eafe690a3d0-dont_let_her_know_monstrous_ogress,b5daae401135087c89e92f17f7224174@no-id-found.mhonarc.org,1,mail/pod/threads/2004/2eafe690a3d0-dont_let_her_know_monstrous_ogress.txt
pod,"246203427974-alpheratz,this_st0ck_is_about_to_explode_on_mon",l1a8-26457314024640752931-021805578292818862346@diploma722,1,"mail/pod/threads/2004/246203427974-alpheratz,this_st0ck_is_about_to_explode_on_mon.txt"
pod,4789b04231ac-i'm_cute_with_a_webcam,29131216770.02958@61.105.155.229,1,mail/pod/threads/2004/4789b04231ac-i'm_cute_with_a_webcam.txt
pod,"5d95e393f544-rustling,_as_if_from",000301c46813$5c36f770$b22f915a@tmoraws,1,"mail/pod/threads/2004/5d95e393f544-rustling,_as_if_from.txt"
pod,13a6a7a0422d-%E4%BB%85%E4%BE%9B%E5%AF%B9%E7%BD%91%E7%BB%9C%E,bc3d5310b798e17df1a6dec68abae5d9@no-id-found.mhonarc.org,5,mail/pod/threads/2004/13a6a7a0422d-%E4%BB%85%E4%BE%9B%E5%AF%B9%E7%BD%91%E7%BB%9C%E.txt
pod,d1b10f234ad9-low_cost_pharmaceuticals_-_overnight_shipping,60781614.38162@rkqpw,1,mail/pod/threads/2004/d1b10f234ad9-low_cost_pharmaceuticals_-_overnight_shipping.txt
pod,178e1da89836-size_does_matter_amende_algorithm,d3b99284efa7d0132f878deb8add99ca@no-id-found.mhonarc.org,1,mail/pod/threads/2004/178e1da89836-size_does_matter_amende_algorithm.txt
pod,cccc0ac51577-office_2000_premium_edition_%2450,875879u7mj65$5y1f7738$02o4tsdz@categorytosscoachworklq70,1,mail/pod/threads/2004/cccc0ac51577-office_2000_premium_edition_%2450.txt
pod,9ae520059505-be_the_one_she_craves%2E,90380941974086.741utl23925hg@hotmail.com,1,mail/pod/threads/2004/9ae520059505-be_the_one_she_craves%2E.txt
pod,2a523ad59a7e-you_have_a_new_private_message,broccolipikovxtv2zvpkuw@lycos.com,1,mail/pod/threads/2004/2a523ad59a7e-you_have_a_new_private_message.txt
pod,f4ddf2501926-because_she_wanted_it_index_lim,ee6ed75705dcdac92a82bba6066f0f3b@no-id-found.mhonarc.org,1,mail/pod/threads/2004/f4ddf2501926-because_she_wanted_it_index_lim.txt
pod,f6b0a8a2d734-i_couldnt_believe_it,c592c43ae71052acaebb73319abc3965@no-id-found.mhonarc.org,1,mail/pod/threads/2004/f6b0a8a2d734-i_couldnt_believe_it.txt
pod,7c145db39560-dont_ask_me_that_cardamom_north,3fc15c25ddb69f92a3c866cecf49683e@no-id-found.mhonarc.org,1,mail/pod/threads/2004/7c145db39560-dont_ask_me_that_cardamom_north.txt
pod,"bed3aacead85-bacillus,ground_breaking_news_for_jvgi_-_its_ju",v947uen6-4800016112-371626253166@vestigial5,1,"mail/pod/threads/2004/bed3aacead85-bacillus,ground_breaking_news_for_jvgi_-_its_ju.txt"
pod,7720aa81f062-do_you_remember_us%3F,fd0b469c07fdbf7b500f00a86e1dff29@no-id-found.mhonarc.org,1,mail/pod/threads/2004/7720aa81f062-do_you_remember_us%3F.txt
pod,"078cb061af9a-i_am_a_historian,'",000301c4690e$45270420$038ca58f@wklcb,1,"mail/pod/threads/2004/078cb061af9a-i_am_a_historian,'.txt"
pod,b7a35779eddb-dapple,xr51vl6-39036503761055849980-7223678334731594650364903207@improve13,1,mail/pod/threads/2004/b7a35779eddb-dapple.txt
pod,7cde8a85797d-new_message_notification,syzievgzemmldn8mczkcbe@charter.net,2,mail/pod/threads/2004/7cde8a85797d-new_message_notification.txt
pod,8b9d1c4b9eaa-angiosperm,jk630idr77-919166446459855999-15801705423786630067899063388230@antiquary70,1,mail/pod/threads/2004/8b9d1c4b9eaa-angiosperm.txt
pod,60bf3a6d4093-get_your_pharmaceuti6cals_onl1ne,800202t4r613$g32rp9e9$02kg922k@sbcglobal.net,1,mail/pod/threads/2004/60bf3a6d4093-get_your_pharmaceuti6cals_onl1ne.txt
pod,062562cfdb4f-your_confirmation_%23_zs634,3a8c2eeaa600710c72ae83c924b63753@no-id-found.mhonarc.org,1,mail/pod/threads/2004/062562cfdb4f-your_confirmation_%23_zs634.txt
pod,fcc208c46a79-i_got_you_e-mail_from_a%2E%2E%2E%2E,vatepkfurkluwbcpstdiewyvrwiug@hotmail.com,1,mail/pod/threads/2004/fcc208c46a79-i_got_you_e-mail_from_a%2E%2E%2E%2E.txt
pod,b063aa565000-i_didn't_go_to_college_so_i_can't_get_the_job,64e91e24d12ba.caeeb@noxbfdcqj,1,mail/pod/threads/2004/b063aa565000-i_didn't_go_to_college_so_i_can't_get_the_job.txt
pod,"d396c63512fb-clasp,big_st0ck_alert_-_fcon_st0ck_will_be_hot",v17r170-1576176766377551029-86907338621100627@jar010,1,"mail/pod/threads/2004/d396c63512fb-clasp,big_st0ck_alert_-_fcon_st0ck_will_be_hot.txt"
pod,"c6fc6a145d89-if_you_don't_have_a_degreee,_you_can't_get_the_",1714992f3f.ddee2@fqbbu,1,"mail/pod/threads/2004/c6fc6a145d89-if_you_don't_have_a_degreee,_you_can't_get_the_.txt"
pod,3cbfa5d26fe7-something_for_you_both,5726qrn0stb07$3615119$dh336s71@miltonfro7ylr338mb1qe,2,mail/pod/threads/2004/3cbfa5d26fe7-something_for_you_both.txt
pod,5022dad778b4-get_the_job_you_deserve_with_a_universitty_degr,93c62d80d26f10.4ffb3@vdkdt,1,mail/pod/threads/2004/5022dad778b4-get_the_job_you_deserve_with_a_universitty_degr.txt
pod,"51f575b3c6a3-piccadilly,fcon_this_st0ck_is_going_up%21%21%21",bp722ov7-1617656-902578928148534648@usurious702,1,"mail/pod/threads/2004/51f575b3c6a3-piccadilly,fcon_this_st0ck_is_going_up%21%21%21.txt"
pod,7474bd9f613a-my_contact_info,hunkvkycdwuip2nt41snybaia1w@msn.com,1,mail/pod/threads/2004/7474bd9f613a-my_contact_info.txt
pod,b8d9cf759652-original_oem_software_for_cheap_1718,ce6701c46a29$260a4af9$3b284e91@ltrw7df,1,mail/pod/threads/2004/b8d9cf759652-original_oem_software_for_cheap_1718.txt
pod,c6fbde2d7610-spice_is_nice,64174.t107@hideakifan.com,1,mail/pod/threads/2004/c6fbde2d7610-spice_is_nice.txt
pod,1cd2e48bc2a9-no_subject,41260261006.75831@oclocrjq,1,mail/pod/threads/2004/1cd2e48bc2a9-no_subject.txt
pod,7312a27825a9-bu%2Ey_cia%3Blis_at_unbelievable_prices,0a5c01c46a83$2a17e812$722c49f5@stakkelhoj.dk,1,mail/pod/threads/2004/7312a27825a9-bu%2Ey_cia%3Blis_at_unbelievable_prices.txt
pod,3b72f18db6c8-just_turned_my_cam_on,9810950853.51178@24.61.185.211,1,mail/pod/threads/2004/3b72f18db6c8-just_turned_my_cam_on.txt
pod,b0a75c31910a-shipped_overnight_to_your_door%2E,knoagjmgbamglpkelknmaijdohaa.bryon.ortiz_bk@hotmail.com,1,mail/pod/threads/2004/b0a75c31910a-shipped_overnight_to_your_door%2E.txt
pod,dbd76f927ee2-application_info,bpksjhy-uksdx-32051322919550150016491@ccnevmqr,1,mail/pod/threads/2004/dbd76f927ee2-application_info.txt
pod,acbf7108b2ff-about_your_payment,aqxbfddpryhvwcdfhsjstaphylococcusforfeit@telepacific.net,1,mail/pod/threads/2004/acbf7108b2ff-about_your_payment.txt
pod,5b494b2e0553-my_names_brooke,mxsxtgbfxhfmrhspzmjtubslk@hushmail.com,1,mail/pod/threads/2004/5b494b2e0553-my_names_brooke.txt
pod,bebfcaa5f0a3-xtra_size_is_better_vertigo_slither,a699ce744bc15edf1d1a9d2e5d8ffc2d@no-id-found.mhonarc.org,1,mail/pod/threads/2004/bebfcaa5f0a3-xtra_size_is_better_vertigo_slither.txt
pod,dbfbf2310f76-powerful,mgo23qtp84-03275078-05908346978767479@waveguide747,1,mail/pod/threads/2004/dbfbf2310f76-powerful.txt
pod,7080db86f12d-now_you_can_have_her_braggart_butterfat,8936a0680fbf836ffde66d073c779d0d@no-id-found.mhonarc.org,1,mail/pod/threads/2004/7080db86f12d-now_you_can_have_her_braggart_butterfat.txt
pod,e2c8b407f783-now_i_know_altimeter_depreciate,94d36632854ec76d4018ab07a02244e7@no-id-found.mhonarc.org,1,mail/pod/threads/2004/e2c8b407f783-now_i_know_altimeter_depreciate.txt
pod,de064250fb0f-bateau,jp7xpo1-577796-667135790981983683@elan5,1,mail/pod/threads/2004/de064250fb0f-bateau.txt
pod,"4bb1b0aa055f-wholesal%2Ee_prices_on_hyd%3Arocod,one",e31901c46bba$e73539d1$79f11a9f@stampeed.de,1,"mail/pod/threads/2004/4bb1b0aa055f-wholesal%2Ee_prices_on_hyd%3Arocod,one.txt"
pod,3b39158d669f-healthier_for_less,61310a1430iloln$5637697j3$768euk754agc9@steve,2,mail/pod/threads/2004/3b39158d669f-healthier_for_less.txt
pod,8230e6aa0497-dewey,epf505bt11-176741891580422109-30619375765417896332029848599935@polyphemus446,1,mail/pod/threads/2004/8230e6aa0497-dewey.txt
pod,35c830a6f396-bing,ng37s967-668291295909754054-8724270478827729@estuary454,1,mail/pod/threads/2004/35c830a6f396-bing.txt
pod,37a5758356e4-mannerism,gvo1zi0-299250210576515-4753949501398663365542@casket8,1,mail/pod/threads/2004/37a5758356e4-mannerism.txt
pod,8d697aad990f-take_a_look_bishop_cayenne,"""capella stagecoach balky abase sarcophagus""",1,mail/pod/threads/2004/8d697aad990f-take_a_look_bishop_cayenne.txt
pod,83eb9f88d04b-best_deal_of_the_month,301d5c3fc6fd482216afefd119e3a81b@no-id-found.mhonarc.org,2,mail/pod/threads/2004/83eb9f88d04b-best_deal_of_the_month.txt
pod,137dfa92c79d-been_turned_down_for_a_job%3F_need_a_degree%3F,648637355.f5kmhea8783605@bill5.sulfite32ningbo.net,1,mail/pod/threads/2004/137dfa92c79d-been_turned_down_for_a_job%3F_need_a_degree%3F.txt
pod,"81818762971d-i_tried,_it_worked_pantomimic_callahan","""sportswear foursome obstinacy deathward datsun""",1,"mail/pod/threads/2004/81818762971d-i_tried,_it_worked_pantomimic_callahan.txt"
pod,bc0db46deacc-xtra_size_is_better_bough_elate,3f28e74c08e9f910201dc89da1f9950f@no-id-found.mhonarc.org,1,mail/pod/threads/2004/bc0db46deacc-xtra_size_is_better_bough_elate.txt
pod,e4351c9ac6ce-soft_ware-_big_dlscouonts_%2E%2E%2E_now_-_retai,gvzahojtvkeuwuplbhufztwsp@yahoo.com,1,mail/pod/threads/2004/e4351c9ac6ce-soft_ware-_big_dlscouonts_%2E%2E%2E_now_-_retai.txt
pod,7754b92bd1f6-dlscouonts_on_soft_ware%2E%2E%2E_now_-_retaijl_,cfxfmepgdvwgfqfmhayhtrx@hotmail.com,1,mail/pod/threads/2004/7754b92bd1f6-dlscouonts_on_soft_ware%2E%2E%2E_now_-_retaijl_.txt
pod,3aa1a29b4b59-choice,y76zs414-159997479584-708679724721023@scandal8,1,mail/pod/threads/2004/3aa1a29b4b59-choice.txt
pod,63d42c9101e1-destitute,f871e916-960872935868349415-179225042105899067563714549@kink05,1,mail/pod/threads/2004/63d42c9101e1-destitute.txt
pod,"f707bea30ca5-our_phar%2Amacy_has_great_week_ly_specials_,%3A",f0da01c46ce5$4acb52fc$77749aa7@mohsen.de,1,"mail/pod/threads/2004/f707bea30ca5-our_phar%2Amacy_has_great_week_ly_specials_,%3A.txt"
pod,5347c4d7f144-preferred,j157dcd04-452947991297869-938951512038674133736090956@quasiperiodic45,1,mail/pod/threads/2004/5347c4d7f144-preferred.txt
pod,97cbb556c1c8-extendible,yxx85v779-11339022770256300516-543767450075098348045477973242571@spoof6,1,mail/pod/threads/2004/97cbb556c1c8-extendible.txt
pod,4633fc1388b2-valium_%2Fapap_cia%3Blis_es_generic_xana%3Bx_ge,b67101c46c96$6584ff15$4eb8ddaf@star-fire.de,1,mail/pod/threads/2004/4633fc1388b2-valium_%2Fapap_cia%3Blis_es_generic_xana%3Bx_ge.txt
pod,516a55463970-pheromone_spray_for_men,0a3e1312bd111247e74c1ab7b887d1f3@no-id-found.mhonarc.org,1,mail/pod/threads/2004/516a55463970-pheromone_spray_for_men.txt
pod,9f6b122905bc-application_update,000301c46cae$09a73980$3b1131e2@ybmwovlohq,1,mail/pod/threads/2004/9f6b122905bc-application_update.txt
pod,0ff84aaef500-add_to_cart%3A,010644176224.02305@68.192.165.37,1,mail/pod/threads/2004/0ff84aaef500-add_to_cart%3A.txt
pod,"44f755376f1f-intractable,armm_our_newst0ck_pick_-greatnews",qpu5d1-880836984649563940-4938793263490642@corundum7,1,"mail/pod/threads/2004/44f755376f1f-intractable,armm_our_newst0ck_pick_-greatnews.txt"
pod,8b91c5ead31a-cruickshank,mht791asa1-766925366-739050821591116015@expunge370,1,mail/pod/threads/2004/8b91c5ead31a-cruickshank.txt
pod,1fdf1c28df9d-hottest_new_skateboard_product_on_the_market%21,4fea1a923826304427dd950a6f76009d@no-id-found.mhonarc.org,1,mail/pod/threads/2004/1fdf1c28df9d-hottest_new_skateboard_product_on_the_market%21.txt
pod,9529fc5669ed-marquee,y103duz482-2564696148238793867-04580805523779423@casanova38,1,mail/pod/threads/2004/9529fc5669ed-marquee.txt
pod,475f56a72474-best_hyd%3Arocodone_deals,afa701c46e3f$5b0cb180$c530840d@stanleyrd61.freeserve.co.uk,1,mail/pod/threads/2004/475f56a72474-best_hyd%3Arocodone_deals.txt
pod,"69b76bf1ac13-no_gimmicks_here,_just_great_rates",.@jeuvoblccszhkd,2,"mail/pod/threads/2004/69b76bf1ac13-no_gimmicks_here,_just_great_rates.txt"
pod,8975042fbb55-approved%3A_we_owe_you_%24406607,7da084fa15c3b80bf479b43ee3fd1e46@no-id-found.mhonarc.org,1,mail/pod/threads/2004/8975042fbb55-approved%3A_we_owe_you_%24406607.txt
pod,637658b35c1d-life_saver,xukyyyzbrskvgqsbs7bb4c@hotmail.com,1,mail/pod/threads/2004/637658b35c1d-life_saver.txt
pod,ceb861175e1f-bu%60y_cialis_online_-_rskuqlcisrvf,6e6e01c46f49$7cfe6a1e$29149519@standa.it,1,mail/pod/threads/2004/ceb861175e1f-bu%60y_cialis_online_-_rskuqlcisrvf.txt
pod,5b514fcf9a1a-business_proposition,20040721031747.393108bba5@www.email.si,1,mail/pod/threads/2004/5b514fcf9a1a-business_proposition.txt
pod,fc50cef7431e-dont_let_her_know_boreas_acknowledgeable,ed174d412e840352c73587aaf27d97bd@no-id-found.mhonarc.org,1,mail/pod/threads/2004/fc50cef7431e-dont_let_her_know_boreas_acknowledgeable.txt
pod,71c7278acf3f-get_a_free_mortgage-quote,fnfcgsupzfqfbxzltxlskp@arrl.net,1,mail/pod/threads/2004/71c7278acf3f-get_a_free_mortgage-quote.txt
pod,"9eab486821db-get_xanax,val%C3%ADum_over_night_-_no_prescript",01007750561560.608gye48595ll@hotmail.com,1,"mail/pod/threads/2004/9eab486821db-get_xanax,val%C3%ADum_over_night_-_no_prescript.txt"
pod,11769603f7ce-please_respond_in_24_hrs_%28ref_%23_535_189_028,5f6e8d348632c6e99b0fbaa8ed1907dd@no-id-found.mhonarc.org,1,mail/pod/threads/2004/11769603f7ce-please_respond_in_24_hrs_%28ref_%23_535_189_028.txt
pod,2df9df661822-in_god_we_trust,341f3fa9c178d2dab2678da84dd4df13@no-id-found.mhonarc.org,1,mail/pod/threads/2004/2df9df661822-in_god_we_trust.txt
pod,75c895dc4035-no_subject,f35405280bb649b4cde1c43a4bdf5e6a@no-id-found.mhonarc.org,1,mail/pod/threads/2004/75c895dc4035-no_subject.txt
pod,1027961c618d-doorman,r611k840-121185161158910193-32141312221824435466167669015000@deadline67,1,mail/pod/threads/2004/1027961c618d-doorman.txt
pod,0dd6c8b5f4f8-dorian_fr-ee_mort-gage_quotes_horehound,gowehdsyinoqajzsilmufokr@yahoo.ca,1,mail/pod/threads/2004/0dd6c8b5f4f8-dorian_fr-ee_mort-gage_quotes_horehound.txt
pod,"71d071aad789-pod,_good_living",100101c46f00$15469167$21dc0206@cinemexicano.com,1,"mail/pod/threads/2004/71d071aad789-pod,_good_living.txt"
pod,"1f3a8135f0c1-come_one,_come_all",5451378176666.23.876192891@wham-yo287.heesun.net,1,"mail/pod/threads/2004/1f3a8135f0c1-come_one,_come_all.txt"
pod,2e59374553fd-enjoy-ment,9736p4hex468$23109346$agt01uy071@eldonb724cq73tl387gws,1,mail/pod/threads/2004/2e59374553fd-enjoy-ment.txt
pod,8e2f319aee2c-authoritative,lde132cw58-35202379593164893626-26162317030364@exasperater6,1,mail/pod/threads/2004/8e2f319aee2c-authoritative.txt
pod,03d2612e908b-%E5%90%84%E7%A7%8D%E7%89%B9%E8%89%B2%E7%9B%8A%E,2ed57594e83eed3034d819992ff2282e@no-id-found.mhonarc.org,1,mail/pod/threads/2004/03d2612e908b-%E5%90%84%E7%A7%8D%E7%89%B9%E8%89%B2%E7%9B%8A%E.txt
pod,759bed305f67-half_price_windows_xp_home,%messageid@kefta.com,1,mail/pod/threads/2004/759bed305f67-half_price_windows_xp_home.txt
pod,780c185c56ca-become_a_peeping_tom,jlcmrryzimimknlaoellgk@telkom.net,1,mail/pod/threads/2004/780c185c56ca-become_a_peeping_tom.txt
pod,de6989400a2e-you_can_say_goodbye_to_your_pajn%21_new_in_the_,827nd243o1$37lm4i5$75j185pvyl@velvetygk5127,1,mail/pod/threads/2004/de6989400a2e-you_can_say_goodbye_to_your_pajn%21_new_in_the_.txt
pod,8d054bc0f240-need_something%3F,dxjflloqahoto@rogers.com,1,mail/pod/threads/2004/8d054bc0f240-need_something%3F.txt
pod,"52b14c5dcf87-bi%60gger_l0ad_means_bi,gger_0%60rgasms_dzmliou",eddb01c47096$14ac2882$c2ed1275@tvm.tmfweb.nl,1,"mail/pod/threads/2004/52b14c5dcf87-bi%60gger_l0ad_means_bi,gger_0%60rgasms_dzmliou.txt"
pod,83a4fdc2e032-tearing_all_the_trees,000301c4700f$c3d0d500$92dbe12b@etfc,1,mail/pod/threads/2004/83a4fdc2e032-tearing_all_the_trees.txt
pod,"f007832f393c-buy_hy%3Adroc,odone,_1_day_sale",3b0d01c47063$29dc37da$e6edefbe@mod-alf.de,1,"mail/pod/threads/2004/f007832f393c-buy_hy%3Adroc,odone,_1_day_sale.txt"
pod,58c807574c90-germ,zlr944f18-0755766-9724389477938969105604872557171707@setscrew99,1,mail/pod/threads/2004/58c807574c90-germ.txt
pod,"b4a527d03b2a-hey,",0431216275.85192@24.171.131.96,1,"mail/pod/threads/2004/b4a527d03b2a-hey,.txt"
pod,413ced8d47a2-hi_bro-check_this_out%21,%messageid@toward.com,2,mail/pod/threads/2004/413ced8d47a2-hi_bro-check_this_out%21.txt
pod,5c05815d64c7-i_was_thinking%2E%2E,qhxvmmoehd6ncjn5g7ih@yahoo.com,1,mail/pod/threads/2004/5c05815d64c7-i_was_thinking%2E%2E.txt
pod,7ccc9588d496-staff_bulletin,t6l00m$u3psm--9-$w8$03-$rjm@t248.p60vm3w35,2,mail/pod/threads/2004/7ccc9588d496-staff_bulletin.txt
pod,"ab833e74c511-heyz,",tqpocxjughvxnistncjpgikat@mail15.com,3,"mail/pod/threads/2004/ab833e74c511-heyz,.txt"
pod,bb6396545f1d-many_passwords_to_teen_anal,1640820974.bqh0ltxydi6851349@busy75.carp22cnetech.com,1,mail/pod/threads/2004/bb6396545f1d-many_passwords_to_teen_anal.txt
pod,bcf732cd294d-no_subject,6fe71e91b17c097aa0b06c33f508204d@no-id-found.mhonarc.org,1,mail/pod/threads/2004/bcf732cd294d-no_subject.txt
pod,2c13dea92c6b-please_respond_using_ref_%23_85308180,02f5a25080f8ca15ec5d4484e0ef2b40@no-id-found.mhonarc.org,1,mail/pod/threads/2004/2c13dea92c6b-please_respond_using_ref_%23_85308180.txt
pod,"11da0975997e-cbs,trading_opportunity_-_ntvi",e732we69-9859445103473793889-97909128643401578@custody7,1,"mail/pod/threads/2004/11da0975997e-cbs,trading_opportunity_-_ntvi.txt"
pod,"7b3d6e9a8a4f-dis%2Ecounted_oem_microsoft,_adobe,_autodesk_so",267zu073xad74$059jr3fie5$72jw77y@furlongwn5513,1,"mail/pod/threads/2004/7b3d6e9a8a4f-dis%2Ecounted_oem_microsoft,_adobe,_autodesk_so.txt"
pod,e6ef60c6ceff-requested_life_insurance_information,pcvnirqhgazwpxvmtytjaa@msn.com,1,mail/pod/threads/2004/e6ef60c6ceff-requested_life_insurance_information.txt
pod,68d5d91c86ff-inexpensive_medicine_free_shipping_%60_zeslklbm,a71c01c47299$abdfa50e$ac6d5a94@stage-electrics.co.uk,1,mail/pod/threads/2004/68d5d91c86ff-inexpensive_medicine_free_shipping_%60_zeslklbm.txt
pod,1fe0bf1ea300-dont_be_fooled_backfill_nimh,dd2417ad04186cc378fca60a56d7dfea@no-id-found.mhonarc.org,1,mail/pod/threads/2004/1fe0bf1ea300-dont_be_fooled_backfill_nimh.txt
pod,f0968a90b296-mature_lesbians_rubbing_their_assholes,5057062521505.j1sqddip243@dunce605.amino33tothenet.com,1,mail/pod/threads/2004/f0968a90b296-mature_lesbians_rubbing_their_assholes.txt
pod,b37c53071bd9-%E4%BD%A0%E5%A5%BD%EF%BC%81,5c7495f7e87c151f7189d55240e9b98d@no-id-found.mhonarc.org,1,mail/pod/threads/2004/b37c53071bd9-%E4%BD%A0%E5%A5%BD%EF%BC%81.txt
pod,b3f78a224f60-cheep_meds_on_the_web_-_get_them_now_eagle,19610ni560b$81186053uqo110$664ykl48q30@averse,1,mail/pod/threads/2004/b3f78a224f60-cheep_meds_on_the_web_-_get_them_now_eagle.txt
pod,f5569642fb6a-get_well_today,191202464571436.0567q185845602pja@britneyclub.com,2,mail/pod/threads/2004/f5569642fb6a-get_well_today.txt
pod,0178f73cad2d-live_great,0188782.xw89nyuqtz168@tinfoil021.bloomington05bellsouth.net,4,mail/pod/threads/2004/0178f73cad2d-live_great.txt
pod,c6f10c5f9b65-feel_better,ws264fxb0-3394420457257-0961236994075075364642395891402@rust155,2,mail/pod/threads/2004/c6f10c5f9b65-feel_better.txt
pod,"6905a8d96a95-vicodin_for_sale,_no_prior_prescription_needed",shqvfublpr4yjxk1@bigfoot.com,1,"mail/pod/threads/2004/6905a8d96a95-vicodin_for_sale,_no_prior_prescription_needed.txt"
pod,cb933526177b-nigerian_national_petroleum_corporation,3eb61c5394e78be680da35c2aa763ad2@no-id-found.mhonarc.org,1,mail/pod/threads/2004/cb933526177b-nigerian_national_petroleum_corporation.txt
pod,2a6a3c102b98-bank,63800e32e1950c54b2f6e64a796837df@no-id-found.mhonarc.org,1,mail/pod/threads/2004/2a6a3c102b98-bank.txt
pod,2f755dc486d4-please_confirm_id%3A_64830,mspcka-37077718921412913678742@azqlpb,1,mail/pod/threads/2004/2f755dc486d4-please_confirm_id%3A_64830.txt
pod,761d187008b4-earphone,nsj59mta3-93349190045622383-33238105304032@apportion034,1,mail/pod/threads/2004/761d187008b4-earphone.txt
pod,"fb1b88a52d39-get_a_degree_from_home,_masters,_bachelors_or_p",vdyxxyigfstutsqlhdujrcem@inlandnet.com,1,"mail/pod/threads/2004/fb1b88a52d39-get_a_degree_from_home,_masters,_bachelors_or_p.txt"
pod,8fe13bcc9f97-why_would_you_barbudo_blackboard,11dc5466c4bc27ba9c79cede2ef7faf9@no-id-found.mhonarc.org,1,mail/pod/threads/2004/8fe13bcc9f97-why_would_you_barbudo_blackboard.txt
pod,"7195bc20b575-pre-qualify,_and_apply_for_home_%5Bloans%5D_and",tujivzezfsejriixqeamzzorq@orcon.net.nz,1,"mail/pod/threads/2004/7195bc20b575-pre-qualify,_and_apply_for_home_%5Bloans%5D_and.txt"
pod,bfb793e3b989-tired_of_paying_bills,56510q38qwzk$588802zv46$7750clh43ufr35@diffeomorphism,1,mail/pod/threads/2004/bfb793e3b989-tired_of_paying_bills.txt
pod,378831a51866-legal_operating_systems_for_half_the_price,%messageid@sunpoint.net,1,mail/pod/threads/2004/378831a51866-legal_operating_systems_for_half_the_price.txt
pod,a0b2c950a50f-real_man_looking_for_a_real_woman,26147667292623.212dxi76894qx@hotmail.com,1,mail/pod/threads/2004/a0b2c950a50f-real_man_looking_for_a_real_woman.txt
pod,1ce278e1fcd4-urgent_edition_of_wall_street_wire,40deb68d24954.812eb@pxzcnlrvqlm,1,mail/pod/threads/2004/1ce278e1fcd4-urgent_edition_of_wall_street_wire.txt
pod,833092fe8e03-no_prescription_needed,yyrgontwvkurpaz3@lycos.com,1,mail/pod/threads/2004/833092fe8e03-no_prescription_needed.txt
pod,d067e6f31077-gene,d7qck90-82121260975086-899166029390454@lord01,1,mail/pod/threads/2004/d067e6f31077-gene.txt
pod,3fca6676d425-feel_well,235ivj8b449$d247anx512uk53$409u87u666@ui720303341599,2,mail/pod/threads/2004/3fca6676d425-feel_well.txt
pod,67eaf215bade-july_updates,4086412682640.98060@222.110.39.19,1,mail/pod/threads/2004/67eaf215bade-july_updates.txt
pod,64a0257e6aca-good_living,eax6s477-601539519-56636244822748@lockwood09,2,mail/pod/threads/2004/64a0257e6aca-good_living.txt
pod,05e1c9702ad1-need_xanax%3F,qqfcbpmzn80qn@rogers.com,1,mail/pod/threads/2004/05e1c9702ad1-need_xanax%3F.txt
pod,20188998f525-this_has_worked_for_me_lullaby_pantheist,37a47ffc594408d9088b8f48d62a7f71@no-id-found.mhonarc.org,1,mail/pod/threads/2004/20188998f525-this_has_worked_for_me_lullaby_pantheist.txt
pod,287853d00885-take_control_of_your_difficulties%21,dlxcxmyryqrtpbqnffrtgtz@houston.rr.com,1,mail/pod/threads/2004/287853d00885-take_control_of_your_difficulties%21.txt
pod,24907177f360-she'll_be_sore_this_weekend%2E,vip8_sgs0-3985834270-1316677840-25-56135.3754268352@legatee8,1,mail/pod/threads/2004/24907177f360-she'll_be_sore_this_weekend%2E.txt
pod,bfef1ce64aac-the_economy_is_a_lot_better_now,7fa47a2db75200d9f83b8a931f0010cc@no-id-found.mhonarc.org,1,mail/pod/threads/2004/bfef1ce64aac-the_economy_is_a_lot_better_now.txt
pod,64ff7184fe79-the_new_revolution,364097430321.w0ofsli47507580@page4.sic51citation.com,1,mail/pod/threads/2004/64ff7184fe79-the_new_revolution.txt
pod,"a932a684802c-hello,",rhupmbbquexgwrewimidoz@activatormail.com,1,"mail/pod/threads/2004/a932a684802c-hello,.txt"
pod,4ac7b2fcc7db-upgrade_your_office_software_now,gclwjhywmysjfywexfxeruuo@inetworld.net,2,mail/pod/threads/2004/4ac7b2fcc7db-upgrade_your_office_software_now.txt
pod,d154a0900270-barnyard,ke201c4-899533549-4976497290195283576283@cloakroom53,1,mail/pod/threads/2004/d154a0900270-barnyard.txt
pod,"709d2f2c2779-debt_termination_info,_application",wehrjetigfhbzschquhv@bexhillcollege.co.uk,1,"mail/pod/threads/2004/709d2f2c2779-debt_termination_info,_application.txt"
pod,d124852cc2a2-no_pres%2Ecrip%2Etion_required,dkcrcw4jt6@lycos.com,1,mail/pod/threads/2004/d124852cc2a2-no_pres%2Ecrip%2Etion_required.txt
pod,99327aa52864-payment_received%3A_%24997062,38506700707$101316e$12081@capitoltrucks.com,1,mail/pod/threads/2004/99327aa52864-payment_received%3A_%24997062.txt
pod,29e94210cfa2-discipline,or301swm0-9879911351867738954-78216948704@whenever849,1,mail/pod/threads/2004/29e94210cfa2-discipline.txt
pod,"1d8af22060e6-xanax_for_sale,_no_prior_prescription_needed",siorvamwx6rz9lidw@ae.com,2,"mail/pod/threads/2004/1d8af22060e6-xanax_for_sale,_no_prior_prescription_needed.txt"
pod,"2d8989f45207-no_prescriptions_required,_free_overnight_shipp",mxhfxnldkfmiyv@rogers.com,1,"mail/pod/threads/2004/2d8989f45207-no_prescriptions_required,_free_overnight_shipp.txt"
pod,412f6190cb33-cc%3A_purchase_xanax_online_with_no_perscriptio,5de0f4d2a576f8f4e2c4971aae1cd71d@no-id-found.mhonarc.org,1,mail/pod/threads/2004/412f6190cb33-cc%3A_purchase_xanax_online_with_no_perscriptio.txt
pod,"f30b3110aa2c-no_prior_prescriptions_needed,_free_overnight_s",bvqdhsdzzbufn@highstream.com,1,"mail/pod/threads/2004/f30b3110aa2c-no_prior_prescriptions_needed,_free_overnight_s.txt"
pod,"ba271291684e-aug_2,_2004_report%3A_this_weeks_big_money_make",ehmlkcchcmjecchdgoonebmdcjaa.murraylopeztz@antisociale.it,1,"mail/pod/threads/2004/ba271291684e-aug_2,_2004_report%3A_this_weeks_big_money_make.txt"
pod,86227fb3fb04-need_painkillers_or_anything_else%3F,casoodrpepojlzst@charter.net,1,mail/pod/threads/2004/86227fb3fb04-need_painkillers_or_anything_else%3F.txt
pod,b02d8a481f96-sent%3A%24745863_cash,0fcd6da9b4a7c0dcc1c1351d3c7e667a@no-id-found.mhonarc.org,1,mail/pod/threads/2004/b02d8a481f96-sent%3A%24745863_cash.txt
pod,5a8ec0fe32b5-you_need_this%21_rpvn7,ac79ce714fd1210718b3594dd6f2eb4b@no-id-found.mhonarc.org,2,mail/pod/threads/2004/5a8ec0fe32b5-you_need_this%21_rpvn7.txt
pod,36020ada683b-wholesale_prices_on_c%2Aialis_ssshszyoyjhq,a71c01c478d7$47d3c72b$d02514d7@cimex.nl,1,mail/pod/threads/2004/36020ada683b-wholesale_prices_on_c%2Aialis_ssshszyoyjhq.txt
pod,e9232feb8d8c-no_waiting_rooms_for_meds%21,hoceeuhtobadurnokxptvxhsf@msn.com,1,mail/pod/threads/2004/e9232feb8d8c-no_waiting_rooms_for_meds%21.txt
pod,c4c21427f324-contaminant,f854u6-3456224293-335993179738343@juxtapose422,1,mail/pod/threads/2004/c4c21427f324-contaminant.txt
pod,9fdf28b7e663-attention%2E_we_owe_you_money,77759$02436fw$0445@pad.egmont.com,1,mail/pod/threads/2004/9fdf28b7e663-attention%2E_we_owe_you_money.txt
pod,6962c0ab901e-payment_n650359829,72100984603128770.464158@dobbin,1,mail/pod/threads/2004/6962c0ab901e-payment_n650359829.txt
pod,56788e77edf6-meds_meds_meds_meds_meds_meds,iisbrzagrkgf6@charterpa.net,1,mail/pod/threads/2004/56788e77edf6-meds_meds_meds_meds_meds_meds.txt
pod,"77f4ec169189-dis%2Ecounted_oem_microsoft,_adobe,_autodesk_so",117whi2t3$512fhb9ap7$758kl105b@sloveniaditherbipartisant755,1,"mail/pod/threads/2004/77f4ec169189-dis%2Ecounted_oem_microsoft,_adobe,_autodesk_so.txt"
pod,7ca91181bf57-%E4%BB%85%E4%BE%9B%E5%AF%B9%E7%BD%91%E7%BB%9C%E,eb745ec734c6db10293e305cf7f9a63e@no-id-found.mhonarc.org,2,mail/pod/threads/2004/7ca91181bf57-%E4%BB%85%E4%BE%9B%E5%AF%B9%E7%BD%91%E7%BB%9C%E.txt
pod,4a9f3c15d34a-you'll_need_your_tracking_%23_r4_332242,9f8730f09679067ff33241610c6c5f51@no-id-found.mhonarc.org,2,mail/pod/threads/2004/4a9f3c15d34a-you'll_need_your_tracking_%23_r4_332242.txt
pod,57c5b18aac2d-do_not_hasitate%21_clajm_your_soft_-_greet_prjc,991429221890461646.60689z122962lvb@fuse.net,1,mail/pod/threads/2004/57c5b18aac2d-do_not_hasitate%21_clajm_your_soft_-_greet_prjc.txt
pod,7e95f47c924b-your_request,sdmxzjeg-rurivmr84954868770455771749747@ljqlwhs,1,mail/pod/threads/2004/7e95f47c924b-your_request.txt
pod,888f5a59e413-foible,v28gru356-1371714181506989-983492598410965607433@conversant404,1,mail/pod/threads/2004/888f5a59e413-foible.txt
pod,"a0b48681ea87-no_prior_prescription_needed,_free_overnight_sh",cwudumehzmjdt@bigfoot.com,1,"mail/pod/threads/2004/a0b48681ea87-no_prior_prescription_needed,_free_overnight_sh.txt"
pod,8f29b1660785-application_inquiry_from_adams,meqoqfs-3784662734502420955198@dxnpp,1,mail/pod/threads/2004/8f29b1660785-application_inquiry_from_adams.txt
pod,"135ac693cea2-prescription_inexpen%3Bsive_killers,_free_shipp",3c6901c47c3e$016e3598$f26df848@stalker.kiev.ua,1,"mail/pod/threads/2004/135ac693cea2-prescription_inexpen%3Bsive_killers,_free_shipp.txt"
pod,f7c8fc0184b7-microsoft_windows_2000_pro_%2450,%messageid@ri,2,mail/pod/threads/2004/f7c8fc0184b7-microsoft_windows_2000_pro_%2450.txt
pod,695978cce685-we_have_%24842916_waiting_for_you,5458032$8187xbu$95@alltel.net,1,mail/pod/threads/2004/695978cce685-we_have_%24842916_waiting_for_you.txt
pod,30a01288844d-as_seen_in_national_enquirer%2E%2Ebuy_online%2E,<15333rnd_lc_char,1,mail/pod/threads/2004/30a01288844d-as_seen_in_national_enquirer%2E%2Ebuy_online%2E.txt
pod,528a0bebd035-your_sex_schedual,aqysxkeqiiibmxsayvcmylw@net999.com,1,mail/pod/threads/2004/528a0bebd035-your_sex_schedual.txt
pod,b8aa8c55b371-ms_-_corel_-_adobe_at_throw%2Eaway_whole%2Esale,67010k9254dhiky$1634jsy8$293yky633edk5@orthoclase,1,mail/pod/threads/2004/b8aa8c55b371-ms_-_corel_-_adobe_at_throw%2Eaway_whole%2Esale.txt
pod,b26724cb8e27-no_more_doctor_to_get_your_pharmys,kdicmpgggjinieoihcnomlfccfab.mackeyvt@anu.andong.ac.kr,1,mail/pod/threads/2004/b26724cb8e27-no_more_doctor_to_get_your_pharmys.txt
pod,6c562dfafa21-no_pres%2Ecrip%2Etions_needed,nnhackjbryzn@yahoo.com,1,mail/pod/threads/2004/6c562dfafa21-no_pres%2Ecrip%2Etions_needed.txt
pod,83c31978f6aa-aphasic,jfh1ity5-14010418291-232191818337050848@davies23,1,mail/pod/threads/2004/83c31978f6aa-aphasic.txt
pod,0176d2206460-make_the_most_of_yor_home,lfcfmkcvvxecilgnweroe@toughguy.net,2,mail/pod/threads/2004/0176d2206460-make_the_most_of_yor_home.txt
pod,5bcaf70dc54b-re%3B_billing_info_needed_for_o%2Erder_zwqndjbs,446101c47d9b$f139de70$102aad7e@cils.bt.co.uk,1,mail/pod/threads/2004/5bcaf70dc54b-re%3B_billing_info_needed_for_o%2Erder_zwqndjbs.txt
pod,cde5f8d522ea-no_subject,8055072982.88269@twonrzx,1,mail/pod/threads/2004/cde5f8d522ea-no_subject.txt
pod,a7a5bfadd5b7-0-home_loans_as_low_as_2%2E95%25,5a2b01c47d24$88b6e1d9$41e335e6@standen.co.uk,1,mail/pod/threads/2004/a7a5bfadd5b7-0-home_loans_as_low_as_2%2E95%25.txt
pod,d98bc1ed43ca-this_is_the_best_fancy_stygian,5714c03c21ef653558665fc9c791561c@no-id-found.mhonarc.org,1,mail/pod/threads/2004/d98bc1ed43ca-this_is_the_best_fancy_stygian.txt
pod,bc6cf8394732-buy_pills_cheap_online%21,vmoabshdtwe3ihl@ae.com,1,mail/pod/threads/2004/bc6cf8394732-buy_pills_cheap_online%21.txt
pod,e3eb076d49f6-%22forgave%22,595291s562h7866i84j0450r2x1958@hotmail.com,1,mail/pod/threads/2004/e3eb076d49f6-%22forgave%22.txt
pod,da005c2aa430-deposition,svn745pw4-14627-544171772361771346399272997101@begun572,1,mail/pod/threads/2004/da005c2aa430-deposition.txt
pod,7557155b89aa-0-home_loans_as_low_as_2%2E98%25,317101c47e68$45507655$48a76e32@twc.edu,1,mail/pod/threads/2004/7557155b89aa-0-home_loans_as_low_as_2%2E98%25.txt
pod,2d88dd3471b8-order_inquiry,000301c47e1c$f9214df0$d206af0a@kloc,1,mail/pod/threads/2004/2d88dd3471b8-order_inquiry.txt
pod,a064e7925efa-when_are_you_ready_algol_condone,94096bd5e1b318e2b612eef2256958ec@no-id-found.mhonarc.org,1,mail/pod/threads/2004/a064e7925efa-when_are_you_ready_algol_condone.txt
pod,a9557fd6daa7-please_respond_using_ref_%23_75461962,c7fb4f5c92891eceed23733ca3ba2ca1@no-id-found.mhonarc.org,1,mail/pod/threads/2004/a9557fd6daa7-please_respond_using_ref_%23_75461962.txt
pod,cc170b43b215-no_subject,gdqirpadrixpvrcglcp@digitalkingdom.org,1,mail/pod/threads/2004/cc170b43b215-no_subject.txt
pod,c20ed0aa0c48-order_now_for_free_shipping_on_all_watches%21_h,xsebtreivlgnvnhwqbzbjibnn@yahoo.com,1,mail/pod/threads/2004/c20ed0aa0c48-order_now_for_free_shipping_on_all_watches%21_h.txt
pod,"2d8afbeda562-we_gut_it_for_cheep,_if_you_need_mads%21_coome_",1676193.98070.786765@all-x9.linkline.com,1,"mail/pod/threads/2004/2d8afbeda562-we_gut_it_for_cheep,_if_you_need_mads%21_coome_.txt"
pod,80ade402c449-forum,8816047058.n7cvxsqdxha37008@mushroom19.fitzgerald91indiatimes.com,1,mail/pod/threads/2004/80ade402c449-forum.txt
pod,201b8906286a-get_those_inches_budgetary_version,bd7b9d5e21a86f46a8302df0c40444cc@no-id-found.mhonarc.org,1,mail/pod/threads/2004/201b8906286a-get_those_inches_budgetary_version.txt
pod,b90c8474d22c-joy_shock,68981492507.02559@219.249.255.170,1,mail/pod/threads/2004/b90c8474d22c-joy_shock.txt
pod,0367c6504677-i_love_your_friends,6a8112ae23e5cf8e529431b04372c618@no-id-found.mhonarc.org,1,mail/pod/threads/2004/0367c6504677-i_love_your_friends.txt
pod,9c612297454d-medical_news,mgbhkqxyyixrufupsudd@incamail.com,1,mail/pod/threads/2004/9c612297454d-medical_news.txt
pod,dab5b2b88824-learn_how_to_fight_record_gas_prices_-_attainde,94950qzz956jm11$luy13fo1la37$131m02io90@tty199981,1,mail/pod/threads/2004/dab5b2b88824-learn_how_to_fight_record_gas_prices_-_attainde.txt
pod,"c9549116751a-%7Eyou_b%7Eett,er_bel%2Eieve_,it",fae401c48016$0ae4ab77$ebef3038@moewen-apotheke-wiesbaden.de,1,"mail/pod/threads/2004/c9549116751a-%7Eyou_b%7Eett,er_bel%2Eieve_,it.txt"
pod,572a2d5cb402-what_could_you_accomplish_with_a_deggree%3F,ebafydrwhpixrcfwhunqritim@adrv.de,1,mail/pod/threads/2004/572a2d5cb402-what_could_you_accomplish_with_a_deggree%3F.txt
pod,c494744d29fc-payment_n62792032,jyc042ls548-2242804229964551947-1834650797953252134788@cryogenic8,1,mail/pod/threads/2004/c494744d29fc-payment_n62792032.txt
pod,ac0d155e83a9-need_better_gas_milage_-_z_919_t,10410ujlly05312bcmco$1478791bxw304$83963zz2nrn0@buteo,1,mail/pod/threads/2004/ac0d155e83a9-need_better_gas_milage_-_z_919_t.txt
pod,dc03247f3cad-appointment_on_sunday_at_04-00,kmwpqwcwzzuogflqrjjzhmsn@saigon.net,1,mail/pod/threads/2004/dc03247f3cad-appointment_on_sunday_at_04-00.txt
pod,eb50abb08e1b-cheaper_than_chiton_astigmatic,6643813690.87.9905@impedance56-op5.netscape.com,1,mail/pod/threads/2004/eb50abb08e1b-cheaper_than_chiton_astigmatic.txt
pod,41207d814698-if_you_ever_need_anyone_to_talk_to,fijmibzeag@rogers.com,1,mail/pod/threads/2004/41207d814698-if_you_ever_need_anyone_to_talk_to.txt
pod,6a3f295c04a5-rate%3A_%2459390,8b13bdbfdaf56802ae7c9ddb4881b184@no-id-found.mhonarc.org,1,mail/pod/threads/2004/6a3f295c04a5-rate%3A_%2459390.txt
pod,f4e5f832b781-the_simple_plan_worked_fontaine_amiss,24f5132796bbbf48a64713ee9c6bc9d9@no-id-found.mhonarc.org,1,mail/pod/threads/2004/f4e5f832b781-the_simple_plan_worked_fontaine_amiss.txt
pod,4e0d27a6193f-code_%23_db8265,8d10e0604340b66d416855aa513b8da9@no-id-found.mhonarc.org,1,mail/pod/threads/2004/4e0d27a6193f-code_%23_db8265.txt
pod,297915d47a68-no_prior_pres%2Ecrip%2Etion_needed,cyucnsiqkqy@yahoo.com,1,mail/pod/threads/2004/297915d47a68-no_prior_pres%2Ecrip%2Etion_needed.txt
pod,c783b080b773-reduce_monthly-payments,law0-u06ammxwccec0s651087h1@hotmail.com,2,mail/pod/threads/2004/c783b080b773-reduce_monthly-payments.txt
pod,b09fbb01d1ce-be_healthy,784404q9qgg5$qg2x6o45$0713b0g6@aw444176257104,3,mail/pod/threads/2004/b09fbb01d1ce-be_healthy.txt
pod,06f7af3fa2a4-appointment_on_friday_at_20-00,1658185.foy8uszgyx02240857@fill136.wichita42glormhaigheo.com,1,mail/pod/threads/2004/06f7af3fa2a4-appointment_on_friday_at_20-00.txt
pod,3c47a4695646-appointment_on_saturday_at_23-00,327457263041.ee7341@hotbot.com,2,mail/pod/threads/2004/3c47a4695646-appointment_on_saturday_at_23-00.txt
pod,05dcb25e4d9d-get_in_contact_with_me,stfooqq3eh@charterpa.net,1,mail/pod/threads/2004/05dcb25e4d9d-get_in_contact_with_me.txt
pod,60dd08066a59-office_xp_professional_%2460,98816038.u171728@1sthost.net,2,mail/pod/threads/2004/60dd08066a59-office_xp_professional_%2460.txt
pod,d7444fc0ebc7-its_illegal_to_use_hacked_microsoft_office,aamrwosjmmoyswwdwewpqnwfj@apmail.com,1,mail/pod/threads/2004/d7444fc0ebc7-its_illegal_to_use_hacked_microsoft_office.txt
pod,aa9edcbb5461-slanderous,22324087917.bbi17dfriylezn7000@steak67.bilingual61land.ru,1,mail/pod/threads/2004/aa9edcbb5461-slanderous.txt
pod,7579473db7af-application_processed,000301c48133$ccea9f60$e90f9462@gxqakdrvwpu,1,mail/pod/threads/2004/7579473db7af-application_processed.txt
pod,0f061d8bdfc8-no_pres%2Ecrip%2Etions_required,wavhparocsbo@hotmail.com,3,mail/pod/threads/2004/0f061d8bdfc8-no_pres%2Ecrip%2Etions_required.txt
pod,43395022108b-feel_the_strength%21,25168.kj033878@ewa.net,1,mail/pod/threads/2004/43395022108b-feel_the_strength%21.txt
pod,36879454a236-appointment_on_monday_at_11-00,77934879768950.86516.53171444@sunlight-c35.aol.com,1,mail/pod/threads/2004/36879454a236-appointment_on_monday_at_11-00.txt
pod,7fedaf3236dc-19-refinance_today-_as_low_as_2%2E91%25,0d2a01c4818f$429811ff$cc9a416c@home20.inet.tele.dk,1,mail/pod/threads/2004/7fedaf3236dc-19-refinance_today-_as_low_as_2%2E91%25.txt
pod,5c960afe8920-look_here_to_find_out_roulette_arrogant,00a4ea92c9f5e42ce569df3dd80616d3@no-id-found.mhonarc.org,1,mail/pod/threads/2004/5c960afe8920-look_here_to_find_out_roulette_arrogant.txt
pod,18cec12f3509-take_a_risk_now%21,684944a8dexe$2388z6k3$6077z7l0@illustrious,1,mail/pod/threads/2004/18cec12f3509-take_a_risk_now%21.txt
pod,1385c8493995-wow,gsiofeiw3oytdibo@charterpa.net,1,mail/pod/threads/2004/1385c8493995-wow.txt
pod,e5dabeca9e34-cheep_prjces_cheep_mads%21_we_got_what_you_nead,262754758910.4ogty5yx@email.msn.com,1,mail/pod/threads/2004/e5dabeca9e34-cheep_prjces_cheep_mads%21_we_got_what_you_nead.txt
pod,4933c0b3509e-sanction,593772659654.mj499kzaor19661183@crewman3.smug95e-mail.ru,1,mail/pod/threads/2004/4933c0b3509e-sanction.txt
pod,6e2dead92470-live_better,298468339587.g0kzkvt47798516@cleanup6.tonight31port.com,3,mail/pod/threads/2004/6e2dead92470-live_better.txt
pod,2597e1037b6f-it's_true,716434447607.68899@219.97.94.209,1,mail/pod/threads/2004/2597e1037b6f-it's_true.txt
pod,"27dc92e4f334-buy_cia'lis,_1_day_s'ale",ff3c01c48242$5261705a$4645fb40@koys.de,1,"mail/pod/threads/2004/27dc92e4f334-buy_cia'lis,_1_day_s'ale.txt"
pod,30b7310d445e-payment_n70721687,9867603713305913.26.9111851164@connubial-zgs232.mtdsolutions.com,1,mail/pod/threads/2004/30b7310d445e-payment_n70721687.txt
pod,59b97f2f8403-appliance,54136238548.uo456niciua668717@demystify1.acts77berlin.de,1,mail/pod/threads/2004/59b97f2f8403-appliance.txt
pod,49b6d2e1365c-get_well_soon,102092k2ruc1$tb4c6c06$2026m1w4@ra069981556020,2,mail/pod/threads/2004/49b6d2e1365c-get_well_soon.txt
pod,212d9c44d2c9-what_are_you_missing_dactylic_collie,a9c2b43fb515b587384f94f8c933ec54@no-id-found.mhonarc.org,1,mail/pod/threads/2004/212d9c44d2c9-what_are_you_missing_dactylic_collie.txt
pod,0cd4f47f7ca7-we_owe_you_%24739441,a31a3e75a008227615bbbe15b69f6ea7@no-id-found.mhonarc.org,2,mail/pod/threads/2004/0cd4f47f7ca7-we_owe_you_%24739441.txt
pod,eaf04dcf55a9-can_you_last_36_hours_e%7Cr%7Ce%7Cc%7Ct%7Ci%7Co,eca5bf076c5884765a25f4a3a21efee1@no-id-found.mhonarc.org,1,mail/pod/threads/2004/eaf04dcf55a9-can_you_last_36_hours_e%7Cr%7Ce%7Cc%7Ct%7Ci%7Co.txt
pod,"188a7f9c4fed-patent-leather_shoes,_rolled_out",qnxsdyv-smkvyrqdz00508725344382885106601@chinesemail.org,1,"mail/pod/threads/2004/188a7f9c4fed-patent-leather_shoes,_rolled_out.txt"
pod,d618505ccbed-works_like_a_charm,7737191960.37637@82.66.238.15,1,mail/pod/threads/2004/d618505ccbed-works_like_a_charm.txt
pod,8ceb38ca0a54-new_message%21,lbbstlxcp9mwe@bigfoot.com,2,mail/pod/threads/2004/8ceb38ca0a54-new_message%21.txt
pod,e10fb9024e49-your_meeting_at_22-00,3074g9ten26$q81x095on37$620wc163oic4@v6758652223087,1,mail/pod/threads/2004/e10fb9024e49-your_meeting_at_22-00.txt
pod,"b1a8f2f6cfcc-need_vlc,0dln%3F_plus_many_others%3F",hwwthn@hotmail.com,1,"mail/pod/threads/2004/b1a8f2f6cfcc-need_vlc,0dln%3F_plus_many_others%3F.txt"
pod,c684e1573515-dumb_blonde,57883410927.21595@82.227.230.17,1,mail/pod/threads/2004/c684e1573515-dumb_blonde.txt
pod,3ca669b57e44-'you_b%2Eett%2Eer_bel'ieve_%60it,e9bb01c4832a$8d8bc052$9130d2fc@experimentarium.dk,1,mail/pod/threads/2004/3ca669b57e44-'you_b%2Eett%2Eer_bel'ieve_%60it.txt
pod,83759e68aad4-legal_operating_systems_clearance,%messageid@discover.net,1,mail/pod/threads/2004/83759e68aad4-legal_operating_systems_clearance.txt
pod,"9705359fb5b5-vlc,0dln_for_sale,_no_prior_pres%2Ecrip%2Etion_",ctdujya@yahoo.com,1,"mail/pod/threads/2004/9705359fb5b5-vlc,0dln_for_sale,_no_prior_pres%2Ecrip%2Etion_.txt"
pod,b196327874d6-free_elimating_spyware_scan,jjtkgojkjmgywednvhlhw@spwenxs.info,1,mail/pod/threads/2004/b196327874d6-free_elimating_spyware_scan.txt
pod,f7227b61d89d-my_nights_are_better_rube_pitchblende,d24b7c3e566f4cea56e90a9c3df974ce@no-id-found.mhonarc.org,1,mail/pod/threads/2004/f7227b61d89d-my_nights_are_better_rube_pitchblende.txt
pod,52377fcf7164-the_news_is_good_on_the_economy,dym6_nwv8-8372246892-0165231940-67-76677.6220946616@tetrahedron4,1,mail/pod/threads/2004/52377fcf7164-the_news_is_good_on_the_economy.txt
pod,b1789cd28666-home_is_where_the_heart_is,vyoobakgtdhhflmlvtyus@wartaponsel.com,1,mail/pod/threads/2004/b1789cd28666-home_is_where_the_heart_is.txt
pod,df26caeeebca-private_and_confidential_meds%21,prxcpxjxpuhldkmlrztofqhh@yahoo.com,1,mail/pod/threads/2004/df26caeeebca-private_and_confidential_meds%21.txt
pod,f89b3ea61382-payment_n6806522,9884193629710402.337066@attend,1,mail/pod/threads/2004/f89b3ea61382-payment_n6806522.txt
pod,d3662448449f-windows_xp_professional_update,%messageid@wbdet.com,1,mail/pod/threads/2004/d3662448449f-windows_xp_professional_update.txt
pod,7490c279c306-refinance-now_even_with_bad-credit,yqpmiwpamwhnywaxhvbuvkcd@fannclub.com,1,mail/pod/threads/2004/7490c279c306-refinance-now_even_with_bad-credit.txt
pod,a4770ef99d64-your_appointment_is_next_month,uiepfuaqllbwrzevjfbxbxj@everyday.com,1,mail/pod/threads/2004/a4770ef99d64-your_appointment_is_next_month.txt
pod,e222e5b38105-how_about_a_new_career%3F_get_a_university_degr,%messageid@postaweb.com,1,mail/pod/threads/2004/e222e5b38105-how_about_a_new_career%3F_get_a_university_degr.txt
pod,c35667ab2a95-fulllish_blonde,vopoksutzgnuvdoagdbbfxkeq@mailfreeway.com,2,mail/pod/threads/2004/c35667ab2a95-fulllish_blonde.txt
pod,3ab1ff01764a-pod,qttfhbtp5gmqa@bigfoot.com,1,mail/pod/threads/2004/3ab1ff01764a-pod.txt
pod,d88298a55c36-office_xp_for_%2450_dollars_inquisitor,9c22d02714e83f8b56f38a0bf5b17b6b@no-id-found.mhonarc.org,1,mail/pod/threads/2004/d88298a55c36-office_xp_for_%2450_dollars_inquisitor.txt
pod,c4218ef2f209-no_subject,58495ab09cbffbb0e10f68c53b6c9fa1@no-id-found.mhonarc.org,1,mail/pod/threads/2004/c4218ef2f209-no_subject.txt
pod,0188c44b6bd2-buzzard_8433_cigars,vbohgkimkd@louise,1,mail/pod/threads/2004/0188c44b6bd2-buzzard_8433_cigars.txt
pod,"1e33ded8673a-b%60uy_hydrocodone_online,_lortab,_hy'droc,odon",c61501c48456$af2f7ed5$245b5793@koys.de,1,"mail/pod/threads/2004/1e33ded8673a-b%60uy_hydrocodone_online,_lortab,_hy'droc,odon.txt"
pod,2b0c6ec322d5-buy_office_xp_for_fifty_bucks_climate,50e1bfdb1031ff096e6521086b4625e4@no-id-found.mhonarc.org,1,mail/pod/threads/2004/2b0c6ec322d5-buy_office_xp_for_fifty_bucks_climate.txt
pod,493e98e801ba-cheap_oem_soft_shipping_worldwide,07bb73f894a2c12e88ccfbfd6c90e78c@no-id-found.mhonarc.org,1,mail/pod/threads/2004/493e98e801ba-cheap_oem_soft_shipping_worldwide.txt
pod,f244cf221774-your_pre_order,gisalqgt3ucpg@charterpa.net,1,mail/pod/threads/2004/f244cf221774-your_pre_order.txt
pod,af9f6e0489ac-appointment_on_saturday_at_17-00,649131u5z760$17941618$wu2y5428@esperanzab50a4ajr5k,1,mail/pod/threads/2004/af9f6e0489ac-appointment_on_saturday_at_17-00.txt
pod,2012d5d6df1c-code_%23_yy5726,b1278395b84a61461f72b44070ac5fb2@no-id-found.mhonarc.org,1,mail/pod/threads/2004/2012d5d6df1c-code_%23_yy5726.txt
pod,db4e8927a67e-requested_info,uyabxldffyhbofigbd5e@ae.com,1,mail/pod/threads/2004/db4e8927a67e-requested_info.txt
pod,1767e4789931-heathly_living,vevmvhqjsnrggytaeksjgytpc@leehom.net,2,mail/pod/threads/2004/1767e4789931-heathly_living.txt
pod,8e2c2368af7a-%C3%B0%C3%ACs%C3%A7%C3%B2%C3%BAnt%C3%A9d_%C3%A0,28049336.789.5867@disaccharide-aco859.snet.net,1,mail/pod/threads/2004/8e2c2368af7a-%C3%B0%C3%ACs%C3%A7%C3%B2%C3%BAnt%C3%A9d_%C3%A0.txt
pod,16d595405f83-just_as_i_thought_airdrop_eke,ff876d4c93ce7e92c2171583e925f0b3@no-id-found.mhonarc.org,1,mail/pod/threads/2004/16d595405f83-just_as_i_thought_airdrop_eke.txt
pod,d43c3b6d9562-%28no_subject%29,nsirpygmy5lefl3@juno.com,1,mail/pod/threads/2004/d43c3b6d9562-%28no_subject%29.txt
pod,c169b72b85f2-hyd%2Erocod'one_pre%2Escriptions,114e01c4854d$86cafeeb$a54cb140@star.biglobe.ne.jp,1,mail/pod/threads/2004/c169b72b85f2-hyd%2Erocod'one_pre%2Escriptions.txt
pod,"6abcb8f93fff-perfectly,'_stravinsky_replied_seriously",000301c48564$e8ea9cd0$39c507ca@wxwwsqdz,1,"mail/pod/threads/2004/6abcb8f93fff-perfectly,'_stravinsky_replied_seriously.txt"
pod,118f71f27d55-spice_it_up,558065587264.n2ajkea86375859@lexicon6.goldeneye39pubescent.com,1,mail/pod/threads/2004/118f71f27d55-spice_it_up.txt
pod,adb4f5fb528e-medal_ranks,067637055742.81731@220.79.103.185,1,mail/pod/threads/2004/adb4f5fb528e-medal_ranks.txt
pod,a4e289d05c1b-insider_secrets_in_real_estate_investing,qaorjljcilknrockminzbl@msn.com,1,mail/pod/threads/2004/a4e289d05c1b-insider_secrets_in_real_estate_investing.txt
pod,"48677cb7a56a-dance,hot_investment_issue_csbi_-_ford_and_shel",ga1jkphebzd@ribonucleic,1,"mail/pod/threads/2004/48677cb7a56a-dance,hot_investment_issue_csbi_-_ford_and_shel.txt"
pod,811a444a7626-appointment_on_monday_at_09-00,znwyezvtowdxihxgzsmesv@asean.com,1,mail/pod/threads/2004/811a444a7626-appointment_on_monday_at_09-00.txt
pod,27fc76e7fac8-usa_%232_in_olympic_games,dmkwzmmldnrofzhdhcdi@hurting.com,1,mail/pod/threads/2004/27fc76e7fac8-usa_%232_in_olympic_games.txt
pod,"063d0b623fdb-pain_relievers_hy'droc'odone_hy,droc%60odone_lo",982b01c48679$210d6623$d4043fb8@stanard.biz,1,"mail/pod/threads/2004/063d0b623fdb-pain_relievers_hy'droc'odone_hy,droc%60odone_lo.txt"
pod,"bd2c6f0af677-47-refinance,_debt_consolidation_as_low_as_2%2E",af5201c48611$aca7cd2f$223fb0ba@stans.nl,1,"mail/pod/threads/2004/bd2c6f0af677-47-refinance,_debt_consolidation_as_low_as_2%2E.txt"
pod,e7b8378c39bf-rocki_qv0zv7_says_hello_%2Amuah%2A,akvdoithkvuj@rogers.com,1,mail/pod/threads/2004/e7b8378c39bf-rocki_qv0zv7_says_hello_%2Amuah%2A.txt
pod,45d8c69bbd63-nid_the_cheepast_mads_on_wab%3F_we_gut_them%21_,basal475-mz1znaetdscf89uh7ej280@netzero.net,1,mail/pod/threads/2004/45d8c69bbd63-nid_the_cheepast_mads_on_wab%3F_we_gut_them%21_.txt
pod,86ac6a9685af-she_wants_you_to_be%2E%2E_f's_when,"""aisle cosine match eerily mycenaean""",1,mail/pod/threads/2004/86ac6a9685af-she_wants_you_to_be%2E%2E_f's_when.txt
pod,50d18c2dbae5-microsoft_office_xp_pro_software_sale_60%24,bnsqhkipfxferemyveqfp@x-networks.net,1,mail/pod/threads/2004/50d18c2dbae5-microsoft_office_xp_pro_software_sale_60%24.txt
pod,af41d9932932-we_received_your_signup_information_id%3A_47661,000301c4865e$6e4a56f0$569777c2@imfnvuh,1,mail/pod/threads/2004/af41d9932932-we_received_your_signup_information_id%3A_47661.txt
pod,2b6859a31404-code_%23_el2011,ca4c87468f298c17ba9d4bcb4d53c376@no-id-found.mhonarc.org,1,mail/pod/threads/2004/2b6859a31404-code_%23_el2011.txt
pod,3f10b1379aa7-meeting_tommorow_at_07-00,7455h0j5$l536jd7anv12$8c263x961@i8634028,1,mail/pod/threads/2004/3f10b1379aa7-meeting_tommorow_at_07-00.txt
pod,f725ef075b50-quit_smoking_in_seven_days,inqiydhkpclnffptmmgamjre@pressbox.co.uk,1,mail/pod/threads/2004/f725ef075b50-quit_smoking_in_seven_days.txt
pod,be2a4c92db67-joke_inside,600053150652.95936@83.155.28.212,1,mail/pod/threads/2004/be2a4c92db67-joke_inside.txt
pod,8ee6300768a4-appointment_reminder,%messageid@gwapo.com,1,mail/pod/threads/2004/8ee6300768a4-appointment_reminder.txt
pod,1497c1f3cf7b-dont_ignore_your_girlfriend%21,25950868904114.16021.68117679@ceramic-k35.aol.com,1,mail/pod/threads/2004/1497c1f3cf7b-dont_ignore_your_girlfriend%21.txt
pod,2bea83efec97-live_well,ajbctrwcbkrillryeurwgbpg@check1check.com,3,mail/pod/threads/2004/2bea83efec97-live_well.txt
pod,40dbf93e0fa7-medals_ranking,7801590582679.59639@66.63.104.227,1,mail/pod/threads/2004/40dbf93e0fa7-medals_ranking.txt
pod,a3da63f3c8c5-your_requested_info,orsdrleafgklwi@ae.com,1,mail/pod/threads/2004/a3da63f3c8c5-your_requested_info.txt
pod,"37df96a0f17b-dis%2Ecounted_oem_microsoft,_adobe,_autodesk_so",bolivia462-emg4ddxjfebdfd3p2g692@excite.com,1,"mail/pod/threads/2004/37df96a0f17b-dis%2Ecounted_oem_microsoft,_adobe,_autodesk_so.txt"
pod,2da5428e6608-no_subject,<p[20,1,mail/pod/threads/2004/2da5428e6608-no_subject.txt
pod,32c73a0edf26-olympic_ranking,04023834938.93749@4.26.98.24,1,mail/pod/threads/2004/32c73a0edf26-olympic_ranking.txt
pod,5f61aaf0a5f4-line_dancer_4_trombones,lrmqq3olewwr3v@sohu.net,1,mail/pod/threads/2004/5f61aaf0a5f4-line_dancer_4_trombones.txt
pod,bb0f841716a3-whats_up_pod%3F,wyakaqwtfa9lryk@highstream.com,1,mail/pod/threads/2004/bb0f841716a3-whats_up_pod%3F.txt
pod,19035fb5955e-meeting_thursday_at_16-00,%messageid@unomail.com,1,mail/pod/threads/2004/19035fb5955e-meeting_thursday_at_16-00.txt
pod,5aa0fa85c1b3-got_plans_next_week%3F,587301932467.01588@24.91.141.144,1,mail/pod/threads/2004/5aa0fa85c1b3-got_plans_next_week%3F.txt
pod,e76ff3e30f33-does_your_boyfriend_wants_you_to_masturbate%21,ngh3_okn9-7328485471-5496281466-73-57671.5829463022@roundoff0,1,mail/pod/threads/2004/e76ff3e30f33-does_your_boyfriend_wants_you_to_masturbate%21.txt
pod,4f6969fb6dbe-get_a_real_diploma_with_your_work_experiance,5687989158143.b342kwniur04131@cooke863.philosoph45k-online.com,1,mail/pod/threads/2004/4f6969fb6dbe-get_a_real_diploma_with_your_work_experiance.txt
pod,c2b1321a42f5-trip_into_fall,1591636600608.89464@217.88.144.156,1,mail/pod/threads/2004/c2b1321a42f5-trip_into_fall.txt
pod,a116b109e31b-i_couldnt_believe_it_dogbane_sneaky,473448493d2d24e58f0e1e2a96e8a332@no-id-found.mhonarc.org,1,mail/pod/threads/2004/a116b109e31b-i_couldnt_believe_it_dogbane_sneaky.txt
pod,5263d586f176-re%5B12%5D,a9f33788bd1c98a072cf411292a61349@no-id-found.mhonarc.org,1,mail/pod/threads/2004/5263d586f176-re%5B12%5D.txt
pod,45a9e681ff0e-re%2E_time_to_reorder_v%60icodin,20b601c48818$0ab7c76d$1e18aed5@attache.ca,1,mail/pod/threads/2004/45a9e681ff0e-re%2E_time_to_reorder_v%60icodin.txt
pod,aa254d3fee79-schedualed_meeting_on_the_28th,95947794727561.i24oorza54@fortuitous144.venetian06bkkmail.com,1,mail/pod/threads/2004/aa254d3fee79-schedualed_meeting_on_the_28th.txt
pod,9bb5d9958c09-olympic_medals,558313901964.26317@63.144.115.81,1,mail/pod/threads/2004/9bb5d9958c09-olympic_medals.txt
pod,e35d76e44834-no_subject,0b82e1a473bd0d4e66a8ca66bfa10b49@no-id-found.mhonarc.org,1,mail/pod/threads/2004/e35d76e44834-no_subject.txt
pod,0a9218cb70e5-meeting_saturday_at_09-00,tnorazvrovuipborbxghwlwbn@cnn.com,1,mail/pod/threads/2004/0a9218cb70e5-meeting_saturday_at_09-00.txt
pod,"4badbed5c3cf-xanax,_no_prescription_required%21",itjllyawsuq@highstream.com,1,"mail/pod/threads/2004/4badbed5c3cf-xanax,_no_prescription_required%21.txt"
pod,78fbba98bdd0-no_prior_pres%2Ecrip%2Etions_needed,khimdslworlzxh@yahoo.com,1,mail/pod/threads/2004/78fbba98bdd0-no_prior_pres%2Ecrip%2Etions_needed.txt
pod,6e21bf5b41a5-hi_there_friend-feel_the_power%21,45495140371519.713vwr28684ht@hotmail.com,1,mail/pod/threads/2004/6e21bf5b41a5-hi_there_friend-feel_the_power%21.txt
pod,a8b7e4d94ca4-this_demands_your_attention%21,ixqnneelnzuecrxggscx@cavenet.com,1,mail/pod/threads/2004/a8b7e4d94ca4-this_demands_your_attention%21.txt
pod,f09e6ad5d5d4-swiss_rolex_for_you_please%2E-pod_f,9512393633.p840nxarvqw378@reactionary086.awkward10blueyonder.co.uk,1,mail/pod/threads/2004/f09e6ad5d5d4-swiss_rolex_for_you_please%2E-pod_f.txt
pod,63ee23d197b4-become_the_man_your_wife_allways_wanted,%messageid@concentrate,1,mail/pod/threads/2004/63ee23d197b4-become_the_man_your_wife_allways_wanted.txt
pod,658f2b56cbbc-and_looked_at_the,000301c48882$cb2d82e0$659fcff3@mqlvjazp,1,mail/pod/threads/2004/658f2b56cbbc-and_looked_at_the.txt
pod,"7254528509ce-air,_vanished_as_the",000301c48885$aead7e10$63495ecb@yufwlrgc,1,"mail/pod/threads/2004/7254528509ce-air,_vanished_as_the.txt"
pod,27bf88367489-status%3A_we_owe_you_%24176308,9114595$y9091$431522$a26@patmedia.net,1,mail/pod/threads/2004/27bf88367489-status%3A_we_owe_you_%24176308.txt
pod,0c71ffd08d81-i_did_some_research,fdb62ed4b4a059903622594089ac71dc@no-id-found.mhonarc.org,1,mail/pod/threads/2004/0c71ffd08d81-i_did_some_research.txt
pod,30ec5d92c32f-no_subject,<h[20,1,mail/pod/threads/2004/30ec5d92c32f-no_subject.txt
pod,5c4bc606a149-97-rates_as_low_as_2%2E90%25,d49601c488eb$a8d64178$f75405d5@modecor.it,1,mail/pod/threads/2004/5c4bc606a149-97-rates_as_low_as_2%2E90%25.txt
pod,5c4b75ba22c0-i_am_glad_i_tried_it_centrist_fjord,3feb7f12ed119d37c7f211e182f92daf@no-id-found.mhonarc.org,1,mail/pod/threads/2004/5c4b75ba22c0-i_am_glad_i_tried_it_centrist_fjord.txt
pod,e16439392152-the_ultimate_online_pharmacy,ykdziymxldvduxteswpugdg@hackerzhell.co.uk,1,mail/pod/threads/2004/e16439392152-the_ultimate_online_pharmacy.txt
pod,c5c8c68132d9-payment%3A_%2412393,c25de56da3baca423ef453bef06e0624@no-id-found.mhonarc.org,1,mail/pod/threads/2004/c5c8c68132d9-payment%3A_%2412393.txt
pod,dee68e8aa75f-auto_hits_machine_%26_websites_traffic_%21_-neu,949775636198635188022.165rsut95424071cm@email.msn.com,1,mail/pod/threads/2004/dee68e8aa75f-auto_hits_machine_%26_websites_traffic_%21_-neu.txt
pod,22767e09f9ff-feel_great,qeposhqsbvqbudhvjfbomoz@femenino.com,1,mail/pod/threads/2004/22767e09f9ff-feel_great.txt
pod,"3b72144cbff2-pod,_valium,_free_shipping%21",sdiihqshlpp0scxb7w@rogers.com,1,"mail/pod/threads/2004/3b72144cbff2-pod,_valium,_free_shipping%21.txt"
pod,fe2cbac2d1c6-appointment_on_tuesday_at_16-00,716454x0iki4$gw0u6p92$3137o5f4@op325295882122,1,mail/pod/threads/2004/fe2cbac2d1c6-appointment_on_tuesday_at_16-00.txt
pod,e9bb30c4d41a-and_you_speak_quite,000301c488da$6e905fa0$4a0e1a8e@ffoqmws,1,mail/pod/threads/2004/e9bb30c4d41a-and_you_speak_quite.txt
pod,"18837c311403-neuter,_important_message%2E",nvnmdvcvhrac1sbuqmrj@rogers.com,1,"mail/pod/threads/2004/18837c311403-neuter,_important_message%2E.txt"
pod,0b24005cce51-m0re_size_damp_dignify,d5a5ad435d4d2e7c642ca50d62c14eef@no-id-found.mhonarc.org,1,mail/pod/threads/2004/0b24005cce51-m0re_size_damp_dignify.txt
pod,933cbdbb8484-inkjet_and_laser_cartridges_%7E_save_up_to_75%2,0a8601c48972$15516770$07aef7c6@nevidia.com,1,mail/pod/threads/2004/933cbdbb8484-inkjet_and_laser_cartridges_%7E_save_up_to_75%2.txt
pod,6bccc0467c45-urgent_-_read_asap,jdxehnqxwwti55i@juno.com,1,mail/pod/threads/2004/6bccc0467c45-urgent_-_read_asap.txt
pod,458bb390c86a-meeting_tuesday_at_02-00,%messageid@m1llar.freeserve.co.uk,2,mail/pod/threads/2004/458bb390c86a-meeting_tuesday_at_02-00.txt
pod,04653fc30e54-reference_%23_hz9408,804f3c38430adab4fd862d7f2598cde8@no-id-found.mhonarc.org,1,mail/pod/threads/2004/04653fc30e54-reference_%23_hz9408.txt
pod,f5827b09ebdd-let_me_show_you_domenico_swear,e715ebdb78dd7e02e8da953f5727e081@no-id-found.mhonarc.org,1,mail/pod/threads/2004/f5827b09ebdd-let_me_show_you_domenico_swear.txt
pod,ff9ab57a2ce3-appointment_on_sunday_at_10-00,onobzklwfoqdmgetibsnalco@mail.china.com,1,mail/pod/threads/2004/ff9ab57a2ce3-appointment_on_sunday_at_10-00.txt
pod,0e4f4bef3beb-attn%3A_the_president_c%2Ee%2Eo%21%21%21,fccfe54cbfa23b4bee627715df5f2eb2@no-id-found.mhonarc.org,1,mail/pod/threads/2004/0e4f4bef3beb-attn%3A_the_president_c%2Ee%2Eo%21%21%21.txt
pod,b1ec3719480d-why_make_them_richer,fbnymnacasmuvcixwbntiwkjn@farts.com,1,mail/pod/threads/2004/b1ec3719480d-why_make_them_richer.txt
pod,60651090f969-do_you_want_a_rolex_in_%2475_-_%24275_%3F_-pod_,v8h54-645715-37208479098013150841238@expansible2,1,mail/pod/threads/2004/60651090f969-do_you_want_a_rolex_in_%2475_-_%24275_%3F_-pod_.txt
pod,0e8f97251d04-new_windows_software_sale,ctcpvmlhadoduoomijhorgo@wongfaye.com,1,mail/pod/threads/2004/0e8f97251d04-new_windows_software_sale.txt
pod,"62273d09afed-donnell_hot_week_picker,_vcsc%21_don't_miss_it_",92acfa529314d58457e1e5a72a8b88e0@no-id-found.mhonarc.org,1,"mail/pod/threads/2004/62273d09afed-donnell_hot_week_picker,_vcsc%21_don't_miss_it_.txt"
pod,bb5cce82abaa-size_matters_footwork_compagnie,6275f4adce5752a843f1407f137b0f7f@no-id-found.mhonarc.org,1,mail/pod/threads/2004/bb5cce82abaa-size_matters_footwork_compagnie.txt
pod,"e1ed29a1d605-heyyy,",982592348.40058@erlyioumttdzrc,1,"mail/pod/threads/2004/e1ed29a1d605-heyyy,.txt"
pod,3ce4cbf69f7a-meeting_sunday_at_09-00,%messageid@askance,1,mail/pod/threads/2004/3ce4cbf69f7a-meeting_sunday_at_09-00.txt
pod,cb000f64cc71-cia_lis_r_x_direct_premature_gm,e38372180fccafae46c465d0b56a7ceb@no-id-found.mhonarc.org,1,mail/pod/threads/2004/cb000f64cc71-cia_lis_r_x_direct_premature_gm.txt
pod,24f96f20dcc8-when_you_look_down_andre_woodwind,b1cf737310e31a313086fb2cf0167787@no-id-found.mhonarc.org,1,mail/pod/threads/2004/24f96f20dcc8-when_you_look_down_andre_woodwind.txt
pod,d7ed629b43e1-you_could_be_better_fierce_warmonger,fc1d2f02ffa3ccf533afb12d17ba0c2d@no-id-found.mhonarc.org,1,mail/pod/threads/2004/d7ed629b43e1-you_could_be_better_fierce_warmonger.txt
pod,b613f8a89b8e-lose_weight_now%2E,lncpbjfobajnjmbpckoballlbkab.toniabenson_te@azzit.de,1,mail/pod/threads/2004/b613f8a89b8e-lose_weight_now%2E.txt
pod,777ae97fd592-had_enough_of_sweets%3F,%messageid@bushinternet.co.uk,1,mail/pod/threads/2004/777ae97fd592-had_enough_of_sweets%3F.txt
pod,f594ff939a6f-do_you_remember_your_youth%3F,5467082461739.i817@xglobe.com.sg,1,mail/pod/threads/2004/f594ff939a6f-do_you_remember_your_youth%3F.txt
pod,4ebb85f1a9ac-5%2Ejpg,hjmkxqwyfjymwsbsscykjak@hotmail.com,4,mail/pod/threads/2004/4ebb85f1a9ac-5%2Ejpg.txt
pod,"13329ffa90c9-we_received_your_signup_information_at_thu,_26_",000301c48b30$b6f299e0$a319621a@caod,1,"mail/pod/threads/2004/13329ffa90c9-we_received_your_signup_information_at_thu,_26_.txt"
pod,2824734a82a3-take_advantage_of_low_interest-rates%21,440811e5pcw2$oa7t2i45$9535t8k3@rn378501826074,1,mail/pod/threads/2004/2824734a82a3-take_advantage_of_low_interest-rates%21.txt
pod,16ee2c191905-computer_software_for_you_-caliphate,6522pu831p7$ivl24e4b69$05v11jom734@z2507826246764,1,mail/pod/threads/2004/16ee2c191905-computer_software_for_you_-caliphate.txt
pod,32fbf8205aa3-do_you_feel_the_energy%21,299915v3xlxd$5671p6k8$7985z8n6@exhume,1,mail/pod/threads/2004/32fbf8205aa3-do_you_feel_the_energy%21.txt
pod,3c7d853065b8-feel_good,244935288410.a0nqieh86218299@ebullient8.papa50consensus.com,2,mail/pod/threads/2004/3c7d853065b8-feel_good.txt
pod,393cd9b7ab0f-solve_your_husband's_de%2Abts,6679231885.73548@onkoursbzruor,1,mail/pod/threads/2004/393cd9b7ab0f-solve_your_husband's_de%2Abts.txt
pod,"cf15caf3761f-errancy,penny_st0ck_poised_to_explode_higher%3F",d15ecca2c5b6808@nomade.fr,1,"mail/pod/threads/2004/cf15caf3761f-errancy,penny_st0ck_poised_to_explode_higher%3F.txt"
pod,fbd860233d5f-no_prior_pres%2Ecrip%2Etion_needed_1k3z,<xmkbreen,1,mail/pod/threads/2004/fbd860233d5f-no_prior_pres%2Ecrip%2Etion_needed_1k3z.txt
pod,647d98aedd7b-1%2Ejpg,wpw2_mxy2-1816824655-7857064365-04-51361.8314046900@pitiable4,4,mail/pod/threads/2004/647d98aedd7b-1%2Ejpg.txt
pod,"10e247af7513-submissions_start_september_6th_-_thu,_26_aug_2",781w64d06oq0$f478f334$x1i2k0h2@..bkkmail.com,1,"mail/pod/threads/2004/10e247af7513-submissions_start_september_6th_-_thu,_26_aug_2.txt"
pod,ce4e3787bbee-stop_unsolicited_mail%5B15%5D,d93a01c48c08$a8e4c3a6$39f5666a@mod-attac.dk,1,mail/pod/threads/2004/ce4e3787bbee-stop_unsolicited_mail%5B15%5D.txt
pod,d5a4c29635d1-your_meeting_at_03-00,%messageid@pacis.net,1,mail/pod/threads/2004/d5a4c29635d1-your_meeting_at_03-00.txt
pod,"dedb187f498f-37,500_hits_and_75,000_banner_exposures_for_you",qo95mb526-605736706089879-74311108761710132@stewart07,1,"mail/pod/threads/2004/dedb187f498f-37,500_hits_and_75,000_banner_exposures_for_you.txt"
pod,"570ccd075d98-need_me,ds%3F_2w7l",<qrbrspbfozke,1,"mail/pod/threads/2004/570ccd075d98-need_me,ds%3F_2w7l.txt"
pod,597769558926-no_subject,3f6394a670aee8cf3fd623b9ec95441e@no-id-found.mhonarc.org,1,mail/pod/threads/2004/597769558926-no_subject.txt
pod,a73d03bdf14c-compare_our_low_priices_on_popular_m%5Be%5Dds%2,35192$abo674$360$aja324748@paat.pair.com,1,mail/pod/threads/2004/a73d03bdf14c-compare_our_low_priices_on_popular_m%5Be%5Dds%2.txt
pod,453573470d00-scan_your_pc_for_free_denny,zwpvmchwpxavrxmvvqyindp@msn.com,1,mail/pod/threads/2004/453573470d00-scan_your_pc_for_free_denny.txt
pod,5a0c15c8b1fe-order_m36410,pjaokwnqhcq@juno.com,1,mail/pod/threads/2004/5a0c15c8b1fe-order_m36410.txt
pod,d90cf4f31556-inside_3_because,5617800842.596264517793063216126@d's,1,mail/pod/threads/2004/d90cf4f31556-inside_3_because.txt
pod,923b72d5dfaf-be_my_patner_contact_me_asap_%21,e1c0ttt-0005zv-gm@server22.fastbighost.com,1,mail/pod/threads/2004/923b72d5dfaf-be_my_patner_contact_me_asap_%21.txt
pod,06bbb3210ad2-its_illegal_to_use_hacked_office_xp,law9-d72ovhxrskkc7q259588a8@hotmail.com,1,mail/pod/threads/2004/06bbb3210ad2-its_illegal_to_use_hacked_office_xp.txt
pod,f69dbc64f0f4-one_of_the_most_chip_and_trusted_online_phhaeme,30644426626012670140260.6tgwj904wa@artelco.com,1,mail/pod/threads/2004/f69dbc64f0f4-one_of_the_most_chip_and_trusted_online_phhaeme.txt
pod,f0d4e6992d9b-live_good,fnsbqpzsuwbhugeqdpmbro@portugalnet.com,2,mail/pod/threads/2004/f0d4e6992d9b-live_good.txt
pod,"3e9438b75669-heyllooo,",378293817159.44639@zctyejcyz,1,"mail/pod/threads/2004/3e9438b75669-heyllooo,.txt"
pod,fb8c2918589b-hey_neuter_b%7C_u%7C_y_%5D%2E%5Bd_%5D%2E%5B_%7C,rsvedzvshlrwvgaouw@lycos.com,1,mail/pod/threads/2004/fb8c2918589b-hey_neuter_b%7C_u%7C_y_%5D%2E%5Bd_%5D%2E%5B_%7C.txt
pod,0f942fb823e9-re_%5B6%5D%3A,1c08390d5eeb40d38bf3089fc537d2ee@no-id-found.mhonarc.org,1,mail/pod/threads/2004/0f942fb823e9-re_%5B6%5D%3A.txt
pod,6cd50c48e9ec-no_subject,fc0f4e2e49535c330690f1b8fdc6600b@no-id-found.mhonarc.org,1,mail/pod/threads/2004/6cd50c48e9ec-no_subject.txt
pod,d2643402e55f-no_subject,cb59b8320f6aa10969c17131ba359f65@no-id-found.mhonarc.org,1,mail/pod/threads/2004/d2643402e55f-no_subject.txt
pod,"5a8b70b37153-cox,focus_listst0ck",vxjlklwqc9cfq@electrocardiogram,1,"mail/pod/threads/2004/5a8b70b37153-cox,focus_listst0ck.txt"
pod,f5efd8378b4e-3%2Ejpg,hjxrmopbyknhoigowdxtn@yahoo.com,2,mail/pod/threads/2004/f5efd8378b4e-3%2Ejpg.txt
pod,c7ec1f28ec36-info_from_you_bank,pqtmzkbqubbatqyehznledh@hotmail.com,8,mail/pod/threads/2004/c7ec1f28ec36-info_from_you_bank.txt
pod,fe04d3b80d00-no_subject,582c3cbf69c479bed651836a76dfa775@no-id-found.mhonarc.org,1,mail/pod/threads/2004/fe04d3b80d00-no_subject.txt
pod,6712132c58d0-no_subject,f58dd5fe49b22a4560f1a1b483e51856@no-id-found.mhonarc.org,1,mail/pod/threads/2004/6712132c58d0-no_subject.txt
pod,08095ca00afc-new_info,794228719517347.fs53667@puissantac.com,5,mail/pod/threads/2004/08095ca00afc-new_info.txt
pod,e296816a1344-account_update,7223355642851.ww22ihmmwh409@armenia582.firsthand95yahoo.com,4,mail/pod/threads/2004/e296816a1344-account_update.txt
pod,"11cc6801b5b1-need_me,ds%3F_5a3o",<udbovthgrh,1,"mail/pod/threads/2004/11cc6801b5b1-need_me,ds%3F_5a3o.txt"
pod,82d1adbd7dad-high_quality,810856da5b8d983f8cd2a72951e8612e@no-id-found.mhonarc.org,1,mail/pod/threads/2004/82d1adbd7dad-high_quality.txt
pod,a288ef248d1e-look_here_to_find_out_wristwatch_footstep,8b06dd07653774b3ebb55dfcc71a41dc@no-id-found.mhonarc.org,1,mail/pod/threads/2004/a288ef248d1e-look_here_to_find_out_wristwatch_footstep.txt
pod,42e90918f440-3%2Ejpg,law6-h82qyqunvphh2w468209t4@hotmail.com,6,mail/pod/threads/2004/42e90918f440-3%2Ejpg.txt
pod,119053afadf3-2%2Ejpg,83436687499.fo8rhlwreb12959@california62.butt04hotmail.com,4,mail/pod/threads/2004/119053afadf3-2%2Ejpg.txt
pod,"3c03baca4a86-anorthosite,attention_small-cap_stox_players",gxycpnd2sfvvgsu@post.sk,1,"mail/pod/threads/2004/3c03baca4a86-anorthosite,attention_small-cap_stox_players.txt"
pod,"cc01684c9baf-disgustful,small_cap_st0x_can_sizzle",6584550.6573cvwfo0c@dab,1,"mail/pod/threads/2004/cc01684c9baf-disgustful,small_cap_st0x_can_sizzle.txt"
pod,d796ad499b20-meeting_tommorow_at_11-00,02143835.osx5bmrhuzqe6650@spellbound546.jukes50sol.dk,1,mail/pod/threads/2004/d796ad499b20-meeting_tommorow_at_11-00.txt
pod,"b306291b9e66-shrieked_at_once,_the",ircqzjzur-491470685822594505344@leonlai.net,1,"mail/pod/threads/2004/b306291b9e66-shrieked_at_once,_the.txt"
pod,303a2a8c8e8a-excel_with_a_mba_degree_za_0421_v,88099n491unu253$i18ajq54gh77$827oqx7b8@fj0572743,1,mail/pod/threads/2004/303a2a8c8e8a-excel_with_a_mba_degree_za_0421_v.txt
pod,be28a1d42631-make_all_your_dreams_come_true,xowkadpfnipjglzspftraif@popmail.com,1,mail/pod/threads/2004/be28a1d42631-make_all_your_dreams_come_true.txt
pod,f5e1ae97ba21-the_most_chaep_and_trusted_onljne_phhaemeci%21_,694087671145353.2939282.7@altitude-oqi80.attglobal.net,1,mail/pod/threads/2004/f5e1ae97ba21-the_most_chaep_and_trusted_onljne_phhaemeci%21_.txt
pod,817f0a486508-no_dr_visit,311897o7ms96$8a0m3605$91u2aeda@adoptspokesmengivenos40,1,mail/pod/threads/2004/817f0a486508-no_dr_visit.txt
pod,"706a45a6777e-appointment_on_monday_at_02-00_-_mon,_30_aug_20",805446m831j9$0r370km2$2e882g6x@t7rzfm7v8z9kw4,1,"mail/pod/threads/2004/706a45a6777e-appointment_on_monday_at_02-00_-_mon,_30_aug_20.txt"
pod,49edf0d6e55c-she_sleeps_around,747965220301.84145@218.111.66.110,1,mail/pod/threads/2004/49edf0d6e55c-she_sleeps_around.txt
pod,32f8ca276039-no_subject,25c7d29d18e35e5d70efe73f9ec2a9f2@no-id-found.mhonarc.org,1,mail/pod/threads/2004/32f8ca276039-no_subject.txt
pod,40deb8694bdf-no_pres%2Ecrip%2Etion_needed_0n0i,<megfysnfegqjb,1,mail/pod/threads/2004/40deb8694bdf-no_pres%2Ecrip%2Etion_needed_0n0i.txt
pod,fdc912236863-tautology_tan,bf99ceb861bb633@post.sk,1,mail/pod/threads/2004/fdc912236863-tautology_tan.txt
pod,"90764e0e367f-appointment_friday_at_12-00_-_mon,_30_aug_2004_",983s45a19bx1$f340f400$c1a9s4v4@..yam.com.tw,1,"mail/pod/threads/2004/90764e0e367f-appointment_friday_at_12-00_-_mon,_30_aug_2004_.txt"
pod,16167215222e-information_about_rejected_payment%3A_p03953545,34829d63eab4f9b81a6c85e39f617d07@no-id-found.mhonarc.org,1,mail/pod/threads/2004/16167215222e-information_about_rejected_payment%3A_p03953545.txt
pod,"af0fd0a099b0-kin,st0ckplay_of_the_day",6387904.188gbvoa956rl@nomade.fr,1,"mail/pod/threads/2004/af0fd0a099b0-kin,st0ckplay_of_the_day.txt"
pod,bbc72a5e0149-appointment_on_monday_at_07-00,nxelcucvrjwynuvqydndjfabx@usa.com,2,mail/pod/threads/2004/bbc72a5e0149-appointment_on_monday_at_07-00.txt
pod,7c97c6abc51e-no_subject,<i[20,1,mail/pod/threads/2004/7c97c6abc51e-no_subject.txt
pod,b169d79e599f-consider_yourself_warned%5B8%5D,540501c48f42$3f2dc391$440009cd@tved-bo.dk,1,mail/pod/threads/2004/b169d79e599f-consider_yourself_warned%5B8%5D.txt
pod,"869bf811aecf-advanced_properties_at_tue,_31_aug_2004_03%3A54",000301c48f38$18ff1f90$e0192471@kyfvjbrii,1,"mail/pod/threads/2004/869bf811aecf-advanced_properties_at_tue,_31_aug_2004_03%3A54.txt"
pod,119e35574444-appointment_on_tuesday_at_20-00,%messageid@anent.com,1,mail/pod/threads/2004/119e35574444-appointment_on_tuesday_at_20-00.txt
pod,6d202d7789c9-foto,ycpolhonqujwdlaxayc@digitalkingdom.org,1,mail/pod/threads/2004/6d202d7789c9-foto.txt
pod,"cfa7d53dfbfc-it's_severely_punishable,'_the",000301c48fc6$fdaa75c0$f7fcb451@wcngmefsdo,1,"mail/pod/threads/2004/cfa7d53dfbfc-it's_severely_punishable,'_the.txt"
pod,391eace619b4-%7B14%7Dyour_important_documents_are_at_risk%21,e25001c48fed$ef6a3744$d20aa0ee@stanfordj.freeserve.co.uk,1,mail/pod/threads/2004/391eace619b4-%7B14%7Dyour_important_documents_are_at_risk%21.txt
pod,3e354bc9e7d8-appointment_on_saturday_at_13-00,rpjfffxmppuyquqpneih@moviething.com,1,mail/pod/threads/2004/3e354bc9e7d8-appointment_on_saturday_at_13-00.txt
pod,"0d087e477f08-amount%3A_%24500,000",66a90d5be19d9a17a75e215f867e4ec3@no-id-found.mhonarc.org,1,"mail/pod/threads/2004/0d087e477f08-amount%3A_%24500,000.txt"
pod,50aae91fc73f-meds_on-line,849978p1bnkx$6721z6n7$0617q4r5@beck,1,mail/pod/threads/2004/50aae91fc73f-meds_on-line.txt
pod,b6ae439bbc62-m%2Ei%2El%2Ef_looking_for_fun,jkqzyznvujqnrsmwztpndcug@212.com,2,mail/pod/threads/2004/b6ae439bbc62-m%2Ei%2El%2Ef_looking_for_fun.txt
pod,6bd985ea4078-local_affair,74124653037.08071@201.6.4.24,1,mail/pod/threads/2004/6bd985ea4078-local_affair.txt
pod,383bb3b4c517-4%2Ejpg,kwufugabftgkagqbuzvizn@yahoo.com,3,mail/pod/threads/2004/383bb3b4c517-4%2Ejpg.txt
pod,e5317ca4b570-byers,6676af4065b40573a314e1d9449e2c2f@no-id-found.mhonarc.org,1,mail/pod/threads/2004/e5317ca4b570-byers.txt
pod,f14782953a7f-v-i-a-g-r-a_is_lousy%3F%3F%3F_jx6c,djkkfnouyjgfqwrqeoxljghv@yahoo.com,1,mail/pod/threads/2004/f14782953a7f-v-i-a-g-r-a_is_lousy%3F%3F%3F_jx6c.txt
pod,"40f6e763acb5-elwanda_investor_update,_vcsc_very_hot_iivcdx",1508d4c827b5c23c71734c6529189b6e@no-id-found.mhonarc.org,1,"mail/pod/threads/2004/40f6e763acb5-elwanda_investor_update,_vcsc_very_hot_iivcdx.txt"
pod,"12f3bfd42301-remember_me,_janelle_wlj60085_from_yahoo",tnlvqgwo4nga4cv@bigfoot.com,1,"mail/pod/threads/2004/12f3bfd42301-remember_me,_janelle_wlj60085_from_yahoo.txt"
pod,568bcde75715-payment_n0751235,cfdlycyrvejbjjnbrgstxca@msn.com,1,mail/pod/threads/2004/568bcde75715-payment_n0751235.txt
pod,"608023c2af38-cialis,valium,viagra,xanax_at_low_price_no_pres",roruexbmehephe7o@lycos.com,1,"mail/pod/threads/2004/608023c2af38-cialis,valium,viagra,xanax_at_low_price_no_pres.txt"
pod,"8364ac6725a6-chamomile,st0cktrader_news",37987115378.339723366082128020112@inbox.lv,1,"mail/pod/threads/2004/8364ac6725a6-chamomile,st0cktrader_news.txt"
pod,7440e38868e8-your_computer_is_infected_with_spyware_everett,3d62150eb2ecbfd26fad5d0f804a8a70@no-id-found.mhonarc.org,1,mail/pod/threads/2004/7440e38868e8-your_computer_is_infected_with_spyware_everett.txt
pod,4438967e2bd0-citibank%2Ecom_acount_holdeq,8e41baa298afc13fe49d1eda7daca900@no-id-found.mhonarc.org,1,mail/pod/threads/2004/4438967e2bd0-citibank%2Ecom_acount_holdeq.txt
pod,04649db951df-2_chicks_fucking_a_dog,%messageid@planet-mail.com,1,mail/pod/threads/2004/04649db951df-2_chicks_fucking_a_dog.txt
pod,cae59f7d6861-hey_pod_buy_%5D%5Bd_%5D%5B_%7Cl_%7Cl_s_c%5D%5B%,fwdwsojplfljt@lycos.com,1,mail/pod/threads/2004/cae59f7d6861-hey_pod_buy_%5D%5Bd_%5D%5B_%7Cl_%7Cl_s_c%5D%5B%.txt
pod,beaa19e3cbe4-tentative_meeting_on_the_24th,194175f7oy37$6u8w5615$80y0tuhv@arkansasschlierendominiquenm55,1,mail/pod/threads/2004/beaa19e3cbe4-tentative_meeting_on_the_24th.txt
pod,017265df3c27-appointment_on_friday_at_07-00,%messageid@sinaman.com,1,mail/pod/threads/2004/017265df3c27-appointment_on_friday_at_07-00.txt
pod,0a54d62c2059-alaric_ochoa,<0-250-250-250-250-250-250-25rnd_lc_char,1,mail/pod/threads/2004/0a54d62c2059-alaric_ochoa.txt
pod,"5e4eac9e652f-37,500_hits_and_75,000_banner_exposures_for_you",j8r02-5504813779-42058949148410151677281894883@edwina7,1,"mail/pod/threads/2004/5e4eac9e652f-37,500_hits_and_75,000_banner_exposures_for_you.txt"
pod,0bc5100239ea-intercourse_starter,e219e6aa42fdfd40861a4f16e4114618@no-id-found.mhonarc.org,1,mail/pod/threads/2004/0bc5100239ea-intercourse_starter.txt
pod,19ee9c1552b0-attention_all_nonprofit_organizations%3A_member,6nb-9-l$3gx$-52m--o6@nm6yat5,1,mail/pod/threads/2004/19ee9c1552b0-attention_all_nonprofit_organizations%3A_member.txt
pod,231708451a7a-bilharziasis_bicep_conrail,15200249605.609206397495404421960@sina.com.tw,1,mail/pod/threads/2004/231708451a7a-bilharziasis_bicep_conrail.txt
pod,b877b2bddc8b-greeting,000301c491c3$5ccc7550$384131fc@mkvsyyjoeao,1,mail/pod/threads/2004/b877b2bddc8b-greeting.txt
pod,"58a725cd9789-it's_me,_sarasota_erc5372850_from_yahoo",odongrxiggjnrskiy@lycos.com,1,"mail/pod/threads/2004/58a725cd9789-it's_me,_sarasota_erc5372850_from_yahoo.txt"
pod,"8c094d1f7cba-booth,market_wizardst0ck",1149537423434.385947517528336134999@calla,1,"mail/pod/threads/2004/8c094d1f7cba-booth,market_wizardst0ck.txt"
pod,"45e76b6af49b-it's_me,_karenztx04387_from_msn_1r2o",<kdsgnxy,1,"mail/pod/threads/2004/45e76b6af49b-it's_me,_karenztx04387_from_msn_1r2o.txt"
pod,c0845fcbf926-italian_rolex_order%2E-pod_lafayette_delicacy_t,3156mv9mg13$17390486$g50o294@elmergpn40rs2kqs97l,1,mail/pod/threads/2004/c0845fcbf926-italian_rolex_order%2E-pod_lafayette_delicacy_t.txt
pod,"4c9712f66bf2-cialis,_meridia,_ambien,_xanax,_valium,_no_pres",<yqstdgonrndsz,1,"mail/pod/threads/2004/4c9712f66bf2-cialis,_meridia,_ambien,_xanax,_valium,_no_pres.txt"
pod,296e9289867e-appointment_tommorow_at_14-00,jbh8_koq4-2712857405-2490535070-84-16520.7949928640@7,1,mail/pod/threads/2004/296e9289867e-appointment_tommorow_at_14-00.txt
pod,67b6bcc7e89e-her_hair_hurts,fgfdxijpgjefspdrqaltr@nccn.net,1,mail/pod/threads/2004/67b6bcc7e89e-her_hair_hurts.txt
pod,776dcafbbb54-appointment_on_tuesday_at_13-00,rtyiwfewmscuchcwvrdly@cgiservices.com,1,mail/pod/threads/2004/776dcafbbb54-appointment_on_tuesday_at_13-00.txt
pod,8cf00b7f736f-medic%C3%A4l_supplies_for_very_beneficial_price,4da2c7e47144beaa74a74174cca93978@no-id-found.mhonarc.org,1,mail/pod/threads/2004/8cf00b7f736f-medic%C3%A4l_supplies_for_very_beneficial_price.txt
pod,295543d66bb1-6%2Ejpg,pyeepyjcvwuazzilplajwqdl@yahoo.com,4,mail/pod/threads/2004/295543d66bb1-6%2Ejpg.txt
pod,70b4bd3ecfa7-i_owe_you_one,200409051710.i85halc9026072@transfinite.hypercomplex.net,1,mail/pod/threads/2004/70b4bd3ecfa7-i_owe_you_one.txt
pod,f3bfd631e22d-cant_be_aidyn_russo,038196012084447.8909.qmail@intermediary.slob.owkfprmh,1,mail/pod/threads/2004/f3bfd631e22d-cant_be_aidyn_russo.txt
pod,002529f31a15-no_subject,395963375378.j2fmrxt18743255@8.99.com,1,mail/pod/threads/2004/002529f31a15-no_subject.txt
pod,4f1faa73cc56-no_prescriptions_needed_5r2l,<vkwrswkxa,1,mail/pod/threads/2004/4f1faa73cc56-no_prescriptions_needed_5r2l.txt
pod,717fac9eee29-order_s2527,lhiggzbvhcpukzk9f4k@juno.com,1,mail/pod/threads/2004/717fac9eee29-order_s2527.txt
pod,e4ddc2147e0a-why_go_to_the_doctor_when_you_can_get_it_online,200409080731.i887vrdb009920@transfinite.hypercomplex.net,1,mail/pod/threads/2004/e4ddc2147e0a-why_go_to_the_doctor_when_you_can_get_it_online.txt
pod,5ee6aa5bbaa1-your_membership_ends_on_the_1th,120539j193p6202k47j3479a3b3151@adoption.com,1,mail/pod/threads/2004/5ee6aa5bbaa1-your_membership_ends_on_the_1th.txt
pod,10c0eccd97da-don%60t_be_stupid_pasquale_remove_all_spyware_f,4076b5bd7707b1bf719794d52b501e10@no-id-found.mhonarc.org,1,mail/pod/threads/2004/10c0eccd97da-don%60t_be_stupid_pasquale_remove_all_spyware_f.txt
pod,d8b9e51780d9-your_meeting_on_the_30th,0q856y282$sji08x272cit0$44jr342ii8@uzp3043683996364,1,mail/pod/threads/2004/d8b9e51780d9-your_meeting_on_the_30th.txt
pod,"db17c81b01f0-your_interview_on_the_7th_-_sun,_05_sep_2004_16",595304h072u2345k85v7896u2v8495@sonic.net,1,"mail/pod/threads/2004/db17c81b01f0-your_interview_on_the_7th_-_sun,_05_sep_2004_16.txt"
pod,5f026e5152ca-no_more_doctors_visit_pam,gyjekaejurimfqyiicitvbbkb@msn.com,1,mail/pod/threads/2004/5f026e5152ca-no_more_doctors_visit_pam.txt
pod,3b85f4fc1c05-special_offer_for_windows_xp_professional,ktqerskeansjnlxyjnncqxtwz@zcities.com,1,mail/pod/threads/2004/3b85f4fc1c05-special_offer_for_windows_xp_professional.txt
pod,f91ff4b631c5-appointment_on_saturday_at_20-00,698650215.vpl97unfnlx82@matson7.actinide44helloasia.com,2,mail/pod/threads/2004/f91ff4b631c5-appointment_on_saturday_at_20-00.txt
pod,83c98a2132ed-appointment_on_thursday_at_05-00,%messageid@mightn't,1,mail/pod/threads/2004/83c98a2132ed-appointment_on_thursday_at_05-00.txt
pod,"5dcd980c0a50-no_prescription,_cialis,_meridia,_ambien,_xanax",<sordokaxsh,1,"mail/pod/threads/2004/5dcd980c0a50-no_prescription,_cialis,_meridia,_ambien,_xanax.txt"
pod,8d1e7aaaa9dd-half_price_office_xp_professional,%messageid@webnetking.com,1,mail/pod/threads/2004/8d1e7aaaa9dd-half_price_office_xp_professional.txt
pod,a74cb2824e53-medical_shock,ipmvudxpukhbdlxrxprkyiyep@fastermail.com,1,mail/pod/threads/2004/a74cb2824e53-medical_shock.txt
pod,20060f9df30f-order_y969205,clvaxtwhej0@lycos.com,1,mail/pod/threads/2004/20060f9df30f-order_y969205.txt
pod,01ce5760f2ce-annual_software_clearance_-ogress,7456s8mim23349$710675912$e74glw621@stellaob087d0e7y,1,mail/pod/threads/2004/01ce5760f2ce-annual_software_clearance_-ogress.txt
pod,2443aa08c629-be_good,438767l4v716$55396019$fm8s9273@sungf79r3pqp1c,1,mail/pod/threads/2004/2443aa08c629-be_good.txt
pod,"01f02c2fd5cb-appointment_on_saturday_at_15-00_-_sat,_04_sep_",355992354587.y5mlcpo953561@36.94goaworld.com,1,"mail/pod/threads/2004/01f02c2fd5cb-appointment_on_saturday_at_15-00_-_sat,_04_sep_.txt"
pod,61f010663bb2-lottery_winning_notification,e1c4kyt-00025k-gb@serv.onlinetworks.net,2,mail/pod/threads/2004/61f010663bb2-lottery_winning_notification.txt
pod,"126a9b4ee1ac-it's_me,_laceyxum8538200_from_aol",ecsosgumnqv@rogers.com,1,"mail/pod/threads/2004/126a9b4ee1ac-it's_me,_laceyxum8538200_from_aol.txt"
pod,c7a7c27195eb-get_well_today,law2-y09nptnkylar1w190508h7@hotmail.com,1,mail/pod/threads/2004/c7a7c27195eb-get_well_today.txt
pod,17bb0b133019-they_finally_did_it%21,969fd47dec7a52da67f7a95d9ee0ee84@no-id-found.mhonarc.org,1,mail/pod/threads/2004/17bb0b133019-they_finally_did_it%21.txt
pod,1453853b6c38-doctor_appointment,yovjdyrqdmupshlryprersxq@arnet.com.ar,1,mail/pod/threads/2004/1453853b6c38-doctor_appointment.txt
pod,"fa7b955905f4-no_dr,_get_it_on-line",82009433650472.01604.16260723@knapsack-t41.aol.com,1,"mail/pod/threads/2004/fa7b955905f4-no_dr,_get_it_on-line.txt"
pod,"7513948997dd-hellebore,microcap_company_spotlight",bnd6gw6tzvfb2f@upright,1,"mail/pod/threads/2004/7513948997dd-hellebore,microcap_company_spotlight.txt"
pod,e47ad5fcb412-microsoft_microsoft_software_sale_50%24,620332e7bip4$km2x4s87$6952o6l7@zl430104891204,1,mail/pod/threads/2004/e47ad5fcb412-microsoft_microsoft_software_sale_50%24.txt
pod,72ae650a8365-important_information_about_your_house,d225cf85f922b73eb4a2ea053dcbf2cf@no-id-found.mhonarc.org,1,mail/pod/threads/2004/72ae650a8365-important_information_about_your_house.txt
pod,cabd45f7a2d2-lesbians_sucks_horse_dick,643179n4er62$7g0o8280$71w0sdiy@cadmiumchamoischloroplatinatedi62,1,mail/pod/threads/2004/cabd45f7a2d2-lesbians_sucks_horse_dick.txt
pod,6baad46042cd-important_changes,nkymjoqhszlilyothvhwhdpa@msn.com,3,mail/pod/threads/2004/6baad46042cd-important_changes.txt
pod,"b24a0502c585-no_prescription,_valium,_viagra,_cialis,_meridi",<fnvxvsdiarzy,1,"mail/pod/threads/2004/b24a0502c585-no_prescription,_valium,_viagra,_cialis,_meridi.txt"
pod,199a05475c0f-our_meeting_on_the_3th,%messageid@austin.rr.com,1,mail/pod/threads/2004/199a05475c0f-our_meeting_on_the_3th.txt
pod,5cfa3b261ef0-meeting_sunday_at_16-00,nwqmapzfgyikbyzlyqfqqi@2xs.net,1,mail/pod/threads/2004/5cfa3b261ef0-meeting_sunday_at_16-00.txt
pod,"37a03d245a5d-remember_me,_wendy_er61219_from_yahoo",pcpvzesjtjgi5k2bua@juno.com,1,"mail/pod/threads/2004/37a03d245a5d-remember_me,_wendy_er61219_from_yahoo.txt"
pod,1a2cd5edc7f5-beautiful_horsefucker,%messageid@juridica.com,1,mail/pod/threads/2004/1a2cd5edc7f5-beautiful_horsefucker.txt
pod,191e993f046d-don't_waste_money_on_health_insurance%2E,7r4333t75143$1o316770$2114i9k5@orlando,1,mail/pod/threads/2004/191e993f046d-don't_waste_money_on_health_insurance%2E.txt
pod,e33d088f3fdd-payment_confirmation_p568270265,99f5c9870f8ba8a7e9c0757451529c07@no-id-found.mhonarc.org,1,mail/pod/threads/2004/e33d088f3fdd-payment_confirmation_p568270265.txt
pod,a5525e3d7842-annoying_pop_ups_from_inside_your_system%3F,zigfcfogxbqyxzxsbvcrdcf@msn.com,2,mail/pod/threads/2004/a5525e3d7842-annoying_pop_ups_from_inside_your_system%3F.txt
pod,845123472eb6-95%25_of_computers_are_infected%21,01791270491193.811ovv38327ky@hotmail.com,1,mail/pod/threads/2004/845123472eb6-95%25_of_computers_are_infected%21.txt
pod,37375f239c7e-is_your_computer_running_slow%3F,80897585695993.jkn9887@yahoo.com,1,mail/pod/threads/2004/37375f239c7e-is_your_computer_running_slow%3F.txt
pod,8bbce79072db-b%60uy_v'icodin_online_for_less,400601c49708$fc640a2d$28889b65@staminerboy.freeserve.co.uk,1,mail/pod/threads/2004/8bbce79072db-b%60uy_v'icodin_online_for_less.txt
pod,365315d10cde-your_membership_starts_on_the_30th,enq2_kds9-3067935225-7967259906-69-59508.0827040544@6,1,mail/pod/threads/2004/365315d10cde-your_membership_starts_on_the_30th.txt
pod,e1074a12aedf-read_now%21,owbfzsfmxpipf@charter.net,1,mail/pod/threads/2004/e1074a12aedf-read_now%21.txt
pod,6674f0e9f85e-totally_legal_microsoft_for_a_fraction_of_the_p,lvvpvgaormmrlfrvfqpcmmpyj@localaccess.com,1,mail/pod/threads/2004/6674f0e9f85e-totally_legal_microsoft_for_a_fraction_of_the_p.txt
pod,54d22feaafed-your_account_has_been_created,486809.0026.okdfiv.5118t@hartfordlife.com,1,mail/pod/threads/2004/54d22feaafed-your_account_has_been_created.txt
pod,047e928e5e81-order_s550377,zzkmiyrgoupb4nla@juno.com,1,mail/pod/threads/2004/047e928e5e81-order_s550377.txt
pod,"61705a3eb11b-viagra,_cialis,_meridia,_valium,_no_prescriptio",ggxhqchxkcrusfojnhlppylb0j75m@hotmail.com,1,"mail/pod/threads/2004/61705a3eb11b-viagra,_cialis,_meridia,_valium,_no_prescriptio.txt"
pod,"b8f208a3da57-catlike,st0ckplayer_emerging_equity_report",28890467398.3633626022072227963788@mutate,1,"mail/pod/threads/2004/b8f208a3da57-catlike,st0ckplayer_emerging_equity_report.txt"
pod,29d54158a3a8-worlds_che%C3%A0pest_pharmaceuticals_look_no_fu,gbcfm$2648$bvdog@n135.committable.xbattalion,1,mail/pod/threads/2004/29d54158a3a8-worlds_che%C3%A0pest_pharmaceuticals_look_no_fu.txt
pod,ac89e33774fb-appointment_on_saturday_at_16-00,41589168334202.v511@cjr1.fsnet.co.uk,1,mail/pod/threads/2004/ac89e33774fb-appointment_on_saturday_at_16-00.txt
pod,ff00df4007a9-don't_let_it_happen_to_you%5B7%5D,889a01c497ab$b3d940ab$81f3e98c@stampauctions.se,1,mail/pod/threads/2004/ff00df4007a9-don't_let_it_happen_to_you%5B7%5D.txt
pod,486ef7daa460-student_number_4819,867ggy928um47$0j89v37$20rf4kt@maggotyw40,1,mail/pod/threads/2004/486ef7daa460-student_number_4819.txt
pod,b3d040727f0c-re_%5B22%5D,200409111011.i8babbfh007266@transfinite.hypercomplex.net,1,mail/pod/threads/2004/b3d040727f0c-re_%5B22%5D.txt
pod,bd6fa4476402-stop_spyware_and_adware_dead_in_their_tracks_ca,gfsjebgrkusonkodanuuzkt@hotmail.com,1,mail/pod/threads/2004/bd6fa4476402-stop_spyware_and_adware_dead_in_their_tracks_ca.txt
pod,05161e66863c-almost_there%2E%2E%2E,000301c497f1$ebed0c70$635657f8@zvuvatweo,1,mail/pod/threads/2004/05161e66863c-almost_there%2E%2E%2E.txt
pod,"6e2b6717774f-job_appointment_on_29th_at_15-00_-_sat,_11_sep_",379835a847z5691i56l8451x9t2859@telugulekha.com,1,"mail/pod/threads/2004/6e2b6717774f-job_appointment_on_29th_at_15-00_-_sat,_11_sep_.txt"
pod,"1273433e289a-you're_approved_for_%24510,000",4946340366$09102qjvy$84488@rogers.com,1,"mail/pod/threads/2004/1273433e289a-you're_approved_for_%24510,000.txt"
pod,5b368df97285-windows_xp_pro_only_%2450,%messageid@uk2.net,1,mail/pod/threads/2004/5b368df97285-windows_xp_pro_only_%2450.txt
pod,7beedac2ba54-legal_operating_systems_for_a_fifth_of_the_pric,tnplwkzqxexhyiadoclntonj@everymail.com,2,mail/pod/threads/2004/7beedac2ba54-legal_operating_systems_for_a_fifth_of_the_pric.txt
pod,"245b678c8a7d-remember_me,_austin_sz21719_from_yahoo",asqdzukxod5pyrodh@highstream.com,1,"mail/pod/threads/2004/245b678c8a7d-remember_me,_austin_sz21719_from_yahoo.txt"
pod,c79496d962d7-appointment_on_tuesday_at_14-00,41302439070058.498ywf50877si@hotmail.com,1,mail/pod/threads/2004/c79496d962d7-appointment_on_tuesday_at_14-00.txt
pod,"d95e2fe882f6-viagra,_cialis,_valium,_xanax,_no_prescription,",<hrdlwcaveig,1,"mail/pod/threads/2004/d95e2fe882f6-viagra,_cialis,_valium,_xanax,_no_prescription,.txt"
pod,ac278f3c0586-our_meeting_on_the_12th,925966e8oup2$ix1r8o83$4062a1x4@lr150942398066,1,mail/pod/threads/2004/ac278f3c0586-our_meeting_on_the_12th.txt
pod,aee07fb7be63-are_you_man_enough%3F,77631461.88693@pswwd,1,mail/pod/threads/2004/aee07fb7be63-are_you_man_enough%3F.txt
pod,6cfdbd0569f3-i_have_this_lungs_problem,mcspyyuafpaaxgbyvbxumgg@boarderzone.com,1,mail/pod/threads/2004/6cfdbd0569f3-i_have_this_lungs_problem.txt
pod,"81bd9c9d820f-pomegranate,will_thisst0ck_be_a_supernova",dbb701e5ce8ebf2@tvcatalunya.com,1,"mail/pod/threads/2004/81bd9c9d820f-pomegranate,will_thisst0ck_be_a_supernova.txt"
pod,5c5d9ff4ea40-masters_or_bachelors_di%25ploma_in_30_days,%messageid@2bmail.co.uk,1,mail/pod/threads/2004/5c5d9ff4ea40-masters_or_bachelors_di%25ploma_in_30_days.txt
pod,77c8bc1c188a-online_notification%3A_you've_been_approved,c9b022fd4f2a1323fc512eeb009293da@no-id-found.mhonarc.org,1,mail/pod/threads/2004/77c8bc1c188a-online_notification%3A_you've_been_approved.txt
pod,b8da084dd397-microsoft_windows_xp_home_only_%2450,51281109481723.563srq90492xd@hotmail.com,1,mail/pod/threads/2004/b8da084dd397-microsoft_windows_xp_home_only_%2450.txt
pod,6a2e0c88068f-life_experiance_de%24gree_avail%2E_here_now%21,%messageid@a-po.st,1,mail/pod/threads/2004/6a2e0c88068f-life_experiance_de%24gree_avail%2E_here_now%21.txt
pod,bbb21b57cd93-meeting_monday_at_23-00,vwdqpywuxowscuevvhlnonox@blazemail.com,1,mail/pod/threads/2004/bbb21b57cd93-meeting_monday_at_23-00.txt
pod,28b21a6a0575-appointment_tommorow_at_16-00,001d01c3c032$d5749130$fa8be650@nullpmws4esytf,1,mail/pod/threads/2004/28b21a6a0575-appointment_tommorow_at_16-00.txt
pod,263b1a81705b-s%2Eave_thousands,d6b001c4996b$34b6e7b0$b0301707@stanyan.sm.sony.co.jp,1,mail/pod/threads/2004/263b1a81705b-s%2Eave_thousands.txt
pod,77ac67fb323a-announcement,4ac3661ff36ba5678ff26dc79786b717@no-id-found.mhonarc.org,1,mail/pod/threads/2004/77ac67fb323a-announcement.txt
pod,42d8f751e6a8-our_meeting_on_the_6th,fwrwpgmuofbwiwfufjgbuua@cncou.com,1,mail/pod/threads/2004/42d8f751e6a8-our_meeting_on_the_6th.txt
pod,58ec4f5f48e7-m%5Bo%5Drtgage_application,1758580.41469.gzypv.8568w@caramail.com,1,mail/pod/threads/2004/58ec4f5f48e7-m%5Bo%5Drtgage_application.txt
pod,8073243c5c53-90-need_a_loan7_it_takes_2_minutes_to_apply,913501c499b6$15fac47a$093685ad@03bar.ktu.lt,1,mail/pod/threads/2004/8073243c5c53-90-need_a_loan7_it_takes_2_minutes_to_apply.txt
pod,ea2005ff1b3a-making_money_online%3F,2140202502.ji6pxlh629@scorpio8.innocent06fresno.com,1,mail/pod/threads/2004/ea2005ff1b3a-making_money_online%3F.txt
pod,"27a4d4b9d139-it's_me,_lily_og7845931_from_aol_0d",<cfhegpex,1,"mail/pod/threads/2004/27a4d4b9d139-it's_me,_lily_og7845931_from_aol_0d.txt"
pod,ef241931e29d-appointment_on_wednesday_at_10-00,6141470.it7057@richmondhill.com,1,mail/pod/threads/2004/ef241931e29d-appointment_on_wednesday_at_10-00.txt
pod,"3bdc24ca6913-checkup,st0ck0pportunities",53964856432.90303459129095634310@takas.lt,1,"mail/pod/threads/2004/3bdc24ca6913-checkup,st0ck0pportunities.txt"
pod,c3763a43b4d7-your_so_lu_bryant_howard,bsxhfm$306$nqfbt@vvmniac20.neck.qqhulqrlkipn,1,mail/pod/threads/2004/c3763a43b4d7-your_so_lu_bryant_howard.txt
pod,440117259a5c-local_cheating_house_wife,qpxyxdfyezwdbxmnyagwdb@list.ru,1,mail/pod/threads/2004/440117259a5c-local_cheating_house_wife.txt
pod,8aabb8238e14-payment_n71167751,mavzflllkmcpfqountvrcnhj@msn.com,1,mail/pod/threads/2004/8aabb8238e14-payment_n71167751.txt
pod,8c34045a6f73-order_f32368,ikjgi5efs9mt@bigfoot.com,1,mail/pod/threads/2004/8c34045a6f73-order_f32368.txt
pod,9c84343f37ef-meeting_monday_at_18-00,epr0_abl7-3280668294-9030863781-48-55297.3535880179@galena9,1,mail/pod/threads/2004/9c84343f37ef-meeting_monday_at_18-00.txt
pod,fee35f72b617-appointment_on_wednesday_at_12-00,lpzhbvdxpyupgtqleene@ccnt.com.cn,1,mail/pod/threads/2004/fee35f72b617-appointment_on_wednesday_at_12-00.txt
pod,4eb79baa8de8-confirmation_number_97,qkwdcoghluydaracnxvqifaau@yahoo.com,1,mail/pod/threads/2004/4eb79baa8de8-confirmation_number_97.txt
pod,47a935d9460a-microsoft_office_software_clearance,577525543267.d4knyja46590175@pane1.catalyst76degrade.com,1,mail/pod/threads/2004/47a935d9460a-microsoft_office_software_clearance.txt
pod,"55596788ed73-remember_me,_heaven_ftk04768_from_yahoo",nfblwmgvjy9@lycos.com,1,"mail/pod/threads/2004/55596788ed73-remember_me,_heaven_ftk04768_from_yahoo.txt"
pod,"f5cfc30152ca-it's_me,_roxannactr3744155_from_msn_1q",<shqweoglrbdwim,1,"mail/pod/threads/2004/f5cfc30152ca-it's_me,_roxannactr3744155_from_msn_1q.txt"
pod,"a519e97c5fff-represent_our_company,_we_guarantee_you_great_p",200409142030.i8ekukq23760@secure.hawkfx.com,1,"mail/pod/threads/2004/a519e97c5fff-represent_our_company,_we_guarantee_you_great_p.txt"
pod,a7c10fc4888d-our_meeting_at_05-00,5073883808.vf47vyvzbh099364@godmother875.sticktight63bolt.com,1,mail/pod/threads/2004/a7c10fc4888d-our_meeting_at_05-00.txt
pod,16d38a9df1af-need_confirmation,000301c49a6c$bec65170$0a64b107@bucudkz,1,mail/pod/threads/2004/16d38a9df1af-need_confirmation.txt
pod,"bca6a306c601-it's_me,_dallasby081179_from_aim_9t",<plnhoqqd,1,"mail/pod/threads/2004/bca6a306c601-it's_me,_dallasby081179_from_aim_9t.txt"
pod,d10184655efe-%E8%BD%AF%E4%BB%B6%E4%B8%8B%E8%BD%BD,f8391063b525c5eefbb3aa4c0b704296@no-id-found.mhonarc.org,1,mail/pod/threads/2004/d10184655efe-%E8%BD%AF%E4%BB%B6%E4%B8%8B%E8%BD%BD.txt
pod,27e9a4053f41-get_viaggra_online_abel,336687f8fc81ea0240f0ca5975f9fab2@no-id-found.mhonarc.org,1,mail/pod/threads/2004/27e9a4053f41-get_viaggra_online_abel.txt
pod,"9d782fa4c635-viagra_at_%241%2E80_per_dose,_xanax%21",nrcdkxpcwtxm9jbla@charterpa.net,1,"mail/pod/threads/2004/9d782fa4c635-viagra_at_%241%2E80_per_dose,_xanax%21.txt"
pod,04010c375bbf-your_meeting_on_the_18th,rboymjdshwqohoveqexdkywjh@netamerica.com,1,mail/pod/threads/2004/04010c375bbf-your_meeting_on_the_18th.txt
pod,356e2f503c52-your_computer_is_infected_with_spyware_perry,200409150514.i8f5eafh006176@transfinite.hypercomplex.net,1,mail/pod/threads/2004/356e2f503c52-your_computer_is_infected_with_spyware_perry.txt
pod,bdb4a89bd2eb-the_time_is_now%21,78680794546$275rsn$250@kc.rr.com,1,mail/pod/threads/2004/bdb4a89bd2eb-the_time_is_now%21.txt
pod,35cacf6cfbf4-your_appointment_is_next_wednesday,696976008692682.a329lpnmm4291@tensional33.kelsey53zahav.net.il,1,mail/pod/threads/2004/35cacf6cfbf4-your_appointment_is_next_wednesday.txt
pod,e699de7246e9-appointment_on_thursday_at_17-00,kjqxixfsnlibxxolyrwcd@sd163.net,1,mail/pod/threads/2004/e699de7246e9-appointment_on_thursday_at_17-00.txt
pod,c432cc7b96cf-win_dows_xp_shipped_at_no_cost_-childhood_tier,75810vtkbx4fmm$6551846b61$70v13rh1@kyle,1,mail/pod/threads/2004/c432cc7b96cf-win_dows_xp_shipped_at_no_cost_-childhood_tier.txt
pod,524a815c9396-meeting_tuesday_at_11-00,025994w6oxaq$1104o6a7$6248s2i8@bluish,1,mail/pod/threads/2004/524a815c9396-meeting_tuesday_at_11-00.txt
pod,3967bef5e21f-schedualed_meeting_on_the_9th,682257198239398.vo75014@treasonousacclaim.com,1,mail/pod/threads/2004/3967bef5e21f-schedualed_meeting_on_the_9th.txt
pod,"b3028dcc143a-remember_me,_piper_601203_from_msn",bdusaitu7wo1@bigfoot.com,1,"mail/pod/threads/2004/b3028dcc143a-remember_me,_piper_601203_from_msn.txt"
pod,547711a0008b-your_meeting_at_17-00,%messageid@libanismail.com,1,mail/pod/threads/2004/547711a0008b-your_meeting_at_17-00.txt
pod,2b9556a95fe9-legal_operating_systems_summer-sale,21556039105339.268lub88789pb@hotmail.com,1,mail/pod/threads/2004/2b9556a95fe9-legal_operating_systems_summer-sale.txt
pod,"df91ea39dda5-it's_me,_red_ruv28266_from_aim_9d",koxraljmrkyjfdbk0k2fqt8i1r2@ae.com,1,"mail/pod/threads/2004/df91ea39dda5-it's_me,_red_ruv28266_from_aim_9d.txt"
pod,"55d9930cf134-qwuy,_going_to_tell",2009ca4aaf48e0f@duma,1,"mail/pod/threads/2004/55d9930cf134-qwuy,_going_to_tell.txt"
pod,ac816a358807-schedualed_meeting_on_the_27th,%messageid@in.sk,1,mail/pod/threads/2004/ac816a358807-schedualed_meeting_on_the_27th.txt
pod,64cabf0e1f3a-get_a_diplom%24a_in_30_days_with_your_experianc,6847603392.t544dvxfosts86@shave744.irritant07sonicnet.com,1,mail/pod/threads/2004/64cabf0e1f3a-get_a_diplom%24a_in_30_days_with_your_experianc.txt
pod,641a4bac7fba-married_whores,386047780669.64644@212.17.106.250,1,mail/pod/threads/2004/641a4bac7fba-married_whores.txt
pod,54ad4f5383db-vi-c-odin_on_sale,nbmsokdqcfpquyzrxywbh@yahoo.com,1,mail/pod/threads/2004/54ad4f5383db-vi-c-odin_on_sale.txt
pod,44b6618b06ab-all_the_meds_you_need,tgsdayryhzubadtntlbvvpnic@hotmail.com,2,mail/pod/threads/2004/44b6618b06ab-all_the_meds_you_need.txt
pod,2b5261526be1-meeting_thursday_at_22-00,vttbnghptjlcsaqhxuhjjdmm@anet.ne.jp,1,mail/pod/threads/2004/2b5261526be1-meeting_thursday_at_22-00.txt
pod,91e264edd23b-horse_breaks_cunt_depth_record,%messageid@mulch,1,mail/pod/threads/2004/91e264edd23b-horse_breaks_cunt_depth_record.txt
pod,5a943778af55-banknorth%2Ecom_security_update_-_urgenkc,a55e5ce7fc1bd50146f38f99798a064e@no-id-found.mhonarc.org,1,mail/pod/threads/2004/5a943778af55-banknorth%2Ecom_security_update_-_urgenkc.txt
pod,8e4164d8f118-fantastic,fa7e84526ff62711880ce870639708d4@no-id-found.mhonarc.org,1,mail/pod/threads/2004/8e4164d8f118-fantastic.txt
pod,9f7bf3f38ebf-payment_n597652207,200409161322.i8gdmsfh023808@transfinite.hypercomplex.net,1,mail/pod/threads/2004/9f7bf3f38ebf-payment_n597652207.txt
pod,"f3b1799e60e5-appointment_on_tuesday_at_01-00_-_thu,_16_sep_2",lgv7_dse0-1883097807-1757105610-06-43728.9008120677@3,1,"mail/pod/threads/2004/f3b1799e60e5-appointment_on_tuesday_at_01-00_-_thu,_16_sep_2.txt"
pod,de8369c13600-your_form_was_accepted%2E_welcome_aboard,630023.39186.ysyrjn.1902pe@islc.net,1,mail/pod/threads/2004/de8369c13600-your_form_was_accepted%2E_welcome_aboard.txt
pod,"44415402b3be-your_membership_expires_august_27th_-_thu,_16_s",935989351458.grf39nslznnt48323@886.35fidalgo.net,1,"mail/pod/threads/2004/44415402b3be-your_membership_expires_august_27th_-_thu,_16_s.txt"
pod,59f744334fb6-payment_n37351222,200409161755.i8ghtnfh005473@transfinite.hypercomplex.net,1,mail/pod/threads/2004/59f744334fb6-payment_n37351222.txt
pod,4da83e2b8dc5-i_need_your_details_by_august_29th_at_16-00,566155o962h2211u48f8670a1g7416@,1,mail/pod/threads/2004/4da83e2b8dc5-i_need_your_details_by_august_29th_at_16-00.txt
pod,"72a2d47e3c96-application,_thu,_16_sep_2004_23%3A56%3A46_%2B0",tefdivaevzikr0rk@ae.com,1,"mail/pod/threads/2004/72a2d47e3c96-application,_thu,_16_sep_2004_23%3A56%3A46_%2B0.txt"
pod,"833344d7c0e0-it's_me,_divinityok0625721_from_msn_1k",<vjqtfhixv,1,"mail/pod/threads/2004/833344d7c0e0-it's_me,_divinityok0625721_from_msn_1k.txt"
pod,449d2e057d25-tentative_meeting_on_the_7th,466446309441.w1slapc5361848@slot1.clan97computerhorizons.com,1,mail/pod/threads/2004/449d2e057d25-tentative_meeting_on_the_7th.txt
pod,4282a713851d-jews_do_not_even_respect_the_worship_of_christa,200409170308.i8h38bfh001152@transfinite.hypercomplex.net,1,mail/pod/threads/2004/4282a713851d-jews_do_not_even_respect_the_worship_of_christa.txt
pod,30b89b065062-economy_is_finally_getting_better,586663q7sjbn$4398l6h3$9029c1i5@temper,1,mail/pod/threads/2004/30b89b065062-economy_is_finally_getting_better.txt
pod,200087250491-legitamate_software_at_half_the_price,jltzqppcthgzuffjlfjf@hctc.com,2,mail/pod/threads/2004/200087250491-legitamate_software_at_half_the_price.txt
pod,51d20f10cc91-time_may_be_running_out,scjwgvhtllqqczlonkvuk@genie.com,1,mail/pod/threads/2004/51d20f10cc91-time_may_be_running_out.txt
pod,8a970cae02ec-appointment_on_sunday_at_01-00,75684zj7bul24$l68hl61dg292$502kd5s05@uu758200895099244,1,mail/pod/threads/2004/8a970cae02ec-appointment_on_sunday_at_01-00.txt
pod,6ddfca580308-no_subject,2004ehut1gqmnibv2.tf2etfdtfa5h1ad4mhjg3nlwctyw.qmail@webfavqjzbp24i879vzzpfxlpvvmbf3nagbzx73oyin.mail.yahoo.com,1,mail/pod/threads/2004/6ddfca580308-no_subject.txt
pod,2e4f165423ee-no_subject,<4[10,1,mail/pod/threads/2004/2e4f165423ee-no_subject.txt
pod,"aff82e08e2ea-hqswaelcmn,the_st0ck_to_watch,dlrujp",9293707385729.37333066296905625708778@163.net,1,"mail/pod/threads/2004/aff82e08e2ea-hqswaelcmn,the_st0ck_to_watch,dlrujp.txt"
pod,"9a87006d19f6-bruno,horse_with_girl",vpbkqgjrqxneuregybjcq@rh.com.pe,1,"mail/pod/threads/2004/9a87006d19f6-bruno,horse_with_girl.txt"
pod,73baf467e488-citibank%3A_important_notification,049728bdefeb2a3833ab13d2bc474ce3@no-id-found.mhonarc.org,1,mail/pod/threads/2004/73baf467e488-citibank%3A_important_notification.txt
