date,lines,messages,nicks,tz,format,source,days_observed,days_in_range,undated_lines,fragments
2000-05-26..2000-10-28,1460,1460,46,unknown,bracket,lojban/2000_all/2000_05_26--2000_10_28.txt,91,156,,1
2002-05-12..2002-11-28,13916,13869,149,unknown,bracket,lojban/2002_middle/2002_05_12--2002_11_28.txt,194,201,,1
2002-11-29..2002-12-26,1283,1278,29,unknown,bracket,lojban/2002_12/2002_11_29--2002_12_26.txt,27,28,,1
2002-12-27,62,61,4,unknown,undated,lojban/2002_12/2002_12_27.txt,,,62,1
2002-12-28,1,1,1,unknown,undated,lojban/2002_12/2002_12_28-12_41.txt,,,1,1
2002-12-30,23,23,10,unknown,undated,"lojban/2002_12/2002_12_30-02_41.txt,lojban/2002_12/2002_12_30-09_40.txt",,,23,2
2002-12-31,177,176,10,unknown,legacy+undated,"lojban/2002_12/2002_12_31-02_21.txt,lojban/2003_01/2003_01_01-02_21.txt",,,77,2
2003-01-01,31,30,8,unknown,legacy,"lojban/2003_01/2003_01_01-02_21.txt,lojban/2003_01/2003_01_02-02_21.txt",,,,2
2003-01-02,56,56,9,unknown,legacy,lojban/2003_01/2003_01_03-02_21.txt,,,,1
2003-01-03,17,17,5,unknown,legacy,lojban/2003_01/2003_01_04-02_21.txt,,,,1
2003-01-04,15,15,3,unknown,legacy,"lojban/2003_01/2003_01_04-02_21.txt,lojban/2003_01/2003_01_05-02_21.txt",,,,2
2003-01-05,11,11,3,unknown,legacy,lojban/2003_01/2003_01_06-02_22.txt,,,,1
2003-01-06,83,83,9,unknown,legacy,"lojban/2003_01/2003_01_06-02_22.txt,lojban/2003_01/2003_01_07-02_24.txt",,,,2
2003-01-07,64,64,5,unknown,legacy,lojban/2003_01/2003_01_08-02_23.txt,,,,1
2003-01-08,17,17,7,unknown,legacy,lojban/2003_01/2003_01_09-02_24.txt,,,,1
2003-01-09,40,40,5,unknown,legacy,"lojban/2003_01/2003_01_09-02_24.txt,lojban/2003_01/2003_01_10-02_23.txt",,,,2
2003-01-10,2,2,2,unknown,legacy,lojban/2003_01/2003_01_11-02_22.txt,,,,1
2003-01-11,11,11,5,unknown,legacy,lojban/2003_01/2003_01_12-02_22.txt,,,,1
2003-01-12,10,10,3,unknown,legacy,"lojban/2003_01/2003_01_12-02_22.txt,lojban/2003_01/2003_01_13-02_22.txt",,,,2
2003-01-13,45,45,5,unknown,legacy,lojban/2003_01/2003_01_14-02_27.txt,,,,1
2003-01-14,35,35,7,unknown,legacy,"lojban/2003_01/2003_01_14-02_27.txt,lojban/2003_01/2003_01_15-02_21.txt",,,,2
2003-01-15,14,14,5,unknown,legacy,lojban/2003_01/2003_01_16-02_22.txt,,,,1
2003-01-16,21,21,6,unknown,legacy,lojban/2003_01/2003_01_17-02_23.txt,,,,1
2003-01-17,17,17,3,unknown,legacy,lojban/2003_01/2003_01_18-02_24.txt,,,,1
2003-01-18,4,4,3,unknown,legacy,lojban/2003_01/2003_01_19-02_22.txt,,,,1
2003-01-19,6,6,3,unknown,legacy,"lojban/2003_01/2003_01_19-02_22.txt,lojban/2003_01/2003_01_20-02_22.txt",,,,2
2003-01-20,13,13,3,unknown,legacy,lojban/2003_01/2003_01_21-02_23.txt,,,,1
2003-01-21,7,7,4,unknown,legacy,lojban/2003_01/2003_01_22-02_22.txt,,,,1
2003-01-22,54,54,9,unknown,legacy,lojban/2003_01/2003_01_23-02_26.txt,,,,1
2003-01-23,15,15,6,unknown,legacy,lojban/2003_01/2003_01_24-02_23.txt,,,,1
2003-01-24,59,59,7,unknown,legacy,lojban/2003_01/2003_01_25-05_22.txt,,,,1
2003-01-25,1,1,1,unknown,legacy,lojban/2003_01/2003_01_25-05_22.txt,,,,1
2003-01-26,27,27,6,unknown,legacy+undated,"lojban/2003_01/2003_01_26-02_24.txt,lojban/2003_01/2003_01_27-02_22.txt",,,25,2
2003-01-27,54,54,8,unknown,legacy,lojban/2003_01/2003_01_28-02_24.txt,,,,1
2003-01-28,38,38,3,unknown,legacy,"lojban/2003_01/2003_01_28-02_24.txt,lojban/2003_01/2003_01_29-02_25.txt",,,,2
2003-01-29,16,16,5,unknown,legacy,"lojban/2003_01/2003_01_29-02_25.txt,lojban/2003_01/2003_01_30-02_24.txt",,,,2
2003-01-30,56,56,8,unknown,legacy,"lojban/2003_01/2003_01_30-02_24.txt,lojban/2003_01/2003_01_31-02_26.txt",,,,2
2003-01-31,24,24,6,unknown,legacy,lojban/2003_02/2003_02_01-02_27.txt,,,,1
2003-02-01,1,1,1,unknown,legacy,lojban/2003_02/2003_02_02-02_22.txt,,,,1
2003-02-02,3,3,3,unknown,legacy,lojban/2003_02/2003_02_03-02_25.txt,,,,1
2003-02-03,24,24,4,unknown,legacy,"lojban/2003_02/2003_02_03-02_25.txt,lojban/2003_02/2003_02_04-02_23.txt",,,,2
2003-02-05,17,17,4,unknown,legacy,lojban/2003_02/2003_02_06-02_25.txt,,,,1
2003-02-06,2,2,1,unknown,legacy,lojban/2003_02/2003_02_06-02_25.txt,,,,1
2003-02-07,6,6,3,unknown,legacy,lojban/2003_02/2003_02_08-02_24.txt,,,,1
2003-02-08,34,34,7,unknown,legacy,"lojban/2003_02/2003_02_08-02_24.txt,lojban/2003_02/2003_02_09-02_21.txt",,,,2
2003-02-09,35,35,6,unknown,legacy,"lojban/2003_02/2003_02_09-02_21.txt,lojban/2003_02/2003_02_10-02_22.txt",,,,2
2003-02-10,14,14,3,unknown,legacy,lojban/2003_02/2003_02_11-02_25.txt,,,,1
2003-02-11,47,47,6,unknown,legacy,"lojban/2003_02/2003_02_11-02_25.txt,lojban/2003_02/2003_02_12-02_24.txt",,,,2
2003-02-12,17,17,6,unknown,legacy,lojban/2003_02/2003_02_13-02_23.txt,,,,1
2003-02-14,30,30,3,unknown,legacy,lojban/2003_02/2003_02_15-02_24.txt,,,,1
2003-02-15,5,5,2,unknown,legacy,"lojban/2003_02/2003_02_15-02_24.txt,lojban/2003_02/2003_02_16-02_22.txt",,,,2
2003-02-16,2,2,2,unknown,legacy,lojban/2003_02/2003_02_17-02_21.txt,,,,1
2003-02-17,12,12,4,unknown,legacy,lojban/2003_02/2003_02_18-02_23.txt,,,,1
2003-02-18,85,85,7,unknown,legacy,"lojban/2003_02/2003_02_18-02_23.txt,lojban/2003_02/2003_02_19-02_21.txt",,,,2
2003-02-19,11,11,4,unknown,legacy,lojban/2003_02/2003_02_20-02_25.txt,,,,1
2003-02-20,59,59,7,unknown,legacy,lojban/2003_02/2003_02_21-02_26.txt,,,,1
2003-02-21,18,16,6,unknown,legacy,"lojban/2003_02/2003_02_21-02_26.txt,lojban/2003_02/2003_02_22-02_24.txt",,,,2
2003-02-22,13,12,6,unknown,legacy,"lojban/2003_02/2003_02_22-02_24.txt,lojban/2003_02/2003_02_23-02_22.txt",,,,2
2003-02-23,131,130,8,unknown,legacy,lojban/2003_02/2003_02_24-02_24.txt,,,,1
2003-02-24,54,53,9,unknown,legacy,lojban/2003_02/2003_02_25-02_30.txt,,,,1
2003-02-25,4,3,3,unknown,legacy,"lojban/2003_02/2003_02_25-02_30.txt,lojban/2003_02/2003_02_26-02_21.txt",,,,2
2003-02-26,27,26,8,unknown,legacy,lojban/2003_02/2003_02_27-02_26.txt,,,,1
2003-02-27,36,35,7,unknown,legacy,lojban/2003_02/2003_02_28-02_28.txt,,,,1
2003-02-28,28,28,6,unknown,legacy,lojban/2003_03/2003_03_01-02_22.txt,,,,1
2003-03-01,6,6,5,unknown,legacy,"lojban/2003_03/2003_03_01-02_22.txt,lojban/2003_03/2003_03_02-02_22.txt",,,,2
2003-03-02,42,42,7,unknown,legacy,lojban/2003_03/2003_03_03-02_26.txt,,,,1
2003-03-03,21,21,6,unknown,legacy,"lojban/2003_03/2003_03_03-02_26.txt,lojban/2003_03/2003_03_04-02_23.txt",,,,2
2003-03-04,20,20,8,unknown,legacy,"lojban/2003_03/2003_03_04-02_23.txt,lojban/2003_03/2003_03_05-02_27.txt",,,,2
2003-03-05,12,12,6,unknown,legacy,lojban/2003_03/2003_03_06-02_22.txt,,,,1
2003-03-06,51,51,11,unknown,legacy,lojban/2003_03/2003_03_07-02_37.txt,,,,1
2003-03-07,55,55,9,unknown,legacy,lojban/2003_03/2003_03_08-02_27.txt,,,,1
2003-03-08,36,36,10,unknown,legacy,"lojban/2003_03/2003_03_08-02_27.txt,lojban/2003_03/2003_03_09-02_25.txt",,,,2
2003-03-09,26,26,7,unknown,legacy,lojban/2003_03/2003_03_10-02_25.txt,,,,1
2003-03-10,53,53,11,unknown,legacy,"lojban/2003_03/2003_03_10-02_25.txt,lojban/2003_03/2003_03_11-02_30.txt",,,,2
2003-03-11,42,42,10,unknown,legacy,"lojban/2003_03/2003_03_11-02_30.txt,lojban/2003_03/2003_03_12-02_40.txt",,,,2
2003-03-12,42,42,10,unknown,legacy,"lojban/2003_03/2003_03_12-02_40.txt,lojban/2003_03/2003_03_13-02_39.txt",,,,2
2003-03-13,41,41,8,unknown,legacy,"lojban/2003_03/2003_03_13-02_39.txt,lojban/2003_03/2003_03_14-02_36.txt",,,,2
2003-03-14,71,71,12,unknown,legacy,"lojban/2003_03/2003_03_14-02_36.txt,lojban/2003_03/2003_03_15-02_37.txt",,,,2
2003-03-15,34,34,8,unknown,legacy,"lojban/2003_03/2003_03_15-02_37.txt,lojban/2003_03/2003_03_16-02_26.txt",,,,2
2003-03-16,26,26,9,unknown,legacy,"lojban/2003_03/2003_03_16-02_26.txt,lojban/2003_03/2003_03_17-02_27.txt",,,,2
2003-03-17,42,42,9,unknown,legacy,lojban/2003_03/2003_03_18-02_27.txt,,,,1
2003-03-18,86,86,10,unknown,legacy,"lojban/2003_03/2003_03_18-02_27.txt,lojban/2003_03/2003_03_19-02_33.txt",,,,2
2003-03-19,38,38,10,unknown,legacy,"lojban/2003_03/2003_03_19-02_33.txt,lojban/2003_03/2003_03_20-02_34.txt",,,,2
2003-03-20,32,32,10,unknown,legacy,"lojban/2003_03/2003_03_20-02_34.txt,lojban/2003_03/2003_03_21-02_28.txt",,,,2
2003-03-21,31,31,6,unknown,legacy,"lojban/2003_03/2003_03_21-02_28.txt,lojban/2003_03/2003_03_22-02_27.txt",,,,2
2003-03-22,46,46,9,unknown,legacy,"lojban/2003_03/2003_03_22-02_27.txt,lojban/2003_03/2003_03_23-02_22.txt",,,,2
2003-03-23,9,9,5,unknown,legacy,lojban/2003_03/2003_03_24-02_23.txt,,,,1
2003-03-24,48,48,9,unknown,legacy,lojban/2003_03/2003_03_25-02_23.txt,,,,1
2003-03-25,47,47,7,unknown,legacy,lojban/2003_03/2003_03_26-02_28.txt,,,,1
2003-03-26,26,26,7,unknown,legacy,lojban/2003_03/2003_03_27-02_26.txt,,,,1
2003-03-27,23,23,6,unknown,legacy,"lojban/2003_03/2003_03_27-02_26.txt,lojban/2003_03/2003_03_28-02_24.txt",,,,2
2003-03-28,23,23,6,unknown,legacy,"lojban/2003_03/2003_03_28-02_24.txt,lojban/2003_03/2003_03_29-02_27.txt",,,,2
2003-03-29,55,55,9,unknown,legacy,"lojban/2003_03/2003_03_29-02_27.txt,lojban/2003_03/2003_03_30-02_26.txt",,,,2
2003-03-30,36,36,8,unknown,legacy,"lojban/2003_03/2003_03_30-02_26.txt,lojban/2003_03/2003_03_31-02_29.txt",,,,2
2003-03-31,51,51,8,unknown,legacy,"lojban/2003_03/2003_03_31-02_29.txt,lojban/2003_04/2003_04_01-02_26.txt",,,,2
2003-04-01,42,42,6,unknown,legacy,"lojban/2003_04/2003_04_01-02_26.txt,lojban/2003_04/2003_04_02-02_34.txt",,,,2
2003-04-02,30,30,7,unknown,legacy,"lojban/2003_04/2003_04_02-02_34.txt,lojban/2003_04/2003_04_03-02_25.txt",,,,2
2003-04-03,37,37,10,unknown,legacy,"lojban/2003_04/2003_04_03-02_25.txt,lojban/2003_04/2003_04_04-02_21.txt",,,,2
2003-04-04,27,27,7,unknown,legacy,"lojban/2003_04/2003_04_04-02_21.txt,lojban/2003_04/2003_04_05-02_25.txt",,,,2
2003-04-05,16,16,6,unknown,legacy,lojban/2003_04/2003_04_07-02_27.txt,,,,1
2003-04-06,29,29,8,unknown,legacy,lojban/2003_04/2003_04_07-02_27.txt,,,,1
2003-04-07,17,17,5,unknown,legacy,"lojban/2003_04/2003_04_07-02_27.txt,lojban/2003_04/2003_04_08-02_29.txt",,,,2
2003-04-08,56,56,7,unknown,legacy,lojban/2003_04/2003_04_09-02_29.txt,,,,1
2003-04-09,13,13,7,unknown,legacy,"lojban/2003_04/2003_04_09-02_29.txt,lojban/2003_04/2003_04_10-02_26.txt",,,,2
2003-04-10,43,43,9,unknown,legacy,"lojban/2003_04/2003_04_10-02_26.txt,lojban/2003_04/2003_04_11-02_39.txt",,,,2
2003-04-11,41,41,8,unknown,legacy,"lojban/2003_04/2003_04_11-02_39.txt,lojban/2003_04/2003_04_12-02_27.txt",,,,2
2003-04-12,7,7,3,unknown,legacy,lojban/2003_04/2003_04_13-02_25.txt,,,,1
2003-04-13,10,10,4,unknown,legacy,lojban/2003_04/2003_04_14-02_24.txt,,,,1
2003-04-14,61,61,9,unknown,legacy,lojban/2003_04/2003_04_15-02_31.txt,,,,1
2003-04-15,96,96,10,unknown,legacy,lojban/2003_04/2003_04_16-02_25.txt,,,,1
2003-04-16,58,58,9,unknown,legacy,"lojban/2003_04/2003_04_16-02_25.txt,lojban/2003_04/2003_04_17-02_26.txt",,,,2
2003-04-17,22,22,7,unknown,legacy,"lojban/2003_04/2003_04_17-02_26.txt,lojban/2003_04/2003_04_18-02_35.txt",,,,2
2003-04-18,99,99,9,unknown,legacy,"lojban/2003_04/2003_04_18-02_35.txt,lojban/2003_04/2003_04_19-02_29.txt",,,,2
2003-04-19,6,6,6,unknown,legacy,lojban/2003_04/2003_04_20-02_26.txt,,,,1
2003-04-20,95,95,8,unknown,legacy,lojban/2003_04/2003_04_21-02_29.txt,,,,1
2003-04-21,34,34,7,unknown,legacy,"lojban/2003_04/2003_04_21-02_29.txt,lojban/2003_04/2003_04_22-02_28.txt",,,,2
2003-04-22,29,29,6,unknown,legacy,"lojban/2003_04/2003_04_22-02_28.txt,lojban/2003_04/2003_04_23-02_28.txt",,,,2
2003-04-23,46,46,12,unknown,legacy,lojban/2003_04/2003_04_24-02_28.txt,,,,1
2003-04-24,19,19,5,unknown,legacy,"lojban/2003_04/2003_04_24-02_28.txt,lojban/2003_04/2003_04_25-02_25.txt",,,,2
2003-04-25,37,37,7,unknown,legacy,"lojban/2003_04/2003_04_25-02_25.txt,lojban/2003_04/2003_04_26-02_32.txt",,,,2
2003-04-26,23,23,5,unknown,legacy,"lojban/2003_04/2003_04_26-02_32.txt,lojban/2003_04/2003_04_27-02_25.txt",,,,2
2003-04-27,24,24,7,unknown,legacy,"lojban/2003_04/2003_04_27-02_25.txt,lojban/2003_04/2003_04_28-02_27.txt",,,,2
2003-04-28,31,31,9,unknown,legacy,"lojban/2003_04/2003_04_28-02_27.txt,lojban/2003_04/2003_04_29-02_30.txt",,,,2
2003-04-29,35,35,6,unknown,legacy,"lojban/2003_04/2003_04_29-02_30.txt,lojban/2003_04/2003_04_30-02_25.txt",,,,2
2003-04-30,15,15,7,unknown,legacy,"lojban/2003_04/2003_04_30-02_25.txt,lojban/2003_05/2003_05_01-02_25.txt",,,,2
2003-05-01,12,12,5,unknown,legacy,lojban/2003_05/2003_05_02-02_26.txt,,,,1
2003-05-02,8,8,3,unknown,legacy,lojban/2003_05/2003_05_03-02_24.txt,,,,1
2003-05-03,5,5,3,unknown,legacy,"lojban/2003_05/2003_05_03-02_24.txt,lojban/2003_05/2003_05_04-02_22.txt",,,,2
2003-05-04,18,18,5,unknown,legacy,"lojban/2003_05/2003_05_04-02_22.txt,lojban/2003_05/2003_05_05-02_22.txt",,,,2
2003-05-05,1,1,1,unknown,legacy,lojban/2003_05/2003_05_05-02_22.txt,,,,1
2003-05-06,37,37,8,unknown,legacy,"lojban/2003_05/2003_05_06-02_22.txt,lojban/2003_05/2003_05_07-02_25.txt",,,,2
2003-05-07,25,25,5,unknown,legacy,lojban/2003_05/2003_05_08-02_22.txt,,,,1
2003-05-08,34,34,6,unknown,legacy,lojban/2003_05/2003_05_09-02_23.txt,,,,1
2003-05-09,27,27,4,unknown,legacy,lojban/2003_05/2003_05_10-02_23.txt,,,,1
2003-05-10,36,36,8,unknown,legacy,"lojban/2003_05/2003_05_10-02_23.txt,lojban/2003_05/2003_05_11-02_22.txt",,,,2
2003-05-11,13,13,5,unknown,legacy,"lojban/2003_05/2003_05_11-02_22.txt,lojban/2003_05/2003_05_12-02_23.txt",,,,2
2003-05-12,7,7,3,unknown,legacy,lojban/2003_05/2003_05_13-02_26.txt,,,,1
2003-05-13,32,32,6,unknown,legacy,lojban/2003_05/2003_05_14-02_25.txt,,,,1
2003-05-14,38,37,10,unknown,legacy,"lojban/2003_05/2003_05_14-02_25.txt,lojban/2003_05/2003_05_15-02_23.txt",,,,2
2003-05-15,133,132,13,unknown,legacy,"lojban/2003_05/2003_05_15-02_23.txt,lojban/2003_05/2003_05_16-02_27.txt",,,,2
2003-05-16,186,185,10,unknown,legacy,"lojban/2003_05/2003_05_16-02_27.txt,lojban/2003_05/2003_05_17-02_32.txt",,,,2
2003-05-17,52,51,7,unknown,legacy,"lojban/2003_05/2003_05_17-02_32.txt,lojban/2003_05/2003_05_18-02_23.txt",,,,2
2003-05-18,67,66,8,unknown,legacy,"lojban/2003_05/2003_05_18-02_23.txt,lojban/2003_05/2003_05_19-02_23.txt",,,,2
2003-05-19,51,50,9,unknown,legacy,lojban/2003_05/2003_05_20-02_22.txt,,,,1
2003-05-20,110,108,10,unknown,legacy,"lojban/2003_05/2003_05_20-02_22.txt,lojban/2003_05/2003_05_21-02_31.txt",,,,2
2003-05-21,52,51,12,unknown,legacy,"lojban/2003_05/2003_05_21-02_31.txt,lojban/2003_05/2003_05_22-02_32.txt",,,,2
2003-05-22,17,16,7,unknown,legacy,"lojban/2003_05/2003_05_22-02_32.txt,lojban/2003_05/2003_05_23-02_22.txt",,,,2
2003-05-23,9,8,4,unknown,legacy,lojban/2003_05/2003_05_24-02_22.txt,,,,1
2003-05-24,13,12,2,unknown,legacy,lojban/2003_05/2003_05_25-02_22.txt,,,,1
2003-05-25,46,45,4,unknown,legacy,lojban/2003_05/2003_05_26-02_22.txt,,,,1
2003-05-26,11,10,4,unknown,legacy,lojban/2003_05/2003_05_27-02_22.txt,,,,1
2003-05-27,107,106,10,unknown,legacy,lojban/2003_05/2003_05_28-02_37.txt,,,,1
2003-05-28,133,132,6,unknown,legacy,"lojban/2003_05/2003_05_28-02_37.txt,lojban/2003_05/2003_05_29-02_31.txt",,,,2
2003-05-29,27,26,4,unknown,legacy,lojban/2003_05/2003_05_30-02_23.txt,,,,1
2003-05-30,53,52,9,unknown,legacy,lojban/2003_05/2003_05_31-02_30.txt,,,,1
2003-05-31,41,40,9,unknown,legacy,lojban/2003_06/2003_06_01-02_29.txt,,,,1
2003-06-01,130,129,15,unknown,legacy,"lojban/2003_06/2003_06_01-02_29.txt,lojban/2003_06/2003_06_02-02_41.txt",,,,2
2003-06-02,308,307,16,unknown,legacy,"lojban/2003_06/2003_06_02-02_41.txt,lojban/2003_06/2003_06_03-02_41.txt",,,,2
2003-06-03,109,108,13,unknown,legacy,"lojban/2003_06/2003_06_03-02_41.txt,lojban/2003_06/2003_06_04-02_37.txt",,,,2
2003-06-04,172,171,19,unknown,legacy,"lojban/2003_06/2003_06_04-02_37.txt,lojban/2003_06/2003_06_05-02_29.txt",,,,2
2003-06-05,104,103,16,unknown,legacy,"lojban/2003_06/2003_06_05-02_29.txt,lojban/2003_06/2003_06_06-02_34.txt",,,,2
2003-06-06,164,163,14,unknown,legacy,lojban/2003_06/2003_06_07-02_31.txt,,,,1
2003-06-07,77,76,11,unknown,legacy,lojban/2003_06/2003_06_08-02_27.txt,,,,1
2003-06-08,137,136,21,unknown,legacy,lojban/2003_06/2003_06_09-02_46.txt,,,,1
2003-06-09,123,122,14,unknown,legacy,lojban/2003_06/2003_06_10-02_47.txt,,,,1
2003-06-10,103,102,22,unknown,legacy,"lojban/2003_06/2003_06_10-02_47.txt,lojban/2003_06/2003_06_11-02_32.txt",,,,2
2003-06-11,29,28,9,unknown,legacy,lojban/2003_06/2003_06_12-02_24.txt,,,,1
2003-06-12,61,60,11,unknown,legacy,lojban/2003_06/2003_06_13-02_33.txt,,,,1
2003-06-13,77,75,14,unknown,legacy,lojban/2003_06/2003_06_14-02_48.txt,,,,1
2003-06-14,157,156,12,unknown,legacy,"lojban/2003_06/2003_06_14-02_48.txt,lojban/2003_06/2003_06_15-02_26.txt",,,,2
2003-06-15,86,85,14,unknown,legacy,"lojban/2003_06/2003_06_15-02_26.txt,lojban/2003_06/2003_06_16-02_40.txt",,,,2
2003-06-16,372,372,15,unknown,legacy,"lojban/2003_06/2003_06_16-02_40.txt,lojban/2003_06/2003_06_17-02_54.txt",,,,2
2003-06-17,130,130,17,unknown,legacy,"lojban/2003_06/2003_06_17-02_54.txt,lojban/2003_06/2003_06_18-02_38.txt",,,,2
2003-06-18,130,130,18,unknown,legacy,lojban/2003_06/2003_06_19-02_27.txt,,,,1
2003-06-19,141,141,18,unknown,legacy,"lojban/2003_06/2003_06_19-02_27.txt,lojban/2003_06/2003_06_21-02_41.txt",,,,2
2003-06-20,177,177,14,unknown,legacy,lojban/2003_06/2003_06_21-02_41.txt,,,,1
2003-06-21,34,34,7,unknown,legacy,"lojban/2003_06/2003_06_21-02_41.txt,lojban/2003_06/2003_06_22-02_21.txt",,,,2
2003-06-22,18,18,5,unknown,legacy,"lojban/2003_06/2003_06_22-02_21.txt,lojban/2003_06/2003_06_23-02_22.txt",,,,2
2003-06-23,14,14,5,unknown,legacy,lojban/2003_06/2003_06_24-02_24.txt,,,,1
2003-06-24,65,65,6,unknown,legacy,lojban/2003_06/2003_06_25-02_22.txt,,,,1
2003-06-25,30,30,6,unknown,legacy,lojban/2003_06/2003_06_26-02_22.txt,,,,1
2003-06-26,44,44,13,unknown,legacy,"lojban/2003_06/2003_06_26-02_22.txt,lojban/2003_06/2003_06_27-02_27.txt",,,,2
2003-06-27,39,39,10,unknown,legacy,"lojban/2003_06/2003_06_27-02_27.txt,lojban/2003_06/2003_06_28-02_27.txt",,,,2
2003-06-28,5,5,4,unknown,legacy,lojban/2003_06/2003_06_29-02_21.txt,,,,1
2003-06-29,8,8,6,unknown,legacy,lojban/2003_06/2003_06_30-02_22.txt,,,,1
2003-06-30,79,79,9,unknown,legacy,lojban/2003_07/2003_07_01-02_34.txt,,,,1
2003-07-01,100,100,12,unknown,legacy,"lojban/2003_07/2003_07_01-02_34.txt,lojban/2003_07/2003_07_02-02_29.txt",,,,2
2003-07-02,134,134,12,unknown,legacy,lojban/2003_07/2003_07_03-02_49.txt,,,,1
2003-07-03,72,72,13,unknown,legacy,lojban/2003_07/2003_07_04-02_26.txt,,,,1
2003-07-04,2,2,2,unknown,legacy,lojban/2003_07/2003_07_05-02_21.txt,,,,1
2003-07-05,22,22,8,unknown,legacy,"lojban/2003_07/2003_07_05-02_21.txt,lojban/2003_07/2003_07_06-02_25.txt",,,,2
2003-07-06,32,32,11,unknown,legacy,"lojban/2003_07/2003_07_06-02_25.txt,lojban/2003_07/2003_07_07-02_22.txt",,,,2
2003-07-07,121,121,11,unknown,legacy,lojban/2003_07/2003_07_08-02_26.txt,,,,1
2003-07-08,83,83,10,unknown,legacy,"lojban/2003_07/2003_07_08-02_26.txt,lojban/2003_07/2003_07_09-02_39.txt",,,,2
2003-07-09,2,2,2,unknown,legacy,"lojban/2003_07/2003_07_09-02_39.txt,lojban/2003_07/2003_07_10-02_24.txt",,,,2
2003-07-10,109,109,13,unknown,legacy,lojban/2003_07/2003_07_11-02_26.txt,,,,1
2003-07-11,105,105,11,unknown,legacy,"lojban/2003_07/2003_07_11-02_26.txt,lojban/2003_07/2003_07_12-02_41.txt",,,,2
2003-07-12,15,15,4,unknown,legacy,"lojban/2003_07/2003_07_12-02_41.txt,lojban/2003_07/2003_07_13-02_22.txt",,,,2
2003-07-13,19,19,9,unknown,legacy,"lojban/2003_07/2003_07_13-02_22.txt,lojban/2003_07/2003_07_14-02_29.txt",,,,2
2003-07-14,26,26,9,unknown,legacy,lojban/2003_07/2003_07_17-02_44.txt,,,,1
2003-07-15,83,83,13,unknown,legacy,lojban/2003_07/2003_07_17-02_44.txt,,,,1
2003-07-16,86,86,10,unknown,legacy,lojban/2003_07/2003_07_17-02_44.txt,,,,1
2003-07-17,21,21,9,unknown,legacy,"lojban/2003_07/2003_07_17-02_44.txt,lojban/2003_07/2003_07_18-02_26.txt",,,,2
2003-07-18,30,30,11,unknown,legacy,lojban/2003_07/2003_07_19-02_28.txt,,,,1
2003-07-19,5,5,3,unknown,legacy,lojban/2003_07/2003_07_21-02_22.txt,,,,1
2003-07-20,2,2,2,unknown,legacy,lojban/2003_07/2003_07_21-02_22.txt,,,,1
2003-07-21,25,25,7,unknown,legacy,lojban/2003_07/2003_07_23-02_22.txt,,,,1
2003-07-22,17,17,7,unknown,legacy,lojban/2003_07/2003_07_23-02_22.txt,,,,1
2003-07-23,26,26,6,unknown,legacy,lojban/2003_07/2003_07_24-02_21.txt,,,,1
2003-07-24,117,117,7,unknown,legacy,lojban/2003_07/2003_07_25-02_22.txt,,,,1
2003-07-25,16,16,6,unknown,legacy,lojban/2003_07/2003_07_26-02_21.txt,,,,1
2003-07-26,21,21,4,unknown,legacy,"lojban/2003_07/2003_07_26-02_21.txt,lojban/2003_07/2003_07_27-02_21.txt",,,,2
2003-07-27,12,11,3,unknown,legacy,lojban/2003_07/2003_07_28-02_21.txt,,,,1
2003-07-28,93,92,13,unknown,legacy,lojban/2003_07/2003_07_29-02_21.txt,,,,1
2003-07-29,27,26,5,unknown,legacy,lojban/2003_07/2003_07_30-02_21.txt,,,,1
2003-07-30,64,63,11,unknown,legacy,lojban/2003_07/2003_07_31-02_22.txt,,,,1
2003-07-31,34,33,7,unknown,legacy,"lojban/2003_07/2003_07_31-02_22.txt,lojban/2003_08/2003_08_01-02_22.txt",,,,2
2003-08-01,36,35,7,unknown,legacy,"lojban/2003_08/2003_08_01-02_22.txt,lojban/2003_08/2003_08_02-02_24.txt",,,,2
2003-08-02,9,8,4,unknown,legacy,lojban/2003_08/2003_08_03-02_21.txt,,,,1
2003-08-03,26,25,4,unknown,legacy,"lojban/2003_08/2003_08_03-02_21.txt,lojban/2003_08/2003_08_04-02_25.txt",,,,2
2003-08-04,81,81,14,unknown,legacy,"lojban/2003_08/2003_08_04-02_25.txt,lojban/2003_08/2003_08_05-02_22.txt",,,,2
2003-08-05,43,43,5,unknown,legacy,lojban/2003_08/2003_08_06-02_22.txt,,,,1
2003-08-06,37,36,7,unknown,legacy,lojban/2003_08/2003_08_07-02_22.txt,,,,1
2003-08-07,21,20,9,unknown,legacy,lojban/2003_08/2003_08_08-02_23.txt,,,,1
2003-08-08,45,43,10,unknown,legacy,"lojban/2003_08/2003_08_08-02_23.txt,lojban/2003_08/2003_08_09-02_22.txt",,,,2
2003-08-09,10,9,8,unknown,legacy,"lojban/2003_08/2003_08_09-02_22.txt,lojban/2003_08/2003_08_10-02_21.txt",,,,2
2003-08-10,30,29,6,unknown,legacy,"lojban/2003_08/2003_08_10-02_21.txt,lojban/2003_08/2003_08_11-02_21.txt",,,,2
2003-08-11,32,29,6,unknown,legacy,lojban/2003_08/2003_08_12-02_23.txt,,,,1
2003-08-12,10,9,5,unknown,legacy,"lojban/2003_08/2003_08_12-02_23.txt,lojban/2003_08/2003_08_13-02_21.txt",,,,2
2003-08-13,14,13,5,unknown,legacy,lojban/2003_08/2003_08_14-02_21.txt,,,,1
2003-08-14,21,20,5,unknown,legacy,lojban/2003_08/2003_08_15-02_24.txt,,,,1
2003-08-15,27,26,6,unknown,legacy,"lojban/2003_08/2003_08_15-02_24.txt,lojban/2003_08/2003_08_16-02_33.txt",,,,2
2003-08-16,10,9,4,unknown,legacy,lojban/2003_08/2003_08_17-02_34.txt,,,,1
2003-08-17,8,7,2,unknown,legacy,lojban/2003_08/2003_08_18-02_33.txt,,,,1
2003-08-18,36,34,9,unknown,legacy+undated,"lojban/2003_08/2003_08_18-02_33.txt,lojban/2003_08/2003_08_19-02_21.txt",,,11,2
2003-08-19,12,11,5,unknown,legacy,lojban/2003_08/2003_08_20-02_21.txt,,,,1
2003-08-20,66,65,8,unknown,legacy,lojban/2003_08/2003_08_21-02_21.txt,,,,1
2003-08-21,10,9,5,unknown,legacy,lojban/2003_08/2003_08_22-02_21.txt,,,,1
2003-08-22,35,34,7,unknown,legacy,lojban/2003_08/2003_08_23-02_21.txt,,,,1
2003-08-23,22,21,6,unknown,legacy,lojban/2003_08/2003_08_24-02_21.txt,,,,1
2003-08-24,2,1,1,unknown,legacy,lojban/2003_08/2003_08_25-02_21.txt,,,,1
2003-08-25,23,22,5,unknown,legacy,"lojban/2003_08/2003_08_25-02_21.txt,lojban/2003_08/2003_08_26-02_21.txt",,,,2
2003-08-26,21,20,5,unknown,legacy,lojban/2003_08/2003_08_27-02_22.txt,,,,1
2003-08-27,11,10,5,unknown,legacy,"lojban/2003_08/2003_08_27-02_22.txt,lojban/2003_08/2003_08_28-02_22.txt",,,,2
2003-08-28,12,11,3,unknown,legacy,lojban/2003_08/2003_08_29-02_22.txt,,,,1
2003-08-29,12,11,5,unknown,legacy,lojban/2003_08/2003_08_30-02_22.txt,,,,1
2003-08-30,34,33,7,unknown,legacy,lojban/2003_08/2003_08_31-02_22.txt,,,,1
2003-08-31,47,46,5,unknown,legacy,lojban/2003_09/2003_09_01-02_22.txt,,,,1
2003-09-01,31,30,6,unknown,legacy,"lojban/2003_09/2003_09_01-02_22.txt,lojban/2003_09/2003_09_02-02_21.txt",,,,2
2003-09-02,11,8,4,unknown,legacy,"lojban/2003_09/2003_09_02-02_21.txt,lojban/2003_09/2003_09_03-02_22.txt",,,,2
2003-09-03,14,13,4,unknown,legacy,"lojban/2003_09/2003_09_03-02_22.txt,lojban/2003_09/2003_09_04-02_21.txt",,,,2
2003-09-04,6,5,2,unknown,legacy,lojban/2003_09/2003_09_05-02_21.txt,,,,1
2003-09-05,53,52,6,unknown,legacy,lojban/2003_09/2003_09_06-02_21.txt,,,,1
2003-09-06,16,15,6,unknown,legacy,lojban/2003_09/2003_09_07-02_23.txt,,,,1
2003-09-07,4,3,2,unknown,legacy,"lojban/2003_09/2003_09_07-02_23.txt,lojban/2003_09/2003_09_08-02_21.txt",,,,2
2003-09-08,96,95,9,unknown,legacy,lojban/2003_09/2003_09_09-02_23.txt,,,,1
2003-09-09,75,74,8,unknown,legacy,lojban/2003_09/2003_09_10-02_25.txt,,,,1
2003-09-10,51,50,8,unknown,legacy,lojban/2003_09/2003_09_11-02_24.txt,,,,1
2003-09-11,43,42,8,unknown,legacy,"lojban/2003_09/2003_09_11-02_24.txt,lojban/2003_09/2003_09_12-02_24.txt",,,,2
2003-09-12,41,40,7,unknown,legacy,lojban/2003_09/2003_09_13-02_22.txt,,,,1
2003-09-13,25,24,7,unknown,legacy,"lojban/2003_09/2003_09_13-02_22.txt,lojban/2003_09/2003_09_14-02_22.txt",,,,2
2003-09-14,90,89,10,unknown,legacy,"lojban/2003_09/2003_09_14-02_22.txt,lojban/2003_09/2003_09_15-02_22.txt",,,,2
2003-09-15,47,46,8,unknown,legacy,lojban/2003_09/2003_09_16-02_22.txt,,,,1
2003-09-16,114,113,12,unknown,legacy,"lojban/2003_09/2003_09_16-02_22.txt,lojban/2003_09/2003_09_17-02_23.txt",,,,2
2003-09-17,40,39,7,unknown,legacy,lojban/2003_09/2003_09_18-02_24.txt,,,,1
2003-09-18,60,59,8,unknown,legacy,lojban/2003_09/2003_09_19-02_21.txt,,,,1
2003-09-19,40,39,9,unknown,legacy,lojban/2003_09/2003_09_20-02_23.txt,,,,1
2003-09-20,20,19,8,unknown,legacy,"lojban/2003_09/2003_09_20-02_23.txt,lojban/2003_09/2003_09_21-02_21.txt",,,,2
2003-09-21,11,10,5,unknown,legacy,lojban/2003_09/2003_09_22-02_22.txt,,,,1
2003-09-22,42,41,8,unknown,legacy,"lojban/2003_09/2003_09_22-02_22.txt,lojban/2003_09/2003_09_23-02_23.txt",,,,2
2003-09-23,22,21,6,unknown,legacy,lojban/2003_09/2003_09_24-02_21.txt,,,,1
2003-09-24,9,8,3,unknown,legacy,lojban/2003_09/2003_09_25-02_21.txt,,,,1
2003-09-25,42,41,9,unknown,legacy,"lojban/2003_09/2003_09_25-02_21.txt,lojban/2003_09/2003_09_26-02_21.txt",,,,2
2003-09-26,11,10,4,unknown,legacy,lojban/2003_09/2003_09_27-02_21.txt,,,,1
2003-09-27,17,16,3,unknown,legacy,"lojban/2003_09/2003_09_27-02_21.txt,lojban/2003_09/2003_09_28-02_21.txt",,,,2
2003-09-28,11,10,5,unknown,legacy,lojban/2003_09/2003_09_29-02_22.txt,,,,1
2003-09-29,15,14,3,unknown,legacy,lojban/2003_09/2003_09_30-02_21.txt,,,,1
2003-09-30,23,22,5,unknown,legacy,lojban/2003_10/2003_10_01-02_22.txt,,,,1
2003-10-01,4,3,2,unknown,legacy,lojban/2003_10/2003_10_02-02_22.txt,,,,1
2003-10-02,43,42,9,unknown,legacy,lojban/2003_10/2003_10_03-02_21.txt,,,,1
2003-10-03,36,35,6,unknown,legacy,lojban/2003_10/2003_10_04-02_21.txt,,,,1
2003-10-04,4,3,3,unknown,legacy,lojban/2003_10/2003_10_05-02_21.txt,,,,1
2003-10-05,4,3,2,unknown,legacy,lojban/2003_10/2003_10_06-02_21.txt,,,,1
2003-10-06,32,31,7,unknown,legacy,lojban/2003_10/2003_10_07-02_21.txt,,,,1
2003-10-07,32,31,4,unknown,legacy,lojban/2003_10/2003_10_08-02_21.txt,,,,1
2003-10-08,23,22,7,unknown,legacy,"lojban/2003_10/2003_10_08-02_21.txt,lojban/2003_10/2003_10_09-02_21.txt",,,,2
2003-10-09,19,19,8,unknown,legacy,lojban/2003_10/2003_10_11-02_24.txt,,,,1
2003-10-10,40,40,7,unknown,legacy,lojban/2003_10/2003_10_11-02_24.txt,,,,1
2003-10-11,5,5,4,unknown,legacy,lojban/2003_10/2003_10_12-02_21.txt,,,,1
2003-10-12,20,20,6,unknown,legacy,"lojban/2003_10/2003_10_12-02_21.txt,lojban/2003_10/2003_10_13-02_21.txt",,,,2
2003-10-13,34,34,7,unknown,legacy,lojban/2003_10/2003_10_14-02_22.txt,,,,1
2003-10-14,12,12,5,unknown,legacy,"lojban/2003_10/2003_10_14-02_22.txt,lojban/2003_10/2003_10_15-02_21.txt",,,,2
2003-10-15,10,10,3,unknown,legacy,lojban/2003_10/2003_10_16-02_21.txt,,,,1
2003-10-16,19,19,7,unknown,legacy,lojban/2003_10/2003_10_17-02_22.txt,,,,1
2003-10-17,20,20,5,unknown,legacy,lojban/2003_10/2003_10_18-02_22.txt,,,,1
2003-10-18,8,7,3,unknown,legacy,lojban/2003_10/2003_10_19-02_22.txt,,,,1
2003-10-19,9,8,3,unknown,legacy,lojban/2003_10/2003_10_20-02_22.txt,,,,1
2003-10-20,5,4,2,unknown,legacy,"lojban/2003_10/2003_10_20-02_22.txt,lojban/2003_10/2003_10_21-02_21.txt",,,,2
2003-10-21,3,2,1,unknown,legacy,lojban/2003_10/2003_10_23-02_21.txt,,,,1
2003-10-22,4,4,3,unknown,legacy,lojban/2003_10/2003_10_23-02_21.txt,,,,1
2003-10-23,8,7,4,unknown,legacy,lojban/2003_10/2003_10_24-02_22.txt,,,,1
2003-10-24,9,7,3,unknown,legacy,lojban/2003_10/2003_10_25-02_22.txt,,,,1
2003-10-25,26,25,6,unknown,legacy,"lojban/2003_10/2003_10_25-02_22.txt,lojban/2003_10/2003_10_26-02_21.txt",,,,2
2003-10-26,42,41,7,unknown,legacy,"lojban/2003_10/2003_10_26-02_21.txt,lojban/2003_10/2003_10_27-02_21.txt",,,,2
2003-10-27,84,82,5,unknown,legacy,"lojban/2003_10/2003_10_28-02_34.txt,lojban/2003_10/2003_10_29-02_21.txt",,,,2
2003-10-29,150,149,10,unknown,legacy,lojban/2003_10/2003_10_30-02_22.txt,,,,1
2003-10-30,30,29,7,unknown,legacy,"lojban/2003_10/2003_10_30-02_22.txt,lojban/2003_10/2003_10_31-02_21.txt",,,,2
2003-10-31,151,150,5,unknown,legacy,lojban/2003_11/2003_11_01-02_22.txt,,,,1
2003-11-01,6,5,4,unknown,legacy,lojban/2003_11/2003_11_02-02_21.txt,,,,1
2003-11-02,4,3,3,unknown,legacy,"lojban/2003_11/2003_11_02-02_21.txt,lojban/2003_11/2003_11_03-02_21.txt",,,,2
2003-11-03,44,43,6,unknown,legacy,lojban/2003_11/2003_11_04-02_22.txt,,,,1
2003-11-04,13,12,5,unknown,legacy,lojban/2003_11/2003_11_05-02_21.txt,,,,1
2003-11-05,29,28,4,unknown,legacy,lojban/2003_11/2003_11_06-02_21.txt,,,,1
2003-11-06,38,37,6,unknown,legacy,lojban/2003_11/2003_11_08-02_22.txt,,,,1
2003-11-07,109,109,14,unknown,legacy,lojban/2003_11/2003_11_08-02_22.txt,,,,1
2003-11-08,13,12,4,unknown,legacy,"lojban/2003_11/2003_11_08-02_22.txt,lojban/2003_11/2003_11_09-02_21.txt",,,,2
2003-11-09,11,10,6,unknown,legacy,"lojban/2003_11/2003_11_09-02_21.txt,lojban/2003_11/2003_11_10-02_21.txt",,,,2
2003-11-10,9,8,5,unknown,legacy,lojban/2003_11/2003_11_11-02_21.txt,,,,1
2003-11-11,65,64,7,unknown,legacy,"lojban/2003_11/2003_11_11-02_21.txt,lojban/2003_11/2003_11_12-02_21.txt",,,,2
2003-11-12,4,3,3,unknown,legacy,lojban/2003_11/2003_11_13-02_21.txt,,,,1
2003-11-13,9,8,3,unknown,legacy,lojban/2003_11/2003_11_14-02_21.txt,,,,1
2003-11-14,35,34,6,unknown,legacy,lojban/2003_11/2003_11_15-02_22.txt,,,,1
2003-11-15,19,19,5,unknown,legacy,"lojban/2003_11/2003_11_15-02_22.txt,lojban/2003_11/2003_11_16-02_21.txt",,,,2
2003-11-16,3,3,3,unknown,legacy,lojban/2003_11/2003_11_17-02_21.txt,,,,1
2003-11-17,20,19,7,unknown,legacy,"lojban/2003_11/2003_11_17-02_21.txt,lojban/2003_11/2003_11_18-02_21.txt",,,,2
2003-11-18,36,35,6,unknown,legacy,"lojban/2003_11/2003_11_18-02_21.txt,lojban/2003_11/2003_11_19-02_21.txt",,,,2
2003-11-19,33,32,5,unknown,legacy,lojban/2003_11/2003_11_20-02_21.txt,,,,1
2003-11-20,25,24,6,unknown,legacy,lojban/2003_11/2003_11_21-02_22.txt,,,,1
2003-11-21,14,13,3,unknown,legacy,lojban/2003_11/2003_11_22-02_21.txt,,,,1
2003-11-22,3,2,2,unknown,legacy,lojban/2003_11/2003_11_23-02_21.txt,,,,1
2003-11-23,9,8,3,unknown,legacy,lojban/2003_11/2003_11_24-02_21.txt,,,,1
2003-11-24,10,9,4,unknown,legacy,lojban/2003_11/2003_11_25-02_21.txt,,,,1
2003-11-25,7,6,3,unknown,legacy,lojban/2003_11/2003_11_26-02_21.txt,,,,1
2003-11-26,6,5,4,unknown,legacy,lojban/2003_11/2003_11_27-02_21.txt,,,,1
2003-11-27,50,49,6,unknown,legacy,lojban/2003_11/2003_11_28-02_21.txt,,,,1
2003-11-28,6,5,4,unknown,legacy,lojban/2003_11/2003_11_29-02_21.txt,,,,1
2003-11-29,1,0,0,unknown,legacy,lojban/2003_11/2003_11_30-02_21.txt,,,,1
2003-11-30,6,5,2,unknown,legacy,lojban/2003_12/2003_12_01-02_21.txt,,,,1
2003-12-01,2,1,1,unknown,legacy,lojban/2003_12/2003_12_02-02_21.txt,,,,1
2003-12-02,19,16,5,unknown,legacy,"lojban/2003_12/2003_12_02-02_21.txt,lojban/2003_12/2003_12_03-02_21.txt",,,,2
2003-12-03,37,36,4,unknown,legacy,lojban/2003_12/2003_12_04-02_21.txt,,,,1
2003-12-04,25,24,7,unknown,legacy,"lojban/2003_12/2003_12_04-02_21.txt,lojban/2003_12/2003_12_05-02_21.txt",,,,2
2003-12-05,18,17,6,unknown,legacy,"lojban/2003_12/2003_12_05-02_21.txt,lojban/2003_12/2003_12_06-02_21.txt",,,,2
2003-12-06,26,25,6,unknown,legacy,"lojban/2003_12/2003_12_06-02_21.txt,lojban/2003_12/2003_12_07-02_21.txt",,,,2
2003-12-07,13,12,3,unknown,legacy,"lojban/2003_12/2003_12_07-02_21.txt,lojban/2003_12/2003_12_08-02_21.txt",,,,2
2003-12-08,11,10,2,unknown,legacy,"lojban/2003_12/2003_12_08-02_21.txt,lojban/2003_12/2003_12_09-02_21.txt",,,,2
2003-12-09,6,5,4,unknown,legacy,lojban/2003_12/2003_12_10-02_21.txt,,,,1
2003-12-10,24,23,7,unknown,legacy,"lojban/2003_12/2003_12_10-02_21.txt,lojban/2003_12/2003_12_11-02_21.txt",,,,2
2003-12-11,4,3,3,unknown,legacy,lojban/2003_12/2003_12_12-02_21.txt,,,,1
2003-12-12,19,18,9,unknown,legacy,"lojban/2003_12/2003_12_12-02_21.txt,lojban/2003_12/2003_12_13-02_21.txt",,,,2
2003-12-13,6,5,3,unknown,legacy,lojban/2003_12/2003_12_14-02_21.txt,,,,1
2003-12-14,4,3,2,unknown,legacy,lojban/2003_12/2003_12_15-02_21.txt,,,,1
2003-12-15,21,19,2,unknown,legacy,"lojban/2003_12/2003_12_16-02_21.txt,lojban/2003_12/2003_12_30-02_21.txt",,,,2
2003-12-16,3,2,2,unknown,legacy,lojban/2003_12/2003_12_17-02_21.txt,,,,1
2003-12-17,12,11,5,unknown,legacy,lojban/2003_12/2003_12_18-02_21.txt,,,,1
2003-12-18,19,18,3,unknown,legacy,lojban/2003_12/2003_12_19-02_21.txt,,,,1
2003-12-19,10,9,4,unknown,legacy,"lojban/2003_12/2003_12_19-02_21.txt,lojban/2003_12/2003_12_20-02_21.txt",,,,2
2003-12-20,4,3,2,unknown,legacy,lojban/2003_12/2003_12_21-02_21.txt,,,,1
2003-12-21,12,11,3,unknown,legacy,lojban/2003_12/2003_12_22-02_21.txt,,,,1
2003-12-22,29,28,5,unknown,legacy,lojban/2003_12/2003_12_23-03_01.txt,,,,1
2003-12-23,16,15,5,unknown,legacy,lojban/2003_12/2003_12_24-02_21.txt,,,,1
2003-12-24,9,8,4,unknown,legacy,lojban/2003_12/2003_12_25-10_27.txt,,,,1
2003-12-25,4,3,2,unknown,legacy,lojban/2003_12/2003_12_26-10_27.txt,,,,1
2003-12-26,7,6,2,unknown,legacy,lojban/2003_12/2003_12_27-10_27.txt,,,,1
2003-12-27,2,1,1,unknown,legacy,lojban/2003_12/2003_12_28-10_27.txt,,,,1
2003-12-28,5,4,2,unknown,legacy,lojban/2003_12/2003_12_29-10_27.txt,,,,1
2003-12-29,1,0,0,unknown,legacy,lojban/2003_12/2003_12_29-10_27.txt,,,,1
2003-12-30,26,25,3,unknown,legacy,lojban/2003_12/2003_12_31-02_21.txt,,,,1
2003-12-31,22,21,6,unknown,legacy,"lojban/2003_12/2003_12_31-02_21.txt,lojban/2004_01/2004_01_01-02_21.txt",,,,2
2004-01-01,9,8,3,unknown,legacy,"lojban/2004_01/2004_01_01-02_21.txt,lojban/2004_01/2004_01_02-02_21.txt",,,,2
2004-01-02,8,7,5,unknown,legacy,lojban/2004_01/2004_01_03-02_21.txt,,,,1
2004-01-03,13,12,5,unknown,legacy,"lojban/2004_01/2004_01_03-02_21.txt,lojban/2004_01/2004_01_04-02_33.txt",,,,2
2004-01-04,50,49,8,unknown,legacy,lojban/2004_01/2004_01_05-02_33.txt,,,,1
2004-01-05,10,8,5,unknown,legacy,"lojban/2004_01/2004_01_05-02_33.txt,lojban/2004_01/2004_01_06-02_21.txt",,,,2
2004-01-06,8,7,2,unknown,legacy,lojban/2004_01/2004_01_07-02_21.txt,,,,1
2004-01-07,24,23,6,unknown,legacy,"lojban/2004_01/2004_01_07-02_21.txt,lojban/2004_01/2004_01_10-02_21.txt",,,,2
2004-01-08,13,13,3,unknown,legacy,lojban/2004_01/2004_01_10-02_21.txt,,,,1
2004-01-09,17,17,5,unknown,legacy,lojban/2004_01/2004_01_10-02_21.txt,,,,1
2004-01-10,10,9,5,unknown,legacy,lojban/2004_01/2004_01_11-02_21.txt,,,,1
2004-01-11,36,35,5,unknown,legacy,lojban/2004_01/2004_01_12-02_22.txt,,,,1
2004-01-12,51,50,12,unknown,legacy,lojban/2004_01/2004_01_13-02_24.txt,,,,1
2004-01-13,39,38,6,unknown,legacy,lojban/2004_01/2004_01_14-02_23.txt,,,,1
2004-01-14,14,13,6,unknown,legacy,"lojban/2004_01/2004_01_14-02_23.txt,lojban/2004_01/2004_01_15-02_21.txt",,,,2
2004-01-15,32,31,6,unknown,legacy,lojban/2004_01/2004_01_16-02_21.txt,,,,1
2004-01-16,15,14,7,unknown,legacy,"lojban/2004_01/2004_01_16-02_21.txt,lojban/2004_01/2004_01_17-02_21.txt",,,,2
2004-01-17,20,19,5,unknown,legacy,lojban/2004_01/2004_01_18-02_22.txt,,,,1
2004-01-18,15,14,6,unknown,legacy,"lojban/2004_01/2004_01_18-02_22.txt,lojban/2004_01/2004_01_19-02_22.txt",,,,2
2004-01-19,91,90,12,unknown,legacy,"lojban/2004_01/2004_01_19-02_22.txt,lojban/2004_01/2004_01_20-02_22.txt",,,,2
2004-01-20,44,43,5,unknown,legacy,lojban/2004_01/2004_01_21-02_21.txt,,,,1
2004-01-21,100,99,5,unknown,legacy,lojban/2004_01/2004_01_22-02_22.txt,,,,1
2004-01-22,13,12,5,unknown,legacy,lojban/2004_01/2004_01_23-02_21.txt,,,,1
2004-01-23,11,10,5,unknown,legacy,lojban/2004_01/2004_01_24-02_21.txt,,,,1
2004-01-24,2,1,1,unknown,legacy,lojban/2004_01/2004_01_25-02_21.txt,,,,1
2004-01-25,18,17,4,unknown,legacy,"lojban/2004_01/2004_01_25-02_21.txt,lojban/2004_01/2004_01_26-02_23.txt",,,,2
2004-01-26,20,19,5,unknown,legacy,"lojban/2004_01/2004_01_26-02_23.txt,lojban/2004_01/2004_01_27-02_22.txt",,,,2
2004-01-27,14,13,3,unknown,legacy,lojban/2004_01/2004_01_28-02_21.txt,,,,1
2004-01-28,9,8,5,unknown,legacy,lojban/2004_01/2004_01_29-02_22.txt,,,,1
2004-01-29,1,0,0,unknown,legacy,lojban/2004_01/2004_01_30-02_21.txt,,,,1
2004-01-30,13,12,4,unknown,legacy,lojban/2004_01/2004_01_31-02_21.txt,,,,1
2004-01-31,2,1,1,unknown,legacy,lojban/2004_02/2004_02_01-02_23.txt,,,,1
2004-02-01,12,11,3,unknown,legacy,lojban/2004_02/2004_02_02-02_23.txt,,,,1
2004-02-02,10,9,3,unknown,legacy,lojban/2004_02/2004_02_03-02_21.txt,,,,1
2004-02-03,34,33,4,unknown,legacy,lojban/2004_02/2004_02_04-02_21.txt,,,,1
2004-02-04,15,14,5,unknown,legacy,lojban/2004_02/2004_02_05-02_21.txt,,,,1
2004-02-05,37,36,5,unknown,legacy,"lojban/2004_02/2004_02_05-02_21.txt,lojban/2004_02/2004_02_06-02_21.txt",,,,2
2004-02-06,26,25,4,unknown,legacy,lojban/2004_02/2004_02_07-02_22.txt,,,,1
2004-02-07,1,0,0,unknown,legacy,lojban/2004_02/2004_02_08-02_21.txt,,,,1
2004-02-08,7,6,5,unknown,legacy,lojban/2004_02/2004_02_09-02_21.txt,,,,1
2004-02-09,33,32,7,unknown,legacy,lojban/2004_02/2004_02_10-02_21.txt,,,,1
2004-02-10,11,10,5,unknown,legacy,lojban/2004_02/2004_02_11-02_21.txt,,,,1
2004-02-11,14,13,4,unknown,legacy,"lojban/2004_02/2004_02_11-02_21.txt,lojban/2004_02/2004_02_12-02_22.txt",,,,2
2004-02-12,11,11,4,unknown,legacy,"lojban/2004_02/2004_02_12-02_22.txt,lojban/2004_02/2004_02_13-02_21.txt",,,,2
2004-02-13,29,29,4,unknown,legacy,lojban/2004_02/2004_02_14-02_21.txt,,,,1
2004-02-14,4,4,3,unknown,legacy,"lojban/2004_02/2004_02_14-02_21.txt,lojban/2004_02/2004_02_15-02_21.txt",,,,2
2004-02-15,13,13,6,unknown,legacy,"lojban/2004_02/2004_02_15-02_21.txt,lojban/2004_02/2004_02_16-02_21.txt",,,,2
2004-02-16,8,8,3,unknown,legacy,"lojban/2004_02/2004_02_16-02_21.txt,lojban/2004_02/2004_02_17-02_21.txt",,,,2
2004-02-17,3,3,3,unknown,legacy,"lojban/2004_02/2004_02_17-02_21.txt,lojban/2004_02/2004_02_18-02_21.txt",,,,2
2004-02-18,11,11,6,unknown,legacy,"lojban/2004_02/2004_02_18-02_21.txt,lojban/2004_02/2004_02_19-02_21.txt",,,,2
2004-02-19,23,23,4,unknown,legacy,lojban/2004_02/2004_02_20-02_22.txt,,,,1
2004-02-20,17,17,7,unknown,legacy,"lojban/2004_02/2004_02_20-02_22.txt,lojban/2004_02/2004_02_21-02_21.txt",,,,2
2004-02-21,1,1,1,unknown,legacy,lojban/2004_02/2004_02_22-02_21.txt,,,,1
2004-02-22,5,5,2,unknown,legacy,lojban/2004_02/2004_02_23-02_21.txt,,,,1
2004-02-23,9,9,3,unknown,legacy,"lojban/2004_02/2004_02_23-02_21.txt,lojban/2004_02/2004_02_24-02_21.txt",,,,2
2004-02-24,4,4,3,unknown,legacy,"lojban/2004_02/2004_02_24-02_21.txt,lojban/2004_02/2004_02_25-02_21.txt",,,,2
2004-02-25,11,11,7,unknown,legacy,"lojban/2004_02/2004_02_25-02_21.txt,lojban/2004_02/2004_02_26-02_21.txt",,,,2
2004-02-26,23,23,8,unknown,legacy,"lojban/2004_02/2004_02_26-02_21.txt,lojban/2004_02/2004_02_27-02_21.txt",,,,2
2004-02-27,5,5,4,unknown,legacy,lojban/2004_02/2004_02_28-02_21.txt,,,,1
2004-02-28,10,10,6,unknown,legacy,lojban/2004_02/2004_02_29-02_21.txt,,,,1
2004-02-29,10,10,4,unknown,legacy,lojban/2004_03/2004_03_01-02_21.txt,,,,1
2004-03-01,13,13,7,unknown,legacy,lojban/2004_03/2004_03_02-02_21.txt,,,,1
2004-03-02,1,1,1,unknown,legacy,lojban/2004_03/2004_03_03-02_21.txt,,,,1
2004-03-03,10,10,3,unknown,legacy,lojban/2004_03/2004_03_04-02_21.txt,,,,1
2004-03-04,18,18,5,unknown,legacy,lojban/2004_03/2004_03_05-02_21.txt,,,,1
2004-03-05,15,15,6,unknown,legacy,lojban/2004_03/2004_03_06-02_21.txt,,,,1
2004-03-06,1,1,1,unknown,legacy,lojban/2004_03/2004_03_06-02_21.txt,,,,1
2004-03-07,7,7,3,unknown,legacy,lojban/2004_03/2004_03_08-02_22.txt,,,,1
2004-03-08,48,48,10,unknown,legacy,lojban/2004_03/2004_03_09-02_21.txt,,,,1
2004-03-09,65,65,6,unknown,legacy,lojban/2004_03/2004_03_10-02_21.txt,,,,1
2004-03-10,60,60,7,unknown,legacy,"lojban/2004_03/2004_03_10-02_21.txt,lojban/2004_03/2004_03_11-02_21.txt",,,,2
2004-03-11,5,5,3,unknown,legacy,"lojban/2004_03/2004_03_11-02_21.txt,lojban/2004_03/2004_03_12-02_21.txt",,,,2
2004-03-12,35,35,8,unknown,legacy,"lojban/2004_03/2004_03_13-02_26.txt,lojban/2004_03/2004_03_14-02_21.txt",,,,2
2004-03-13,3,3,2,unknown,legacy,lojban/2004_03/2004_03_14-02_21.txt,,,,1
2004-03-14,17,17,4,unknown,legacy,lojban/2004_03/2004_03_15-02_21.txt,,,,1
2004-03-15,22,22,7,unknown,legacy,lojban/2004_03/2004_03_16-02_22.txt,,,,1
2004-03-16,36,35,8,unknown,legacy,"lojban/2004_03/2004_03_16-02_22.txt,lojban/2004_03/2004_03_17-02_22.txt",,,,2
2004-03-17,31,30,7,unknown,legacy,lojban/2004_03/2004_03_18-02_21.txt,,,,1
2004-03-18,30,29,8,unknown,legacy,"lojban/2004_03/2004_03_18-02_21.txt,lojban/2004_03/2004_03_19-02_22.txt",,,,2
2004-03-19,74,73,6,unknown,legacy,lojban/2004_03/2004_03_20-02_21.txt,,,,1
2004-03-20,9,8,3,unknown,legacy,lojban/2004_03/2004_03_21-02_21.txt,,,,1
2004-03-21,20,19,6,unknown,legacy,lojban/2004_03/2004_03_22-02_21.txt,,,,1
2004-03-22,43,42,6,unknown,legacy,"lojban/2004_03/2004_03_22-02_21.txt,lojban/2004_03/2004_03_23-02_22.txt",,,,2
2004-03-23,24,23,7,unknown,legacy,"lojban/2004_03/2004_03_23-02_22.txt,lojban/2004_03/2004_03_24-02_22.txt",,,,2
2004-03-24,43,42,8,unknown,legacy,"lojban/2004_03/2004_03_24-02_22.txt,lojban/2004_03/2004_03_25-02_21.txt",,,,2
2004-03-25,59,58,8,unknown,legacy,"lojban/2004_03/2004_03_25-02_21.txt,lojban/2004_03/2004_03_26-02_22.txt",,,,2
2004-03-26,29,28,10,unknown,legacy,lojban/2004_03/2004_03_27-02_22.txt,,,,1
2004-03-27,41,40,10,unknown,legacy,"lojban/2004_03/2004_03_27-02_22.txt,lojban/2004_03/2004_03_28-02_22.txt",,,,2
2004-03-28,15,14,7,unknown,legacy,"lojban/2004_03/2004_03_28-02_22.txt,lojban/2004_03/2004_03_29-02_21.txt",,,,2
2004-03-29,17,16,5,unknown,legacy,lojban/2004_03/2004_03_30-02_21.txt,,,,1
2004-03-30,16,15,5,unknown,legacy,"lojban/2004_03/2004_03_30-02_21.txt,lojban/2004_03/2004_03_31-02_21.txt",,,,2
2004-03-31,27,26,9,unknown,legacy,lojban/2004_04/2004_04_01-02_22.txt,,,,1
2004-04-01,9,8,6,unknown,legacy,"lojban/2004_04/2004_04_01-02_22.txt,lojban/2004_04/2004_04_02-02_21.txt",,,,2
2004-04-02,16,15,5,unknown,legacy,lojban/2004_04/2004_04_03-02_21.txt,,,,1
2004-04-03,3,2,1,unknown,legacy,lojban/2004_04/2004_04_05-02_22.txt,,,,1
2004-04-04,7,7,6,unknown,legacy,lojban/2004_04/2004_04_05-02_22.txt,,,,1
2004-04-05,39,38,9,unknown,legacy,"lojban/2004_04/2004_04_05-02_22.txt,lojban/2004_04/2004_04_06-02_21.txt",,,,2
2004-04-06,20,19,8,unknown,legacy,"lojban/2004_04/2004_04_06-02_21.txt,lojban/2004_04/2004_04_07-02_22.txt",,,,2
2004-04-07,15,14,6,unknown,legacy,"lojban/2004_04/2004_04_07-02_22.txt,lojban/2004_04/2004_04_08-02_21.txt",,,,2
2004-04-08,24,23,5,unknown,legacy,"lojban/2004_04/2004_04_08-13_32.txt,lojban/2004_04/2004_04_08-14_29.txt",,,,2
2004-04-09,17,17,7,unknown,legacy,lojban/2004_04/2004_04_10-02_21.txt,,,,1
2004-04-10,69,69,6,unknown,legacy,lojban/2004_04/2004_04_11-02_21.txt,,,,1
2004-04-11,6,6,3,unknown,legacy,lojban/2004_04/2004_04_12-02_21.txt,,,,1
2004-04-12,20,20,6,unknown,legacy,lojban/2004_04/2004_04_13-02_21.txt,,,,1
2004-04-13,24,24,9,unknown,legacy,lojban/2004_04/2004_04_14-02_21.txt,,,,1
2004-04-14,44,44,6,unknown,legacy,lojban/2004_04/2004_04_15-02_21.txt,,,,1
2004-04-15,31,31,8,unknown,legacy,lojban/2004_04/2004_04_16-02_21.txt,,,,1
2004-04-16,6,6,2,unknown,legacy,lojban/2004_04/2004_04_17-02_21.txt,,,,1
2004-04-17,11,11,4,unknown,legacy,lojban/2004_04/2004_04_18-02_21.txt,,,,1
2004-04-18,12,12,4,unknown,legacy,lojban/2004_04/2004_04_19-02_21.txt,,,,1
2004-04-19,1,1,1,unknown,legacy,lojban/2004_04/2004_04_20-02_21.txt,,,,1
2004-04-20,5,5,2,unknown,legacy,lojban/2004_04/2004_04_21-02_21.txt,,,,1
2004-04-21,5,5,3,unknown,legacy,lojban/2004_04/2004_04_22-02_21.txt,,,,1
2004-04-22,4,4,3,unknown,legacy,lojban/2004_04/2004_04_23-02_21.txt,,,,1
2004-04-23,9,9,3,unknown,legacy,lojban/2004_04/2004_04_24-02_21.txt,,,,1
2004-04-24,7,7,2,unknown,legacy,lojban/2004_04/2004_04_25-02_21.txt,,,,1
2004-04-25,7,7,3,unknown,legacy,lojban/2004_04/2004_04_26-02_21.txt,,,,1
2004-04-26,13,13,6,unknown,legacy,lojban/2004_04/2004_04_27-02_21.txt,,,,1
2004-04-27,24,24,5,unknown,legacy,lojban/2004_04/2004_04_28-02_21.txt,,,,1
2004-04-28,71,71,5,unknown,legacy,lojban/2004_04/2004_04_29-02_21.txt,,,,1
2004-04-29,19,19,4,unknown,legacy,lojban/2004_04/2004_04_30-02_21.txt,,,,1
2004-04-30,13,13,3,unknown,legacy,lojban/2004_05/2004_05_01-02_21.txt,,,,1
2004-05-02,32,32,3,unknown,legacy,lojban/2004_05/2004_05_03-02_21.txt,,,,1
2004-05-03,12,12,3,unknown,legacy,lojban/2004_05/2004_05_04-02_21.txt,,,,1
2004-05-04,52,52,5,unknown,legacy,lojban/2004_05/2004_05_05-02_21.txt,,,,1
2004-05-05,15,15,7,unknown,legacy,lojban/2004_05/2004_05_06-02_21.txt,,,,1
2004-05-06,23,23,4,unknown,legacy,lojban/2004_05/2004_05_07-02_21.txt,,,,1
2004-05-07,99,99,10,unknown,legacy,lojban/2004_05/2004_05_08-02_21.txt,,,,1
2004-05-08,14,14,7,unknown,legacy,lojban/2004_05/2004_05_09-02_21.txt,,,,1
2004-05-09,64,64,8,unknown,legacy,lojban/2004_05/2004_05_10-02_21.txt,,,,1
2004-05-10,34,34,8,unknown,legacy,lojban/2004_05/2004_05_11-02_21.txt,,,,1
2004-05-11,26,26,5,unknown,legacy,lojban/2004_05/2004_05_12-02_21.txt,,,,1
2004-05-12,39,39,5,unknown,legacy,lojban/2004_05/2004_05_13-02_21.txt,,,,1
2004-05-13,19,19,3,unknown,legacy,"lojban/2004_05/2004_05_13-02_21.txt,lojban/2004_05/2004_05_14-02_21.txt",,,,2
2004-05-14,33,33,6,unknown,legacy,lojban/2004_05/2004_05_15-02_21.txt,,,,1
2004-05-15,38,38,5,unknown,legacy,lojban/2004_05/2004_05_16-02_21.txt,,,,1
2004-05-16,11,11,3,unknown,legacy,lojban/2004_05/2004_05_17-02_21.txt,,,,1
2004-05-17,43,43,7,unknown,legacy,lojban/2004_05/2004_05_18-02_21.txt,,,,1
2004-05-18,31,31,5,unknown,legacy,lojban/2004_05/2004_05_19-02_21.txt,,,,1
2004-05-19,22,22,6,unknown,legacy,lojban/2004_05/2004_05_20-02_21.txt,,,,1
2004-05-20,29,29,2,unknown,legacy,lojban/2004_05/2004_05_21-02_21.txt,,,,1
2004-05-21,74,74,4,unknown,legacy,lojban/2004_05/2004_05_22-02_21.txt,,,,1
2004-05-22,54,54,4,unknown,legacy,lojban/2004_05/2004_05_23-02_21.txt,,,,1
2004-05-23,1,1,1,unknown,legacy,lojban/2004_05/2004_05_24-02_21.txt,,,,1
2004-05-24,38,38,5,unknown,legacy,lojban/2004_05/2004_05_25-02_21.txt,,,,1
2004-05-25,51,51,7,unknown,legacy,"lojban/2004_05/2004_05_25-02_21.txt,lojban/2004_05/2004_05_26-02_21.txt",,,,2
2004-05-26,18,18,8,unknown,legacy,"lojban/2004_05/2004_05_26-02_21.txt,lojban/2004_05/2004_05_27-02_21.txt",,,,2
2004-05-27,24,24,5,unknown,legacy,lojban/2004_05/2004_05_28-02_21.txt,,,,1
2004-05-28,15,15,4,unknown,legacy,"lojban/2004_05/2004_05_28-02_21.txt,lojban/2004_05/2004_05_29-02_21.txt",,,,2
2004-05-29,1,1,1,unknown,legacy,lojban/2004_05/2004_05_30-02_21.txt,,,,1
2004-05-30,20,20,9,unknown,legacy,lojban/2004_05/2004_05_31-02_21.txt,,,,1
2004-05-31,49,49,6,unknown,legacy,lojban/2004_06/2004_06_01-02_21.txt,,,,1
2004-06-01,122,122,7,unknown,legacy,"lojban/2004_06/2004_06_01-02_21.txt,lojban/2004_06/2004_06_02-02_21.txt",,,,2
2004-06-02,24,24,10,unknown,legacy,lojban/2004_06/2004_06_03-02_21.txt,,,,1
2004-06-03,186,186,9,unknown,legacy,"lojban/2004_06/2004_06_03-02_21.txt,lojban/2004_06/2004_06_04-02_21.txt",,,,2
2004-06-04,80,80,9,unknown,legacy,lojban/2004_06/2004_06_05-02_21.txt,,,,1
2004-06-05,78,78,10,unknown,legacy,"lojban/2004_06/2004_06_05-02_21.txt,lojban/2004_06/2004_06_06-02_21.txt",,,,2
2004-06-06,47,47,9,unknown,legacy,"lojban/2004_06/2004_06_06-02_21.txt,lojban/2004_06/2004_06_07-02_21.txt",,,,2
2004-06-07,80,80,11,unknown,legacy,lojban/2004_06/2004_06_08-02_21.txt,,,,1
2004-06-08,62,62,7,unknown,legacy,"lojban/2004_06/2004_06_08-02_21.txt,lojban/2004_06/2004_06_09-02_21.txt",,,,2
2004-06-09,171,171,14,unknown,legacy,lojban/2004_06/2004_06_10-02_21.txt,,,,1
2004-06-10,34,34,6,unknown,legacy,lojban/2004_06/2004_06_11-02_21.txt,,,,1
2004-06-11,127,127,16,unknown,legacy,"lojban/2004_06/2004_06_11-02_21.txt,lojban/2004_06/2004_06_12-02_21.txt",,,,2
2004-06-12,51,51,7,unknown,legacy,"lojban/2004_06/2004_06_12-02_21.txt,lojban/2004_06/2004_06_13-02_21.txt",,,,2
2004-06-13,28,28,9,unknown,legacy,lojban/2004_06/2004_06_14-02_21.txt,,,,1
2004-06-14,95,95,14,unknown,legacy,"lojban/2004_06/2004_06_14-02_21.txt,lojban/2004_06/2004_06_15-02_22.txt",,,,2
2004-06-15,64,64,12,unknown,legacy,lojban/2004_06/2004_06_16-02_21.txt,,,,1
2004-06-16,143,143,9,unknown,legacy,lojban/2004_06/2004_06_17-02_21.txt,,,,1
2004-06-17,34,34,9,unknown,legacy,lojban/2004_06/2004_06_18-02_22.txt,,,,1
2004-06-18,37,37,10,unknown,legacy,lojban/2004_06/2004_06_19-02_21.txt,,,,1
2004-06-19,77,77,5,unknown,legacy,lojban/2004_06/2004_06_20-02_21.txt,,,,1
2004-06-20,40,40,5,unknown,legacy,"lojban/2004_06/2004_06_20-02_21.txt,lojban/2004_06/2004_06_21-02_21.txt",,,,2
2004-06-21,98,98,8,unknown,legacy,"lojban/2004_06/2004_06_21-02_21.txt,lojban/2004_06/2004_06_22-02_22.txt",,,,2
2004-06-22,23,23,4,unknown,legacy,"lojban/2004_06/2004_06_22-02_22.txt,lojban/2004_06/2004_06_23-02_21.txt",,,,2
2004-06-23,27,27,6,unknown,legacy,lojban/2004_06/2004_06_24-02_21.txt,,,,1
2004-06-24,14,14,9,unknown,legacy,lojban/2004_06/2004_06_25-02_21.txt,,,,1
2004-06-25,32,32,6,unknown,legacy,lojban/2004_06/2004_06_26-02_21.txt,,,,1
2004-06-26,3,3,2,unknown,legacy,lojban/2004_06/2004_06_27-02_21.txt,,,,1
2004-06-27,15,15,3,unknown,legacy,lojban/2004_06/2004_06_28-02_21.txt,,,,1
2004-06-28,22,22,6,unknown,legacy,"lojban/2004_06/2004_06_28-02_21.txt,lojban/2004_06/2004_06_29-02_21.txt",,,,2
2004-06-29,29,29,10,unknown,legacy,lojban/2004_06/2004_06_30-02_21.txt,,,,1
2004-06-30,41,41,9,unknown,legacy,lojban/2004_07/2004_07_01-02_21.txt,,,,1
2004-07-01,67,67,7,unknown,legacy,"lojban/2004_07/2004_07_01-02_21.txt,lojban/2004_07/2004_07_02-02_21.txt",,,,2
2004-07-02,108,108,14,unknown,legacy,"lojban/2004_07/2004_07_02-02_21.txt,lojban/2004_07/2004_07_03-02_21.txt",,,,2
2004-07-03,42,42,8,unknown,legacy,"lojban/2004_07/2004_07_03-02_21.txt,lojban/2004_07/2004_07_04-02_21.txt",,,,2
2004-07-04,60,60,10,unknown,legacy,"lojban/2004_07/2004_07_04-02_21.txt,lojban/2004_07/2004_07_05-02_21.txt",,,,2
2004-07-05,16,16,7,unknown,legacy,lojban/2004_07/2004_07_06-02_21.txt,,,,1
2004-07-06,33,33,10,unknown,legacy,lojban/2004_07/2004_07_07-02_21.txt,,,,1
2004-07-07,121,121,19,unknown,legacy,lojban/2004_07/2004_07_08-02_21.txt,,,,1
2004-07-08,128,128,14,unknown,legacy,"lojban/2004_07/2004_07_08-02_21.txt,lojban/2004_07/2004_07_09-02_22.txt",,,,2
2004-07-09,36,36,6,unknown,legacy,lojban/2004_07/2004_07_10-02_21.txt,,,,1
2004-07-10,14,14,4,unknown,legacy,"lojban/2004_07/2004_07_10-02_21.txt,lojban/2004_07/2004_07_11-02_21.txt",,,,2
2004-07-11,18,18,6,unknown,legacy,lojban/2004_07/2004_07_12-02_21.txt,,,,1
2004-07-12,178,178,13,unknown,legacy,"lojban/2004_07/2004_07_12-02_21.txt,lojban/2004_07/2004_07_13-02_21.txt",,,,2
2004-07-13,59,59,14,unknown,legacy,"lojban/2004_07/2004_07_13-02_21.txt,lojban/2004_07/2004_07_14-02_21.txt",,,,2
2004-07-14,91,91,9,unknown,legacy,lojban/2004_07/2004_07_15-02_21.txt,,,,1
2004-07-15,106,106,12,unknown,legacy,lojban/2004_07/2004_07_16-02_21.txt,,,,1
2004-07-16,59,59,9,unknown,legacy,lojban/2004_07/2004_07_17-02_21.txt,,,,1
2004-07-17,9,9,4,unknown,legacy,lojban/2004_07/2004_07_18-02_21.txt,,,,1
2004-07-18,29,29,5,unknown,legacy,"lojban/2004_07/2004_07_18-02_21.txt,lojban/2004_07/2004_07_19-02_21.txt",,,,2
2004-07-19,55,55,5,unknown,legacy,lojban/2004_07/2004_07_20-02_21.txt,,,,1
2004-07-20,19,19,3,unknown,legacy,lojban/2004_07/2004_07_21-02_21.txt,,,,1
2004-07-21,33,33,12,unknown,legacy,lojban/2004_07/2004_07_22-02_21.txt,,,,1
2004-07-22,43,43,5,unknown,legacy,lojban/2004_07/2004_07_23-02_21.txt,,,,1
2004-07-24,12,12,3,unknown,legacy,lojban/2004_07/2004_07_25-02_21.txt,,,,1
2004-07-25,28,28,10,unknown,legacy,lojban/2004_07/2004_07_26-02_21.txt,,,,1
2004-07-26,22,22,5,unknown,legacy,lojban/2004_07/2004_07_27-02_21.txt,,,,1
2004-07-27,67,67,9,unknown,legacy,lojban/2004_07/2004_07_28-02_21.txt,,,,1
2004-07-28,51,51,10,unknown,legacy,lojban/2004_07/2004_07_29-02_21.txt,,,,1
2004-07-29,19,19,7,unknown,legacy,lojban/2004_07/2004_07_30-02_21.txt,,,,1
2004-07-30,18,18,5,unknown,legacy,lojban/2004_07/2004_07_31-02_21.txt,,,,1
2004-07-31,7,7,5,unknown,legacy,lojban/2004_08/2004_08_01-02_21.txt,,,,1
2004-08-01,7,7,5,unknown,legacy,"lojban/2004_08/2004_08_01-02_21.txt,lojban/2004_08/2004_08_02-02_21.txt",,,,2
2004-08-02,11,11,7,unknown,legacy,"lojban/2004_08/2004_08_02-02_21.txt,lojban/2004_08/2004_08_03-02_21.txt",,,,2
2004-08-03,11,11,5,unknown,legacy,lojban/2004_08/2004_08_04-02_21.txt,,,,1
2004-08-04,3,3,2,unknown,legacy,lojban/2004_08/2004_08_06-02_21.txt,,,,1
2004-08-06,24,24,5,unknown,legacy,lojban/2004_08/2004_08_07-02_21.txt,,,,1
2004-08-07,5,5,3,unknown,legacy,lojban/2004_08/2004_08_08-02_21.txt,,,,1
2004-08-08,14,14,4,unknown,legacy,lojban/2004_08/2004_08_09-02_21.txt,,,,1
2004-08-09,53,53,7,unknown,legacy,lojban/2004_08/2004_08_10-02_21.txt,,,,1
2004-08-10,107,107,11,unknown,legacy,"lojban/2004_08/2004_08_10-02_21.txt,lojban/2004_08/2004_08_11-02_21.txt",,,,2
2004-08-11,14,14,3,unknown,legacy,lojban/2004_08/2004_08_12-02_21.txt,,,,1
2004-08-12,75,75,11,unknown,legacy,lojban/2004_08/2004_08_13-02_21.txt,,,,1
2004-08-13,68,68,7,unknown,legacy,lojban/2004_08/2004_08_14-02_21.txt,,,,1
2004-08-14,4,4,1,unknown,legacy,lojban/2004_08/2004_08_15-02_21.txt,,,,1
2004-08-15,48,48,8,unknown,legacy,lojban/2004_08/2004_08_16-02_21.txt,,,,1
2004-08-16,77,77,10,unknown,legacy,lojban/2004_08/2004_08_17-02_21.txt,,,,1
2004-08-17,111,111,12,unknown,legacy,"lojban/2004_08/2004_08_17-02_21.txt,lojban/2004_08/2004_08_18-02_21.txt",,,,2
2004-08-18,129,129,11,unknown,legacy,lojban/2004_08/2004_08_19-02_21.txt,,,,1
2004-08-19,40,40,6,unknown,legacy,"lojban/2004_08/2004_08_19-02_21.txt,lojban/2004_08/2004_08_20-02_21.txt",,,,2
2004-08-20,53,53,10,unknown,legacy,lojban/2004_08/2004_08_21-02_21.txt,,,,1
2004-08-21,11,11,4,unknown,legacy,lojban/2004_08/2004_08_22-02_21.txt,,,,1
2004-08-23,6,6,3,unknown,legacy,lojban/2004_08/2004_08_24-02_21.txt,,,,1
2004-08-24,9,9,4,unknown,legacy,lojban/2004_08/2004_08_25-02_21.txt,,,,1
2004-08-25,56,56,11,unknown,legacy,lojban/2004_08/2004_08_26-02_21.txt,,,,1
2004-08-26,66,66,10,unknown,legacy,lojban/2004_08/2004_08_27-02_21.txt,,,,1
2004-08-27,25,25,7,unknown,legacy,lojban/2004_08/2004_08_28-02_21.txt,,,,1
2004-08-28,3,3,3,unknown,legacy,lojban/2004_08/2004_08_29-02_21.txt,,,,1
2004-08-29,19,19,5,unknown,legacy,lojban/2004_08/2004_08_30-02_21.txt,,,,1
2004-08-30,35,35,7,unknown,legacy,lojban/2004_08/2004_08_31-02_21.txt,,,,1
2004-08-31,14,14,8,unknown,legacy,lojban/2004_09/2004_09_01-02_21.txt,,,,1
2004-09-01,9,9,5,unknown,legacy,lojban/2004_09/2004_09_02-02_21.txt,,,,1
2004-09-02,2,2,2,unknown,legacy,lojban/2004_09/2004_09_03-02_21.txt,,,,1
2004-09-03,1,1,1,unknown,legacy,lojban/2004_09/2004_09_08-02_21.txt,,,,1
2004-09-08,39,39,9,unknown,legacy,lojban/2004_09/2004_09_09-02_21.txt,,,,1
2004-09-09,44,44,6,unknown,legacy,lojban/2004_09/2004_09_10-02_21.txt,,,,1
2004-09-10,23,23,7,unknown,legacy,lojban/2004_09/2004_09_11-02_21.txt,,,,1
2004-09-11,46,46,4,unknown,legacy,"lojban/2004_09/2004_09_11-02_21.txt,lojban/2004_09/2004_09_12-02_21.txt",,,,2
2004-09-13,58,58,8,unknown,legacy,lojban/2004_09/2004_09_14-02_21.txt,,,,1
2004-09-14,19,19,6,unknown,legacy,lojban/2004_09/2004_09_15-02_21.txt,,,,1
2004-09-15,23,23,10,unknown,legacy,lojban/2004_09/2004_09_16-02_21.txt,,,,1
2004-09-16,18,18,5,unknown,legacy,"lojban/2004_09/2004_09_16-02_21.txt,lojban/2004_09/2004_09_17-02_21.txt",,,,2
2004-09-17,67,67,10,unknown,legacy,lojban/2004_09/2004_09_18-02_21.txt,,,,1
2004-09-18,13,13,6,unknown,legacy,"lojban/2004_09/2004_09_18-02_21.txt,lojban/2004_09/2004_09_19-02_21.txt",,,,2
2004-09-19,6,6,5,unknown,legacy,lojban/2004_09/2004_09_20-02_21.txt,,,,1
2004-09-20,39,39,7,unknown,legacy,"lojban/2004_09/2004_09_20-02_21.txt,lojban/2004_09/2004_09_21-02_21.txt",,,,2
2004-09-21,49,49,11,unknown,legacy,lojban/2004_09/2004_09_22-02_21.txt,,,,1
2004-09-22,38,38,4,unknown,legacy,lojban/2004_09/2004_09_23-02_21.txt,,,,1
2004-09-23,15,15,5,unknown,legacy,lojban/2004_09/2004_09_24-02_21.txt,,,,1
2004-09-24,31,31,7,unknown,legacy,lojban/2004_09/2004_09_25-02_21.txt,,,,1
2004-09-25,10,10,6,unknown,legacy,"lojban/2004_09/2004_09_25-02_21.txt,lojban/2004_09/2004_09_26-02_21.txt",,,,2
2004-09-26,62,62,9,unknown,legacy,lojban/2004_09/2004_09_27-02_21.txt,,,,1
2004-09-27,8,8,4,unknown,legacy,lojban/2004_09/2004_09_28-02_21.txt,,,,1
2004-09-28,7,7,3,unknown,legacy,lojban/2004_09/2004_09_29-02_21.txt,,,,1
2004-09-29,13,13,5,unknown,legacy,lojban/2004_09/2004_09_30-02_21.txt,,,,1
2004-09-30,7,7,3,unknown,legacy,"lojban/2004_09/2004_09_30-02_21.txt,lojban/2004_10/2004_10_01-02_21.txt",,,,2
2004-10-01,70,70,7,unknown,legacy,lojban/2004_10/2004_10_02-02_21.txt,,,,1
2004-10-02,12,12,6,unknown,legacy,lojban/2004_10/2004_10_03-02_21.txt,,,,1
2004-10-03,20,20,7,unknown,legacy,lojban/2004_10/2004_10_04-02_21.txt,,,,1
2004-10-04,20,20,6,unknown,legacy,lojban/2004_10/2004_10_05-02_21.txt,,,,1
2004-10-05,25,25,8,unknown,legacy,lojban/2004_10/2004_10_06-02_21.txt,,,,1
2004-10-06,10,10,4,unknown,legacy,lojban/2004_10/2004_10_07-02_21.txt,,,,1
2004-10-07,8,8,6,unknown,legacy,lojban/2004_10/2004_10_08-02_21.txt,,,,1
2004-10-08,17,17,5,unknown,legacy,lojban/2004_10/2004_10_09-02_21.txt,,,,1
2004-10-09,1,1,1,unknown,legacy,lojban/2004_10/2004_10_10-02_26.txt,,,,1
2004-10-11,9,9,4,unknown,legacy,lojban/2004_10/2004_10_12-02_21.txt,,,,1
2004-10-12,36,36,8,unknown,legacy,lojban/2004_10/2004_10_13-02_21.txt,,,,1
2004-10-13,32,32,7,unknown,legacy,lojban/2004_10/2004_10_14-02_21.txt,,,,1
2004-10-14,46,46,7,unknown,legacy,lojban/2004_10/2004_10_15-02_21.txt,,,,1
2004-10-15,33,33,7,unknown,legacy,lojban/2004_10/2004_10_16-02_21.txt,,,,1
2004-10-16,3,3,2,unknown,legacy,"lojban/2004_10/2004_10_16-02_21.txt,lojban/2004_10/2004_10_17-02_21.txt",,,,2
2004-10-17,62,62,8,unknown,legacy,"lojban/2004_10/2004_10_17-02_21.txt,lojban/2004_10/2004_10_18-02_21.txt",,,,2
2004-10-18,49,49,7,unknown,legacy,"lojban/2004_10/2004_10_18-02_21.txt,lojban/2004_10/2004_10_19-02_21.txt",,,,2
2004-10-19,1,1,1,unknown,legacy,lojban/2004_10/2004_10_20-02_21.txt,,,,1
2004-10-20,72,72,13,unknown,legacy,"lojban/2004_10/2004_10_20-02_21.txt,lojban/2004_10/2004_10_21-02_21.txt",,,,2
2004-10-21,8,8,7,unknown,legacy,lojban/2004_10/2004_10_22-02_21.txt,,,,1
2004-10-22,9,9,5,unknown,legacy,lojban/2004_10/2004_10_23-02_21.txt,,,,1
2004-10-23,8,8,4,unknown,legacy,lojban/2004_10/2004_10_24-02_21.txt,,,,1
2004-10-24,4,4,3,unknown,legacy,lojban/2004_10/2004_10_25-02_21.txt,,,,1
2004-10-25,48,48,9,unknown,legacy,lojban/2004_10/2004_10_26-02_21.txt,,,,1
2004-10-26,42,42,6,unknown,legacy,lojban/2004_10/2004_10_27-02_21.txt,,,,1
2004-10-27,9,9,6,unknown,legacy,lojban/2004_10/2004_10_28-02_26.txt,,,,1
2004-10-29,27,27,7,unknown,legacy,lojban/2004_10/2004_10_30-02_21.txt,,,,1
2004-10-30,29,29,6,unknown,legacy,lojban/2004_10/2004_10_31-02_21.txt,,,,1
2004-10-31,3,3,3,unknown,legacy,"lojban/2004_10/2004_10_31-02_21.txt,lojban/2004_11/2004_11_01-02_21.txt",,,,2
2004-11-01,48,48,10,unknown,legacy,lojban/2004_11/2004_11_02-02_21.txt,,,,1
2004-11-02,29,29,7,unknown,legacy,lojban/2004_11/2004_11_03-02_21.txt,,,,1
2004-11-03,25,25,9,unknown,legacy,lojban/2004_11/2004_11_04-02_21.txt,,,,1
2004-11-04,45,45,5,unknown,legacy,lojban/2004_11/2004_11_05-02_21.txt,,,,1
2004-11-05,34,34,7,unknown,legacy,lojban/2004_11/2004_11_06-02_21.txt,,,,1
2004-11-06,22,22,4,unknown,legacy,"lojban/2004_11/2004_11_06-02_21.txt,lojban/2004_11/2004_11_07-02_21.txt",,,,2
2004-11-07,24,24,6,unknown,legacy,"lojban/2004_11/2004_11_07-02_21.txt,lojban/2004_11/2004_11_08-02_21.txt",,,,2
2004-11-08,61,61,11,unknown,legacy,lojban/2004_11/2004_11_09-02_21.txt,,,,1
2004-11-09,60,60,10,unknown,legacy,lojban/2004_11/2004_11_10-02_22.txt,,,,1
2004-11-10,87,87,9,unknown,legacy,lojban/2004_11/2004_11_11-02_22.txt,,,,1
2004-11-11,92,92,10,unknown,legacy,"lojban/2004_11/2004_11_11-02_22.txt,lojban/2004_11/2004_11_12-02_22.txt",,,,2
2004-11-12,24,24,7,unknown,legacy,"lojban/2004_11/2004_11_12-02_22.txt,lojban/2004_11/2004_11_13-02_21.txt",,,,2
2004-11-13,73,73,11,unknown,legacy,lojban/2004_11/2004_11_14-02_21.txt,,,,1
2004-11-14,53,53,11,unknown,legacy,"lojban/2004_11/2004_11_14-02_21.txt,lojban/2004_11/2004_11_15-02_21.txt",,,,2
2004-11-15,58,58,10,unknown,legacy,lojban/2004_11/2004_11_16-02_21.txt,,,,1
2004-11-16,39,39,9,unknown,legacy,"lojban/2004_11/2004_11_16-02_21.txt,lojban/2004_11/2004_11_17-02_21.txt",,,,2
2004-11-17,8,8,3,unknown,legacy,lojban/2004_11/2004_11_18-02_21.txt,,,,1
2004-11-18,229,229,11,unknown,legacy,lojban/2004_11/2004_11_19-02_22.txt,,,,1
2004-11-19,64,64,10,unknown,legacy,lojban/2004_11/2004_11_20-02_21.txt,,,,1
2004-11-20,83,83,7,unknown,legacy,"lojban/2004_11/2004_11_20-02_21.txt,lojban/2004_11/2004_11_21-02_21.txt",,,,2
2004-11-21,81,81,11,unknown,legacy,"lojban/2004_11/2004_11_21-02_21.txt,lojban/2004_11/2004_11_22-02_21.txt",,,,2
2004-11-22,155,155,12,unknown,legacy,"lojban/2004_11/2004_11_22-02_21.txt,lojban/2004_11/2004_11_23-02_22.txt",,,,2
2004-11-23,49,49,9,unknown,legacy,"lojban/2004_11/2004_11_23-02_22.txt,lojban/2004_11/2004_11_24-02_21.txt",,,,2
2004-11-24,54,54,10,unknown,legacy,"lojban/2004_11/2004_11_24-02_21.txt,lojban/2004_11/2004_11_25-02_21.txt",,,,2
2004-11-25,89,89,11,unknown,legacy,"lojban/2004_11/2004_11_25-02_21.txt,lojban/2004_11/2004_11_26-02_21.txt",,,,2
2004-11-26,57,57,7,unknown,legacy,lojban/2004_11/2004_11_27-02_21.txt,,,,1
2004-11-27,52,52,10,unknown,legacy,lojban/2004_11/2004_11_28-02_21.txt,,,,1
2004-11-28,36,36,10,unknown,legacy,lojban/2004_11/2004_11_29-02_21.txt,,,,1
2004-11-29,46,46,10,unknown,legacy,"lojban/2004_11/2004_11_29-02_21.txt,lojban/2004_11/2004_11_30-02_21.txt",,,,2
2004-11-30,89,89,9,unknown,legacy,lojban/2004_12/2004_12_01-02_21.txt,,,,1
2004-12-01,39,39,11,unknown,legacy,lojban/2004_12/2004_12_02-02_21.txt,,,,1
2004-12-02,69,69,16,unknown,legacy,lojban/2004_12/2004_12_03-02_21.txt,,,,1
2004-12-03,64,64,14,unknown,legacy,"lojban/2004_12/2004_12_03-02_21.txt,lojban/2004_12/2004_12_04-02_21.txt",,,,2
2004-12-04,127,127,12,unknown,legacy,"lojban/2004_12/2004_12_04-02_21.txt,lojban/2004_12/2004_12_05-02_21.txt",,,,2
2004-12-05,72,72,10,unknown,legacy,"lojban/2004_12/2004_12_05-02_21.txt,lojban/2004_12/2004_12_06-02_21.txt",,,,2
2004-12-06,88,88,11,unknown,legacy,"lojban/2004_12/2004_12_06-02_21.txt,lojban/2004_12/2004_12_08-02_21.txt",,,,2
2004-12-08,35,35,9,unknown,legacy,lojban/2004_12/2004_12_09-02_21.txt,,,,1
2004-12-09,39,39,10,unknown,legacy,lojban/2004_12/2004_12_10-02_21.txt,,,,1
2004-12-10,31,31,8,unknown,legacy,lojban/2004_12/2004_12_11-02_21.txt,,,,1
2004-12-11,49,49,10,unknown,legacy,"lojban/2004_12/2004_12_11-02_21.txt,lojban/2004_12/2004_12_12-02_21.txt",,,,2
2004-12-12,19,19,7,unknown,legacy,lojban/2004_12/2004_12_13-02_21.txt,,,,1
2004-12-14,43,43,8,unknown,legacy,lojban/2004_12/2004_12_15-02_21.txt,,,,1
2004-12-15,30,30,7,unknown,legacy,lojban/2004_12/2004_12_16-02_21.txt,,,,1
2004-12-16,58,58,8,unknown,legacy,lojban/2004_12/2004_12_17-02_21.txt,,,,1
2004-12-17,75,75,11,unknown,legacy,"lojban/2004_12/2004_12_17-02_21.txt,lojban/2004_12/2004_12_18-02_21.txt",,,,2
2004-12-18,44,44,10,unknown,legacy,lojban/2004_12/2004_12_19-02_21.txt,,,,1
2004-12-19,123,123,16,unknown,legacy,"lojban/2004_12/2004_12_19-02_21.txt,lojban/2004_12/2004_12_20-02_21.txt",,,,2
2004-12-20,76,76,12,unknown,legacy,"lojban/2004_12/2004_12_20-02_21.txt,lojban/2004_12/2004_12_21-02_21.txt",,,,2
2004-12-21,285,285,13,unknown,legacy,"lojban/2004_12/2004_12_21-02_21.txt,lojban/2004_12/2004_12_22-02_22.txt",,,,2
2004-12-22,128,128,19,unknown,legacy,"lojban/2004_12/2004_12_22-02_22.txt,lojban/2004_12/2004_12_23-02_21.txt",,,,2
2004-12-23,138,138,14,unknown,legacy,lojban/2004_12/2004_12_24-02_21.txt,,,,1
2004-12-24,38,38,9,unknown,legacy,"lojban/2004_12/2004_12_24-02_21.txt,lojban/2004_12/2004_12_25-02_21.txt",,,,2
2004-12-25,105,105,11,unknown,legacy,lojban/2004_12/2004_12_26-02_21.txt,,,,1
2004-12-26,156,156,10,unknown,legacy,"lojban/2004_12/2004_12_26-02_21.txt,lojban/2004_12/2004_12_27-02_21.txt",,,,2
2004-12-27,88,88,11,unknown,legacy,"lojban/2004_12/2004_12_27-02_21.txt,lojban/2004_12/2004_12_28-02_21.txt",,,,2
2004-12-28,106,106,11,unknown,legacy,"lojban/2004_12/2004_12_28-02_21.txt,lojban/2004_12/2004_12_29-02_21.txt",,,,2
2004-12-29,83,83,15,unknown,legacy,lojban/2004_12/2004_12_30-02_21.txt,,,,1
2004-12-30,162,162,13,unknown,legacy,"lojban/2004_12/2004_12_30-02_21.txt,lojban/2004_12/2004_12_31-02_21.txt",,,,2
2004-12-31,102,102,8,unknown,legacy,lojban/2005_01/2005_01_01-02_21.txt,,,,1
2005-01-01,50,50,10,unknown,legacy,lojban/2005_01/2005_01_02-02_21.txt,,,,1
2005-01-02,110,110,13,unknown,legacy,"lojban/2005_01/2005_01_02-02_21.txt,lojban/2005_01/2005_01_03-02_21.txt",,,,2
2005-01-03,136,136,14,unknown,legacy,"lojban/2005_01/2005_01_03-02_21.txt,lojban/2005_01/2005_01_04-02_22.txt",,,,2
2005-01-04,161,161,15,unknown,legacy,"lojban/2005_01/2005_01_04-02_22.txt,lojban/2005_01/2005_01_05-02_22.txt",,,,2
2005-01-05,205,205,14,unknown,legacy,"lojban/2005_01/2005_01_05-02_22.txt,lojban/2005_01/2005_01_06-02_22.txt",,,,2
2005-01-06,259,259,15,unknown,legacy,"lojban/2005_01/2005_01_06-02_22.txt,lojban/2005_01/2005_01_07-02_22.txt",,,,2
2005-01-07,206,206,17,unknown,legacy,"lojban/2005_01/2005_01_07-02_22.txt,lojban/2005_01/2005_01_08-02_22.txt",,,,2
2005-01-08,187,187,15,unknown,legacy,"lojban/2005_01/2005_01_08-02_22.txt,lojban/2005_01/2005_01_09-02_23.txt",,,,2
2005-01-09,105,105,16,unknown,legacy,"lojban/2005_01/2005_01_09-02_23.txt,lojban/2005_01/2005_01_10-02_22.txt",,,,2
2005-01-10,151,151,16,unknown,legacy,"lojban/2005_01/2005_01_10-02_22.txt,lojban/2005_01/2005_01_11-02_22.txt",,,,2
2005-01-11,34,34,9,unknown,legacy,"lojban/2005_01/2005_01_11-02_22.txt,lojban/2005_01/2005_01_12-02_21.txt",,,,2
2005-01-12,27,27,10,unknown,legacy,"lojban/2005_01/2005_01_12-02_21.txt,lojban/2005_01/2005_01_13-02_21.txt",,,,2
2005-01-13,69,69,12,unknown,legacy,lojban/2005_01/2005_01_14-02_21.txt,,,,1
2005-01-14,99,99,16,unknown,legacy,"lojban/2005_01/2005_01_14-02_21.txt,lojban/2005_01/2005_01_15-02_21.txt",,,,2
2005-01-15,46,46,10,unknown,legacy,"lojban/2005_01/2005_01_15-02_21.txt,lojban/2005_01/2005_01_16-02_21.txt",,,,2
2005-01-16,70,70,7,unknown,legacy,lojban/2005_01/2005_01_17-02_21.txt,,,,1
2005-01-17,29,29,7,unknown,legacy,lojban/2005_01/2005_01_18-02_21.txt,,,,1
2005-01-18,133,133,14,unknown,legacy,"lojban/2005_01/2005_01_18-02_21.txt,lojban/2005_01/2005_01_19-02_21.txt",,,,2
2005-01-19,3,3,2,unknown,legacy,lojban/2005_01/2005_01_20-02_21.txt,,,,1
2005-01-20,36,36,11,unknown,legacy,lojban/2005_01/2005_01_21-02_21.txt,,,,1
2005-01-21,54,54,9,unknown,legacy,lojban/2005_01/2005_01_22-02_21.txt,,,,1
2005-01-22,26,26,6,unknown,legacy,"lojban/2005_01/2005_01_22-02_21.txt,lojban/2005_01/2005_01_23-02_21.txt",,,,2
2005-01-23,150,150,11,unknown,legacy,"lojban/2005_01/2005_01_23-02_21.txt,lojban/2005_01/2005_01_24-02_21.txt",,,,2
2005-01-24,118,118,9,unknown,legacy,lojban/2005_01/2005_01_25-02_21.txt,,,,1
2005-01-25,120,120,12,unknown,legacy,"lojban/2005_01/2005_01_25-02_21.txt,lojban/2005_01/2005_01_26-02_22.txt",,,,2
2005-01-26,118,118,12,unknown,legacy,"lojban/2005_01/2005_01_26-02_22.txt,lojban/2005_01/2005_01_27-02_21.txt",,,,2
2005-01-27,104,104,11,unknown,legacy,lojban/2005_01/2005_01_28-02_21.txt,,,,1
2005-01-28,62,62,11,unknown,legacy,"lojban/2005_01/2005_01_28-02_21.txt,lojban/2005_01/2005_01_29-02_21.txt",,,,2
2005-01-29,31,31,12,unknown,legacy,lojban/2005_01/2005_01_30-02_21.txt,,,,1
2005-01-30,52,52,8,unknown,legacy,"lojban/2005_01/2005_01_30-02_21.txt,lojban/2005_01/2005_01_31-02_21.txt",,,,2
2005-01-31,100,100,13,unknown,legacy,lojban/2005_02/2005_02_01-02_21.txt,,,,1
2005-02-01,135,135,13,unknown,legacy,lojban/2005_02/2005_02_02-02_21.txt,,,,1
2005-02-02,91,91,11,unknown,legacy,lojban/2005_02/2005_02_03-02_21.txt,,,,1
2005-02-03,217,217,14,unknown,legacy,"lojban/2005_02/2005_02_03-02_21.txt,lojban/2005_02/2005_02_04-02_22.txt",,,,2
2005-02-04,83,83,13,unknown,legacy,"lojban/2005_02/2005_02_04-02_22.txt,lojban/2005_02/2005_02_05-02_21.txt",,,,2
2005-02-05,70,70,13,unknown,legacy,lojban/2005_02/2005_02_06-02_21.txt,,,,1
2005-02-06,74,74,9,unknown,legacy,"lojban/2005_02/2005_02_06-02_21.txt,lojban/2005_02/2005_02_07-02_21.txt",,,,2
2005-02-07,241,241,12,unknown,legacy,"lojban/2005_02/2005_02_07-02_21.txt,lojban/2005_02/2005_02_08-02_21.txt",,,,2
2005-02-08,89,89,11,unknown,legacy,lojban/2005_02/2005_02_09-02_21.txt,,,,1
2005-02-09,123,123,11,unknown,legacy,lojban/2005_02/2005_02_10-02_21.txt,,,,1
2005-02-10,73,73,11,unknown,legacy,lojban/2005_02/2005_02_11-02_21.txt,,,,1
2005-02-11,38,38,9,unknown,legacy,lojban/2005_02/2005_02_12-02_21.txt,,,,1
2005-02-12,62,62,10,unknown,legacy,lojban/2005_02/2005_02_13-02_21.txt,,,,1
2005-02-13,86,86,11,unknown,legacy,lojban/2005_02/2005_02_14-02_21.txt,,,,1
2005-02-14,230,230,13,unknown,legacy,lojban/2005_02/2005_02_15-02_22.txt,,,,1
2005-02-15,55,55,16,unknown,legacy,lojban/2005_02/2005_02_16-02_22.txt,,,,1
2005-02-16,78,78,18,unknown,legacy,"lojban/2005_02/2005_02_16-02_22.txt,lojban/2005_02/2005_02_17-02_21.txt",,,,2
2005-02-17,76,76,12,unknown,legacy,"lojban/2005_02/2005_02_17-02_21.txt,lojban/2005_02/2005_02_18-02_21.txt",,,,2
2005-02-18,155,155,13,unknown,legacy,"lojban/2005_02/2005_02_18-02_21.txt,lojban/2005_02/2005_02_19-02_21.txt",,,,2
2005-02-19,103,103,9,unknown,legacy,lojban/2005_02/2005_02_20-02_21.txt,,,,1
2005-02-20,66,66,10,unknown,legacy,"lojban/2005_02/2005_02_20-02_21.txt,lojban/2005_02/2005_02_21-02_21.txt",,,,2
2005-02-21,216,216,14,unknown,legacy,"lojban/2005_02/2005_02_21-02_21.txt,lojban/2005_02/2005_02_22-02_21.txt",,,,2
2005-02-22,117,117,8,unknown,legacy,"lojban/2005_02/2005_02_22-02_21.txt,lojban/2005_02/2005_02_23-02_21.txt",,,,2
2005-02-23,189,189,13,unknown,legacy,"lojban/2005_02/2005_02_23-02_21.txt,lojban/2005_02/2005_02_24-02_22.txt",,,,2
2005-02-24,90,90,13,unknown,legacy,lojban/2005_02/2005_02_25-02_21.txt,,,,1
2005-02-25,102,102,12,unknown,legacy,lojban/2005_02/2005_02_26-02_21.txt,,,,1
2005-02-26,75,75,9,unknown,legacy,"lojban/2005_02/2005_02_26-02_21.txt,lojban/2005_02/2005_02_27-02_21.txt",,,,2
2005-02-27,91,91,8,unknown,legacy,lojban/2005_02/2005_02_28-02_21.txt,,,,1
2005-02-28,35,35,8,unknown,legacy,lojban/2005_03/2005_03_01-02_21.txt,,,,1
2005-03-01,48,48,9,unknown,legacy,"lojban/2005_03/2005_03_01-02_21.txt,lojban/2005_03/2005_03_02-02_21.txt",,,,2
2005-03-02,110,110,11,unknown,legacy,"lojban/2005_03/2005_03_02-02_21.txt,lojban/2005_03/2005_03_03-02_26.txt",,,,2
2005-03-03,80,80,10,unknown,legacy,lojban/2005_03/2005_03_04-02_21.txt,,,,1
2005-03-04,183,183,16,unknown,legacy,lojban/2005_03/2005_03_05-02_21.txt,,,,1
2005-03-05,36,36,9,unknown,legacy,lojban/2005_03/2005_03_06-02_21.txt,,,,1
2005-03-06,32,32,11,unknown,legacy,lojban/2005_03/2005_03_07-02_21.txt,,,,1
2005-03-07,61,61,13,unknown,legacy,"lojban/2005_03/2005_03_07-02_21.txt,lojban/2005_03/2005_03_08-02_21.txt",,,,2
2005-03-08,77,77,7,unknown,legacy,lojban/2005_03/2005_03_09-02_21.txt,,,,1
2005-03-09,2,2,1,unknown,legacy,lojban/2005_03/2005_03_10-02_21.txt,,,,1
2005-03-10,83,83,11,unknown,legacy,lojban/2005_03/2005_03_11-02_21.txt,,,,1
2005-03-11,78,78,9,unknown,legacy,lojban/2005_03/2005_03_12-02_21.txt,,,,1
2005-03-12,76,76,7,unknown,legacy,"lojban/2005_03/2005_03_12-02_21.txt,lojban/2005_03/2005_03_13-02_21.txt",,,,2
2005-03-13,24,24,6,unknown,legacy,lojban/2005_03/2005_03_14-02_21.txt,,,,1
2005-03-14,84,84,11,unknown,legacy,lojban/2005_03/2005_03_15-02_21.txt,,,,1
2005-03-15,85,85,8,unknown,legacy,lojban/2005_03/2005_03_16-02_21.txt,,,,1
2005-03-16,91,91,10,unknown,legacy,lojban/2005_03/2005_03_17-02_22.txt,,,,1
2005-03-17,56,56,11,unknown,legacy,"lojban/2005_03/2005_03_17-02_22.txt,lojban/2005_03/2005_03_18-02_21.txt",,,,2
2005-03-18,43,43,11,unknown,legacy,lojban/2005_03/2005_03_19-02_21.txt,,,,1
2005-03-19,84,84,10,unknown,legacy,lojban/2005_03/2005_03_20-02_21.txt,,,,1
2005-03-20,20,20,6,unknown,legacy,lojban/2005_03/2005_03_21-02_21.txt,,,,1
2005-03-21,1,1,1,unknown,legacy,lojban/2005_03/2005_03_22-02_21.txt,,,,1
2005-03-22,50,50,11,unknown,legacy,lojban/2005_03/2005_03_23-02_21.txt,,,,1
2005-03-23,230,230,14,unknown,legacy,lojban/2005_03/2005_03_24-02_21.txt,,,,1
2005-03-24,479,479,11,unknown,legacy,lojban/2005_03/2005_03_25-02_21.txt,,,,1
2005-03-25,272,272,9,unknown,legacy,lojban/2005_03/2005_03_26-02_21.txt,,,,1
2005-03-26,132,132,10,unknown,legacy,"lojban/2005_03/2005_03_26-02_21.txt,lojban/2005_03/2005_03_27-02_21.txt",,,,2
2005-03-27,80,80,13,unknown,legacy,lojban/2005_03/2005_03_28-02_21.txt,,,,1
2005-03-28,79,79,14,unknown,legacy,lojban/2005_03/2005_03_29-02_21.txt,,,,1
2005-03-29,60,60,11,unknown,legacy,lojban/2005_03/2005_03_30-02_21.txt,,,,1
2005-03-30,108,108,14,unknown,legacy,lojban/2005_03/2005_03_31-02_21.txt,,,,1
2005-03-31,137,137,15,unknown,legacy,"lojban/2005_03/2005_03_31-02_21.txt,lojban/2005_04/2005_04_01-02_21.txt",,,,2
2005-04-01,87,87,15,unknown,legacy,lojban/2005_04/2005_04_02-02_21.txt,,,,1
2005-04-02,98,98,17,unknown,legacy,"lojban/2005_04/2005_04_02-02_21.txt,lojban/2005_04/2005_04_04-02_22.txt",,,,2
2005-04-03,64,64,10,unknown,legacy,lojban/2005_04/2005_04_04-02_22.txt,,,,1
2005-04-04,120,120,12,unknown,legacy,lojban/2005_04/2005_04_05-02_22.txt,,,,1
2005-04-05,124,124,14,unknown,legacy,"lojban/2005_04/2005_04_05-02_22.txt,lojban/2005_04/2005_04_06-02_21.txt",,,,2
2005-04-06,91,91,14,unknown,legacy,lojban/2005_04/2005_04_07-02_21.txt,,,,1
2005-04-07,179,179,17,unknown,legacy,"lojban/2005_04/2005_04_07-02_21.txt,lojban/2005_04/2005_04_08-02_22.txt",,,,2
2005-04-08,45,45,12,unknown,legacy,"lojban/2005_04/2005_04_08-02_22.txt,lojban/2005_04/2005_04_09-02_21.txt",,,,2
2005-04-09,32,32,11,unknown,legacy,lojban/2005_04/2005_04_10-02_21.txt,,,,1
2005-04-10,181,181,15,unknown,legacy,"lojban/2005_04/2005_04_10-02_21.txt,lojban/2005_04/2005_04_11-02_21.txt",,,,2
2005-04-11,83,83,15,unknown,legacy,lojban/2005_04/2005_04_12-02_21.txt,,,,1
2005-04-12,120,120,17,unknown,legacy,"lojban/2005_04/2005_04_12-02_21.txt,lojban/2005_04/2005_04_13-02_21.txt",,,,2
2005-04-13,104,104,10,unknown,legacy,lojban/2005_04/2005_04_14-02_21.txt,,,,1
2005-04-14,69,69,12,unknown,legacy,lojban/2005_04/2005_04_15-02_21.txt,,,,1
2005-04-15,29,29,12,unknown,legacy,lojban/2005_04/2005_04_16-02_21.txt,,,,1
2005-04-16,51,51,8,unknown,legacy,lojban/2005_04/2005_04_17-02_21.txt,,,,1
2005-04-17,21,21,8,unknown,legacy,lojban/2005_04/2005_04_18-02_21.txt,,,,1
2005-04-18,19,19,10,unknown,legacy,lojban/2005_04/2005_04_19-02_21.txt,,,,1
2005-04-19,119,119,11,unknown,legacy,lojban/2005_04/2005_04_20-02_21.txt,,,,1
2005-04-20,123,123,11,unknown,legacy,lojban/2005_04/2005_04_21-02_21.txt,,,,1
2005-04-21,64,64,10,unknown,legacy,lojban/2005_04/2005_04_22-02_21.txt,,,,1
2005-04-22,136,136,14,unknown,legacy,lojban/2005_04/2005_04_23-02_21.txt,,,,1
2005-04-23,23,23,8,unknown,legacy,lojban/2005_04/2005_04_24-02_21.txt,,,,1
2005-04-24,32,32,9,unknown,legacy,lojban/2005_04/2005_04_25-02_21.txt,,,,1
2005-04-25,84,84,11,unknown,legacy,lojban/2005_04/2005_04_26-02_21.txt,,,,1
2005-04-26,54,54,10,unknown,legacy,"lojban/2005_04/2005_04_26-02_21.txt,lojban/2005_04/2005_04_27-02_21.txt",,,,2
2005-04-27,101,101,13,unknown,legacy,"lojban/2005_04/2005_04_27-02_21.txt,lojban/2005_04/2005_04_28-02_21.txt",,,,2
2005-04-28,52,52,10,unknown,legacy,lojban/2005_04/2005_04_29-02_21.txt,,,,1
2005-04-29,25,25,8,unknown,legacy,lojban/2005_04/2005_04_30-02_21.txt,,,,1
2005-04-30,35,35,8,unknown,legacy,lojban/2005_05/2005_05_01-02_21.txt,,,,1
2005-05-01,70,70,10,unknown,legacy,lojban/2005_05/2005_05_02-02_21.txt,,,,1
2005-05-02,54,54,12,unknown,legacy,lojban/2005_05/2005_05_03-02_21.txt,,,,1
2005-05-03,96,96,12,unknown,legacy,lojban/2005_05/2005_05_04-02_21.txt,,,,1
2005-05-04,71,71,11,unknown,legacy,lojban/2005_05/2005_05_05-02_21.txt,,,,1
2005-05-05,62,62,8,unknown,legacy,lojban/2005_05/2005_05_06-02_21.txt,,,,1
2005-05-06,129,129,10,unknown,legacy,lojban/2005_05/2005_05_07-02_21.txt,,,,1
2005-05-07,44,44,8,unknown,legacy,lojban/2005_05/2005_05_08-02_21.txt,,,,1
2005-05-08,12,12,7,unknown,legacy,"lojban/2005_05/2005_05_08-02_21.txt,lojban/2005_05/2005_05_09-02_21.txt",,,,2
2005-05-09,44,44,8,unknown,legacy,lojban/2005_05/2005_05_10-02_21.txt,,,,1
2005-05-10,57,57,10,unknown,legacy,lojban/2005_05/2005_05_11-02_21.txt,,,,1
2005-05-11,238,238,9,unknown,legacy,"lojban/2005_05/2005_05_11-02_21.txt,lojban/2005_05/2005_05_12-02_21.txt",,,,2
2005-05-12,101,101,11,unknown,legacy,lojban/2005_05/2005_05_13-02_22.txt,,,,1
2005-05-13,49,49,8,unknown,legacy,"lojban/2005_05/2005_05_13-02_22.txt,lojban/2005_05/2005_05_14-02_21.txt",,,,2
2005-05-14,90,90,13,unknown,legacy,lojban/2005_05/2005_05_15-02_22.txt,,,,1
2005-05-15,43,43,12,unknown,legacy,"lojban/2005_05/2005_05_15-02_22.txt,lojban/2005_05/2005_05_16-02_21.txt",,,,2
2005-05-16,71,71,18,unknown,legacy,"lojban/2005_05/2005_05_16-02_21.txt,lojban/2005_05/2005_05_17-02_21.txt",,,,2
2005-05-17,88,88,14,unknown,legacy,"lojban/2005_05/2005_05_17-02_21.txt,lojban/2005_05/2005_05_18-02_22.txt",,,,2
2005-05-18,57,57,14,unknown,legacy,lojban/2005_05/2005_05_19-02_21.txt,,,,1
2005-05-19,6,6,4,unknown,legacy,lojban/2005_05/2005_05_20-02_21.txt,,,,1
2005-05-20,28,28,6,unknown,legacy,lojban/2005_05/2005_05_21-02_21.txt,,,,1
2005-05-21,16,16,8,unknown,legacy,"lojban/2005_05/2005_05_21-02_21.txt,lojban/2005_05/2005_05_22-02_21.txt",,,,2
2005-05-22,34,34,5,unknown,legacy,lojban/2005_05/2005_05_23-02_21.txt,,,,1
2005-05-23,53,53,11,unknown,legacy,lojban/2005_05/2005_05_24-02_22.txt,,,,1
2005-05-24,84,84,11,unknown,legacy,"lojban/2005_05/2005_05_24-02_22.txt,lojban/2005_05/2005_05_25-02_22.txt",,,,2
2005-05-25,70,70,10,unknown,legacy,"lojban/2005_05/2005_05_25-02_22.txt,lojban/2005_05/2005_05_26-02_21.txt",,,,2
2005-05-26,30,30,8,unknown,legacy,lojban/2005_05/2005_05_27-02_21.txt,,,,1
2005-05-27,41,41,9,unknown,legacy,"lojban/2005_05/2005_05_27-02_21.txt,lojban/2005_05/2005_05_28-02_21.txt",,,,2
2005-05-28,32,32,6,unknown,legacy,"lojban/2005_05/2005_05_28-02_21.txt,lojban/2005_05/2005_05_29-02_21.txt",,,,2
2005-05-29,61,61,10,unknown,legacy,lojban/2005_05/2005_05_30-02_21.txt,,,,1
2005-05-30,101,101,13,unknown,legacy,"lojban/2005_05/2005_05_30-02_21.txt,lojban/2005_05/2005_05_31-02_21.txt",,,,2
2005-05-31,83,83,7,unknown,legacy,"lojban/2005_05/2005_05_31-02_21.txt,lojban/2005_06/2005_06_01-02_22.txt",,,,2
2005-06-01,24,24,8,unknown,legacy,lojban/2005_06/2005_06_02-02_22.txt,,,,1
2005-06-02,77,77,12,unknown,legacy,"lojban/2005_06/2005_06_02-02_22.txt,lojban/2005_06/2005_06_03-02_22.txt",,,,2
2005-06-03,151,151,15,unknown,legacy,lojban/2005_06/2005_06_04-02_21.txt,,,,1
2005-06-04,58,58,12,unknown,legacy,"lojban/2005_06/2005_06_04-02_21.txt,lojban/2005_06/2005_06_05-02_21.txt",,,,2
2005-06-05,59,59,12,unknown,legacy,lojban/2005_06/2005_06_06-02_21.txt,,,,1
2005-06-06,93,93,15,unknown,legacy,"lojban/2005_06/2005_06_06-02_21.txt,lojban/2005_06/2005_06_07-02_21.txt",,,,2
2005-06-07,137,137,14,unknown,legacy,"lojban/2005_06/2005_06_07-02_21.txt,lojban/2005_06/2005_06_08-02_22.txt",,,,2
2005-06-08,73,73,16,unknown,legacy,"lojban/2005_06/2005_06_08-02_22.txt,lojban/2005_06/2005_06_09-02_21.txt",,,,2
2005-06-09,58,58,14,unknown,legacy,"lojban/2005_06/2005_06_09-02_21.txt,lojban/2005_06/2005_06_10-02_21.txt",,,,2
2005-06-10,46,46,14,unknown,legacy,lojban/2005_06/2005_06_11-02_21.txt,,,,1
2005-06-11,79,79,15,unknown,legacy,"lojban/2005_06/2005_06_11-02_21.txt,lojban/2005_06/2005_06_12-02_21.txt",,,,2
2005-06-12,3,3,2,unknown,legacy,lojban/2005_06/2005_06_12-02_21.txt,,,,1
2005-06-13,143,143,12,unknown,legacy,lojban/2005_06/2005_06_14-02_21.txt,,,,1
2005-06-14,76,76,15,unknown,legacy,lojban/2005_06/2005_06_15-02_21.txt,,,,1
2005-06-15,151,151,15,unknown,legacy,"lojban/2005_06/2005_06_15-02_21.txt,lojban/2005_06/2005_06_16-02_21.txt",,,,2
2005-06-16,74,74,12,unknown,legacy,"lojban/2005_06/2005_06_16-02_21.txt,lojban/2005_06/2005_06_17-02_22.txt",,,,2
2005-06-17,149,149,16,unknown,legacy,"lojban/2005_06/2005_06_17-02_22.txt,lojban/2005_06/2005_06_18-02_21.txt",,,,2
2005-06-18,112,112,19,unknown,legacy,"lojban/2005_06/2005_06_18-02_21.txt,lojban/2005_06/2005_06_19-02_21.txt",,,,2
2005-06-19,83,83,13,unknown,legacy,"lojban/2005_06/2005_06_19-02_21.txt,lojban/2005_06/2005_06_20-02_21.txt",,,,2
2005-06-20,180,180,21,unknown,legacy,"lojban/2005_06/2005_06_20-02_21.txt,lojban/2005_06/2005_06_21-02_22.txt",,,,2
2005-06-21,87,87,12,unknown,legacy,lojban/2005_06/2005_06_22-02_21.txt,,,,1
2005-06-22,96,96,16,unknown,legacy,"lojban/2005_06/2005_06_22-02_21.txt,lojban/2005_06/2005_06_23-02_21.txt",,,,2
2005-06-23,137,137,15,unknown,legacy,"lojban/2005_06/2005_06_23-02_21.txt,lojban/2005_06/2005_06_24-02_21.txt",,,,2
2005-06-24,139,139,15,unknown,legacy,"lojban/2005_06/2005_06_24-02_21.txt,lojban/2005_06/2005_06_25-02_21.txt",,,,2
2005-06-25,22,22,7,unknown,legacy,"lojban/2005_06/2005_06_25-02_21.txt,lojban/2005_06/2005_06_26-02_21.txt",,,,2
2005-06-26,45,45,5,unknown,legacy,lojban/2005_06/2005_06_27-02_21.txt,,,,1
2005-06-27,30,30,9,unknown,legacy,lojban/2005_06/2005_06_28-02_21.txt,,,,1
2005-06-28,153,153,15,unknown,legacy,lojban/2005_06/2005_06_29-02_22.txt,,,,1
2005-06-29,70,70,16,unknown,legacy,"lojban/2005_06/2005_06_29-02_22.txt,lojban/2005_06/2005_06_30-02_22.txt",,,,2
2005-06-30,137,137,16,unknown,legacy,lojban/2005_07/2005_07_01-02_22.txt,,,,1
2005-07-01,169,169,19,unknown,legacy,"lojban/2005_07/2005_07_01-02_22.txt,lojban/2005_07/2005_07_02-02_21.txt",,,,2
2005-07-02,103,103,15,unknown,legacy,"lojban/2005_07/2005_07_02-02_21.txt,lojban/2005_07/2005_07_03-02_21.txt",,,,2
2005-07-03,122,122,16,unknown,legacy,"lojban/2005_07/2005_07_03-02_21.txt,lojban/2005_07/2005_07_04-02_22.txt",,,,2
2005-07-04,155,155,17,unknown,legacy,"lojban/2005_07/2005_07_04-02_22.txt,lojban/2005_07/2005_07_05-02_21.txt",,,,2
2005-07-05,146,146,17,unknown,legacy,"lojban/2005_07/2005_07_05-02_21.txt,lojban/2005_07/2005_07_06-02_21.txt",,,,2
2005-07-06,175,175,20,unknown,legacy,"lojban/2005_07/2005_07_06-02_21.txt,lojban/2005_07/2005_07_07-02_22.txt",,,,2
2005-07-07,99,99,16,unknown,legacy,"lojban/2005_07/2005_07_07-02_22.txt,lojban/2005_07/2005_07_09-02_21.txt",,,,2
2005-07-09,34,34,11,unknown,legacy,lojban/2005_07/2005_07_10-02_21.txt,,,,1
2005-07-10,85,85,17,unknown,legacy,"lojban/2005_07/2005_07_10-02_21.txt,lojban/2005_07/2005_07_11-02_21.txt",,,,2
2005-07-11,45,45,14,unknown,legacy,lojban/2005_07/2005_07_12-02_21.txt,,,,1
2005-07-12,53,53,9,unknown,legacy,"lojban/2005_07/2005_07_12-02_21.txt,lojban/2005_07/2005_07_13-02_21.txt",,,,2
2005-07-13,42,42,10,unknown,legacy,lojban/2005_07/2005_07_14-02_21.txt,,,,1
2005-07-14,42,42,12,unknown,legacy,lojban/2005_07/2005_07_15-02_21.txt,,,,1
2005-07-15,52,52,12,unknown,legacy,lojban/2005_07/2005_07_16-02_21.txt,,,,1
2005-07-16,28,28,11,unknown,legacy,"lojban/2005_07/2005_07_16-02_21.txt,lojban/2005_07/2005_07_17-02_21.txt",,,,2
2005-07-17,25,25,12,unknown,legacy,"lojban/2005_07/2005_07_17-02_21.txt,lojban/2005_07/2005_07_18-02_21.txt",,,,2
2005-07-18,39,39,9,unknown,legacy,lojban/2005_07/2005_07_19-02_21.txt,,,,1
2005-07-19,42,42,13,unknown,legacy,lojban/2005_07/2005_07_20-02_21.txt,,,,1
2005-07-20,54,54,14,unknown,legacy,lojban/2005_07/2005_07_21-02_21.txt,,,,1
2005-07-21,27,27,10,unknown,legacy,lojban/2005_07/2005_07_22-02_21.txt,,,,1
2005-07-22,51,51,14,unknown,legacy,lojban/2005_07/2005_07_23-02_21.txt,,,,1
2005-07-23,46,46,11,unknown,legacy,lojban/2005_07/2005_07_24-02_21.txt,,,,1
2005-07-24,26,26,7,unknown,legacy,lojban/2005_07/2005_07_25-02_21.txt,,,,1
2005-07-25,111,111,17,unknown,legacy,lojban/2005_07/2005_07_26-02_22.txt,,,,1
2005-07-26,47,47,9,unknown,legacy,lojban/2005_07/2005_07_27-02_21.txt,,,,1
2005-07-27,46,46,12,unknown,legacy,lojban/2005_07/2005_07_28-02_21.txt,,,,1
2005-07-28,65,65,16,unknown,legacy,lojban/2005_07/2005_07_29-02_21.txt,,,,1
2005-07-29,22,22,9,unknown,legacy,lojban/2005_07/2005_07_30-02_21.txt,,,,1
2005-07-30,9,9,4,unknown,legacy,lojban/2005_07/2005_07_31-02_21.txt,,,,1
2005-07-31,41,41,8,unknown,legacy,lojban/2005_08/2005_08_01-02_21.txt,,,,1
2005-08-01,142,142,13,unknown,legacy,lojban/2005_08/2005_08_02-02_21.txt,,,,1
2005-08-02,27,27,8,unknown,legacy,lojban/2005_08/2005_08_03-02_21.txt,,,,1
2005-08-03,37,37,9,unknown,legacy,lojban/2005_08/2005_08_04-02_21.txt,,,,1
2005-08-04,88,88,11,unknown,legacy,lojban/2005_08/2005_08_05-02_21.txt,,,,1
2005-08-05,14,14,8,unknown,legacy,lojban/2005_08/2005_08_06-02_21.txt,,,,1
2005-08-06,15,15,9,unknown,legacy,lojban/2005_08/2005_08_07-02_21.txt,,,,1
2005-08-07,35,35,14,unknown,legacy,lojban/2005_08/2005_08_08-02_21.txt,,,,1
2005-08-08,62,62,16,unknown,legacy,lojban/2005_08/2005_08_09-02_21.txt,,,,1
2005-08-09,37,37,9,unknown,legacy,lojban/2005_08/2005_08_10-02_21.txt,,,,1
2005-08-10,14,14,7,unknown,legacy,lojban/2005_08/2005_08_11-02_21.txt,,,,1
2005-08-11,17,17,7,unknown,legacy,lojban/2005_08/2005_08_12-02_21.txt,,,,1
2005-08-12,24,24,11,unknown,legacy,lojban/2005_08/2005_08_13-02_21.txt,,,,1
2005-08-13,27,27,9,unknown,legacy,lojban/2005_08/2005_08_14-02_21.txt,,,,1
2005-08-14,49,49,14,unknown,legacy,"lojban/2005_08/2005_08_14-02_21.txt,lojban/2005_08/2005_08_15-02_21.txt",,,,2
2005-08-15,31,31,13,unknown,legacy,lojban/2005_08/2005_08_16-02_21.txt,,,,1
2005-08-16,96,96,9,unknown,legacy,lojban/2005_08/2005_08_17-02_21.txt,,,,1
2005-08-17,38,38,11,unknown,legacy,lojban/2005_08/2005_08_18-02_21.txt,,,,1
2005-08-18,51,51,11,unknown,legacy,"lojban/2005_08/2005_08_18-02_21.txt,lojban/2005_08/2005_08_19-02_21.txt",,,,2
2005-08-19,20,20,5,unknown,legacy,"lojban/2005_08/2005_08_19-02_21.txt,lojban/2005_08/2005_08_20-02_21.txt",,,,2
2005-08-20,16,16,7,unknown,legacy,lojban/2005_08/2005_08_21-02_21.txt,,,,1
2005-08-21,38,38,9,unknown,legacy,lojban/2005_08/2005_08_22-02_21.txt,,,,1
2005-08-22,63,63,12,unknown,legacy,"lojban/2005_08/2005_08_22-02_21.txt,lojban/2005_08/2005_08_23-02_21.txt",,,,2
2005-08-23,39,39,11,unknown,legacy,lojban/2005_08/2005_08_24-02_21.txt,,,,1
2005-08-24,38,38,9,unknown,legacy,lojban/2005_08/2005_08_25-02_21.txt,,,,1
2005-08-25,37,37,13,unknown,legacy,"lojban/2005_08/2005_08_25-02_21.txt,lojban/2005_08/2005_08_26-02_21.txt",,,,2
2005-08-26,82,82,13,unknown,legacy,lojban/2005_08/2005_08_27-02_21.txt,,,,1
2005-08-27,26,26,9,unknown,legacy,"lojban/2005_08/2005_08_27-02_21.txt,lojban/2005_08/2005_08_28-02_21.txt",,,,2
2005-08-28,31,31,10,unknown,legacy,"lojban/2005_08/2005_08_28-02_21.txt,lojban/2005_08/2005_08_29-02_21.txt",,,,2
2005-08-29,36,36,12,unknown,legacy,lojban/2005_08/2005_08_30-02_21.txt,,,,1
2005-08-30,20,20,12,unknown,legacy,lojban/2005_08/2005_08_31-02_21.txt,,,,1
2005-08-31,53,53,7,unknown,legacy,lojban/2005_09/2005_09_01-02_21.txt,,,,1
2005-09-01,23,23,8,unknown,legacy,lojban/2005_09/2005_09_02-02_21.txt,,,,1
2005-09-02,38,38,11,unknown,legacy,lojban/2005_09/2005_09_03-02_21.txt,,,,1
2005-09-03,50,50,8,unknown,legacy,lojban/2005_09/2005_09_04-02_21.txt,,,,1
2005-09-04,29,29,7,unknown,legacy,lojban/2005_09/2005_09_05-02_21.txt,,,,1
2005-09-05,80,80,12,unknown,legacy,"lojban/2005_09/2005_09_05-02_21.txt,lojban/2005_09/2005_09_06-02_21.txt",,,,2
2005-09-06,54,54,9,unknown,legacy,lojban/2005_09/2005_09_07-02_21.txt,,,,1
2005-09-07,34,34,11,unknown,legacy,lojban/2005_09/2005_09_08-02_21.txt,,,,1
2005-09-08,73,73,14,unknown,legacy,lojban/2005_09/2005_09_09-02_21.txt,,,,1
2005-09-09,31,31,11,unknown,legacy,"lojban/2005_09/2005_09_09-02_21.txt,lojban/2005_09/2005_09_10-02_21.txt",,,,2
2005-09-10,7,7,5,unknown,legacy,lojban/2005_09/2005_09_11-02_21.txt,,,,1
2005-09-11,4,4,3,unknown,legacy,lojban/2005_09/2005_09_12-02_21.txt,,,,1
2005-09-12,87,87,8,unknown,legacy,lojban/2005_09/2005_09_13-02_21.txt,,,,1
2005-09-13,64,64,8,unknown,legacy,lojban/2005_09/2005_09_14-02_21.txt,,,,1
2005-09-14,38,38,8,unknown,legacy,lojban/2005_09/2005_09_15-02_21.txt,,,,1
2005-09-15,30,30,6,unknown,legacy,lojban/2005_09/2005_09_16-02_21.txt,,,,1
2005-09-16,75,75,10,unknown,legacy,lojban/2005_09/2005_09_17-02_21.txt,,,,1
2005-09-17,25,25,11,unknown,legacy,"lojban/2005_09/2005_09_17-02_21.txt,lojban/2005_09/2005_09_18-02_21.txt",,,,2
2005-09-18,20,20,9,unknown,legacy,lojban/2005_09/2005_09_19-02_21.txt,,,,1
2005-09-19,36,36,11,unknown,legacy,lojban/2005_09/2005_09_20-02_22.txt,,,,1
2005-09-20,71,71,9,unknown,legacy,"lojban/2005_09/2005_09_20-02_22.txt,lojban/2005_09/2005_09_21-02_21.txt",,,,2
2005-09-21,18,18,9,unknown,legacy,lojban/2005_09/2005_09_22-02_21.txt,,,,1
2005-09-22,43,43,11,unknown,legacy,lojban/2005_09/2005_09_23-02_21.txt,,,,1
2005-09-23,97,97,13,unknown,legacy,lojban/2005_09/2005_09_24-02_21.txt,,,,1
2005-09-24,13,13,4,unknown,legacy,lojban/2005_09/2005_09_25-02_21.txt,,,,1
2005-09-25,26,26,6,unknown,legacy,lojban/2005_09/2005_09_26-02_21.txt,,,,1
2005-09-26,99,99,12,unknown,legacy,lojban/2005_09/2005_09_27-02_21.txt,,,,1
2005-09-27,48,48,11,unknown,legacy,lojban/2005_09/2005_09_28-02_21.txt,,,,1
2005-09-28,33,33,8,unknown,legacy,lojban/2005_09/2005_09_29-02_21.txt,,,,1
2005-09-29,45,45,9,unknown,legacy,lojban/2005_09/2005_09_30-02_21.txt,,,,1
2005-09-30,43,43,10,unknown,legacy,lojban/2005_10/2005_10_01-02_21.txt,,,,1
2005-10-01,35,35,10,unknown,legacy,lojban/2005_10/2005_10_02-02_21.txt,,,,1
2005-10-02,3,3,3,unknown,legacy,lojban/2005_10/2005_10_03-02_21.txt,,,,1
2005-10-03,42,42,10,unknown,legacy,lojban/2005_10/2005_10_04-02_23.txt,,,,1
2005-10-04,31,31,9,unknown,legacy,"lojban/2005_10/2005_10_04-02_23.txt,lojban/2005_10/2005_10_05-02_22.txt",,,,2
2005-10-05,52,52,7,unknown,legacy,lojban/2005_10/2005_10_06-02_21.txt,,,,1
2005-10-06,22,22,9,unknown,legacy,lojban/2005_10/2005_10_07-02_22.txt,,,,1
2005-10-07,33,33,8,unknown,legacy,lojban/2005_10/2005_10_08-02_21.txt,,,,1
2005-10-08,17,17,6,unknown,legacy,lojban/2005_10/2005_10_09-02_22.txt,,,,1
2005-10-10,69,69,11,unknown,legacy,lojban/2005_10/2005_10_11-02_21.txt,,,,1
2005-10-11,31,31,12,unknown,legacy,lojban/2005_10/2005_10_12-02_22.txt,,,,1
2005-10-12,9,9,4,unknown,legacy,lojban/2005_10/2005_10_13-02_21.txt,,,,1
2005-10-13,20,20,6,unknown,legacy,lojban/2005_10/2005_10_14-02_21.txt,,,,1
2005-10-14,18,18,8,unknown,legacy,lojban/2005_10/2005_10_15-02_21.txt,,,,1
2005-10-15,22,22,7,unknown,legacy,"lojban/2005_10/2005_10_15-02_21.txt,lojban/2005_10/2005_10_16-02_21.txt",,,,2
2005-10-16,20,20,6,unknown,legacy,"lojban/2005_10/2005_10_16-02_21.txt,lojban/2005_10/2005_10_17-02_21.txt",,,,2
2005-10-17,41,41,9,unknown,legacy,lojban/2005_10/2005_10_18-02_21.txt,,,,1
2005-10-18,30,30,10,unknown,legacy,"lojban/2005_10/2005_10_18-02_21.txt,lojban/2005_10/2005_10_19-02_21.txt",,,,2
2005-10-19,12,12,6,unknown,legacy,"lojban/2005_10/2005_10_19-02_21.txt,lojban/2005_10/2005_10_20-02_21.txt",,,,2
2005-10-20,26,26,6,unknown,legacy,"lojban/2005_10/2005_10_20-02_21.txt,lojban/2005_10/2005_10_21-02_21.txt",,,,2
2005-10-21,38,38,8,unknown,legacy,lojban/2005_10/2005_10_22-02_21.txt,,,,1
2005-10-22,48,48,7,unknown,legacy,"lojban/2005_10/2005_10_22-02_21.txt,lojban/2005_10/2005_10_23-02_21.txt",,,,2
2005-10-23,77,77,15,unknown,legacy,"lojban/2005_10/2005_10_23-02_21.txt,lojban/2005_10/2005_10_24-02_23.txt",,,,2
2005-10-24,72,72,16,unknown,legacy,"lojban/2005_10/2005_10_24-02_23.txt,lojban/2005_10/2005_10_25-02_21.txt",,,,2
2005-10-25,52,52,10,unknown,legacy,lojban/2005_10/2005_10_26-02_21.txt,,,,1
2005-10-26,47,47,12,unknown,legacy,lojban/2005_10/2005_10_27-02_22.txt,,,,1
2005-10-27,40,40,9,unknown,legacy,lojban/2005_10/2005_10_28-02_22.txt,,,,1
2005-10-28,34,34,9,unknown,legacy,lojban/2005_10/2005_10_29-02_21.txt,,,,1
2005-10-29,17,17,6,unknown,legacy,lojban/2005_10/2005_10_30-02_21.txt,,,,1
2005-10-30,46,46,11,unknown,legacy,"lojban/2005_10/2005_10_30-02_21.txt,lojban/2005_10/2005_10_31-02_21.txt",,,,2
2005-10-31,38,38,6,unknown,legacy,"lojban/2005_10/2005_10_31-02_21.txt,lojban/2005_11/2005_11_01-02_21.txt",,,,2
2005-11-01,31,31,8,unknown,legacy,lojban/2005_11/2005_11_02-02_22.txt,,,,1
2005-11-02,67,67,10,unknown,legacy,lojban/2005_11/2005_11_03-02_22.txt,,,,1
2005-11-03,148,148,17,unknown,legacy,"lojban/2005_11/2005_11_03-02_22.txt,lojban/2005_11/2005_11_04-02_22.txt",,,,2
2005-11-04,198,198,14,unknown,legacy,"lojban/2005_11/2005_11_04-02_22.txt,lojban/2005_11/2005_11_05-02_22.txt",,,,2
2005-11-05,143,143,12,unknown,legacy,lojban/2005_11/2005_11_06-02_22.txt,,,,1
2005-11-06,179,179,13,unknown,legacy,lojban/2005_11/2005_11_07-02_22.txt,,,,1
2005-11-07,118,118,13,unknown,legacy,"lojban/2005_11/2005_11_07-02_22.txt,lojban/2005_11/2005_11_08-02_22.txt",,,,2
2005-11-08,85,85,11,unknown,legacy,lojban/2005_11/2005_11_09-02_22.txt,,,,1
2005-11-09,61,61,10,unknown,legacy,lojban/2005_11/2005_11_10-02_22.txt,,,,1
2005-11-10,132,132,14,unknown,legacy,"lojban/2005_11/2005_11_10-02_22.txt,lojban/2005_11/2005_11_11-02_23.txt",,,,2
2005-11-11,41,41,9,unknown,legacy,lojban/2005_11/2005_11_12-02_21.txt,,,,1
2005-11-12,42,42,8,unknown,legacy,lojban/2005_11/2005_11_13-02_21.txt,,,,1
2005-11-13,44,44,7,unknown,legacy,lojban/2005_11/2005_11_14-02_21.txt,,,,1
2005-11-14,141,141,14,unknown,legacy,lojban/2005_11/2005_11_15-02_23.txt,,,,1
2005-11-15,54,54,12,unknown,legacy,"lojban/2005_11/2005_11_15-02_23.txt,lojban/2005_11/2005_11_16-02_23.txt",,,,2
2005-11-16,128,128,16,unknown,legacy,"lojban/2005_11/2005_11_16-02_23.txt,lojban/2005_11/2005_11_17-02_23.txt",,,,2
2005-11-17,66,66,12,unknown,legacy,"lojban/2005_11/2005_11_17-02_23.txt,lojban/2005_11/2005_11_18-02_23.txt",,,,2
2005-11-18,47,47,10,unknown,legacy,"lojban/2005_11/2005_11_18-02_23.txt,lojban/2005_11/2005_11_19-02_22.txt",,,,2
2005-11-19,60,60,13,unknown,legacy,lojban/2005_11/2005_11_20-02_22.txt,,,,1
2005-11-20,56,56,9,unknown,legacy,"lojban/2005_11/2005_11_20-02_22.txt,lojban/2005_11/2005_11_21-02_22.txt",,,,2
2005-11-21,128,128,12,unknown,legacy,"lojban/2005_11/2005_11_21-02_22.txt,lojban/2005_11/2005_11_22-02_23.txt",,,,2
2005-11-22,59,59,13,unknown,legacy,"lojban/2005_11/2005_11_22-02_23.txt,lojban/2005_11/2005_11_23-02_24.txt",,,,2
2005-11-23,128,128,16,unknown,legacy,"lojban/2005_11/2005_11_23-02_24.txt,lojban/2005_11/2005_11_24-02_23.txt",,,,2
2005-11-24,53,53,11,unknown,legacy,lojban/2005_11/2005_11_25-02_21.txt,,,,1
2005-11-25,111,111,13,unknown,legacy,"lojban/2005_11/2005_11_25-02_21.txt,lojban/2005_11/2005_11_26-02_23.txt",,,,2
2005-11-26,135,135,11,unknown,legacy,lojban/2005_11/2005_11_27-02_22.txt,,,,1
2005-11-27,77,77,11,unknown,legacy,"lojban/2005_11/2005_11_27-02_22.txt,lojban/2005_11/2005_11_28-02_22.txt",,,,2
2005-11-28,77,76,12,unknown,legacy,"lojban/2005_11/2005_11_28-02_22.txt,lojban/2005_11/2005_11_29-02_22.txt",,,,2
2005-11-29,44,43,11,unknown,legacy,lojban/2005_11/2005_11_30-02_22.txt,,,,1
2005-11-30,41,40,12,unknown,legacy,lojban/2005_12/2005_12_01-02_21.txt,,,,1
2005-12-01,15,14,6,unknown,legacy,lojban/2005_12/2005_12_02-02_21.txt,,,,1
2005-12-02,74,73,11,unknown,legacy,lojban/2005_12/2005_12_03-02_22.txt,,,,1
2005-12-03,15,14,7,unknown,legacy,"lojban/2005_12/2005_12_03-02_22.txt,lojban/2005_12/2005_12_04-02_21.txt",,,,2
2005-12-04,71,70,11,unknown,legacy,"lojban/2005_12/2005_12_04-02_21.txt,lojban/2005_12/2005_12_05-02_22.txt",,,,2
2005-12-05,139,138,12,unknown,legacy,"lojban/2005_12/2005_12_05-02_22.txt,lojban/2005_12/2005_12_06-02_23.txt",,,,2
2005-12-06,91,90,13,unknown,legacy,"lojban/2005_12/2005_12_06-02_23.txt,lojban/2005_12/2005_12_07-02_22.txt",,,,2
2005-12-07,59,58,11,unknown,legacy,lojban/2005_12/2005_12_08-02_22.txt,,,,1
2005-12-08,86,85,17,unknown,legacy,"lojban/2005_12/2005_12_08-02_22.txt,lojban/2005_12/2005_12_08-12_46.txt,lojban/2005_12/2005_12_09-02_21.txt",,,,3
2005-12-09,6,6,5,unknown,legacy,lojban/2005_12/2005_12_10-02_21.txt,,,,1
2005-12-10,49,49,12,unknown,legacy,lojban/2005_12/2005_12_11-02_21.txt,,,,1
2005-12-11,28,28,7,unknown,legacy,lojban/2005_12/2005_12_12-02_21.txt,,,,1
2005-12-12,58,58,12,unknown,legacy,"lojban/2005_12/2005_12_12-02_21.txt,lojban/2005_12/2005_12_13-02_21.txt",,,,2
2005-12-13,69,69,11,unknown,legacy,"lojban/2005_12/2005_12_13-02_21.txt,lojban/2005_12/2005_12_14-02_22.txt",,,,2
2005-12-14,100,100,18,unknown,legacy,lojban/2005_12/2005_12_15-02_22.txt,,,,1
2005-12-15,166,166,17,unknown,legacy,lojban/2005_12/2005_12_16-02_22.txt,,,,1
2005-12-16,70,70,16,unknown,legacy,"lojban/2005_12/2005_12_16-02_22.txt,lojban/2005_12/2005_12_17-02_21.txt",,,,2
2005-12-17,2,2,2,unknown,legacy,lojban/2005_12/2005_12_17-02_21.txt,,,,1
2005-12-18,61,61,12,unknown,legacy,lojban/2005_12/2005_12_19-02_21.txt,,,,1
2005-12-19,96,96,18,unknown,legacy,lojban/2005_12/2005_12_20-02_21.txt,,,,1
2005-12-20,95,95,15,unknown,legacy,lojban/2005_12/2005_12_21-02_24.txt,,,,1
2005-12-21,114,114,12,unknown,legacy,lojban/2005_12/2005_12_22-02_22.txt,,,,1
2005-12-22,144,144,16,unknown,legacy,lojban/2005_12/2005_12_23-02_22.txt,,,,1
2005-12-23,79,79,12,unknown,legacy,"lojban/2005_12/2005_12_23-02_22.txt,lojban/2005_12/2005_12_24-02_22.txt",,,,2
2005-12-24,19,19,8,unknown,legacy,lojban/2005_12/2005_12_25-02_21.txt,,,,1
2005-12-25,39,39,9,unknown,legacy,lojban/2005_12/2005_12_26-02_22.txt,,,,1
2005-12-26,54,54,13,unknown,legacy,"lojban/2005_12/2005_12_26-02_22.txt,lojban/2005_12/2005_12_27-02_22.txt",,,,2
2005-12-27,132,132,12,unknown,legacy,"lojban/2005_12/2005_12_27-02_22.txt,lojban/2005_12/2005_12_28-02_23.txt",,,,2
2005-12-28,27,27,11,unknown,legacy,"lojban/2005_12/2005_12_28-02_23.txt,lojban/2005_12/2005_12_29-02_22.txt",,,,2
2005-12-29,80,80,15,unknown,legacy,lojban/2005_12/2005_12_30-02_22.txt,,,,1
2005-12-30,91,91,14,unknown,legacy,"lojban/2005_12/2005_12_30-02_22.txt,lojban/2005_12/2005_12_31-02_21.txt",,,,2
2005-12-31,20,20,7,unknown,legacy,"lojban/2005_12/2005_12_31-02_21.txt,lojban/2005_12/2005_12_31-11_34.txt,lojban/2006_01/2006_01_01-02_21.txt",,,,3
2006-01-01,40,40,10,unknown,legacy,"lojban/2006_01/2006_01_01-02_21.txt,lojban/2006_01/2006_01_02-02_21.txt",,,,2
2006-01-02,95,95,15,unknown,legacy,"lojban/2006_01/2006_01_02-02_21.txt,lojban/2006_01/2006_01_03-02_22.txt",,,,2
2006-01-03,196,196,22,unknown,legacy,"lojban/2006_01/2006_01_03-02_22.txt,lojban/2006_01/2006_01_04-02_24.txt",,,,2
2006-01-04,241,241,18,unknown,legacy,"lojban/2006_01/2006_01_04-02_24.txt,lojban/2006_01/2006_01_05-02_22.txt",,,,2
2006-01-05,179,179,22,unknown,legacy,"lojban/2006_01/2006_01_05-02_22.txt,lojban/2006_01/2006_01_06-02_23.txt",,,,2
2006-01-06,99,99,20,unknown,legacy,"lojban/2006_01/2006_01_06-02_23.txt,lojban/2006_01/2006_01_07-02_22.txt",,,,2
2006-01-07,89,89,16,unknown,legacy,"lojban/2006_01/2006_01_07-02_22.txt,lojban/2006_01/2006_01_08-02_22.txt",,,,2
2006-01-08,134,134,18,unknown,legacy,"lojban/2006_01/2006_01_08-02_22.txt,lojban/2006_01/2006_01_09-02_24.txt",,,,2
2006-01-09,121,121,18,unknown,legacy,"lojban/2006_01/2006_01_09-02_24.txt,lojban/2006_01/2006_01_10-02_24.txt",,,,2
2006-01-10,147,147,18,unknown,legacy,"lojban/2006_01/2006_01_10-02_24.txt,lojban/2006_01/2006_01_11-02_23.txt",,,,2
2006-01-11,95,95,16,unknown,legacy,lojban/2006_01/2006_01_12-02_23.txt,,,,1
2006-01-12,108,108,13,unknown,legacy,"lojban/2006_01/2006_01_12-02_23.txt,lojban/2006_01/2006_01_13-02_22.txt",,,,2
2006-01-13,84,84,16,unknown,legacy,"lojban/2006_01/2006_01_13-02_22.txt,lojban/2006_01/2006_01_14-02_22.txt",,,,2
2006-01-14,112,112,13,unknown,legacy,lojban/2006_01/2006_01_15-02_21.txt,,,,1
2006-01-15,64,64,14,unknown,legacy,lojban/2006_01/2006_01_16-02_22.txt,,,,1
2006-01-16,123,123,13,unknown,legacy,lojban/2006_01/2006_01_17-02_22.txt,,,,1
2006-01-17,46,46,10,unknown,legacy,lojban/2006_01/2006_01_18-02_23.txt,,,,1
2006-01-18,123,123,15,unknown,legacy,lojban/2006_01/2006_01_19-02_25.txt,,,,1
2006-01-19,6,6,4,unknown,legacy,lojban/2006_01/2006_01_19-02_25.txt,,,,1
2006-01-20,89,89,13,unknown,legacy,lojban/2006_01/2006_01_21-02_21.txt,,,,1
2006-01-21,88,88,14,unknown,legacy,"lojban/2006_01/2006_01_21-02_21.txt,lojban/2006_01/2006_01_22-02_21.txt",,,,2
2006-01-22,59,59,15,unknown,legacy,lojban/2006_01/2006_01_23-02_22.txt,,,,1
2006-01-23,85,85,13,unknown,legacy,lojban/2006_01/2006_01_24-02_22.txt,,,,1
2006-01-24,88,88,14,unknown,legacy,lojban/2006_01/2006_01_25-02_22.txt,,,,1
2006-01-25,83,83,13,unknown,legacy,lojban/2006_01/2006_01_26-02_22.txt,,,,1
2006-01-26,83,83,17,unknown,legacy,"lojban/2006_01/2006_01_26-02_22.txt,lojban/2006_01/2006_01_27-02_22.txt",,,,2
2006-01-27,131,131,18,unknown,legacy,"lojban/2006_01/2006_01_27-02_22.txt,lojban/2006_01/2006_01_28-02_21.txt",,,,2
2006-01-28,60,60,9,unknown,legacy,lojban/2006_01/2006_01_29-02_22.txt,,,,1
2006-01-29,27,27,9,unknown,legacy,"lojban/2006_01/2006_01_29-02_22.txt,lojban/2006_01/2006_01_30-02_21.txt",,,,2
2006-01-30,14,14,8,unknown,legacy,lojban/2006_01/2006_01_31-02_21.txt,,,,1
2006-01-31,114,114,11,unknown,legacy,"lojban/2006_01/2006_01_31-02_21.txt,lojban/2006_02/2006_02_01-02_22.txt",,,,2
2006-02-01,134,134,14,unknown,legacy,"lojban/2006_02/2006_02_01-02_22.txt,lojban/2006_02/2006_02_02-02_22.txt",,,,2
2006-02-02,82,82,12,unknown,legacy,"lojban/2006_02/2006_02_02-02_22.txt,lojban/2006_02/2006_02_03-02_22.txt",,,,2
2006-02-03,53,53,12,unknown,legacy,lojban/2006_02/2006_02_04-02_21.txt,,,,1
2006-02-04,31,31,8,unknown,legacy,"lojban/2006_02/2006_02_04-02_21.txt,lojban/2006_02/2006_02_05-02_21.txt",,,,2
2006-02-05,57,57,11,unknown,legacy,lojban/2006_02/2006_02_06-02_22.txt,,,,1
2006-02-06,25,25,11,unknown,legacy,lojban/2006_02/2006_02_07-02_22.txt,,,,1
2006-02-07,69,69,16,unknown,legacy,lojban/2006_02/2006_02_08-02_23.txt,,,,1
2006-02-08,23,23,8,unknown,legacy,lojban/2006_02/2006_02_09-02_21.txt,,,,1
2006-02-09,103,103,12,unknown,legacy,"lojban/2006_02/2006_02_09-02_21.txt,lojban/2006_02/2006_02_10-02_22.txt",,,,2
2006-02-10,83,83,11,unknown,legacy,"lojban/2006_02/2006_02_10-02_22.txt,lojban/2006_02/2006_02_11-02_21.txt",,,,2
2006-02-11,9,9,4,unknown,legacy,lojban/2006_02/2006_02_12-02_21.txt,,,,1
2006-02-12,109,109,12,unknown,legacy,"lojban/2006_02/2006_02_12-02_21.txt,lojban/2006_02/2006_02_13-02_22.txt",,,,2
2006-02-13,44,44,15,unknown,legacy,lojban/2006_02/2006_02_14-02_21.txt,,,,1
2006-02-14,101,101,8,unknown,legacy,"lojban/2006_02/2006_02_14-02_21.txt,lojban/2006_02/2006_02_15-02_22.txt",,,,2
2006-02-15,122,122,16,unknown,legacy,"lojban/2006_02/2006_02_15-02_22.txt,lojban/2006_02/2006_02_16-02_21.txt",,,,2
2006-02-16,57,57,12,unknown,legacy,lojban/2006_02/2006_02_17-02_23.txt,,,,1
2006-02-17,51,51,15,unknown,legacy,"lojban/2006_02/2006_02_17-02_23.txt,lojban/2006_02/2006_02_18-02_22.txt",,,,2
2006-02-18,58,58,10,unknown,legacy,lojban/2006_02/2006_02_19-02_21.txt,,,,1
2006-02-19,53,53,9,unknown,legacy,lojban/2006_02/2006_02_20-02_21.txt,,,,1
2006-02-20,32,32,11,unknown,legacy,lojban/2006_02/2006_02_21-02_21.txt,,,,1
2006-02-21,81,81,16,unknown,legacy,lojban/2006_02/2006_02_22-02_21.txt,,,,1
2006-02-22,39,39,13,unknown,legacy,"lojban/2006_02/2006_02_22-02_21.txt,lojban/2006_02/2006_02_23-02_22.txt",,,,2
2006-02-23,71,71,16,unknown,legacy,"lojban/2006_02/2006_02_23-02_22.txt,lojban/2006_02/2006_02_24-02_22.txt",,,,2
2006-02-24,46,46,12,unknown,legacy,"lojban/2006_02/2006_02_24-02_22.txt,lojban/2006_02/2006_02_25-02_21.txt",,,,2
2006-02-25,31,31,10,unknown,legacy,"lojban/2006_02/2006_02_25-02_21.txt,lojban/2006_02/2006_02_26-02_21.txt",,,,2
2006-02-26,62,62,16,unknown,legacy,lojban/2006_02/2006_02_27-02_22.txt,,,,1
2006-02-27,49,49,15,unknown,legacy,"lojban/2006_02/2006_02_27-02_22.txt,lojban/2006_02/2006_02_28-02_21.txt",,,,2
2006-02-28,65,65,15,unknown,legacy,lojban/2006_03/2006_03_01-02_21.txt,,,,1
2006-03-01,61,61,13,unknown,legacy,"lojban/2006_03/2006_03_01-02_21.txt,lojban/2006_03/2006_03_02-02_21.txt",,,,2
2006-03-02,33,33,10,unknown,legacy,"lojban/2006_03/2006_03_02-02_21.txt,lojban/2006_03/2006_03_03-02_21.txt",,,,2
2006-03-03,48,48,12,unknown,legacy,lojban/2006_03/2006_03_04-02_21.txt,,,,1
2006-03-04,5,5,4,unknown,legacy,"lojban/2006_03/2006_03_04-02_21.txt,lojban/2006_03/2006_03_05-02_21.txt",,,,2
2006-03-05,70,70,7,unknown,legacy,lojban/2006_03/2006_03_06-02_21.txt,,,,1
2006-03-06,91,91,15,unknown,legacy,"lojban/2006_03/2006_03_06-02_21.txt,lojban/2006_03/2006_03_07-02_22.txt",,,,2
2006-03-07,98,98,15,unknown,legacy,"lojban/2006_03/2006_03_07-02_22.txt,lojban/2006_03/2006_03_08-02_22.txt",,,,2
2006-03-08,76,76,12,unknown,legacy,lojban/2006_03/2006_03_09-02_22.txt,,,,1
2006-03-09,345,345,14,unknown,legacy,"lojban/2006_03/2006_03_09-02_22.txt,lojban/2006_03/2006_03_10-02_21.txt",,,,2
2006-03-10,138,138,20,unknown,legacy,"lojban/2006_03/2006_03_10-02_21.txt,lojban/2006_03/2006_03_11-02_21.txt",,,,2
2006-03-11,68,68,10,unknown,legacy,lojban/2006_03/2006_03_12-02_21.txt,,,,1
2006-03-12,53,53,10,unknown,legacy,lojban/2006_03/2006_03_13-02_21.txt,,,,1
2006-03-13,99,99,14,unknown,legacy,lojban/2006_03/2006_03_14-02_21.txt,,,,1
2006-03-14,81,81,16,unknown,legacy,lojban/2006_03/2006_03_15-02_22.txt,,,,1
2006-03-15,70,70,15,unknown,legacy,"lojban/2006_03/2006_03_15-02_22.txt,lojban/2006_03/2006_03_16-02_22.txt",,,,2
2006-03-16,46,46,11,unknown,legacy,"lojban/2006_03/2006_03_16-02_22.txt,lojban/2006_03/2006_03_17-02_21.txt",,,,2
2006-03-17,31,31,10,unknown,legacy,"lojban/2006_03/2006_03_17-02_21.txt,lojban/2006_03/2006_03_18-02_21.txt",,,,2
2006-03-18,42,42,10,unknown,legacy,lojban/2006_03/2006_03_19-02_21.txt,,,,1
2006-03-19,32,32,8,unknown,legacy,"lojban/2006_03/2006_03_19-02_21.txt,lojban/2006_03/2006_03_20-02_21.txt",,,,2
2006-03-20,41,41,13,unknown,legacy,"lojban/2006_03/2006_03_20-02_21.txt,lojban/2006_03/2006_03_21-02_22.txt",,,,2
2006-03-21,24,24,12,unknown,legacy,lojban/2006_03/2006_03_22-02_21.txt,,,,1
2006-03-22,63,63,11,unknown,legacy,"lojban/2006_03/2006_03_22-02_21.txt,lojban/2006_03/2006_03_23-02_21.txt",,,,2
2006-03-23,61,61,11,unknown,legacy,"lojban/2006_03/2006_03_23-02_21.txt,lojban/2006_03/2006_03_24-02_21.txt",,,,2
2006-03-24,42,42,14,unknown,legacy,lojban/2006_03/2006_03_25-02_22.txt,,,,1
2006-03-25,71,71,9,unknown,legacy,"lojban/2006_03/2006_03_25-02_22.txt,lojban/2006_03/2006_03_26-02_21.txt",,,,2
2006-03-26,9,9,3,unknown,legacy,"lojban/2006_03/2006_03_26-02_21.txt,lojban/2006_03/2006_03_27-02_21.txt",,,,2
2006-03-27,78,78,11,unknown,legacy,lojban/2006_03/2006_03_28-02_21.txt,,,,1
2006-03-28,63,63,14,unknown,legacy,lojban/2006_03/2006_03_29-02_21.txt,,,,1
2006-03-29,96,96,12,unknown,legacy,"lojban/2006_03/2006_03_29-02_21.txt,lojban/2006_03/2006_03_30-02_22.txt",,,,2
2006-03-30,74,74,14,unknown,legacy,"lojban/2006_03/2006_03_30-02_22.txt,lojban/2006_03/2006_03_31-02_22.txt",,,,2
2006-03-31,142,142,19,unknown,legacy,"lojban/2006_03/2006_03_31-02_22.txt,lojban/2006_04/2006_04_01-02_22.txt",,,,2
2006-04-01,56,56,14,unknown,legacy,"lojban/2006_04/2006_04_01-02_22.txt,lojban/2006_04/2006_04_03-02_23.txt",,,,2
2006-04-02,89,89,13,unknown,legacy,lojban/2006_04/2006_04_03-02_23.txt,,,,1
2006-04-03,110,110,20,unknown,legacy,"lojban/2006_04/2006_04_03-02_23.txt,lojban/2006_04/2006_04_04-02_21.txt",,,,2
2006-04-04,44,44,17,unknown,legacy,"lojban/2006_04/2006_04_04-02_21.txt,lojban/2006_04/2006_04_05-02_21.txt",,,,2
2006-04-05,89,89,15,unknown,legacy,"lojban/2006_04/2006_04_05-02_21.txt,lojban/2006_04/2006_04_06-02_22.txt",,,,2
2006-04-06,118,118,18,unknown,legacy,"lojban/2006_04/2006_04_06-02_22.txt,lojban/2006_04/2006_04_07-02_22.txt",,,,2
2006-04-07,94,94,14,unknown,legacy,"lojban/2006_04/2006_04_07-02_22.txt,lojban/2006_04/2006_04_08-02_21.txt",,,,2
2006-04-08,15,15,7,unknown,legacy,lojban/2006_04/2006_04_09-02_21.txt,,,,1
2006-04-09,23,23,11,unknown,legacy,lojban/2006_04/2006_04_10-02_21.txt,,,,1
2006-04-10,90,90,18,unknown,legacy,"lojban/2006_04/2006_04_10-02_21.txt,lojban/2006_04/2006_04_11-02_21.txt",,,,2
2006-04-11,46,46,13,unknown,legacy,"lojban/2006_04/2006_04_11-02_21.txt,lojban/2006_04/2006_04_12-02_21.txt",,,,2
2006-04-12,50,50,11,unknown,legacy,"lojban/2006_04/2006_04_12-02_21.txt,lojban/2006_04/2006_04_13-02_21.txt",,,,2
2006-04-13,80,80,17,unknown,legacy,"lojban/2006_04/2006_04_13-02_21.txt,lojban/2006_04/2006_04_14-02_22.txt",,,,2
2006-04-14,39,39,11,unknown,legacy,lojban/2006_04/2006_04_15-02_21.txt,,,,1
2006-04-15,39,39,12,unknown,legacy,"lojban/2006_04/2006_04_15-02_21.txt,lojban/2006_04/2006_04_16-02_21.txt",,,,2
2006-04-16,40,40,8,unknown,legacy,lojban/2006_04/2006_04_17-02_21.txt,,,,1
2006-04-17,42,42,15,unknown,legacy,"lojban/2006_04/2006_04_17-02_21.txt,lojban/2006_04/2006_04_18-02_22.txt",,,,2
2006-04-18,102,102,12,unknown,legacy,"lojban/2006_04/2006_04_18-02_22.txt,lojban/2006_04/2006_04_19-02_21.txt",,,,2
2006-04-19,37,37,13,unknown,legacy,"lojban/2006_04/2006_04_19-02_21.txt,lojban/2006_04/2006_04_20-02_22.txt",,,,2
2006-04-20,34,34,12,unknown,legacy,"lojban/2006_04/2006_04_20-02_22.txt,lojban/2006_04/2006_04_21-02_21.txt",,,,2
2006-04-21,68,68,14,unknown,legacy,"lojban/2006_04/2006_04_21-02_21.txt,lojban/2006_04/2006_04_22-02_22.txt",,,,2
2006-04-22,31,31,13,unknown,legacy,lojban/2006_04/2006_04_23-02_22.txt,,,,1
2006-04-23,53,53,14,unknown,legacy,"lojban/2006_04/2006_04_23-02_22.txt,lojban/2006_04/2006_04_24-02_22.txt",,,,2
2006-04-24,100,100,16,unknown,legacy,"lojban/2006_04/2006_04_24-02_22.txt,lojban/2006_04/2006_04_25-02_23.txt",,,,2
2006-04-25,49,49,18,unknown,legacy,"lojban/2006_04/2006_04_25-02_23.txt,lojban/2006_04/2006_04_26-02_21.txt",,,,2
2006-04-26,64,64,13,unknown,legacy,"lojban/2006_04/2006_04_26-02_21.txt,lojban/2006_04/2006_04_27-02_22.txt",,,,2
2006-04-27,50,50,10,unknown,legacy,"lojban/2006_04/2006_04_27-02_22.txt,lojban/2006_04/2006_04_28-02_22.txt",,,,2
2006-04-28,56,56,15,unknown,legacy,"lojban/2006_04/2006_04_28-02_22.txt,lojban/2006_04/2006_04_29-02_21.txt",,,,2
2006-04-29,31,31,10,unknown,legacy,"lojban/2006_04/2006_04_29-02_21.txt,lojban/2006_04/2006_04_30-02_21.txt",,,,2
2006-04-30,44,44,13,unknown,legacy,"lojban/2006_04/2006_04_30-02_21.txt,lojban/2006_05/2006_05_01-02_21.txt",,,,2
2006-05-01,84,84,13,unknown,legacy,lojban/2006_05/2006_05_02-02_23.txt,,,,1
2006-05-02,62,62,11,unknown,legacy,"lojban/2006_05/2006_05_02-02_23.txt,lojban/2006_05/2006_05_03-02_21.txt",,,,2
2006-05-03,59,59,13,unknown,legacy,"lojban/2006_05/2006_05_03-02_21.txt,lojban/2006_05/2006_05_04-02_23.txt",,,,2
2006-05-04,68,68,12,unknown,legacy,"lojban/2006_05/2006_05_04-02_23.txt,lojban/2006_05/2006_05_05-02_22.txt",,,,2
2006-05-05,53,53,13,unknown,legacy,lojban/2006_05/2006_05_06-02_22.txt,,,,1
2006-05-06,63,63,10,unknown,legacy,lojban/2006_05/2006_05_07-02_22.txt,,,,1
2006-05-07,44,44,12,unknown,legacy,"lojban/2006_05/2006_05_07-02_22.txt,lojban/2006_05/2006_05_08-02_21.txt",,,,2
2006-05-08,69,69,14,unknown,legacy,lojban/2006_05/2006_05_09-02_21.txt,,,,1
2006-05-09,72,72,13,unknown,legacy,lojban/2006_05/2006_05_10-02_22.txt,,,,1
2006-05-10,59,59,17,unknown,legacy,"lojban/2006_05/2006_05_10-02_22.txt,lojban/2006_05/2006_05_11-02_22.txt",,,,2
2006-05-11,69,69,16,unknown,legacy,"lojban/2006_05/2006_05_11-02_22.txt,lojban/2006_05/2006_05_12-02_22.txt",,,,2
2006-05-12,56,56,16,unknown,legacy,"lojban/2006_05/2006_05_12-02_22.txt,lojban/2006_05/2006_05_13-02_21.txt",,,,2
2006-05-13,27,27,11,unknown,legacy,lojban/2006_05/2006_05_14-02_21.txt,,,,1
2006-05-14,95,95,13,unknown,legacy,"lojban/2006_05/2006_05_14-02_21.txt,lojban/2006_05/2006_05_15-02_22.txt",,,,2
2006-05-15,67,67,15,unknown,legacy,"lojban/2006_05/2006_05_15-02_22.txt,lojban/2006_05/2006_05_16-02_22.txt",,,,2
2006-05-16,40,40,13,unknown,legacy,"lojban/2006_05/2006_05_16-02_22.txt,lojban/2006_05/2006_05_17-02_22.txt",,,,2
2006-05-17,69,69,13,unknown,legacy,lojban/2006_05/2006_05_18-02_26.txt,,,,1
2006-05-18,165,165,19,unknown,legacy,"lojban/2006_05/2006_05_18-02_26.txt,lojban/2006_05/2006_05_19-02_23.txt",,,,2
2006-05-19,105,105,17,unknown,legacy,lojban/2006_05/2006_05_20-02_22.txt,,,,1
2006-05-20,61,61,12,unknown,legacy,"lojban/2006_05/2006_05_20-02_22.txt,lojban/2006_05/2006_05_21-02_21.txt",,,,2
2006-05-21,72,72,12,unknown,legacy,lojban/2006_05/2006_05_22-02_21.txt,,,,1
2006-05-22,50,50,17,unknown,legacy,lojban/2006_05/2006_05_23-02_21.txt,,,,1
2006-05-23,114,114,16,unknown,legacy,lojban/2006_05/2006_05_24-02_22.txt,,,,1
2006-05-24,21,21,9,unknown,legacy,lojban/2006_05/2006_05_25-02_21.txt,,,,1
2006-05-25,53,53,11,unknown,legacy,lojban/2006_05/2006_05_26-02_21.txt,,,,1
2006-05-26,33,33,11,unknown,legacy,lojban/2006_05/2006_05_27-02_21.txt,,,,1
2006-05-27,37,37,10,unknown,legacy,lojban/2006_05/2006_05_28-02_21.txt,,,,1
2006-05-28,33,33,10,unknown,legacy,lojban/2006_05/2006_05_29-02_21.txt,,,,1
2006-05-29,34,34,9,unknown,legacy,"lojban/2006_05/2006_05_29-02_21.txt,lojban/2006_05/2006_05_30-02_21.txt",,,,2
2006-05-30,31,31,14,unknown,legacy,"lojban/2006_05/2006_05_30-02_21.txt,lojban/2006_05/2006_05_31-02_21.txt",,,,2
2006-05-31,88,88,15,unknown,legacy,"lojban/2006_05/2006_05_31-02_21.txt,lojban/2006_06/2006_06_01-02_21.txt",,,,2
2006-06-01,48,48,12,unknown,legacy,"lojban/2006_06/2006_06_01-02_21.txt,lojban/2006_06/2006_06_02-02_21.txt",,,,2
2006-06-02,27,27,11,unknown,legacy,lojban/2006_06/2006_06_03-02_21.txt,,,,1
2006-06-03,124,124,12,unknown,legacy,lojban/2006_06/2006_06_04-02_21.txt,,,,1
2006-06-04,31,31,11,unknown,legacy,lojban/2006_06/2006_06_05-02_21.txt,,,,1
2006-06-05,87,87,18,unknown,legacy,"lojban/2006_06/2006_06_05-02_21.txt,lojban/2006_06/2006_06_06-02_22.txt",,,,2
2006-06-06,24,24,9,unknown,legacy,lojban/2006_06/2006_06_07-02_21.txt,,,,1
2006-06-07,31,31,10,unknown,legacy,lojban/2006_06/2006_06_08-02_21.txt,,,,1
2006-06-08,41,41,9,unknown,legacy,"lojban/2006_06/2006_06_08-02_21.txt,lojban/2006_06/2006_06_09-02_22.txt",,,,2
2006-06-09,73,73,17,unknown,legacy,"lojban/2006_06/2006_06_09-02_22.txt,lojban/2006_06/2006_06_10-02_22.txt",,,,2
2006-06-10,6,6,4,unknown,legacy,lojban/2006_06/2006_06_11-02_21.txt,,,,1
2006-06-11,26,26,9,unknown,legacy,lojban/2006_06/2006_06_12-02_22.txt,,,,1
2006-06-12,21,21,11,unknown,legacy,"lojban/2006_06/2006_06_12-02_22.txt,lojban/2006_06/2006_06_13-02_21.txt",,,,2
2006-06-13,49,49,12,unknown,legacy,lojban/2006_06/2006_06_14-02_22.txt,,,,1
2006-06-14,67,67,13,unknown,legacy,lojban/2006_06/2006_06_15-02_22.txt,,,,1
2006-06-15,112,112,14,unknown,legacy,"lojban/2006_06/2006_06_15-02_22.txt,lojban/2006_06/2006_06_16-02_22.txt",,,,2
2006-06-16,113,113,12,unknown,legacy,"lojban/2006_06/2006_06_16-02_22.txt,lojban/2006_06/2006_06_17-02_22.txt",,,,2
2006-06-17,28,28,10,unknown,legacy,lojban/2006_06/2006_06_18-02_21.txt,,,,1
2006-06-18,47,47,12,unknown,legacy,lojban/2006_06/2006_06_19-02_21.txt,,,,1
2006-06-19,65,65,12,unknown,legacy,lojban/2006_06/2006_06_20-02_22.txt,,,,1
2006-06-20,36,36,9,unknown,legacy,lojban/2006_06/2006_06_21-02_21.txt,,,,1
2006-06-21,32,32,13,unknown,legacy,lojban/2006_06/2006_06_22-02_21.txt,,,,1
2006-06-22,46,46,11,unknown,legacy,lojban/2006_06/2006_06_23-02_21.txt,,,,1
2006-06-23,37,37,11,unknown,legacy,"lojban/2006_06/2006_06_23-02_21.txt,lojban/2006_06/2006_06_24-02_21.txt",,,,2
2006-06-24,37,37,9,unknown,legacy,lojban/2006_06/2006_06_25-02_21.txt,,,,1
2006-06-25,18,18,6,unknown,legacy,lojban/2006_06/2006_06_26-02_21.txt,,,,1
2006-06-26,66,66,14,unknown,legacy,"lojban/2006_06/2006_06_26-02_21.txt,lojban/2006_06/2006_06_27-02_22.txt",,,,2
2006-06-27,116,116,19,unknown,legacy,lojban/2006_06/2006_06_28-02_22.txt,,,,1
2006-06-28,68,68,13,unknown,legacy,"lojban/2006_06/2006_06_28-02_22.txt,lojban/2006_06/2006_06_29-02_21.txt",,,,2
2006-06-29,44,44,16,unknown,legacy,"lojban/2006_06/2006_06_29-02_21.txt,lojban/2006_06/2006_06_30-02_22.txt",,,,2
2006-06-30,24,24,11,unknown,legacy,lojban/2006_07/2006_07_01-02_21.txt,,,,1
2006-07-01,12,12,6,unknown,legacy,"lojban/2006_07/2006_07_01-02_21.txt,lojban/2006_07/2006_07_02-02_21.txt",,,,2
2006-07-02,25,25,6,unknown,legacy,lojban/2006_07/2006_07_03-02_21.txt,,,,1
2006-07-03,118,118,16,unknown,legacy,lojban/2006_07/2006_07_04-02_21.txt,,,,1
2006-07-04,64,64,13,unknown,legacy,"lojban/2006_07/2006_07_04-02_21.txt,lojban/2006_07/2006_07_05-02_22.txt",,,,2
2006-07-05,147,147,20,unknown,legacy,"lojban/2006_07/2006_07_05-02_22.txt,lojban/2006_07/2006_07_06-02_23.txt",,,,2
2006-07-06,135,135,25,unknown,legacy,"lojban/2006_07/2006_07_06-02_23.txt,lojban/2006_07/2006_07_07-02_22.txt",,,,2
2006-07-07,98,98,18,unknown,legacy,"lojban/2006_07/2006_07_07-02_22.txt,lojban/2006_07/2006_07_08-02_21.txt",,,,2
2006-07-08,119,119,14,unknown,legacy,"lojban/2006_07/2006_07_08-02_21.txt,lojban/2006_07/2006_07_09-02_21.txt",,,,2
2006-07-09,101,101,16,unknown,legacy,"lojban/2006_07/2006_07_09-02_21.txt,lojban/2006_07/2006_07_10-02_22.txt",,,,2
2006-07-10,49,49,15,unknown,legacy,"lojban/2006_07/2006_07_10-02_22.txt,lojban/2006_07/2006_07_11-02_23.txt",,,,2
2006-07-11,150,150,14,unknown,legacy,"lojban/2006_07/2006_07_11-02_23.txt,lojban/2006_07/2006_07_12-02_22.txt",,,,2
2006-07-12,139,139,17,unknown,legacy,lojban/2006_07/2006_07_13-02_23.txt,,,,1
2006-07-13,159,159,17,unknown,legacy,"lojban/2006_07/2006_07_13-02_23.txt,lojban/2006_07/2006_07_14-02_22.txt",,,,2
2006-07-14,109,109,19,unknown,legacy,lojban/2006_07/2006_07_15-02_22.txt,,,,1
2006-07-15,41,41,12,unknown,legacy,"lojban/2006_07/2006_07_15-02_22.txt,lojban/2006_07/2006_07_16-02_21.txt",,,,2
2006-07-16,93,93,13,unknown,legacy,lojban/2006_07/2006_07_17-02_21.txt,,,,1
2006-07-17,94,94,18,unknown,legacy,lojban/2006_07/2006_07_18-02_23.txt,,,,1
2006-07-18,126,126,17,unknown,legacy,"lojban/2006_07/2006_07_18-02_23.txt,lojban/2006_07/2006_07_19-02_23.txt",,,,2
2006-07-19,70,70,16,unknown,legacy,"lojban/2006_07/2006_07_19-02_23.txt,lojban/2006_07/2006_07_20-02_22.txt",,,,2
2006-07-20,77,77,16,unknown,legacy,lojban/2006_07/2006_07_21-02_22.txt,,,,1
2006-07-21,21,21,8,unknown,legacy,lojban/2006_07/2006_07_22-02_21.txt,,,,1
2006-07-22,90,90,16,unknown,legacy,lojban/2006_07/2006_07_23-02_22.txt,,,,1
2006-07-23,133,133,19,unknown,legacy,"lojban/2006_07/2006_07_23-02_22.txt,lojban/2006_07/2006_07_24-02_22.txt",,,,2
2006-07-24,140,140,25,unknown,legacy,"lojban/2006_07/2006_07_24-02_22.txt,lojban/2006_07/2006_07_25-02_22.txt",,,,2
2006-07-25,93,93,17,unknown,legacy,lojban/2006_07/2006_07_26-02_23.txt,,,,1
2006-07-26,203,203,24,unknown,legacy,"lojban/2006_07/2006_07_26-02_23.txt,lojban/2006_07/2006_07_27-02_23.txt",,,,2
2006-07-27,118,118,16,unknown,legacy,"lojban/2006_07/2006_07_27-02_23.txt,lojban/2006_07/2006_07_28-02_24.txt",,,,2
2006-07-28,83,83,20,unknown,legacy,"lojban/2006_07/2006_07_28-02_24.txt,lojban/2006_07/2006_07_29-02_22.txt",,,,2
2006-07-29,52,52,17,unknown,legacy,lojban/2006_07/2006_07_30-02_21.txt,,,,1
2006-07-30,83,83,20,unknown,legacy,lojban/2006_07/2006_07_31-02_21.txt,,,,1
2006-07-31,209,209,24,unknown,legacy,"lojban/2006_07/2006_07_31-02_21.txt,lojban/2006_08/2006_08_01-02_24.txt",,,,2
2006-08-01,124,124,23,unknown,legacy,"lojban/2006_08/2006_08_01-02_24.txt,lojban/2006_08/2006_08_02-02_22.txt",,,,2
2006-08-02,107,107,24,unknown,legacy,"lojban/2006_08/2006_08_02-02_22.txt,lojban/2006_08/2006_08_03-02_22.txt",,,,2
2006-08-03,145,145,22,unknown,legacy,"lojban/2006_08/2006_08_03-02_22.txt,lojban/2006_08/2006_08_04-02_23.txt",,,,2
2006-08-04,139,139,22,unknown,legacy,"lojban/2006_08/2006_08_04-02_23.txt,lojban/2006_08/2006_08_05-02_23.txt",,,,2
2006-08-05,100,100,19,unknown,legacy,"lojban/2006_08/2006_08_05-02_23.txt,lojban/2006_08/2006_08_06-02_22.txt",,,,2
2006-08-06,78,78,18,unknown,legacy,"lojban/2006_08/2006_08_06-02_22.txt,lojban/2006_08/2006_08_07-02_22.txt",,,,2
2006-08-07,119,119,20,unknown,legacy,"lojban/2006_08/2006_08_07-02_22.txt,lojban/2006_08/2006_08_08-02_22.txt",,,,2
2006-08-08,70,70,16,unknown,legacy,"lojban/2006_08/2006_08_08-02_22.txt,lojban/2006_08/2006_08_09-02_22.txt",,,,2
2006-08-09,94,94,22,unknown,legacy,"lojban/2006_08/2006_08_09-02_22.txt,lojban/2006_08/2006_08_10-02_22.txt",,,,2
2006-08-10,58,58,17,unknown,legacy,lojban/2006_08/2006_08_11-02_22.txt,,,,1
2006-08-11,52,52,15,unknown,legacy,"lojban/2006_08/2006_08_11-02_22.txt,lojban/2006_08/2006_08_12-02_22.txt",,,,2
2006-08-12,56,56,15,unknown,legacy,"lojban/2006_08/2006_08_12-02_22.txt,lojban/2006_08/2006_08_13-02_21.txt",,,,2
2006-08-13,154,154,16,unknown,legacy,lojban/2006_08/2006_08_14-02_22.txt,,,,1
2006-08-14,105,105,25,unknown,legacy,lojban/2006_08/2006_08_15-02_24.txt,,,,1
2006-08-15,27,27,9,unknown,legacy,"lojban/2006_08/2006_08_15-02_24.txt,lojban/2006_08/2006_08_16-02_22.txt",,,,2
2006-08-16,187,187,21,unknown,legacy,lojban/2006_08/2006_08_17-02_23.txt,,,,1
2006-08-17,59,59,17,unknown,legacy,"lojban/2006_08/2006_08_17-02_23.txt,lojban/2006_08/2006_08_18-02_22.txt",,,,2
2006-08-18,21,21,12,unknown,legacy,"lojban/2006_08/2006_08_18-02_22.txt,lojban/2006_08/2006_08_19-02_21.txt",,,,2
2006-08-19,59,59,13,unknown,legacy,lojban/2006_08/2006_08_20-02_22.txt,,,,1
2006-08-20,97,97,21,unknown,legacy,"lojban/2006_08/2006_08_20-02_22.txt,lojban/2006_08/2006_08_21-02_22.txt",,,,2
2006-08-21,48,48,15,unknown,legacy,"lojban/2006_08/2006_08_21-02_22.txt,lojban/2006_08/2006_08_22-02_21.txt",,,,2
2006-08-22,60,60,17,unknown,legacy,lojban/2006_08/2006_08_23-02_22.txt,,,,1
2006-08-23,72,72,16,unknown,legacy,lojban/2006_08/2006_08_24-02_22.txt,,,,1
2006-08-24,43,43,13,unknown,legacy,lojban/2006_08/2006_08_25-02_22.txt,,,,1
2006-08-25,59,59,11,unknown,legacy,"lojban/2006_08/2006_08_25-02_22.txt,lojban/2006_08/2006_08_26-02_21.txt",,,,2
2006-08-26,24,24,9,unknown,legacy,lojban/2006_08/2006_08_27-02_21.txt,,,,1
2006-08-27,51,51,14,unknown,legacy,lojban/2006_08/2006_08_28-02_21.txt,,,,1
2006-08-28,75,75,17,unknown,legacy,lojban/2006_08/2006_08_29-02_22.txt,,,,1
2006-08-29,89,89,18,unknown,legacy,"lojban/2006_08/2006_08_29-02_22.txt,lojban/2006_08/2006_08_30-02_22.txt",,,,2
2006-08-30,35,35,13,unknown,legacy,lojban/2006_08/2006_08_31-02_21.txt,,,,1
2006-08-31,46,46,14,unknown,legacy,lojban/2006_09/2006_09_01-02_22.txt,,,,1
2006-09-01,92,92,20,unknown,legacy,"lojban/2006_09/2006_09_01-02_22.txt,lojban/2006_09/2006_09_02-02_21.txt",,,,2
2006-09-02,74,74,8,unknown,legacy,lojban/2006_09/2006_09_03-02_21.txt,,,,1
2006-09-03,72,72,12,unknown,legacy,"lojban/2006_09/2006_09_03-02_21.txt,lojban/2006_09/2006_09_04-02_22.txt",,,,2
2006-09-04,64,64,11,unknown,legacy,lojban/2006_09/2006_09_05-02_22.txt,,,,1
2006-09-05,25,25,15,unknown,legacy,lojban/2006_09/2006_09_06-02_22.txt,,,,1
2006-09-06,89,89,14,unknown,legacy,"lojban/2006_09/2006_09_06-02_22.txt,lojban/2006_09/2006_09_07-02_21.txt",,,,2
2006-09-07,16,16,8,unknown,legacy,"lojban/2006_09/2006_09_07-02_21.txt,lojban/2006_09/2006_09_08-02_21.txt",,,,2
2006-09-08,152,152,17,unknown,legacy,lojban/2006_09/2006_09_09-02_25.txt,,,,1
2006-09-10,111,111,9,unknown,legacy,lojban/2006_09/2006_09_11-02_22.txt,,,,1
2006-09-11,113,113,14,unknown,legacy,"lojban/2006_09/2006_09_11-02_22.txt,lojban/2006_09/2006_09_12-02_21.txt",,,,2
2006-09-12,122,122,14,unknown,legacy,lojban/2006_09/2006_09_13-02_22.txt,,,,1
2006-09-13,40,40,14,unknown,legacy,"lojban/2006_09/2006_09_13-02_22.txt,lojban/2006_09/2006_09_14-02_22.txt",,,,2
2006-09-14,60,60,15,unknown,legacy,"lojban/2006_09/2006_09_14-02_22.txt,lojban/2006_09/2006_09_15-02_21.txt",,,,2
2006-09-15,47,47,19,unknown,legacy,"lojban/2006_09/2006_09_15-02_21.txt,lojban/2006_09/2006_09_16-02_22.txt",,,,2
2006-09-16,50,50,9,unknown,legacy,lojban/2006_09/2006_09_17-02_21.txt,,,,1
2006-09-17,129,129,13,unknown,legacy,lojban/2006_09/2006_09_18-02_21.txt,,,,1
2006-09-18,73,73,14,unknown,legacy,"lojban/2006_09/2006_09_18-02_21.txt,lojban/2006_09/2006_09_19-02_21.txt",,,,2
2006-09-19,38,38,10,unknown,legacy,lojban/2006_09/2006_09_20-02_22.txt,,,,1
2006-09-20,43,43,9,unknown,legacy,"lojban/2006_09/2006_09_20-02_22.txt,lojban/2006_09/2006_09_21-02_21.txt",,,,2
2006-09-21,12,12,8,unknown,legacy,lojban/2006_09/2006_09_22-02_21.txt,,,,1
2006-09-22,83,83,15,unknown,legacy,"lojban/2006_09/2006_09_22-02_21.txt,lojban/2006_09/2006_09_23-02_22.txt",,,,2
2006-09-23,16,16,8,unknown,legacy,lojban/2006_09/2006_09_24-02_21.txt,,,,1
2006-09-24,46,46,11,unknown,legacy,lojban/2006_09/2006_09_25-02_22.txt,,,,1
2006-09-25,89,89,14,unknown,legacy,"lojban/2006_09/2006_09_25-02_22.txt,lojban/2006_09/2006_09_26-02_22.txt",,,,2
2006-09-26,71,71,19,unknown,legacy,lojban/2006_09/2006_09_27-02_22.txt,,,,1
2006-09-27,79,79,15,unknown,legacy,"lojban/2006_09/2006_09_27-02_22.txt,lojban/2006_09/2006_09_28-02_22.txt",,,,2
2006-09-28,67,67,15,unknown,legacy,"lojban/2006_09/2006_09_28-02_22.txt,lojban/2006_09/2006_09_29-02_21.txt",,,,2
2006-09-29,64,64,12,unknown,legacy,lojban/2006_09/2006_09_30-02_22.txt,,,,1
2006-09-30,44,44,9,unknown,legacy,"lojban/2006_09/2006_09_30-02_22.txt,lojban/2006_10/2006_10_01-02_21.txt",,,,2
2006-10-05,50,50,12,unknown,legacy,lojban/2006_10/2006_10_06-02_22.txt,,,,1
2006-10-06,80,80,14,unknown,legacy,lojban/2006_10/2006_10_07-02_23.txt,,,,1
2006-10-07,52,52,11,unknown,legacy,"lojban/2006_10/2006_10_07-02_23.txt,lojban/2006_10/2006_10_08-02_21.txt",,,,2
2006-10-08,31,31,10,unknown,legacy,lojban/2006_10/2006_10_09-02_21.txt,,,,1
2006-10-09,100,100,25,unknown,legacy,"lojban/2006_10/2006_10_09-02_21.txt,lojban/2006_10/2006_10_10-02_24.txt",,,,2
2006-10-10,99,99,19,unknown,legacy,lojban/2006_10/2006_10_11-02_24.txt,,,,1
2006-10-11,100,100,13,unknown,legacy,"lojban/2006_10/2006_10_11-02_24.txt,lojban/2006_10/2006_10_12-02_24.txt",,,,2
2006-10-12,117,117,21,unknown,legacy,lojban/2006_10/2006_10_13-02_25.txt,,,,1
2006-10-13,205,205,22,unknown,legacy,"lojban/2006_10/2006_10_13-02_25.txt,lojban/2006_10/2006_10_14-02_23.txt",,,,2
2006-10-14,71,71,13,unknown,legacy,"lojban/2006_10/2006_10_14-02_23.txt,lojban/2006_10/2006_10_15-02_21.txt",,,,2
2006-10-15,56,56,16,unknown,legacy,lojban/2006_10/2006_10_16-02_22.txt,,,,1
2006-10-16,118,118,20,unknown,legacy,"lojban/2006_10/2006_10_16-02_22.txt,lojban/2006_10/2006_10_17-02_23.txt",,,,2
2006-10-17,105,105,21,unknown,legacy,lojban/2006_10/2006_10_18-02_25.txt,,,,1
2006-10-18,74,74,18,unknown,legacy,"lojban/2006_10/2006_10_18-02_25.txt,lojban/2006_10/2006_10_19-02_23.txt",,,,2
2006-10-19,91,91,12,unknown,legacy,"lojban/2006_10/2006_10_19-02_23.txt,lojban/2006_10/2006_10_20-02_24.txt",,,,2
2006-10-20,69,69,14,unknown,legacy,"lojban/2006_10/2006_10_20-02_24.txt,lojban/2006_10/2006_10_21-02_22.txt",,,,2
2006-10-21,23,23,10,unknown,legacy,lojban/2006_10/2006_10_22-02_21.txt,,,,1
2006-10-22,45,45,13,unknown,legacy,lojban/2006_10/2006_10_23-02_22.txt,,,,1
2006-10-23,169,169,19,unknown,legacy,lojban/2006_10/2006_10_24-02_23.txt,,,,1
2006-10-24,214,214,20,unknown,legacy,"lojban/2006_10/2006_10_24-02_23.txt,lojban/2006_10/2006_10_25-02_24.txt",,,,2
2006-10-25,192,192,22,unknown,legacy,"lojban/2006_10/2006_10_25-02_24.txt,lojban/2006_10/2006_10_26-02_24.txt",,,,2
2006-10-26,165,165,19,unknown,legacy,"lojban/2006_10/2006_10_26-02_24.txt,lojban/2006_10/2006_10_27-02_23.txt",,,,2
2006-10-27,121,121,20,unknown,legacy,"lojban/2006_10/2006_10_27-02_23.txt,lojban/2006_10/2006_10_28-02_23.txt",,,,2
2006-10-28,96,96,14,unknown,legacy,"lojban/2006_10/2006_10_28-02_23.txt,lojban/2006_10/2006_10_29-02_21.txt",,,,2
2006-10-29,131,131,16,unknown,legacy,"lojban/2006_10/2006_10_29-02_21.txt,lojban/2006_10/2006_10_30-02_22.txt",,,,2
2006-10-30,108,108,22,unknown,legacy,"lojban/2006_10/2006_10_30-02_22.txt,lojban/2006_10/2006_10_31-02_23.txt",,,,2
2006-10-31,110,110,20,unknown,legacy,"lojban/2006_10/2006_10_31-02_23.txt,lojban/2006_11/2006_11_01-02_23.txt",,,,2
2006-11-01,122,122,19,unknown,legacy,"lojban/2006_11/2006_11_01-02_23.txt,lojban/2006_11/2006_11_02-02_23.txt",,,,2
2006-11-03,76,76,21,unknown,legacy,lojban/2006_11/2006_11_04-02_23.txt,,,,1
2006-11-04,68,68,13,unknown,legacy,lojban/2006_11/2006_11_05-02_21.txt,,,,1
2006-11-05,370,370,16,unknown,legacy,"lojban/2006_11/2006_11_05-02_21.txt,lojban/2006_11/2006_11_06-02_21.txt",,,,2
2006-11-06,151,151,24,unknown,legacy,"lojban/2006_11/2006_11_06-02_21.txt,lojban/2006_11/2006_11_07-02_23.txt",,,,2
2006-11-07,108,108,18,unknown,legacy,lojban/2006_11/2006_11_08-02_24.txt,,,,1
2006-11-08,171,171,22,unknown,legacy,"lojban/2006_11/2006_11_08-02_24.txt,lojban/2006_11/2006_11_09-02_22.txt",,,,2
2006-11-09,131,131,20,unknown,legacy,"lojban/2006_11/2006_11_09-02_22.txt,lojban/2006_11/2006_11_10-02_24.txt",,,,2
2006-11-10,127,127,21,unknown,legacy,"lojban/2006_11/2006_11_10-02_24.txt,lojban/2006_11/2006_11_11-02_23.txt",,,,2
2006-11-11,198,198,12,unknown,legacy,"lojban/2006_11/2006_11_11-02_23.txt,lojban/2006_11/2006_11_12-02_22.txt",,,,2
2006-11-12,204,204,20,unknown,legacy,"lojban/2006_11/2006_11_12-02_22.txt,lojban/2006_11/2006_11_13-02_25.txt",,,,2
2006-11-13,282,282,28,unknown,legacy,"lojban/2006_11/2006_11_13-02_25.txt,lojban/2006_11/2006_11_14-02_23.txt",,,,2
2006-11-14,134,134,18,unknown,legacy,"lojban/2006_11/2006_11_14-02_23.txt,lojban/2006_11/2006_11_15-02_23.txt",,,,2
2006-11-15,205,205,22,unknown,legacy,lojban/2006_11/2006_11_16-02_22.txt,,,,1
2006-11-16,26,26,6,unknown,legacy,"lojban/2006_11/2006_11_16-02_22.txt,lojban/2006_11/2006_11_17-02_21.txt",,,,2
2006-11-17,152,152,20,unknown,legacy,lojban/2006_11/2006_11_18-02_22.txt,,,,1
2006-11-18,125,125,14,unknown,legacy,"lojban/2006_11/2006_11_18-02_22.txt,lojban/2006_11/2006_11_19-02_22.txt",,,,2
2006-11-19,120,119,20,unknown,legacy,"lojban/2006_11/2006_11_19-02_22.txt,lojban/2006_11/2006_11_20-02_22.txt",,,,2
2006-11-20,131,130,17,unknown,legacy,"lojban/2006_11/2006_11_20-02_22.txt,lojban/2006_11/2006_11_21-02_23.txt",,,,2
2006-11-21,100,99,17,unknown,legacy,lojban/2006_11/2006_11_22-02_23.txt,,,,1
2006-11-22,292,291,20,unknown,legacy,"lojban/2006_11/2006_11_22-02_23.txt,lojban/2006_11/2006_11_23-02_24.txt",,,,2
2006-11-23,73,72,10,unknown,legacy,"lojban/2006_11/2006_11_23-02_24.txt,lojban/2006_11/2006_11_24-02_21.txt",,,,2
2006-11-24,107,106,14,unknown,legacy,lojban/2006_11/2006_11_25-02_21.txt,,,,1
2006-11-25,154,153,16,unknown,legacy,"lojban/2006_11/2006_11_25-02_21.txt,lojban/2006_11/2006_11_26-02_22.txt",,,,2
2006-11-26,93,93,16,unknown,legacy,lojban/2006_11/2006_11_27-02_22.txt,,,,1
2006-11-27,60,60,14,unknown,legacy,"lojban/2006_11/2006_11_27-02_22.txt,lojban/2006_11/2006_11_28-02_22.txt",,,,2
2006-11-28,55,55,16,unknown,legacy,"lojban/2006_11/2006_11_28-02_22.txt,lojban/2006_11/2006_11_29-02_22.txt",,,,2
2006-11-29,84,84,23,unknown,legacy,lojban/2006_11/2006_11_30-02_23.txt,,,,1
2006-11-30,127,127,24,unknown,legacy,"lojban/2006_11/2006_11_30-02_23.txt,lojban/2006_12/2006_12_01-02_23.txt",,,,2
2006-12-01,222,222,21,unknown,legacy,lojban/2006_12/2006_12_02-02_23.txt,,,,1
2006-12-02,409,409,29,unknown,legacy,"lojban/2006_12/2006_12_02-02_23.txt,lojban/2006_12/2006_12_03-02_25.txt",,,,2
2006-12-03,256,256,22,unknown,legacy,"lojban/2006_12/2006_12_03-02_25.txt,lojban/2006_12/2006_12_04-02_24.txt",,,,2
2006-12-04,173,173,20,unknown,legacy,"lojban/2006_12/2006_12_04-02_24.txt,lojban/2006_12/2006_12_05-02_22.txt",,,,2
2006-12-05,165,165,18,unknown,legacy,"lojban/2006_12/2006_12_05-02_22.txt,lojban/2006_12/2006_12_06-02_23.txt",,,,2
2006-12-06,228,228,25,unknown,legacy,"lojban/2006_12/2006_12_06-02_23.txt,lojban/2006_12/2006_12_07-02_22.txt",,,,2
2006-12-07,7,7,2,unknown,legacy,lojban/2006_12/2006_12_07-02_22.txt,,,,1
2006-12-08,112,112,21,unknown,legacy,lojban/2006_12/2006_12_09-02_22.txt,,,,1
2006-12-09,130,130,14,unknown,legacy,lojban/2006_12/2006_12_10-02_22.txt,,,,1
2006-12-10,131,131,18,unknown,legacy,"lojban/2006_12/2006_12_10-02_22.txt,lojban/2006_12/2006_12_11-02_22.txt",,,,2
2006-12-11,105,105,15,unknown,legacy,lojban/2006_12/2006_12_12-02_23.txt,,,,1
2006-12-12,112,112,19,unknown,legacy,"lojban/2006_12/2006_12_12-02_23.txt,lojban/2006_12/2006_12_13-02_23.txt",,,,2
2006-12-13,119,119,26,unknown,legacy,"lojban/2006_12/2006_12_13-02_23.txt,lojban/2006_12/2006_12_14-02_23.txt",,,,2
2006-12-14,100,100,22,unknown,legacy,"lojban/2006_12/2006_12_14-02_23.txt,lojban/2006_12/2006_12_15-02_22.txt",,,,2
2006-12-15,91,91,16,unknown,legacy,lojban/2006_12/2006_12_16-02_23.txt,,,,1
2006-12-16,73,73,16,unknown,legacy,"lojban/2006_12/2006_12_16-02_23.txt,lojban/2006_12/2006_12_17-02_22.txt",,,,2
2006-12-17,34,34,11,unknown,legacy,"lojban/2006_12/2006_12_17-02_22.txt,lojban/2006_12/2006_12_18-02_22.txt",,,,2
2006-12-18,116,116,21,unknown,legacy,"lojban/2006_12/2006_12_18-02_22.txt,lojban/2006_12/2006_12_19-02_23.txt",,,,2
2006-12-19,104,104,17,unknown,legacy,"lojban/2006_12/2006_12_19-02_23.txt,lojban/2006_12/2006_12_20-02_24.txt",,,,2
2006-12-20,63,63,17,unknown,legacy,"lojban/2006_12/2006_12_20-02_24.txt,lojban/2006_12/2006_12_21-02_24.txt",,,,2
2006-12-21,102,102,15,unknown,legacy,"lojban/2006_12/2006_12_21-02_24.txt,lojban/2006_12/2006_12_22-02_23.txt",,,,2
2006-12-22,52,52,15,unknown,legacy,lojban/2006_12/2006_12_23-02_22.txt,,,,1
2006-12-23,32,32,15,unknown,legacy,"lojban/2006_12/2006_12_23-02_22.txt,lojban/2006_12/2006_12_24-02_22.txt",,,,2
2006-12-24,43,43,9,unknown,legacy,"lojban/2006_12/2006_12_24-02_22.txt,lojban/2006_12/2006_12_25-02_21.txt",,,,2
2006-12-25,118,118,14,unknown,legacy,lojban/2006_12/2006_12_26-02_22.txt,,,,1
2006-12-26,18,18,9,unknown,legacy,"lojban/2006_12/2006_12_26-02_22.txt,lojban/2006_12/2006_12_27-02_21.txt",,,,2
2006-12-27,63,63,14,unknown,legacy,lojban/2006_12/2006_12_28-02_22.txt,,,,1
2006-12-28,128,128,15,unknown,legacy,"lojban/2006_12/2006_12_28-02_22.txt,lojban/2006_12/2006_12_29-02_23.txt",,,,2
2006-12-29,70,70,17,unknown,legacy,lojban/2006_12/2006_12_30-02_22.txt,,,,1
2006-12-30,86,86,13,unknown,legacy,"lojban/2006_12/2006_12_30-02_22.txt,lojban/2006_12/2006_12_31-02_23.txt",,,,2
2006-12-31,84,84,14,unknown,legacy,lojban/2007_01/2007_01_01-02_22.txt,,,,1
2007-01-01,83,83,12,unknown,legacy,lojban/2007_01/2007_01_02-02_22.txt,,,,1
2007-01-02,101,101,18,unknown,legacy,"lojban/2007_01/2007_01_02-02_22.txt,lojban/2007_01/2007_01_03-02_23.txt",,,,2
2007-01-03,150,150,18,unknown,legacy,lojban/2007_01/2007_01_04-02_26.txt,,,,1
2007-01-04,49,49,15,unknown,legacy,"lojban/2007_01/2007_01_04-02_26.txt,lojban/2007_01/2007_01_05-02_23.txt",,,,2
2007-01-05,43,43,17,unknown,legacy,"lojban/2007_01/2007_01_05-02_23.txt,lojban/2007_01/2007_01_06-02_22.txt",,,,2
2007-01-06,30,30,10,unknown,legacy,lojban/2007_01/2007_01_07-02_22.txt,,,,1
2007-01-07,42,42,16,unknown,legacy,"lojban/2007_01/2007_01_07-02_22.txt,lojban/2007_01/2007_01_08-02_21.txt",,,,2
2007-01-08,16,16,8,unknown,legacy,"lojban/2007_01/2007_01_08-02_21.txt,lojban/2007_01/2007_01_09-02_23.txt",,,,2
2007-01-09,39,39,14,unknown,legacy,"lojban/2007_01/2007_01_09-02_23.txt,lojban/2007_01/2007_01_10-02_22.txt",,,,2
2007-01-10,39,39,15,unknown,legacy,lojban/2007_01/2007_01_11-02_22.txt,,,,1
2007-01-11,92,92,12,unknown,legacy,lojban/2007_01/2007_01_12-02_22.txt,,,,1
2007-01-12,94,94,15,unknown,legacy,lojban/2007_01/2007_01_13-02_22.txt,,,,1
2007-01-13,37,37,9,unknown,legacy,lojban/2007_01/2007_01_14-02_21.txt,,,,1
2007-01-14,75,75,13,unknown,legacy,"lojban/2007_01/2007_01_14-02_21.txt,lojban/2007_01/2007_01_15-02_22.txt",,,,2
2007-01-15,82,82,12,unknown,legacy,"lojban/2007_01/2007_01_15-02_22.txt,lojban/2007_01/2007_01_16-02_22.txt",,,,2
2007-01-16,56,56,9,unknown,legacy,"lojban/2007_01/2007_01_16-02_22.txt,lojban/2007_01/2007_01_17-02_22.txt",,,,2
2007-01-17,47,47,13,unknown,legacy,lojban/2007_01/2007_01_18-02_22.txt,,,,1
2007-01-18,85,85,11,unknown,legacy,"lojban/2007_01/2007_01_18-02_22.txt,lojban/2007_01/2007_01_19-02_23.txt",,,,2
2007-01-19,49,49,17,unknown,legacy,lojban/2007_01/2007_01_20-02_22.txt,,,,1
2007-01-20,114,114,14,unknown,legacy,"lojban/2007_01/2007_01_20-02_22.txt,lojban/2007_01/2007_01_21-02_22.txt",,,,2
2007-01-21,99,99,14,unknown,legacy,lojban/2007_01/2007_01_22-02_21.txt,,,,1
2007-01-22,52,52,14,unknown,legacy,lojban/2007_01/2007_01_23-02_23.txt,,,,1
2007-01-23,131,131,15,unknown,legacy,"lojban/2007_01/2007_01_23-02_23.txt,lojban/2007_01/2007_01_24-02_22.txt",,,,2
2007-01-24,68,68,16,unknown,legacy,"lojban/2007_01/2007_01_24-02_22.txt,lojban/2007_01/2007_01_25-02_22.txt",,,,2
2007-01-25,85,85,13,unknown,legacy,lojban/2007_01/2007_01_26-02_22.txt,,,,1
2007-01-26,47,47,15,unknown,legacy,"lojban/2007_01/2007_01_26-02_22.txt,lojban/2007_01/2007_01_27-02_22.txt",,,,2
2007-01-27,86,86,15,unknown,legacy,lojban/2007_01/2007_01_28-02_22.txt,,,,1
2007-01-28,52,52,11,unknown,legacy,lojban/2007_01/2007_01_29-02_22.txt,,,,1
2007-01-29,87,87,16,unknown,legacy,lojban/2007_01/2007_01_30-02_23.txt,,,,1
2007-01-30,24,24,12,unknown,legacy,lojban/2007_01/2007_01_31-02_22.txt,,,,1
2007-01-31,58,58,12,unknown,legacy,lojban/2007_02/2007_02_01-02_22.txt,,,,1
2007-02-01,39,39,13,unknown,legacy,lojban/2007_02/2007_02_02-02_22.txt,,,,1
2007-02-02,82,82,14,unknown,legacy,lojban/2007_02/2007_02_03-02_23.txt,,,,1
2007-02-03,123,123,14,unknown,legacy,lojban/2007_02/2007_02_04-02_23.txt,,,,1
2007-02-04,38,38,9,unknown,legacy,lojban/2007_02/2007_02_05-02_21.txt,,,,1
2007-02-05,48,48,13,unknown,legacy,"lojban/2007_02/2007_02_05-02_21.txt,lojban/2007_02/2007_02_06-02_23.txt",,,,2
2007-02-06,86,86,10,unknown,legacy,"lojban/2007_02/2007_02_06-02_23.txt,lojban/2007_02/2007_02_07-02_23.txt",,,,2
2007-02-07,27,27,12,unknown,legacy,"lojban/2007_02/2007_02_07-02_23.txt,lojban/2007_02/2007_02_08-02_22.txt",,,,2
2007-02-08,31,31,10,unknown,legacy,lojban/2007_02/2007_02_09-02_22.txt,,,,1
2007-02-09,33,33,11,unknown,legacy,"lojban/2007_02/2007_02_09-02_22.txt,lojban/2007_02/2007_02_10-02_22.txt",,,,2
2007-02-10,19,19,8,unknown,legacy,lojban/2007_02/2007_02_11-02_21.txt,,,,1
2007-02-11,33,33,11,unknown,legacy,"lojban/2007_02/2007_02_11-02_21.txt,lojban/2007_02/2007_02_12-02_22.txt",,,,2
2007-02-12,74,74,14,unknown,legacy,lojban/2007_02/2007_02_13-02_22.txt,,,,1
2007-02-13,31,31,11,unknown,legacy,lojban/2007_02/2007_02_14-02_22.txt,,,,1
2007-02-14,73,73,16,unknown,legacy,"lojban/2007_02/2007_02_14-02_22.txt,lojban/2007_02/2007_02_15-02_22.txt",,,,2
2007-02-15,74,74,11,unknown,legacy,lojban/2007_02/2007_02_16-02_22.txt,,,,1
2007-02-16,49,49,11,unknown,legacy,"lojban/2007_02/2007_02_16-02_22.txt,lojban/2007_02/2007_02_17-02_21.txt",,,,2
2007-02-17,42,42,11,unknown,legacy,"lojban/2007_02/2007_02_17-02_21.txt,lojban/2007_02/2007_02_18-02_22.txt",,,,2
2007-02-18,57,57,15,unknown,legacy,"lojban/2007_02/2007_02_18-02_22.txt,lojban/2007_02/2007_02_19-02_21.txt",,,,2
2007-02-19,109,109,21,unknown,legacy,"lojban/2007_02/2007_02_19-02_21.txt,lojban/2007_02/2007_02_20-02_23.txt",,,,2
2007-02-20,125,125,19,unknown,legacy,"lojban/2007_02/2007_02_20-02_23.txt,lojban/2007_02/2007_02_21-02_22.txt",,,,2
2007-02-21,106,106,22,unknown,legacy,lojban/2007_02/2007_02_22-02_24.txt,,,,1
2007-02-22,155,155,16,unknown,legacy,"lojban/2007_02/2007_02_22-02_24.txt,lojban/2007_02/2007_02_23-02_23.txt",,,,2
2007-02-23,85,85,16,unknown,legacy,"lojban/2007_02/2007_02_23-02_23.txt,lojban/2007_02/2007_02_24-02_22.txt",,,,2
2007-02-24,169,169,23,unknown,legacy,"lojban/2007_02/2007_02_24-02_22.txt,lojban/2007_02/2007_02_25-02_22.txt",,,,2
2007-02-25,113,113,17,unknown,legacy,"lojban/2007_02/2007_02_25-02_22.txt,lojban/2007_02/2007_02_26-02_21.txt",,,,2
2007-02-26,88,88,16,unknown,legacy,lojban/2007_02/2007_02_27-02_22.txt,,,,1
2007-02-27,126,126,15,unknown,legacy,lojban/2007_02/2007_02_28-02_22.txt,,,,1
2007-02-28,111,111,21,unknown,legacy,"lojban/2007_02/2007_02_28-02_22.txt,lojban/2007_03/2007_03_01-02_22.txt",,,,2
2007-03-01,65,65,15,unknown,legacy,"lojban/2007_03/2007_03_01-02_22.txt,lojban/2007_03/2007_03_02-02_23.txt",,,,2
2007-03-02,247,247,25,unknown,legacy,"lojban/2007_03/2007_03_02-02_23.txt,lojban/2007_03/2007_03_03-02_22.txt",,,,2
2007-03-03,157,157,18,unknown,legacy,lojban/2007_03/2007_03_04-02_22.txt,,,,1
2007-03-04,85,85,16,unknown,legacy,"lojban/2007_03/2007_03_04-02_22.txt,lojban/2007_03/2007_03_05-02_22.txt",,,,2
2007-03-05,2,2,2,unknown,legacy,lojban/2007_03/2007_03_05-02_22.txt,,,,1
2007-03-06,153,153,22,unknown,legacy,lojban/2007_03/2007_03_07-02_23.txt,,,,1
2007-03-07,142,142,16,unknown,legacy,"lojban/2007_03/2007_03_07-02_23.txt,lojban/2007_03/2007_03_08-02_22.txt",,,,2
2007-03-08,194,194,13,unknown,legacy,lojban/2007_03/2007_03_09-02_21.txt,,,,1
2007-03-09,120,120,19,unknown,legacy,"lojban/2007_03/2007_03_09-02_21.txt,lojban/2007_03/2007_03_10-02_22.txt",,,,2
2007-03-10,54,54,9,unknown,legacy,"lojban/2007_03/2007_03_10-02_22.txt,lojban/2007_03/2007_03_12-02_22.txt",,,,2
2007-03-11,103,103,12,unknown,legacy,lojban/2007_03/2007_03_12-02_22.txt,,,,1
2007-03-12,86,86,14,unknown,legacy,"lojban/2007_03/2007_03_12-02_22.txt,lojban/2007_03/2007_03_13-02_21.txt",,,,2
2007-03-13,201,201,13,unknown,legacy,"lojban/2007_03/2007_03_13-02_21.txt,lojban/2007_03/2007_03_14-02_22.txt",,,,2
2007-03-14,176,176,17,unknown,legacy,"lojban/2007_03/2007_03_14-02_22.txt,lojban/2007_03/2007_03_15-02_24.txt",,,,2
2007-03-15,74,74,15,unknown,legacy,"lojban/2007_03/2007_03_15-02_24.txt,lojban/2007_03/2007_03_16-02_22.txt",,,,2
2007-03-16,92,92,18,unknown,legacy,"lojban/2007_03/2007_03_16-02_22.txt,lojban/2007_03/2007_03_17-02_21.txt",,,,2
2007-03-17,132,132,15,unknown,legacy,lojban/2007_03/2007_03_18-02_22.txt,,,,1
2007-03-18,124,124,18,unknown,legacy,"lojban/2007_03/2007_03_18-02_22.txt,lojban/2007_03/2007_03_19-02_22.txt",,,,2
2007-03-19,91,91,19,unknown,legacy,"lojban/2007_03/2007_03_19-02_22.txt,lojban/2007_03/2007_03_20-02_21.txt",,,,2
2007-03-20,112,112,17,unknown,legacy,lojban/2007_03/2007_03_21-02_21.txt,,,,1
2007-03-21,148,148,19,unknown,legacy,lojban/2007_03/2007_03_22-02_21.txt,,,,1
2007-03-22,51,51,12,unknown,legacy,"lojban/2007_03/2007_03_22-02_21.txt,lojban/2007_03/2007_03_23-02_21.txt",,,,2
2007-03-23,69,69,9,unknown,legacy,lojban/2007_03/2007_03_24-02_21.txt,,,,1
2007-03-24,19,19,7,unknown,legacy,"lojban/2007_03/2007_03_24-02_21.txt,lojban/2007_03/2007_03_25-02_21.txt",,,,2
2007-03-25,50,50,11,unknown,legacy,"lojban/2007_03/2007_03_25-02_21.txt,lojban/2007_03/2007_03_26-02_22.txt",,,,2
2007-03-26,59,59,10,unknown,legacy,"lojban/2007_03/2007_03_26-02_22.txt,lojban/2007_03/2007_03_27-02_21.txt",,,,2
2007-03-27,38,38,9,unknown,legacy,lojban/2007_03/2007_03_28-02_22.txt,,,,1
2007-03-28,44,44,13,unknown,legacy,lojban/2007_03/2007_03_29-02_22.txt,,,,1
2007-03-29,60,60,18,unknown,legacy,lojban/2007_03/2007_03_30-02_23.txt,,,,1
2007-03-30,104,104,20,unknown,legacy,"lojban/2007_03/2007_03_30-02_23.txt,lojban/2007_03/2007_03_31-02_23.txt",,,,2
2007-03-31,61,61,12,unknown,legacy,"lojban/2007_03/2007_03_31-02_23.txt,lojban/2007_04/2007_04_01-02_22.txt",,,,2
2007-04-01,31,31,7,unknown,legacy,"lojban/2007_04/2007_04_01-02_22.txt,lojban/2007_04/2007_04_02-02_21.txt",,,,2
2007-04-02,297,297,13,unknown,legacy,lojban/2007_04/2007_04_03-02_23.txt,,,,1
2007-04-03,49,49,10,unknown,legacy,"lojban/2007_04/2007_04_03-02_23.txt,lojban/2007_04/2007_04_04-02_22.txt",,,,2
2007-04-04,75,75,12,unknown,legacy,"lojban/2007_04/2007_04_04-02_22.txt,lojban/2007_04/2007_04_05-02_21.txt",,,,2
2007-04-05,84,84,13,unknown,legacy,lojban/2007_04/2007_04_06-02_22.txt,,,,1
2007-04-06,128,128,16,unknown,legacy,"lojban/2007_04/2007_04_06-02_22.txt,lojban/2007_04/2007_04_07-02_22.txt",,,,2
2007-04-07,128,128,13,unknown,legacy,"lojban/2007_04/2007_04_07-02_22.txt,lojban/2007_04/2007_04_08-02_21.txt",,,,2
2007-04-08,101,101,18,unknown,legacy,"lojban/2007_04/2007_04_08-02_21.txt,lojban/2007_04/2007_04_09-02_22.txt",,,,2
2007-04-09,41,41,11,unknown,legacy,lojban/2007_04/2007_04_10-02_22.txt,,,,1
2007-04-10,542,542,26,unknown,legacy,"lojban/2007_04/2007_04_10-02_22.txt,lojban/2007_04/2007_04_11-02_24.txt",,,,2
2007-04-11,8,8,5,unknown,legacy,lojban/2007_04/2007_04_11-02_24.txt,,,,1
2007-04-12,149,149,19,unknown,legacy,lojban/2007_04/2007_04_13-02_24.txt,,,,1
2007-04-13,134,134,11,unknown,legacy,"lojban/2007_04/2007_04_13-02_24.txt,lojban/2007_04/2007_04_14-02_22.txt",,,,2
2007-04-14,20,20,7,unknown,legacy,"lojban/2007_04/2007_04_14-02_22.txt,lojban/2007_04/2007_04_15-02_21.txt",,,,2
2007-04-15,71,71,14,unknown,legacy,lojban/2007_04/2007_04_16-02_22.txt,,,,1
2007-04-16,91,91,12,unknown,legacy,lojban/2007_04/2007_04_17-02_21.txt,,,,1
2007-04-17,183,183,12,unknown,legacy,lojban/2007_04/2007_04_18-02_21.txt,,,,1
2007-04-18,161,161,17,unknown,legacy,lojban/2007_04/2007_04_19-02_23.txt,,,,1
2007-04-19,104,104,13,unknown,legacy,"lojban/2007_04/2007_04_19-02_23.txt,lojban/2007_04/2007_04_20-02_21.txt",,,,2
2007-04-20,151,151,14,unknown,legacy,lojban/2007_04/2007_04_21-02_22.txt,,,,1
2007-04-21,42,42,10,unknown,legacy,"lojban/2007_04/2007_04_21-02_22.txt,lojban/2007_04/2007_04_22-02_21.txt",,,,2
2007-04-22,78,78,8,unknown,legacy,"lojban/2007_04/2007_04_22-02_21.txt,lojban/2007_04/2007_04_23-02_21.txt",,,,2
2007-04-23,54,54,13,unknown,legacy,lojban/2007_04/2007_04_24-02_21.txt,,,,1
2007-04-24,59,59,13,unknown,legacy,lojban/2007_04/2007_04_25-02_21.txt,,,,1
2007-04-25,49,49,15,unknown,legacy,"lojban/2007_04/2007_04_25-02_21.txt,lojban/2007_04/2007_04_26-02_21.txt",,,,2
2007-04-26,56,56,15,unknown,legacy,lojban/2007_04/2007_04_27-02_21.txt,,,,1
2007-04-27,104,104,15,unknown,legacy,lojban/2007_04/2007_04_28-02_21.txt,,,,1
2007-04-28,136,136,13,unknown,legacy,"lojban/2007_04/2007_04_28-02_21.txt,lojban/2007_04/2007_04_29-02_22.txt",,,,2
2007-04-29,85,85,13,unknown,legacy,lojban/2007_04/2007_04_30-02_21.txt,,,,1
2007-04-30,54,54,12,unknown,legacy,"lojban/2007_04/2007_04_30-02_21.txt,lojban/2007_05/2007_05_01-02_21.txt",,,,2
2007-05-01,36,36,5,unknown,legacy,lojban/2007_05/2007_05_02-02_21.txt,,,,1
2007-05-02,70,70,12,unknown,legacy,lojban/2007_05/2007_05_03-02_21.txt,,,,1
2007-05-03,96,96,12,unknown,legacy,lojban/2007_05/2007_05_04-02_21.txt,,,,1
2007-05-04,58,58,12,unknown,legacy,lojban/2007_05/2007_05_05-02_21.txt,,,,1
2007-05-05,113,113,6,unknown,legacy,"lojban/2007_05/2007_05_05-02_21.txt,lojban/2007_05/2007_05_06-02_21.txt",,,,2
2007-05-06,80,80,8,unknown,legacy,lojban/2007_05/2007_05_07-02_22.txt,,,,1
2007-05-07,43,43,11,unknown,legacy,lojban/2007_05/2007_05_08-02_21.txt,,,,1
2007-05-08,105,105,10,unknown,legacy,lojban/2007_05/2007_05_09-02_21.txt,,,,1
2007-05-09,35,35,9,unknown,legacy,lojban/2007_05/2007_05_10-02_21.txt,,,,1
2007-05-10,115,115,13,unknown,legacy,lojban/2007_05/2007_05_11-02_21.txt,,,,1
2007-05-11,130,130,13,unknown,legacy,"lojban/2007_05/2007_05_11-02_21.txt,lojban/2007_05/2007_05_12-02_21.txt",,,,2
2007-05-12,102,102,16,unknown,legacy,"lojban/2007_05/2007_05_12-02_21.txt,lojban/2007_05/2007_05_13-02_21.txt",,,,2
2007-05-13,155,155,13,unknown,legacy,"lojban/2007_05/2007_05_13-02_21.txt,lojban/2007_05/2007_05_14-02_21.txt",,,,2
2007-05-14,172,171,19,unknown,legacy,lojban/2007_05/2007_05_15-02_23.txt,,,,1
2007-05-15,238,238,15,unknown,legacy,"lojban/2007_05/2007_05_15-02_23.txt,lojban/2007_05/2007_05_16-02_23.txt",,,,2
2007-05-16,273,273,18,unknown,legacy,"lojban/2007_05/2007_05_16-02_23.txt,lojban/2007_05/2007_05_17-02_23.txt",,,,2
2007-05-17,437,437,21,unknown,legacy,"lojban/2007_05/2007_05_17-02_23.txt,lojban/2007_05/2007_05_18-02_23.txt",,,,2
2007-05-18,288,288,17,unknown,legacy,"lojban/2007_05/2007_05_18-02_23.txt,lojban/2007_05/2007_05_19-02_22.txt",,,,2
2007-05-19,433,433,20,unknown,legacy,lojban/2007_05/2007_05_20-02_22.txt,,,,1
2007-05-20,205,205,17,unknown,legacy,"lojban/2007_05/2007_05_20-02_22.txt,lojban/2007_05/2007_05_21-02_22.txt",,,,2
2007-05-21,140,140,16,unknown,legacy,lojban/2007_05/2007_05_22-02_22.txt,,,,1
2007-05-22,261,261,21,unknown,legacy,"lojban/2007_05/2007_05_22-02_22.txt,lojban/2007_05/2007_05_23-02_22.txt",,,,2
2007-05-23,224,224,19,unknown,legacy,"lojban/2007_05/2007_05_23-02_22.txt,lojban/2007_05/2007_05_24-02_23.txt",,,,2
2007-05-24,219,219,23,unknown,legacy,"lojban/2007_05/2007_05_24-02_23.txt,lojban/2007_05/2007_05_25-02_23.txt",,,,2
2007-05-25,220,220,16,unknown,legacy,"lojban/2007_05/2007_05_25-02_23.txt,lojban/2007_05/2007_05_26-02_22.txt",,,,2
2007-05-26,151,151,22,unknown,legacy,"lojban/2007_05/2007_05_26-02_22.txt,lojban/2007_05/2007_05_27-02_21.txt",,,,2
2007-05-27,417,417,15,unknown,legacy,"lojban/2007_05/2007_05_27-02_21.txt,lojban/2007_05/2007_05_28-02_22.txt",,,,2
2007-05-28,868,868,25,unknown,legacy,"lojban/2007_05/2007_05_28-02_22.txt,lojban/2007_05/2007_05_29-02_23.txt",,,,2
2007-05-29,410,410,17,unknown,legacy,lojban/2007_05/2007_05_30-02_22.txt,,,,1
2007-05-30,115,115,21,unknown,legacy,lojban/2007_05/2007_05_31-02_21.txt,,,,1
2007-05-31,465,465,21,unknown,legacy,"lojban/2007_05/2007_05_31-02_21.txt,lojban/2007_06/2007_06_01-02_21.txt",,,,2
2007-06-01,322,322,20,unknown,legacy,"lojban/2007_06/2007_06_01-02_21.txt,lojban/2007_06/2007_06_02-02_22.txt",,,,2
2007-06-02,312,312,14,unknown,legacy,"lojban/2007_06/2007_06_02-02_22.txt,lojban/2007_06/2007_06_03-02_24.txt",,,,2
2007-06-03,124,124,12,unknown,legacy,"lojban/2007_06/2007_06_03-02_24.txt,lojban/2007_06/2007_06_04-02_23.txt",,,,2
2007-06-04,226,226,18,unknown,legacy,"lojban/2007_06/2007_06_04-02_23.txt,lojban/2007_06/2007_06_05-02_21.txt",,,,2
2007-06-05,68,68,13,unknown,legacy,"lojban/2007_06/2007_06_05-02_21.txt,lojban/2007_06/2007_06_06-02_21.txt",,,,2
2007-06-06,65,65,18,unknown,legacy,"lojban/2007_06/2007_06_06-02_21.txt,lojban/2007_06/2007_06_07-02_21.txt",,,,2
2007-06-07,53,53,10,unknown,legacy,lojban/2007_06/2007_06_08-02_21.txt,,,,1
2007-06-08,68,68,11,unknown,legacy,lojban/2007_06/2007_06_09-02_21.txt,,,,1
2007-06-09,161,161,13,unknown,legacy,"lojban/2007_06/2007_06_09-02_21.txt,lojban/2007_06/2007_06_10-02_21.txt",,,,2
2007-06-10,65,65,14,unknown,legacy,"lojban/2007_06/2007_06_10-02_21.txt,lojban/2007_06/2007_06_11-02_21.txt",,,,2
2007-06-11,101,101,15,unknown,legacy,lojban/2007_06/2007_06_12-02_21.txt,,,,1
2007-06-12,156,156,14,unknown,legacy,"lojban/2007_06/2007_06_12-02_21.txt,lojban/2007_06/2007_06_13-02_21.txt",,,,2
2007-06-13,73,73,17,unknown,legacy,lojban/2007_06/2007_06_14-02_21.txt,,,,1
2007-06-14,58,58,17,unknown,legacy,lojban/2007_06/2007_06_15-02_21.txt,,,,1
2007-06-15,36,36,13,unknown,legacy,"lojban/2007_06/2007_06_15-02_21.txt,lojban/2007_06/2007_06_16-02_21.txt",,,,2
2007-06-16,43,43,6,unknown,legacy,lojban/2007_06/2007_06_17-02_21.txt,,,,1
2007-06-17,109,109,13,unknown,legacy,"lojban/2007_06/2007_06_17-02_21.txt,lojban/2007_06/2007_06_18-02_21.txt",,,,2
2007-06-18,155,155,19,unknown,legacy,"lojban/2007_06/2007_06_18-02_21.txt,lojban/2007_06/2007_06_19-02_21.txt",,,,2
2007-06-19,71,71,11,unknown,legacy,"lojban/2007_06/2007_06_19-02_21.txt,lojban/2007_06/2007_06_20-02_21.txt",,,,2
2007-06-20,18,18,6,unknown,legacy,lojban/2007_06/2007_06_21-02_21.txt,,,,1
2007-06-21,193,193,14,unknown,legacy,"lojban/2007_06/2007_06_21-02_21.txt,lojban/2007_06/2007_06_22-02_21.txt",,,,2
2007-06-22,231,231,11,unknown,legacy,"lojban/2007_06/2007_06_22-02_21.txt,lojban/2007_06/2007_06_23-02_21.txt",,,,2
2007-06-23,342,342,11,unknown,legacy,"lojban/2007_06/2007_06_23-02_21.txt,lojban/2007_06/2007_06_24-02_21.txt",,,,2
2007-06-24,566,566,11,unknown,legacy,"lojban/2007_06/2007_06_24-02_21.txt,lojban/2007_06/2007_06_26-02_21.txt",,,,2
2007-06-26,421,421,15,unknown,legacy,lojban/2007_06/2007_06_27-02_22.txt,,,,1
2007-06-27,268,268,8,unknown,legacy,lojban/2007_06/2007_06_28-02_21.txt,,,,1
2007-06-28,207,207,14,unknown,legacy,lojban/2007_06/2007_06_29-02_21.txt,,,,1
2007-06-29,161,161,12,unknown,legacy,"lojban/2007_06/2007_06_29-02_21.txt,lojban/2007_06/2007_06_30-02_21.txt",,,,2
2007-06-30,51,51,8,unknown,legacy,lojban/2007_07/2007_07_01-02_21.txt,,,,1
2007-07-01,303,303,19,unknown,legacy,"lojban/2007_07/2007_07_01-02_21.txt,lojban/2007_07/2007_07_02-02_21.txt",,,,2
2007-07-02,113,113,16,unknown,legacy,"lojban/2007_07/2007_07_02-02_21.txt,lojban/2007_07/2007_07_03-02_21.txt",,,,2
2007-07-03,84,84,17,unknown,legacy,lojban/2007_07/2007_07_04-02_21.txt,,,,1
2007-07-04,260,260,20,unknown,legacy,"lojban/2007_07/2007_07_04-02_21.txt,lojban/2007_07/2007_07_05-02_21.txt",,,,2
2007-07-05,162,162,13,unknown,legacy,"lojban/2007_07/2007_07_05-02_21.txt,lojban/2007_07/2007_07_06-02_21.txt",,,,2
2007-07-06,246,246,10,unknown,legacy,"lojban/2007_07/2007_07_06-02_21.txt,lojban/2007_07/2007_07_07-02_21.txt",,,,2
2007-07-07,550,550,11,unknown,legacy,"lojban/2007_07/2007_07_07-02_21.txt,lojban/2007_07/2007_07_08-02_21.txt",,,,2
2007-07-08,562,562,16,unknown,legacy,lojban/2007_07/2007_07_09-02_21.txt,,,,1
2007-07-09,144,144,10,unknown,legacy,"lojban/2007_07/2007_07_09-02_21.txt,lojban/2007_07/2007_07_10-02_21.txt",,,,2
2007-07-10,81,81,10,unknown,legacy,"lojban/2007_07/2007_07_10-02_21.txt,lojban/2007_07/2007_07_11-02_21.txt",,,,2
2007-07-11,129,129,9,unknown,legacy,lojban/2007_07/2007_07_12-02_21.txt,,,,1
2007-07-12,52,52,15,unknown,legacy,"lojban/2007_07/2007_07_12-02_21.txt,lojban/2007_07/2007_07_13-02_21.txt",,,,2
2007-07-13,115,115,10,unknown,legacy,"lojban/2007_07/2007_07_13-02_21.txt,lojban/2007_07/2007_07_14-02_21.txt",,,,2
2007-07-14,103,103,8,unknown,legacy,"lojban/2007_07/2007_07_14-02_21.txt,lojban/2007_07/2007_07_15-02_21.txt",,,,2
2007-07-15,123,123,14,unknown,legacy,lojban/2007_07/2007_07_16-02_21.txt,,,,1
2007-07-16,94,94,17,unknown,legacy,"lojban/2007_07/2007_07_16-02_21.txt,lojban/2007_07/2007_07_17-02_21.txt",,,,2
2007-07-17,56,56,9,unknown,legacy,"lojban/2007_07/2007_07_17-02_21.txt,lojban/2007_07/2007_07_18-02_21.txt",,,,2
2007-07-18,157,157,13,unknown,legacy,"lojban/2007_07/2007_07_18-02_21.txt,lojban/2007_07/2007_07_19-02_21.txt",,,,2
2007-07-19,122,122,15,unknown,legacy,lojban/2007_07/2007_07_20-02_21.txt,,,,1
2007-07-20,55,55,9,unknown,legacy,lojban/2007_07/2007_07_21-02_21.txt,,,,1
2007-07-21,88,88,8,unknown,legacy,"lojban/2007_07/2007_07_21-02_21.txt,lojban/2007_07/2007_07_22-02_21.txt",,,,2
2007-07-22,36,36,8,unknown,legacy,"lojban/2007_07/2007_07_22-02_21.txt,lojban/2007_07/2007_07_23-02_21.txt",,,,2
2007-07-23,343,343,21,unknown,legacy,"lojban/2007_07/2007_07_23-02_21.txt,lojban/2007_07/2007_07_24-02_21.txt",,,,2
2007-07-24,143,143,15,unknown,legacy,"lojban/2007_07/2007_07_24-02_21.txt,lojban/2007_07/2007_07_25-02_21.txt",,,,2
2007-07-25,147,147,7,unknown,legacy,"lojban/2007_07/2007_07_25-02_21.txt,lojban/2007_07/2007_07_26-02_21.txt",,,,2
2007-07-26,149,149,10,unknown,legacy,lojban/2007_07/2007_07_27-02_21.txt,,,,1
2007-07-27,153,153,13,unknown,legacy,lojban/2007_07/2007_07_28-02_21.txt,,,,1
2007-07-28,25,25,6,unknown,legacy,lojban/2007_07/2007_07_29-02_21.txt,,,,1
2007-07-29,21,21,9,unknown,legacy,lojban/2007_07/2007_07_30-02_21.txt,,,,1
2007-07-30,80,80,16,unknown,legacy,"lojban/2007_07/2007_07_30-02_21.txt,lojban/2007_07/2007_07_31-02_21.txt",,,,2
2007-07-31,53,53,14,unknown,legacy,lojban/2007_08/2007_08_01-02_21.txt,,,,1
2007-08-01,100,100,13,unknown,legacy,"lojban/2007_08/2007_08_01-02_21.txt,lojban/2007_08/2007_08_02-02_22.txt",,,,2
2007-08-02,29,29,8,unknown,legacy,lojban/2007_08/2007_08_03-02_21.txt,,,,1
2007-08-03,36,36,11,unknown,legacy,lojban/2007_08/2007_08_04-02_21.txt,,,,1
2007-08-04,37,37,10,unknown,legacy,lojban/2007_08/2007_08_05-02_21.txt,,,,1
2007-08-05,60,60,10,unknown,legacy,lojban/2007_08/2007_08_06-02_21.txt,,,,1
2007-08-06,36,36,12,unknown,legacy,"lojban/2007_08/2007_08_06-02_21.txt,lojban/2007_08/2007_08_07-02_21.txt",,,,2
2007-08-07,111,111,18,unknown,legacy,lojban/2007_08/2007_08_08-02_21.txt,,,,1
2007-08-08,96,96,18,unknown,legacy,lojban/2007_08/2007_08_09-02_21.txt,,,,1
2007-08-09,109,109,10,unknown,legacy,"lojban/2007_08/2007_08_09-02_21.txt,lojban/2007_08/2007_08_10-02_21.txt",,,,2
2007-08-10,90,90,11,unknown,legacy,lojban/2007_08/2007_08_11-02_21.txt,,,,1
2007-08-11,75,75,14,unknown,legacy,lojban/2007_08/2007_08_12-02_21.txt,,,,1
2007-08-12,129,129,14,unknown,legacy,"lojban/2007_08/2007_08_12-02_21.txt,lojban/2007_08/2007_08_13-02_22.txt",,,,2
2007-08-13,116,116,14,unknown,legacy,lojban/2007_08/2007_08_14-02_22.txt,,,,1
2007-08-14,60,60,15,unknown,legacy,lojban/2007_08/2007_08_15-02_24.txt,,,,1
2007-08-15,246,246,27,unknown,legacy,"lojban/2007_08/2007_08_15-02_24.txt,lojban/2007_08/2007_08_16-02_24.txt",,,,2
2007-08-16,84,84,16,unknown,legacy,"lojban/2007_08/2007_08_16-02_24.txt,lojban/2007_08/2007_08_17-02_27.txt",,,,2
2007-08-17,133,133,10,unknown,legacy,"lojban/2007_08/2007_08_17-02_27.txt,lojban/2007_08/2007_08_18-02_23.txt",,,,2
2007-08-18,119,119,5,unknown,legacy,lojban/2007_08/2007_08_18-02_23.txt,,,,1
2007-08-19,274,274,10,unknown,legacy,lojban/2007_08/2007_08_20-02_21.txt,,,,1
2007-08-20,57,57,16,unknown,legacy,lojban/2007_08/2007_08_21-02_21.txt,,,,1
2007-08-21,191,191,15,unknown,legacy,"lojban/2007_08/2007_08_21-02_21.txt,lojban/2007_08/2007_08_22-02_21.txt",,,,2
2007-08-22,59,59,13,unknown,legacy,"lojban/2007_08/2007_08_22-02_21.txt,lojban/2007_08/2007_08_23-02_21.txt",,,,2
2007-08-23,114,114,16,unknown,legacy,lojban/2007_08/2007_08_25-02_21.txt,,,,1
2007-08-25,245,245,14,unknown,legacy,lojban/2007_08/2007_08_26-02_21.txt,,,,1
2007-08-26,121,121,18,unknown,legacy,"lojban/2007_08/2007_08_26-02_21.txt,lojban/2007_08/2007_08_27-02_21.txt",,,,2
2007-08-27,165,165,16,unknown,legacy,lojban/2007_08/2007_08_28-02_21.txt,,,,1
2007-08-28,303,303,15,unknown,legacy,lojban/2007_08/2007_08_29-02_21.txt,,,,1
2007-08-29,145,145,17,unknown,legacy,"lojban/2007_08/2007_08_29-02_21.txt,lojban/2007_08/2007_08_30-02_21.txt",,,,2
2007-08-30,185,185,15,unknown,legacy,"lojban/2007_08/2007_08_30-02_21.txt,lojban/2007_08/2007_08_31-02_21.txt",,,,2
2007-08-31,173,173,18,unknown,legacy,"lojban/2007_08/2007_08_31-02_21.txt,lojban/2007_09/2007_09_01-02_21.txt",,,,2
2007-09-01,144,144,10,unknown,legacy,lojban/2007_09/2007_09_03-02_21.txt,,,,1
2007-09-03,248,248,22,unknown,legacy,lojban/2007_09/2007_09_04-02_21.txt,,,,1
2007-09-04,194,194,19,unknown,legacy,"lojban/2007_09/2007_09_04-02_21.txt,lojban/2007_09/2007_09_05-02_21.txt",,,,2
2007-09-05,106,106,12,unknown,legacy,lojban/2007_09/2007_09_06-02_21.txt,,,,1
2007-09-06,104,104,13,unknown,legacy,"lojban/2007_09/2007_09_06-02_21.txt,lojban/2007_09/2007_09_07-02_21.txt",,,,2
2007-09-07,40,40,11,unknown,legacy,"lojban/2007_09/2007_09_07-02_21.txt,lojban/2007_09/2007_09_08-02_21.txt",,,,2
2007-09-08,55,55,10,unknown,legacy,lojban/2007_09/2007_09_09-02_21.txt,,,,1
2007-09-09,194,194,16,unknown,legacy,"lojban/2007_09/2007_09_09-02_21.txt,lojban/2007_09/2007_09_10-02_21.txt",,,,2
2007-09-10,180,180,19,unknown,legacy,"lojban/2007_09/2007_09_10-02_21.txt,lojban/2007_09/2007_09_11-02_21.txt",,,,2
2007-09-11,252,252,16,unknown,legacy,"lojban/2007_09/2007_09_11-02_21.txt,lojban/2007_09/2007_09_12-02_21.txt",,,,2
2007-09-12,230,230,19,unknown,legacy,"lojban/2007_09/2007_09_12-02_21.txt,lojban/2007_09/2007_09_13-02_22.txt",,,,2
2007-09-13,137,137,16,unknown,legacy,"lojban/2007_09/2007_09_13-02_22.txt,lojban/2007_09/2007_09_14-02_21.txt",,,,2
2007-09-14,92,92,13,unknown,legacy,"lojban/2007_09/2007_09_14-02_21.txt,lojban/2007_09/2007_09_15-02_21.txt",,,,2
2007-09-15,17,17,7,unknown,legacy,lojban/2007_09/2007_09_16-02_21.txt,,,,1
2007-09-16,60,60,14,unknown,legacy,lojban/2007_09/2007_09_17-02_22.txt,,,,1
2007-09-17,34,34,7,unknown,legacy,lojban/2007_09/2007_09_18-02_21.txt,,,,1
2007-09-18,38,38,11,unknown,legacy,lojban/2007_09/2007_09_19-02_22.txt,,,,1
2007-09-19,82,82,13,unknown,legacy,"lojban/2007_09/2007_09_19-02_22.txt,lojban/2007_09/2007_09_20-02_21.txt",,,,2
2007-09-20,105,105,14,unknown,legacy,lojban/2007_09/2007_09_21-02_21.txt,,,,1
2007-09-21,205,205,12,unknown,legacy,lojban/2007_09/2007_09_22-02_21.txt,,,,1
2007-09-22,101,101,13,unknown,legacy,"lojban/2007_09/2007_09_22-02_21.txt,lojban/2007_09/2007_09_23-02_21.txt",,,,2
2007-09-23,75,75,13,unknown,legacy,"lojban/2007_09/2007_09_23-02_21.txt,lojban/2007_09/2007_09_24-02_21.txt",,,,2
2007-09-24,81,81,12,unknown,legacy,"lojban/2007_09/2007_09_24-02_21.txt,lojban/2007_09/2007_09_25-02_22.txt",,,,2
2007-09-25,24,24,11,unknown,legacy,lojban/2007_09/2007_09_26-02_21.txt,,,,1
2007-09-26,22,22,10,unknown,legacy,lojban/2007_09/2007_09_27-02_21.txt,,,,1
2007-09-27,38,38,11,unknown,legacy,lojban/2007_09/2007_09_28-02_21.txt,,,,1
2007-09-28,149,149,13,unknown,legacy,lojban/2007_09/2007_09_29-02_21.txt,,,,1
2007-09-29,83,83,12,unknown,legacy,lojban/2007_09/2007_09_30-02_21.txt,,,,1
2007-09-30,74,74,14,unknown,legacy,lojban/2007_10/2007_10_01-02_22.txt,,,,1
2007-10-01,119,119,15,unknown,legacy,lojban/2007_10/2007_10_02-02_22.txt,,,,1
2007-10-02,310,310,19,unknown,legacy,"lojban/2007_10/2007_10_02-02_22.txt,lojban/2007_10/2007_10_03-02_21.txt",,,,2
2007-10-03,147,147,23,unknown,legacy,"lojban/2007_10/2007_10_03-02_21.txt,lojban/2007_10/2007_10_04-02_22.txt",,,,2
2007-10-04,206,206,20,unknown,legacy,"lojban/2007_10/2007_10_04-02_22.txt,lojban/2007_10/2007_10_05-02_21.txt",,,,2
2007-10-05,36,36,10,unknown,legacy,"lojban/2007_10/2007_10_05-02_21.txt,lojban/2007_10/2007_10_06-02_21.txt",,,,2
2007-10-06,173,173,15,unknown,legacy,"lojban/2007_10/2007_10_06-02_21.txt,lojban/2007_10/2007_10_07-02_22.txt",,,,2
2007-10-07,200,200,19,unknown,legacy,"lojban/2007_10/2007_10_07-02_22.txt,lojban/2007_10/2007_10_08-02_21.txt",,,,2
2007-10-08,263,263,20,unknown,legacy,"lojban/2007_10/2007_10_08-02_21.txt,lojban/2007_10/2007_10_09-02_22.txt",,,,2
2007-10-09,97,97,13,unknown,legacy,lojban/2007_10/2007_10_10-02_21.txt,,,,1
2007-10-10,109,109,15,unknown,legacy,"lojban/2007_10/2007_10_10-02_21.txt,lojban/2007_10/2007_10_11-02_21.txt",,,,2
2007-10-11,80,80,13,unknown,legacy,lojban/2007_10/2007_10_12-02_21.txt,,,,1
2007-10-12,25,25,6,unknown,legacy,lojban/2007_10/2007_10_13-02_21.txt,,,,1
2007-10-13,5,5,4,unknown,legacy,lojban/2007_10/2007_10_14-02_21.txt,,,,1
2007-10-14,56,56,17,unknown,legacy,lojban/2007_10/2007_10_15-02_21.txt,,,,1
2007-10-15,233,233,22,unknown,legacy,"lojban/2007_10/2007_10_15-02_21.txt,lojban/2007_10/2007_10_16-02_22.txt",,,,2
2007-10-16,252,252,19,unknown,legacy,"lojban/2007_10/2007_10_16-02_22.txt,lojban/2007_10/2007_10_17-02_21.txt",,,,2
2007-10-17,186,186,19,unknown,legacy,lojban/2007_10/2007_10_18-02_22.txt,,,,1
2007-10-18,331,331,23,unknown,legacy,lojban/2007_10/2007_10_19-02_22.txt,,,,1
2007-10-19,153,153,18,unknown,legacy,"lojban/2007_10/2007_10_19-02_22.txt,lojban/2007_10/2007_10_20-02_21.txt",,,,2
2007-10-20,142,142,17,unknown,legacy,"lojban/2007_10/2007_10_20-02_21.txt,lojban/2007_10/2007_10_21-02_21.txt",,,,2
2007-10-21,237,237,20,unknown,legacy,lojban/2007_10/2007_10_22-02_22.txt,,,,1
2007-10-22,289,289,24,unknown,legacy,"lojban/2007_10/2007_10_22-02_22.txt,lojban/2007_10/2007_10_23-02_21.txt",,,,2
2007-10-23,144,144,16,unknown,legacy,lojban/2007_10/2007_10_24-02_21.txt,,,,1
2007-10-24,106,106,14,unknown,legacy,lojban/2007_10/2007_10_25-02_21.txt,,,,1
2007-10-25,240,240,17,unknown,legacy,lojban/2007_10/2007_10_26-02_22.txt,,,,1
2007-10-26,59,59,16,unknown,legacy,lojban/2007_10/2007_10_27-02_21.txt,,,,1
2007-10-27,36,36,12,unknown,legacy,"lojban/2007_10/2007_10_27-02_21.txt,lojban/2007_10/2007_10_28-02_21.txt",,,,2
2007-10-28,109,109,13,unknown,legacy,lojban/2007_10/2007_10_29-02_21.txt,,,,1
2007-10-29,96,96,15,unknown,legacy,lojban/2007_10/2007_10_30-02_21.txt,,,,1
2007-10-30,161,161,17,unknown,legacy,lojban/2007_10/2007_10_31-02_22.txt,,,,1
2007-10-31,97,97,10,unknown,legacy,lojban/2007_11/2007_11_01-02_21.txt,,,,1
2007-11-01,167,167,16,unknown,legacy,lojban/2007_11/2007_11_02-02_21.txt,,,,1
2007-11-02,37,37,9,unknown,legacy,lojban/2007_11/2007_11_03-02_21.txt,,,,1
2007-11-03,17,17,9,unknown,legacy,lojban/2007_11/2007_11_05-02_21.txt,,,,1
2007-11-04,1,1,1,unknown,legacy,lojban/2007_11/2007_11_05-02_21.txt,,,,1
2007-11-05,73,73,16,unknown,legacy,lojban/2007_11/2007_11_06-02_21.txt,,,,1
2007-11-06,169,169,26,unknown,legacy,lojban/2007_11/2007_11_07-02_22.txt,,,,1
2007-11-07,176,176,29,unknown,legacy,"lojban/2007_11/2007_11_07-02_22.txt,lojban/2007_11/2007_11_08-02_22.txt",,,,2
2007-11-08,139,139,20,unknown,legacy,lojban/2007_11/2007_11_09-02_22.txt,,,,1
2007-11-09,53,53,8,unknown,legacy,lojban/2007_11/2007_11_10-02_21.txt,,,,1
2007-11-10,60,60,8,unknown,legacy,"lojban/2007_11/2007_11_10-02_21.txt,lojban/2007_11/2007_11_11-02_21.txt",,,,2
2007-11-11,111,111,15,unknown,legacy,lojban/2007_11/2007_11_12-02_21.txt,,,,1
2007-11-12,156,156,19,unknown,legacy,lojban/2007_11/2007_11_13-02_21.txt,,,,1
2007-11-13,168,168,23,unknown,legacy,lojban/2007_11/2007_11_14-02_21.txt,,,,1
2007-11-14,215,215,20,unknown,legacy,lojban/2007_11/2007_11_15-02_21.txt,,,,1
2007-11-15,138,138,18,unknown,legacy,lojban/2007_11/2007_11_16-02_21.txt,,,,1
2007-11-16,132,132,15,unknown,legacy,lojban/2007_11/2007_11_17-02_21.txt,,,,1
2007-11-17,67,67,17,unknown,legacy,lojban/2007_11/2007_11_18-02_21.txt,,,,1
2007-11-18,190,190,21,unknown,legacy,"lojban/2007_11/2007_11_18-02_21.txt,lojban/2007_11/2007_11_19-02_22.txt",,,,2
2007-11-19,178,178,19,unknown,legacy,"lojban/2007_11/2007_11_19-02_22.txt,lojban/2007_11/2007_11_20-02_22.txt",,,,2
2007-11-20,13,13,5,unknown,legacy,"lojban/2007_11/2007_11_20-02_22.txt,lojban/2007_11/2007_11_21-02_21.txt",,,,2
2007-11-21,122,122,18,unknown,legacy,lojban/2007_11/2007_11_22-02_21.txt,,,,1
2007-11-22,36,36,11,unknown,legacy,lojban/2007_11/2007_11_23-02_21.txt,,,,1
2007-11-23,68,68,11,unknown,legacy,lojban/2007_11/2007_11_24-02_21.txt,,,,1
2007-11-24,163,163,12,unknown,legacy,"lojban/2007_11/2007_11_24-02_21.txt,lojban/2007_11/2007_11_25-02_22.txt",,,,2
2007-11-25,79,79,14,unknown,legacy,"lojban/2007_11/2007_11_25-02_22.txt,lojban/2007_11/2007_11_26-02_22.txt",,,,2
2007-11-26,125,125,17,unknown,legacy,"lojban/2007_11/2007_11_26-02_22.txt,lojban/2007_11/2007_11_27-02_21.txt",,,,2
2007-11-27,98,98,12,unknown,legacy,lojban/2007_11/2007_11_28-02_21.txt,,,,1
2007-11-28,144,144,14,unknown,legacy,lojban/2007_11/2007_11_29-02_22.txt,,,,1
2007-11-29,235,235,19,unknown,legacy,lojban/2007_11/2007_11_30-02_21.txt,,,,1
2007-11-30,23,23,6,unknown,legacy,lojban/2007_12/2007_12_01-02_21.txt,,,,1
2007-12-01,10,10,7,unknown,legacy,lojban/2007_12/2007_12_04-02_21.txt,,,,1
2007-12-04,40,40,11,unknown,legacy,lojban/2007_12/2007_12_05-02_21.txt,,,,1
2007-12-05,19,19,7,unknown,legacy,lojban/2007_12/2007_12_06-02_21.txt,,,,1
2007-12-06,70,70,12,unknown,legacy,lojban/2007_12/2007_12_07-02_21.txt,,,,1
2007-12-08,4,4,4,unknown,legacy,lojban/2007_12/2007_12_09-02_21.txt,,,,1
2007-12-09,117,117,14,unknown,legacy,lojban/2007_12/2007_12_10-02_21.txt,,,,1
2007-12-10,20,20,8,unknown,legacy,lojban/2007_12/2007_12_11-02_21.txt,,,,1
2007-12-11,31,31,9,unknown,legacy,"lojban/2007_12/2007_12_11-02_21.txt,lojban/2007_12/2007_12_12-02_21.txt",,,,2
2007-12-12,155,155,15,unknown,legacy,"lojban/2007_12/2007_12_12-02_21.txt,lojban/2007_12/2007_12_13-02_21.txt",,,,2
2007-12-13,18,18,5,unknown,legacy,"lojban/2007_12/2007_12_13-02_21.txt,lojban/2007_12/2007_12_14-02_21.txt",,,,2
2007-12-14,10,10,5,unknown,legacy,lojban/2007_12/2007_12_15-02_21.txt,,,,1
2007-12-15,63,63,9,unknown,legacy,lojban/2007_12/2007_12_16-02_21.txt,,,,1
2007-12-16,77,77,13,unknown,legacy,lojban/2007_12/2007_12_17-02_21.txt,,,,1
2007-12-17,30,30,11,unknown,legacy,lojban/2007_12/2007_12_18-02_21.txt,,,,1
2007-12-18,22,22,9,unknown,legacy,lojban/2007_12/2007_12_19-02_21.txt,,,,1
2007-12-19,5,5,3,unknown,legacy,"lojban/2007_12/2007_12_19-02_21.txt,lojban/2007_12/2007_12_20-02_21.txt",,,,2
2007-12-20,17,17,8,unknown,legacy,lojban/2007_12/2007_12_21-02_21.txt,,,,1
2007-12-21,89,89,8,unknown,legacy,lojban/2007_12/2007_12_22-02_21.txt,,,,1
2007-12-22,43,43,11,unknown,legacy,lojban/2007_12/2007_12_23-02_21.txt,,,,1
2007-12-23,16,16,6,unknown,legacy,lojban/2007_12/2007_12_24-02_21.txt,,,,1
2007-12-24,11,11,5,unknown,legacy,lojban/2007_12/2007_12_25-02_21.txt,,,,1
2007-12-25,11,11,7,unknown,legacy,lojban/2007_12/2007_12_26-02_21.txt,,,,1
2007-12-26,210,210,13,unknown,legacy,"lojban/2007_12/2007_12_26-02_21.txt,lojban/2007_12/2007_12_27-02_21.txt",,,,2
2007-12-27,132,132,13,unknown,legacy,lojban/2007_12/2007_12_28-02_21.txt,,,,1
2007-12-29,38,38,10,unknown,legacy,lojban/2007_12/2007_12_30-02_21.txt,,,,1
2007-12-30,80,80,7,unknown,legacy,lojban/2007_12/2007_12_31-02_21.txt,,,,1
2007-12-31,14,14,6,unknown,legacy,lojban/2008_01/2008_01_01-02_21.txt,,,,1
2008-01-01,29,29,7,unknown,legacy,lojban/2008_01/2008_01_02-02_21.txt,,,,1
2008-01-02,17,17,5,unknown,legacy,lojban/2008_01/2008_01_03-02_21.txt,,,,1
2008-01-03,34,34,5,unknown,legacy,"lojban/2008_01/2008_01_03-02_21.txt,lojban/2008_01/2008_01_04-02_21.txt",,,,2
2008-01-04,124,124,12,unknown,legacy,lojban/2008_01/2008_01_05-02_21.txt,,,,1
2008-01-05,17,17,6,unknown,legacy,lojban/2008_01/2008_01_07-02_21.txt,,,,1
2008-01-07,79,79,11,unknown,legacy,lojban/2008_01/2008_01_08-02_21.txt,,,,1
2008-01-08,254,254,21,unknown,legacy,lojban/2008_01/2008_01_09-02_22.txt,,,,1
2008-01-09,207,207,18,unknown,legacy,lojban/2008_01/2008_01_10-02_21.txt,,,,1
2008-01-10,185,185,20,unknown,legacy,lojban/2008_01/2008_01_11-02_21.txt,,,,1
2008-01-11,10,10,6,unknown,legacy,lojban/2008_01/2008_01_12-02_21.txt,,,,1
2008-01-12,127,127,18,unknown,legacy,lojban/2008_01/2008_01_13-02_21.txt,,,,1
2008-01-13,223,223,15,unknown,legacy,lojban/2008_01/2008_01_14-02_21.txt,,,,1
2008-01-14,197,197,17,unknown,legacy,lojban/2008_01/2008_01_15-02_21.txt,,,,1
2008-01-15,98,98,13,unknown,legacy,"lojban/2008_01/2008_01_15-02_21.txt,lojban/2008_01/2008_01_16-02_21.txt",,,,2
2008-01-16,95,95,15,unknown,legacy,"lojban/2008_01/2008_01_16-02_21.txt,lojban/2008_01/2008_01_17-02_21.txt",,,,2
2008-01-17,59,59,12,unknown,legacy,lojban/2008_01/2008_01_18-02_21.txt,,,,1
2008-01-18,217,217,11,unknown,legacy,lojban/2008_01/2008_01_19-02_21.txt,,,,1
2008-01-19,126,126,11,unknown,legacy,lojban/2008_01/2008_01_20-02_21.txt,,,,1
2008-01-20,44,44,9,unknown,legacy,lojban/2008_01/2008_01_21-02_21.txt,,,,1
2008-01-21,31,31,10,unknown,legacy,lojban/2008_01/2008_01_22-02_21.txt,,,,1
2008-01-22,92,92,10,unknown,legacy,lojban/2008_01/2008_01_23-02_21.txt,,,,1
2008-01-23,79,79,15,unknown,legacy,lojban/2008_01/2008_01_24-02_21.txt,,,,1
2008-01-24,102,102,15,unknown,legacy,"lojban/2008_01/2008_01_24-02_21.txt,lojban/2008_01/2008_01_25-02_21.txt",,,,2
2008-01-25,91,91,14,unknown,legacy,"lojban/2008_01/2008_01_25-02_21.txt,lojban/2008_01/2008_01_26-02_21.txt",,,,2
2008-01-26,321,321,13,unknown,legacy,lojban/2008_01/2008_01_27-02_21.txt,,,,1
2008-01-27,135,135,11,unknown,legacy,"lojban/2008_01/2008_01_27-02_21.txt,lojban/2008_01/2008_01_28-02_21.txt",,,,2
2008-01-28,131,131,16,unknown,legacy,lojban/2008_01/2008_01_29-02_21.txt,,,,1
2008-01-29,91,91,16,unknown,legacy,lojban/2008_01/2008_01_30-02_21.txt,,,,1
2008-01-30,87,87,22,unknown,legacy,"lojban/2008_01/2008_01_30-02_21.txt,lojban/2008_01/2008_01_31-02_21.txt",,,,2
2008-01-31,38,38,14,unknown,legacy,lojban/2008_02/2008_02_01-02_21.txt,,,,1
2008-02-01,111,111,17,unknown,legacy,lojban/2008_02/2008_02_02-02_21.txt,,,,1
2008-02-02,222,222,16,unknown,legacy,lojban/2008_02/2008_02_05-02_21.txt,,,,1
2008-02-03,3,3,2,unknown,legacy,lojban/2008_02/2008_02_05-02_21.txt,,,,1
2008-02-05,82,82,12,unknown,legacy,lojban/2008_02/2008_02_06-02_21.txt,,,,1
2008-02-06,174,174,17,unknown,legacy,lojban/2008_02/2008_02_07-02_21.txt,,,,1
2008-02-07,50,50,12,unknown,legacy,"lojban/2008_02/2008_02_07-02_21.txt,lojban/2008_02/2008_02_08-02_21.txt",,,,2
2008-02-08,162,162,17,unknown,legacy,"lojban/2008_02/2008_02_08-02_21.txt,lojban/2008_02/2008_02_09-02_21.txt",,,,2
2008-02-09,32,32,11,unknown,legacy,"lojban/2008_02/2008_02_09-02_21.txt,lojban/2008_02/2008_02_10-02_21.txt",,,,2
2008-02-10,79,79,18,unknown,legacy,lojban/2008_02/2008_02_11-02_21.txt,,,,1
2008-02-11,93,93,18,unknown,legacy,"lojban/2008_02/2008_02_11-02_21.txt,lojban/2008_02/2008_02_12-02_21.txt",,,,2
2008-02-12,98,98,12,unknown,legacy,"lojban/2008_02/2008_02_12-02_21.txt,lojban/2008_02/2008_02_13-02_21.txt",,,,2
2008-02-13,91,91,9,unknown,legacy,lojban/2008_02/2008_02_14-02_21.txt,,,,1
2008-02-14,9,9,8,unknown,legacy,lojban/2008_02/2008_02_15-02_21.txt,,,,1
2008-02-15,95,95,13,unknown,legacy,lojban/2008_02/2008_02_16-02_21.txt,,,,1
2008-02-16,46,46,14,unknown,legacy,"lojban/2008_02/2008_02_16-02_21.txt,lojban/2008_02/2008_02_17-02_21.txt",,,,2
2008-02-17,298,298,19,unknown,legacy,lojban/2008_02/2008_02_18-02_21.txt,,,,1
2008-02-18,107,107,13,unknown,legacy,lojban/2008_02/2008_02_19-02_21.txt,,,,1
2008-02-19,305,305,18,unknown,legacy,"lojban/2008_02/2008_02_19-02_21.txt,lojban/2008_02/2008_02_20-02_21.txt",,,,2
2008-02-20,62,62,11,unknown,legacy,lojban/2008_02/2008_02_21-02_21.txt,,,,1
2008-02-21,140,140,15,unknown,legacy,"lojban/2008_02/2008_02_21-02_21.txt,lojban/2008_02/2008_02_22-02_21.txt",,,,2
2008-02-22,347,347,18,unknown,legacy,"lojban/2008_02/2008_02_22-02_21.txt,lojban/2008_02/2008_02_23-02_21.txt",,,,2
2008-02-23,175,175,23,unknown,legacy,lojban/2008_02/2008_02_24-02_21.txt,,,,1
2008-02-24,350,350,23,unknown,legacy,lojban/2008_02/2008_02_25-02_21.txt,,,,1
2008-02-25,127,127,15,unknown,legacy,lojban/2008_02/2008_02_26-02_21.txt,,,,1
2008-02-26,200,200,16,unknown,legacy,"lojban/2008_02/2008_02_26-02_21.txt,lojban/2008_02/2008_02_27-02_21.txt",,,,2
2008-02-27,152,152,18,unknown,legacy,lojban/2008_02/2008_02_28-02_21.txt,,,,1
2008-02-28,55,55,7,unknown,legacy,lojban/2008_02/2008_02_29-02_21.txt,,,,1
2008-02-29,439,439,22,unknown,legacy,lojban/2008_03/2008_03_01-02_21.txt,,,,1
2008-03-01,218,218,21,unknown,legacy,"lojban/2008_03/2008_03_01-02_21.txt,lojban/2008_03/2008_03_02-02_21.txt",,,,2
2008-03-02,233,233,21,unknown,legacy,"lojban/2008_03/2008_03_02-02_21.txt,lojban/2008_03/2008_03_03-02_21.txt",,,,2
2008-03-03,118,118,15,unknown,legacy,"lojban/2008_03/2008_03_03-02_21.txt,lojban/2008_03/2008_03_04-02_21.txt",,,,2
2008-03-04,107,107,22,unknown,legacy,lojban/2008_03/2008_03_05-02_21.txt,,,,1
2008-03-05,69,69,13,unknown,legacy,lojban/2008_03/2008_03_06-02_21.txt,,,,1
2008-03-06,109,109,19,unknown,legacy,lojban/2008_03/2008_03_07-02_21.txt,,,,1
2008-03-07,185,185,14,unknown,legacy,lojban/2008_03/2008_03_08-02_21.txt,,,,1
2008-03-08,177,177,13,unknown,legacy,"lojban/2008_03/2008_03_08-02_21.txt,lojban/2008_03/2008_03_10-02_21.txt",,,,2
2008-03-09,357,357,15,unknown,legacy,lojban/2008_03/2008_03_10-02_21.txt,,,,1
2008-03-10,161,161,13,unknown,legacy,lojban/2008_03/2008_03_11-02_21.txt,,,,1
2008-03-11,65,65,14,unknown,legacy,lojban/2008_03/2008_03_12-02_21.txt,,,,1
2008-03-12,36,36,8,unknown,legacy,lojban/2008_03/2008_03_13-02_21.txt,,,,1
2008-03-13,71,71,13,unknown,legacy,lojban/2008_03/2008_03_14-02_21.txt,,,,1
2008-03-14,94,94,17,unknown,legacy,"lojban/2008_03/2008_03_14-02_21.txt,lojban/2008_03/2008_03_15-02_21.txt",,,,2
2008-03-15,283,283,29,unknown,legacy,lojban/2008_03/2008_03_16-02_21.txt,,,,1
2008-03-16,106,106,18,unknown,legacy,lojban/2008_03/2008_03_17-02_21.txt,,,,1
2008-03-17,379,379,24,unknown,legacy,lojban/2008_03/2008_03_18-02_21.txt,,,,1
2008-03-18,238,238,14,unknown,legacy,lojban/2008_03/2008_03_19-02_21.txt,,,,1
2008-03-19,143,143,20,unknown,legacy,"lojban/2008_03/2008_03_19-02_21.txt,lojban/2008_03/2008_03_20-02_21.txt",,,,2
2008-03-20,102,102,18,unknown,legacy,lojban/2008_03/2008_03_21-02_21.txt,,,,1
2008-03-21,125,125,12,unknown,legacy,"lojban/2008_03/2008_03_21-02_21.txt,lojban/2008_03/2008_03_22-02_21.txt",,,,2
2008-03-22,94,94,12,unknown,legacy,"lojban/2008_03/2008_03_22-02_21.txt,lojban/2008_03/2008_03_23-02_21.txt",,,,2
2008-03-23,70,70,16,unknown,legacy,"lojban/2008_03/2008_03_23-02_21.txt,lojban/2008_03/2008_03_24-02_21.txt",,,,2
2008-03-24,105,105,12,unknown,legacy,lojban/2008_03/2008_03_25-02_21.txt,,,,1
2008-03-25,28,28,9,unknown,legacy,lojban/2008_03/2008_03_26-02_21.txt,,,,1
2008-03-26,77,77,10,unknown,legacy,"lojban/2008_03/2008_03_26-02_21.txt,lojban/2008_03/2008_03_27-02_21.txt",,,,2
2008-03-27,144,144,16,unknown,legacy,lojban/2008_03/2008_03_28-02_21.txt,,,,1
2008-03-28,93,93,16,unknown,legacy,"lojban/2008_03/2008_03_28-02_21.txt,lojban/2008_03/2008_03_29-02_21.txt",,,,2
2008-03-29,172,172,21,unknown,legacy,lojban/2008_03/2008_03_30-02_21.txt,,,,1
2008-03-30,351,351,22,unknown,legacy,"lojban/2008_03/2008_03_30-02_21.txt,lojban/2008_03/2008_03_31-02_21.txt",,,,2
2008-03-31,303,303,24,unknown,legacy,"lojban/2008_03/2008_03_31-02_21.txt,lojban/2008_04/2008_04_01-02_21.txt",,,,2
2008-04-01,248,248,23,unknown,legacy,"lojban/2008_04/2008_04_01-02_21.txt,lojban/2008_04/2008_04_02-02_21.txt",,,,2
2008-04-02,266,266,21,unknown,legacy,"lojban/2008_04/2008_04_02-02_21.txt,lojban/2008_04/2008_04_03-02_21.txt",,,,2
2008-04-03,142,142,19,unknown,legacy,"lojban/2008_04/2008_04_03-02_21.txt,lojban/2008_04/2008_04_04-02_21.txt",,,,2
2008-04-04,158,158,23,unknown,legacy,lojban/2008_04/2008_04_05-02_21.txt,,,,1
2008-04-05,110,110,17,unknown,legacy,"lojban/2008_04/2008_04_05-02_21.txt,lojban/2008_04/2008_04_06-02_21.txt",,,,2
2008-04-06,149,149,15,unknown,legacy,lojban/2008_04/2008_04_07-02_21.txt,,,,1
2008-04-07,257,257,16,unknown,legacy,"lojban/2008_04/2008_04_07-02_21.txt,lojban/2008_04/2008_04_08-02_21.txt",,,,2
2008-04-08,123,123,18,unknown,legacy,"lojban/2008_04/2008_04_08-02_21.txt,lojban/2008_04/2008_04_09-02_21.txt",,,,2
2008-04-09,208,208,20,unknown,legacy,"lojban/2008_04/2008_04_09-02_21.txt,lojban/2008_04/2008_04_10-02_21.txt",,,,2
2008-04-10,185,185,14,unknown,legacy,"lojban/2008_04/2008_04_10-02_21.txt,lojban/2008_04/2008_04_11-02_21.txt",,,,2
2008-04-11,295,295,32,unknown,legacy,lojban/2008_04/2008_04_12-02_21.txt,,,,1
2008-04-12,290,290,19,unknown,legacy,"lojban/2008_04/2008_04_12-02_21.txt,lojban/2008_04/2008_04_13-02_21.txt",,,,2
2008-04-13,276,276,20,unknown,legacy,"lojban/2008_04/2008_04_13-02_21.txt,lojban/2008_04/2008_04_14-02_21.txt",,,,2
2008-04-14,397,397,20,unknown,legacy,"lojban/2008_04/2008_04_14-02_21.txt,lojban/2008_04/2008_04_15-02_21.txt",,,,2
2008-04-15,89,89,10,unknown,legacy,lojban/2008_04/2008_04_16-02_21.txt,,,,1
2008-04-16,77,77,13,unknown,legacy,lojban/2008_04/2008_04_17-02_21.txt,,,,1
2008-04-17,201,201,22,unknown,legacy,"lojban/2008_04/2008_04_17-02_21.txt,lojban/2008_04/2008_04_18-02_21.txt",,,,2
2008-04-18,191,191,15,unknown,legacy,"lojban/2008_04/2008_04_18-02_21.txt,lojban/2008_04/2008_04_19-02_21.txt",,,,2
2008-04-19,182,182,16,unknown,legacy,"lojban/2008_04/2008_04_19-02_21.txt,lojban/2008_04/2008_04_20-02_21.txt",,,,2
2008-04-20,243,243,19,unknown,legacy,"lojban/2008_04/2008_04_20-02_21.txt,lojban/2008_04/2008_04_21-02_21.txt",,,,2
2008-04-21,279,279,21,unknown,legacy,"lojban/2008_04/2008_04_21-02_21.txt,lojban/2008_04/2008_04_22-02_21.txt",,,,2
2008-04-22,218,218,17,unknown,legacy,"lojban/2008_04/2008_04_22-02_21.txt,lojban/2008_04/2008_04_23-02_21.txt",,,,2
2008-04-23,158,158,20,unknown,legacy,lojban/2008_04/2008_04_24-02_21.txt,,,,1
2008-04-24,195,195,21,unknown,legacy,"lojban/2008_04/2008_04_24-02_21.txt,lojban/2008_04/2008_04_25-02_21.txt",,,,2
2008-04-25,119,119,20,unknown,legacy,"lojban/2008_04/2008_04_25-02_21.txt,lojban/2008_04/2008_04_26-02_21.txt",,,,2
2008-04-26,180,180,17,unknown,legacy,"lojban/2008_04/2008_04_26-02_21.txt,lojban/2008_04/2008_04_27-02_21.txt",,,,2
2008-04-27,153,153,18,unknown,legacy,"lojban/2008_04/2008_04_27-02_21.txt,lojban/2008_04/2008_04_28-02_22.txt",,,,2
2008-04-28,154,154,20,unknown,legacy,"lojban/2008_04/2008_04_28-02_22.txt,lojban/2008_04/2008_04_29-02_21.txt",,,,2
2008-04-29,322,322,28,unknown,legacy,"lojban/2008_04/2008_04_29-02_21.txt,lojban/2008_04/2008_04_30-02_21.txt",,,,2
2008-04-30,263,263,25,unknown,legacy,"lojban/2008_04/2008_04_30-02_21.txt,lojban/2008_05/2008_05_01-02_21.txt",,,,2
2008-05-01,302,302,22,unknown,legacy,lojban/2008_05/2008_05_02-02_21.txt,,,,1
2008-05-02,190,190,19,unknown,legacy,"lojban/2008_05/2008_05_02-02_21.txt,lojban/2008_05/2008_05_03-02_21.txt",,,,2
2008-05-03,240,240,19,unknown,legacy,"lojban/2008_05/2008_05_03-02_21.txt,lojban/2008_05/2008_05_04-02_21.txt",,,,2
2008-05-04,129,129,18,unknown,legacy,"lojban/2008_05/2008_05_04-02_21.txt,lojban/2008_05/2008_05_05-02_21.txt",,,,2
2008-05-05,365,365,25,unknown,legacy,"lojban/2008_05/2008_05_05-02_21.txt,lojban/2008_05/2008_05_06-02_22.txt",,,,2
2008-05-06,332,332,22,unknown,legacy,"lojban/2008_05/2008_05_06-02_22.txt,lojban/2008_05/2008_05_07-02_22.txt",,,,2
2008-05-07,373,373,34,unknown,legacy,"lojban/2008_05/2008_05_07-02_22.txt,lojban/2008_05/2008_05_08-02_21.txt",,,,2
2008-05-08,323,323,30,unknown,legacy,"lojban/2008_05/2008_05_08-02_21.txt,lojban/2008_05/2008_05_09-02_21.txt",,,,2
2008-05-09,524,524,24,unknown,legacy,"lojban/2008_05/2008_05_09-02_21.txt,lojban/2008_05/2008_05_10-02_21.txt",,,,2
2008-05-10,507,507,25,unknown,legacy,"lojban/2008_05/2008_05_10-02_21.txt,lojban/2008_05/2008_05_11-02_22.txt",,,,2
2008-05-11,240,240,24,unknown,legacy,"lojban/2008_05/2008_05_11-02_22.txt,lojban/2008_05/2008_05_12-02_21.txt",,,,2
2008-05-12,293,293,27,unknown,legacy,"lojban/2008_05/2008_05_12-02_21.txt,lojban/2008_05/2008_05_13-02_22.txt",,,,2
2008-05-13,318,318,22,unknown,legacy,"lojban/2008_05/2008_05_13-02_22.txt,lojban/2008_05/2008_05_14-02_21.txt",,,,2
2008-05-14,286,286,22,unknown,legacy,"lojban/2008_05/2008_05_14-02_21.txt,lojban/2008_05/2008_05_15-02_21.txt",,,,2
2008-05-15,525,525,24,unknown,legacy,"lojban/2008_05/2008_05_15-02_21.txt,lojban/2008_05/2008_05_16-02_21.txt",,,,2
2008-05-16,252,252,16,unknown,legacy,"lojban/2008_05/2008_05_16-02_21.txt,lojban/2008_05/2008_05_17-02_21.txt",,,,2
2008-05-17,194,194,21,unknown,legacy,"lojban/2008_05/2008_05_17-02_21.txt,lojban/2008_05/2008_05_18-02_21.txt",,,,2
2008-05-18,139,139,23,unknown,legacy,"lojban/2008_05/2008_05_18-02_21.txt,lojban/2008_05/2008_05_19-02_21.txt",,,,2
2008-05-19,281,281,26,unknown,legacy,"lojban/2008_05/2008_05_19-02_21.txt,lojban/2008_05/2008_05_20-02_21.txt",,,,2
2008-05-20,144,144,19,unknown,legacy,"lojban/2008_05/2008_05_20-02_21.txt,lojban/2008_05/2008_05_21-02_21.txt",,,,2
2008-05-21,56,56,10,unknown,legacy,"lojban/2008_05/2008_05_21-02_21.txt,lojban/2008_05/2008_05_22-02_21.txt",,,,2
2008-05-22,68,68,16,unknown,legacy,lojban/2008_05/2008_05_23-02_21.txt,,,,1
2008-05-23,104,104,21,unknown,legacy,"lojban/2008_05/2008_05_23-02_21.txt,lojban/2008_05/2008_05_24-02_21.txt",,,,2
2008-05-24,302,302,13,unknown,legacy,"lojban/2008_05/2008_05_24-02_21.txt,lojban/2008_05/2008_05_25-02_21.txt",,,,2
2008-05-25,400,400,18,unknown,legacy,lojban/2008_05/2008_05_26-02_21.txt,,,,1
2008-05-26,182,182,18,unknown,legacy,lojban/2008_05/2008_05_27-02_21.txt,,,,1
2008-05-27,258,258,22,unknown,legacy,lojban/2008_05/2008_05_28-02_21.txt,,,,1
2008-05-28,126,126,20,unknown,legacy,lojban/2008_05/2008_05_29-02_21.txt,,,,1
2008-05-29,188,188,24,unknown,legacy,"lojban/2008_05/2008_05_29-02_21.txt,lojban/2008_05/2008_05_30-02_21.txt",,,,2
2008-05-30,180,180,18,unknown,legacy,lojban/2008_05/2008_05_31-02_21.txt,,,,1
2008-05-31,377,377,31,unknown,legacy,"lojban/2008_05/2008_05_31-02_21.txt,lojban/2008_06/2008_06_01-02_21.txt",,,,2
2008-06-01,364,364,26,unknown,legacy,lojban/2008_06/2008_06_02-02_21.txt,,,,1
2008-06-02,558,558,24,unknown,legacy,lojban/2008_06/2008_06_03-02_21.txt,,,,1
2008-06-03,751,751,25,unknown,legacy,lojban/2008_06/2008_06_04-02_21.txt,,,,1
2008-06-04,470,470,24,unknown,legacy,"lojban/2008_06/2008_06_04-02_21.txt,lojban/2008_06/2008_06_05-02_21.txt",,,,2
2008-06-05,925,925,25,unknown,legacy,"lojban/2008_06/2008_06_05-02_21.txt,lojban/2008_06/2008_06_06-02_21.txt",,,,2
2008-06-06,450,450,25,unknown,legacy,"lojban/2008_06/2008_06_06-02_21.txt,lojban/2008_06/2008_06_07-02_21.txt",,,,2
2008-06-07,534,534,25,unknown,legacy,"lojban/2008_06/2008_06_07-02_21.txt,lojban/2008_06/2008_06_08-02_21.txt",,,,2
2008-06-08,266,266,19,unknown,legacy,"lojban/2008_06/2008_06_08-02_21.txt,lojban/2008_06/2008_06_09-02_21.txt",,,,2
2008-06-09,592,592,20,unknown,legacy,"lojban/2008_06/2008_06_09-02_21.txt,lojban/2008_06/2008_06_10-02_21.txt",,,,2
2008-06-10,422,422,25,unknown,legacy,"lojban/2008_06/2008_06_10-02_21.txt,lojban/2008_06/2008_06_11-02_21.txt",,,,2
2008-06-11,176,176,21,unknown,legacy,"lojban/2008_06/2008_06_11-02_21.txt,lojban/2008_06/2008_06_12-02_21.txt",,,,2
2008-06-12,205,205,24,unknown,legacy,"lojban/2008_06/2008_06_12-02_21.txt,lojban/2008_06/2008_06_13-02_21.txt",,,,2
2008-06-13,147,147,20,unknown,legacy,"lojban/2008_06/2008_06_13-02_21.txt,lojban/2008_06/2008_06_14-02_21.txt",,,,2
2008-06-14,378,378,18,unknown,legacy,"lojban/2008_06/2008_06_14-02_21.txt,lojban/2008_06/2008_06_15-02_21.txt",,,,2
2008-06-15,48,48,7,unknown,legacy,lojban/2008_06/2008_06_16-02_21.txt,,,,1
2008-06-16,203,203,18,unknown,legacy,lojban/2008_06/2008_06_17-02_21.txt,,,,1
2008-06-17,117,117,15,unknown,legacy,"lojban/2008_06/2008_06_17-02_21.txt,lojban/2008_06/2008_06_18-02_21.txt",,,,2
2008-06-18,170,170,13,unknown,legacy,lojban/2008_06/2008_06_19-02_21.txt,,,,1
2008-06-19,239,239,21,unknown,legacy,"lojban/2008_06/2008_06_19-02_21.txt,lojban/2008_06/2008_06_20-02_21.txt",,,,2
2008-06-20,49,49,8,unknown,legacy,lojban/2008_06/2008_06_21-02_21.txt,,,,1
2008-06-21,209,209,16,unknown,legacy,"lojban/2008_06/2008_06_21-02_21.txt,lojban/2008_06/2008_06_22-02_21.txt",,,,2
2008-06-22,82,82,16,unknown,legacy,"lojban/2008_06/2008_06_22-02_21.txt,lojban/2008_06/2008_06_23-02_21.txt",,,,2
2008-06-23,116,116,18,unknown,legacy,"lojban/2008_06/2008_06_23-02_21.txt,lojban/2008_06/2008_06_24-02_21.txt",,,,2
2008-06-24,159,159,20,unknown,legacy,"lojban/2008_06/2008_06_24-02_21.txt,lojban/2008_06/2008_06_25-02_21.txt",,,,2
2008-06-25,229,229,23,unknown,legacy,"lojban/2008_06/2008_06_25-02_21.txt,lojban/2008_06/2008_06_26-02_21.txt",,,,2
2008-06-26,137,137,17,unknown,legacy,lojban/2008_06/2008_06_27-02_21.txt,,,,1
2008-06-27,100,100,16,unknown,legacy,"lojban/2008_06/2008_06_27-02_21.txt,lojban/2008_06/2008_06_28-02_21.txt",,,,2
2008-06-28,95,95,10,unknown,legacy,lojban/2008_06/2008_06_29-02_21.txt,,,,1
2008-06-29,124,124,14,unknown,legacy,"lojban/2008_06/2008_06_29-02_21.txt,lojban/2008_06/2008_06_30-02_21.txt",,,,2
2008-06-30,242,242,17,unknown,legacy,"lojban/2008_06/2008_06_30-02_21.txt,lojban/2008_07/2008_07_01-02_21.txt",,,,2
2008-07-01,74,74,14,unknown,legacy,lojban/2008_07/2008_07_02-02_21.txt,,,,1
2008-07-02,343,343,15,unknown,legacy,"lojban/2008_07/2008_07_02-02_21.txt,lojban/2008_07/2008_07_03-02_21.txt",,,,2
2008-07-03,506,506,15,unknown,legacy,"lojban/2008_07/2008_07_03-02_21.txt,lojban/2008_07/2008_07_04-02_21.txt",,,,2
2008-07-04,273,273,22,unknown,legacy,lojban/2008_07/2008_07_05-02_21.txt,,,,1
2008-07-05,333,333,25,unknown,legacy,"lojban/2008_07/2008_07_05-02_21.txt,lojban/2008_07/2008_07_06-02_21.txt",,,,2
2008-07-06,289,289,23,unknown,legacy,lojban/2008_07/2008_07_07-02_21.txt,,,,1
2008-07-07,303,303,25,unknown,legacy,lojban/2008_07/2008_07_08-02_21.txt,,,,1
2008-07-08,183,183,14,unknown,legacy,"lojban/2008_07/2008_07_08-02_21.txt,lojban/2008_07/2008_07_09-02_21.txt",,,,2
2008-07-09,332,332,23,unknown,legacy,"lojban/2008_07/2008_07_09-02_21.txt,lojban/2008_07/2008_07_10-02_21.txt",,,,2
2008-07-10,305,305,20,unknown,legacy,"lojban/2008_07/2008_07_10-02_21.txt,lojban/2008_07/2008_07_11-02_21.txt",,,,2
2008-07-11,246,246,18,unknown,legacy,"lojban/2008_07/2008_07_11-02_21.txt,lojban/2008_07/2008_07_12-02_21.txt",,,,2
2008-07-12,214,214,14,unknown,legacy,"lojban/2008_07/2008_07_12-02_21.txt,lojban/2008_07/2008_07_13-02_21.txt",,,,2
2008-07-13,233,233,16,unknown,legacy,lojban/2008_07/2008_07_14-02_21.txt,,,,1
2008-07-14,233,233,16,unknown,legacy,"lojban/2008_07/2008_07_14-02_21.txt,lojban/2008_07/2008_07_15-02_21.txt",,,,2
2008-07-15,282,282,20,unknown,legacy,"lojban/2008_07/2008_07_15-02_21.txt,lojban/2008_07/2008_07_16-02_21.txt",,,,2
2008-07-16,420,420,21,unknown,legacy,"lojban/2008_07/2008_07_16-02_21.txt,lojban/2008_07/2008_07_17-02_21.txt",,,,2
2008-07-17,453,453,20,unknown,legacy,"lojban/2008_07/2008_07_17-02_21.txt,lojban/2008_07/2008_07_18-02_21.txt",,,,2
2008-07-18,287,287,22,unknown,legacy,lojban/2008_07/2008_07_19-02_21.txt,,,,1
2008-07-19,294,294,14,unknown,legacy,"lojban/2008_07/2008_07_19-02_21.txt,lojban/2008_07/2008_07_20-02_21.txt",,,,2
2008-07-20,128,128,24,unknown,legacy,"lojban/2008_07/2008_07_20-02_21.txt,lojban/2008_07/2008_07_21-02_21.txt",,,,2
2008-07-21,206,206,20,unknown,legacy,"lojban/2008_07/2008_07_21-02_21.txt,lojban/2008_07/2008_07_22-02_21.txt",,,,2
2008-07-22,277,277,15,unknown,legacy,"lojban/2008_07/2008_07_22-02_21.txt,lojban/2008_07/2008_07_23-02_21.txt",,,,2
2008-07-23,160,160,11,unknown,legacy,lojban/2008_07/2008_07_24-02_21.txt,,,,1
2008-07-24,198,198,11,unknown,legacy,"lojban/2008_07/2008_07_24-02_21.txt,lojban/2008_07/2008_07_25-02_21.txt",,,,2
2008-07-25,84,84,13,unknown,legacy,"lojban/2008_07/2008_07_25-02_21.txt,lojban/2008_07/2008_07_26-02_21.txt",,,,2
2008-07-26,234,234,14,unknown,legacy,lojban/2008_07/2008_07_27-02_21.txt,,,,1
2008-07-27,262,262,14,unknown,legacy,lojban/2008_07/2008_07_28-02_21.txt,,,,1
2008-07-28,256,256,22,unknown,legacy,"lojban/2008_07/2008_07_28-02_21.txt,lojban/2008_07/2008_07_29-02_21.txt",,,,2
2008-07-29,255,255,18,unknown,legacy,lojban/2008_07/2008_07_30-02_21.txt,,,,1
2008-07-30,330,330,24,unknown,legacy,"lojban/2008_07/2008_07_30-02_21.txt,lojban/2008_07/2008_07_31-02_21.txt",,,,2
2008-07-31,259,259,25,unknown,legacy,lojban/2008_08/2008_08_01-02_22.txt,,,,1
2008-08-01,229,229,16,unknown,legacy,"lojban/2008_08/2008_08_01-02_22.txt,lojban/2008_08/2008_08_02-02_21.txt",,,,2
2008-08-02,305,305,14,unknown,legacy,lojban/2008_08/2008_08_03-02_21.txt,,,,1
2008-08-03,202,202,13,unknown,legacy,"lojban/2008_08/2008_08_03-02_21.txt,lojban/2008_08/2008_08_04-02_21.txt",,,,2
2008-08-04,204,204,17,unknown,legacy,"lojban/2008_08/2008_08_04-02_21.txt,lojban/2008_08/2008_08_05-02_21.txt",,,,2
2008-08-05,262,262,21,unknown,legacy,lojban/2008_08/2008_08_06-02_21.txt,,,,1
2008-08-06,224,224,23,unknown,legacy,"lojban/2008_08/2008_08_06-02_21.txt,lojban/2008_08/2008_08_07-02_21.txt",,,,2
2008-08-07,467,467,21,unknown,legacy,lojban/2008_08/2008_08_08-02_21.txt,,,,1
2008-08-08,295,295,20,unknown,legacy,"lojban/2008_08/2008_08_08-02_21.txt,lojban/2008_08/2008_08_09-02_21.txt",,,,2
2008-08-09,269,269,15,unknown,legacy,lojban/2008_08/2008_08_10-02_21.txt,,,,1
2008-08-10,327,327,19,unknown,legacy,"lojban/2008_08/2008_08_10-02_21.txt,lojban/2008_08/2008_08_11-02_21.txt",,,,2
2008-08-11,120,120,15,unknown,legacy,"lojban/2008_08/2008_08_11-02_21.txt,lojban/2008_08/2008_08_12-02_21.txt",,,,2
2008-08-12,201,201,21,unknown,legacy,"lojban/2008_08/2008_08_12-02_21.txt,lojban/2008_08/2008_08_13-02_21.txt",,,,2
2008-08-13,114,114,20,unknown,legacy,"lojban/2008_08/2008_08_13-02_21.txt,lojban/2008_08/2008_08_14-02_21.txt",,,,2
2008-08-14,80,80,18,unknown,legacy,lojban/2008_08/2008_08_15-02_21.txt,,,,1
2008-08-15,149,149,22,unknown,legacy,"lojban/2008_08/2008_08_15-02_21.txt,lojban/2008_08/2008_08_16-02_21.txt",,,,2
2008-08-16,204,204,13,unknown,legacy,lojban/2008_08/2008_08_17-02_21.txt,,,,1
2008-08-17,210,210,18,unknown,legacy,"lojban/2008_08/2008_08_17-02_21.txt,lojban/2008_08/2008_08_18-02_21.txt",,,,2
2008-08-18,158,158,25,unknown,legacy,"lojban/2008_08/2008_08_18-02_21.txt,lojban/2008_08/2008_08_19-02_21.txt",,,,2
2008-08-19,141,141,20,unknown,legacy,"lojban/2008_08/2008_08_19-02_21.txt,lojban/2008_08/2008_08_20-02_21.txt",,,,2
2008-08-20,344,344,27,unknown,legacy,"lojban/2008_08/2008_08_20-02_21.txt,lojban/2008_08/2008_08_21-02_21.txt",,,,2
2008-08-21,273,273,27,unknown,legacy,"lojban/2008_08/2008_08_21-02_21.txt,lojban/2008_08/2008_08_22-02_21.txt",,,,2
2008-08-22,109,109,23,unknown,legacy,"lojban/2008_08/2008_08_22-02_21.txt,lojban/2008_08/2008_08_23-02_21.txt",,,,2
2008-08-23,243,243,19,unknown,legacy,lojban/2008_08/2008_08_24-02_21.txt,,,,1
2008-08-24,132,132,13,unknown,legacy,lojban/2008_08/2008_08_25-02_21.txt,,,,1
2008-08-25,180,180,25,unknown,legacy,"lojban/2008_08/2008_08_25-02_21.txt,lojban/2008_08/2008_08_26-02_21.txt",,,,2
2008-08-26,194,194,20,unknown,legacy,"lojban/2008_08/2008_08_26-02_21.txt,lojban/2008_08/2008_08_27-02_21.txt",,,,2
2008-08-27,208,208,22,unknown,legacy,"lojban/2008_08/2008_08_27-02_21.txt,lojban/2008_08/2008_08_28-02_21.txt",,,,2
2008-08-28,193,193,20,unknown,legacy,"lojban/2008_08/2008_08_28-02_21.txt,lojban/2008_08/2008_08_29-02_21.txt",,,,2
2008-08-29,258,258,21,unknown,legacy,"lojban/2008_08/2008_08_29-02_21.txt,lojban/2008_08/2008_08_30-02_21.txt",,,,2
2008-08-30,174,174,17,unknown,legacy,"lojban/2008_08/2008_08_30-02_21.txt,lojban/2008_08/2008_08_31-02_21.txt",,,,2
2008-08-31,185,185,15,unknown,legacy,"lojban/2008_08/2008_08_31-02_21.txt,lojban/2008_09/2008_09_01-02_21.txt",,,,2
2008-09-01,183,183,16,unknown,legacy,"lojban/2008_09/2008_09_01-02_21.txt,lojban/2008_09/2008_09_02-02_21.txt",,,,2
2008-09-02,228,228,15,unknown,legacy,"lojban/2008_09/2008_09_02-02_21.txt,lojban/2008_09/2008_09_03-02_27.txt",,,,2
2008-09-03,12,12,4,unknown,legacy,lojban/2008_09/2008_09_03-02_27.txt,,,,1
2008-09-04,195,195,15,unknown,legacy,lojban/2008_09/2008_09_05-02_21.txt,,,,1
2008-09-05,233,233,13,unknown,legacy,"lojban/2008_09/2008_09_05-02_21.txt,lojban/2008_09/2008_09_06-02_21.txt",,,,2
2008-09-06,235,235,17,unknown,legacy,"lojban/2008_09/2008_09_06-02_21.txt,lojban/2008_09/2008_09_07-02_21.txt",,,,2
2008-09-07,165,165,12,unknown,legacy,"lojban/2008_09/2008_09_07-02_21.txt,lojban/2008_09/2008_09_08-02_21.txt",,,,2
2008-09-08,109,109,13,unknown,legacy,"lojban/2008_09/2008_09_08-02_21.txt,lojban/2008_09/2008_09_09-02_21.txt",,,,2
2008-09-09,319,319,14,unknown,legacy,lojban/2008_09/2008_09_10-02_21.txt,,,,1
2008-09-10,314,314,14,unknown,legacy,lojban/2008_09/2008_09_11-02_21.txt,,,,1
2008-09-11,334,334,23,unknown,legacy,"lojban/2008_09/2008_09_11-02_21.txt,lojban/2008_09/2008_09_12-02_21.txt",,,,2
2008-09-12,196,196,12,unknown,legacy,"lojban/2008_09/2008_09_12-02_21.txt,lojban/2008_09/2008_09_13-02_21.txt",,,,2
2008-09-13,206,206,13,unknown,legacy,lojban/2008_09/2008_09_14-02_21.txt,,,,1
2008-09-14,373,373,20,unknown,legacy,"lojban/2008_09/2008_09_14-02_21.txt,lojban/2008_09/2008_09_15-02_21.txt",,,,2
2008-09-15,138,138,21,unknown,legacy,"lojban/2008_09/2008_09_15-02_21.txt,lojban/2008_09/2008_09_16-02_21.txt",,,,2
2008-09-16,139,139,19,unknown,legacy,"lojban/2008_09/2008_09_16-02_21.txt,lojban/2008_09/2008_09_17-02_21.txt",,,,2
2008-09-17,63,63,12,unknown,legacy,lojban/2008_09/2008_09_18-02_21.txt,,,,1
2008-09-18,143,143,17,unknown,legacy,lojban/2008_09/2008_09_19-02_21.txt,,,,1
2008-09-19,125,125,14,unknown,legacy,"lojban/2008_09/2008_09_19-02_21.txt,lojban/2008_09/2008_09_20-02_21.txt",,,,2
2008-09-20,165,165,10,unknown,legacy,"lojban/2008_09/2008_09_20-02_21.txt,lojban/2008_09/2008_09_21-02_21.txt",,,,2
2008-09-21,206,206,16,unknown,legacy,lojban/2008_09/2008_09_22-02_21.txt,,,,1
2008-09-22,229,229,16,unknown,legacy,lojban/2008_09/2008_09_23-02_21.txt,,,,1
2008-09-23,148,148,18,unknown,legacy,"lojban/2008_09/2008_09_23-02_21.txt,lojban/2008_09/2008_09_24-02_21.txt",,,,2
2008-09-24,74,74,13,unknown,legacy,lojban/2008_09/2008_09_25-02_21.txt,,,,1
2008-09-25,224,224,14,unknown,legacy,"lojban/2008_09/2008_09_25-02_21.txt,lojban/2008_09/2008_09_26-02_21.txt",,,,2
2008-09-26,140,140,13,unknown,legacy,lojban/2008_09/2008_09_27-02_21.txt,,,,1
2008-09-27,154,154,12,unknown,legacy,lojban/2008_09/2008_09_28-02_21.txt,,,,1
2008-09-28,120,120,13,unknown,legacy,lojban/2008_09/2008_09_29-02_21.txt,,,,1
2008-09-29,78,78,12,unknown,legacy,"lojban/2008_09/2008_09_29-02_21.txt,lojban/2008_09/2008_09_30-02_21.txt",,,,2
2008-09-30,251,251,11,unknown,legacy,"lojban/2008_09/2008_09_30-02_21.txt,lojban/2008_10/2008_10_01-02_21.txt",,,,2
2008-10-01,107,107,15,unknown,legacy,lojban/2008_10/2008_10_02-02_21.txt,,,,1
2008-10-02,33,33,9,unknown,legacy,"lojban/2008_10/2008_10_02-02_21.txt,lojban/2008_10/2008_10_03-02_21.txt",,,,2
2008-10-03,125,125,16,unknown,legacy,lojban/2008_10/2008_10_04-02_21.txt,,,,1
2008-10-04,103,103,17,unknown,legacy,lojban/2008_10/2008_10_05-02_21.txt,,,,1
2008-10-05,115,115,18,unknown,legacy,"lojban/2008_10/2008_10_05-02_21.txt,lojban/2008_10/2008_10_06-02_21.txt",,,,2
2008-10-06,116,116,17,unknown,legacy,lojban/2008_10/2008_10_07-02_21.txt,,,,1
2008-10-07,88,88,15,unknown,legacy,lojban/2008_10/2008_10_08-02_21.txt,,,,1
2008-10-08,56,56,14,unknown,legacy,lojban/2008_10/2008_10_09-02_21.txt,,,,1
2008-10-09,103,103,16,unknown,legacy,"lojban/2008_10/2008_10_09-02_21.txt,lojban/2008_10/2008_10_10-02_21.txt",,,,2
2008-10-10,100,100,9,unknown,legacy,"lojban/2008_10/2008_10_10-02_21.txt,lojban/2008_10/2008_10_11-02_21.txt",,,,2
2008-10-11,44,44,12,unknown,legacy,"lojban/2008_10/2008_10_11-02_21.txt,lojban/2008_10/2008_10_12-02_21.txt",,,,2
2008-10-12,18,18,8,unknown,legacy,"lojban/2008_10/2008_10_12-02_21.txt,lojban/2008_10/2008_10_13-02_21.txt",,,,2
2008-10-13,28,28,10,unknown,legacy,lojban/2008_10/2008_10_14-02_21.txt,,,,1
2008-10-14,43,43,14,unknown,legacy,"lojban/2008_10/2008_10_14-02_21.txt,lojban/2008_10/2008_10_15-02_21.txt",,,,2
2008-10-15,158,158,16,unknown,legacy,lojban/2008_10/2008_10_16-02_21.txt,,,,1
2008-10-16,57,57,16,unknown,legacy,"lojban/2008_10/2008_10_16-02_21.txt,lojban/2008_10/2008_10_17-02_21.txt",,,,2
2008-10-17,105,105,15,unknown,legacy,lojban/2008_10/2008_10_18-02_21.txt,,,,1
2008-10-18,450,450,22,unknown,legacy,"lojban/2008_10/2008_10_18-02_21.txt,lojban/2008_10/2008_10_19-02_21.txt",,,,2
2008-10-19,190,190,22,unknown,legacy,"lojban/2008_10/2008_10_19-02_21.txt,lojban/2008_10/2008_10_20-02_21.txt",,,,2
2008-10-20,165,165,13,unknown,legacy,lojban/2008_10/2008_10_21-02_21.txt,,,,1
2008-10-21,36,36,10,unknown,legacy,"lojban/2008_10/2008_10_21-02_21.txt,lojban/2008_10/2008_10_22-02_21.txt",,,,2
2008-10-22,277,277,19,unknown,legacy,lojban/2008_10/2008_10_23-02_22.txt,,,,1
2008-10-23,116,116,19,unknown,legacy,lojban/2008_10/2008_10_24-02_21.txt,,,,1
2008-10-24,335,335,22,unknown,legacy,lojban/2008_10/2008_10_25-02_21.txt,,,,1
2008-10-25,280,280,29,unknown,legacy,"lojban/2008_10/2008_10_25-02_21.txt,lojban/2008_10/2008_10_26-02_21.txt",,,,2
2008-10-26,293,293,21,unknown,legacy,"lojban/2008_10/2008_10_26-02_21.txt,lojban/2008_10/2008_10_27-02_21.txt",,,,2
2008-10-27,248,248,23,unknown,legacy,lojban/2008_10/2008_10_28-02_21.txt,,,,1
2008-10-28,213,213,27,unknown,legacy,"lojban/2008_10/2008_10_28-02_21.txt,lojban/2008_10/2008_10_29-02_22.txt",,,,2
2008-10-29,106,106,28,unknown,legacy,lojban/2008_10/2008_10_30-02_21.txt,,,,1
2008-10-30,296,296,23,unknown,legacy,"lojban/2008_10/2008_10_30-02_21.txt,lojban/2008_10/2008_10_31-02_21.txt",,,,2
2008-10-31,649,649,40,unknown,legacy,"lojban/2008_10/2008_10_31-02_21.txt,lojban/2008_11/2008_11_01-02_22.txt",,,,2
2008-11-01,489,489,25,unknown,legacy,"lojban/2008_11/2008_11_01-02_22.txt,lojban/2008_11/2008_11_02-02_21.txt",,,,2
2008-11-02,664,664,22,unknown,legacy,"lojban/2008_11/2008_11_02-02_21.txt,lojban/2008_11/2008_11_03-02_21.txt",,,,2
2008-11-03,121,121,16,unknown,legacy,lojban/2008_11/2008_11_04-02_21.txt,,,,1
2008-11-04,139,139,14,unknown,legacy,"lojban/2008_11/2008_11_04-02_21.txt,lojban/2008_11/2008_11_05-02_21.txt",,,,2
2008-11-05,130,130,19,unknown,legacy,"lojban/2008_11/2008_11_05-02_21.txt,lojban/2008_11/2008_11_06-02_21.txt",,,,2
2008-11-06,85,85,16,unknown,legacy,"lojban/2008_11/2008_11_06-02_21.txt,lojban/2008_11/2008_11_07-02_21.txt",,,,2
2008-11-07,160,160,24,unknown,legacy,"lojban/2008_11/2008_11_07-02_21.txt,lojban/2008_11/2008_11_08-02_21.txt",,,,2
2008-11-08,330,330,17,unknown,legacy,"lojban/2008_11/2008_11_08-02_21.txt,lojban/2008_11/2008_11_09-02_21.txt",,,,2
2008-11-09,212,212,17,unknown,legacy,"lojban/2008_11/2008_11_09-02_21.txt,lojban/2008_11/2008_11_10-02_21.txt",,,,2
2008-11-10,435,435,25,unknown,legacy,"lojban/2008_11/2008_11_10-02_21.txt,lojban/2008_11/2008_11_11-02_21.txt",,,,2
2008-11-11,96,96,21,unknown,legacy,lojban/2008_11/2008_11_12-02_21.txt,,,,1
2008-11-12,410,410,22,unknown,legacy,"lojban/2008_11/2008_11_12-02_21.txt,lojban/2008_11/2008_11_13-02_21.txt",,,,2
2008-11-13,179,179,22,unknown,legacy,"lojban/2008_11/2008_11_13-02_21.txt,lojban/2008_11/2008_11_14-02_21.txt",,,,2
2008-11-14,169,169,23,unknown,legacy,"lojban/2008_11/2008_11_14-02_21.txt,lojban/2008_11/2008_11_15-02_21.txt",,,,2
2008-11-15,153,153,17,unknown,legacy,lojban/2008_11/2008_11_16-02_21.txt,,,,1
2008-11-16,23,23,4,unknown,legacy,lojban/2008_11/2008_11_17-02_21.txt,,,,1
2008-11-17,215,215,19,unknown,legacy,lojban/2008_11/2008_11_18-02_21.txt,,,,1
2008-11-18,304,304,20,unknown,legacy,"lojban/2008_11/2008_11_18-02_21.txt,lojban/2008_11/2008_11_19-02_21.txt",,,,2
2008-11-19,188,188,25,unknown,legacy,"lojban/2008_11/2008_11_19-02_21.txt,lojban/2008_11/2008_11_20-02_21.txt",,,,2
2008-11-20,382,382,21,unknown,legacy,"lojban/2008_11/2008_11_20-02_21.txt,lojban/2008_11/2008_11_21-02_21.txt",,,,2
2008-11-21,216,216,21,unknown,legacy,"lojban/2008_11/2008_11_21-02_21.txt,lojban/2008_11/2008_11_22-02_21.txt",,,,2
2008-11-22,68,68,8,unknown,legacy,lojban/2008_11/2008_11_23-02_21.txt,,,,1
2008-11-23,229,229,15,unknown,legacy,lojban/2008_11/2008_11_24-02_21.txt,,,,1
2008-11-24,27,27,9,unknown,legacy,lojban/2008_11/2008_11_25-02_21.txt,,,,1
2008-11-25,289,289,17,unknown,legacy,lojban/2008_11/2008_11_26-02_21.txt,,,,1
2008-11-26,113,113,17,unknown,legacy,"lojban/2008_11/2008_11_26-02_21.txt,lojban/2008_11/2008_11_27-02_21.txt",,,,2
2008-11-27,63,63,11,unknown,legacy,"lojban/2008_11/2008_11_27-02_21.txt,lojban/2008_11/2008_11_28-02_21.txt",,,,2
2008-11-28,122,122,14,unknown,legacy,"lojban/2008_11/2008_11_28-02_21.txt,lojban/2008_11/2008_11_29-02_21.txt",,,,2
2008-11-29,344,344,16,unknown,legacy,lojban/2008_11/2008_11_30-02_21.txt,,,,1
2008-11-30,20,20,8,unknown,legacy,lojban/2008_12/2008_12_01-02_21.txt,,,,1
2008-12-01,140,140,21,unknown,legacy,lojban/2008_12/2008_12_02-02_21.txt,,,,1
2008-12-02,197,197,17,unknown,legacy,"lojban/2008_12/2008_12_02-02_21.txt,lojban/2008_12/2008_12_03-02_21.txt",,,,2
2008-12-03,83,83,14,unknown,legacy,"lojban/2008_12/2008_12_03-02_21.txt,lojban/2008_12/2008_12_04-02_21.txt",,,,2
2008-12-04,255,255,23,unknown,legacy,lojban/2008_12/2008_12_05-02_21.txt,,,,1
2008-12-05,262,262,22,unknown,legacy,"lojban/2008_12/2008_12_05-02_21.txt,lojban/2008_12/2008_12_06-02_21.txt",,,,2
2008-12-06,191,191,18,unknown,legacy,"lojban/2008_12/2008_12_06-02_21.txt,lojban/2008_12/2008_12_07-02_21.txt",,,,2
2008-12-07,324,324,14,unknown,legacy,"lojban/2008_12/2008_12_07-02_21.txt,lojban/2008_12/2008_12_08-02_21.txt",,,,2
2008-12-08,262,262,21,unknown,legacy,lojban/2008_12/2008_12_09-02_21.txt,,,,1
2008-12-09,421,421,26,unknown,legacy,lojban/2008_12/2008_12_10-02_21.txt,,,,1
2008-12-10,173,173,22,unknown,legacy,"lojban/2008_12/2008_12_10-02_21.txt,lojban/2008_12/2008_12_11-02_21.txt",,,,2
2008-12-11,419,419,19,unknown,legacy,"lojban/2008_12/2008_12_11-02_21.txt,lojban/2008_12/2008_12_12-02_21.txt",,,,2
2008-12-12,423,423,17,unknown,legacy,"lojban/2008_12/2008_12_12-02_21.txt,lojban/2008_12/2008_12_13-02_21.txt",,,,2
2008-12-13,158,158,18,unknown,legacy,"lojban/2008_12/2008_12_13-02_21.txt,lojban/2008_12/2008_12_14-02_21.txt",,,,2
2008-12-14,124,124,14,unknown,legacy,lojban/2008_12/2008_12_15-02_22.txt,,,,1
2008-12-15,208,208,17,unknown,legacy,lojban/2008_12/2008_12_16-02_21.txt,,,,1
2008-12-16,143,143,18,unknown,legacy,lojban/2008_12/2008_12_17-02_21.txt,,,,1
2008-12-17,275,275,25,unknown,legacy,"lojban/2008_12/2008_12_17-02_21.txt,lojban/2008_12/2008_12_18-02_21.txt",,,,2
2008-12-18,382,382,26,unknown,legacy,"lojban/2008_12/2008_12_18-02_21.txt,lojban/2008_12/2008_12_19-02_21.txt",,,,2
2008-12-19,284,284,22,unknown,legacy,"lojban/2008_12/2008_12_19-02_21.txt,lojban/2008_12/2008_12_20-02_21.txt",,,,2
2008-12-20,435,435,16,unknown,legacy,"lojban/2008_12/2008_12_20-02_21.txt,lojban/2008_12/2008_12_21-02_21.txt",,,,2
2008-12-21,633,633,19,unknown,legacy,"lojban/2008_12/2008_12_21-02_21.txt,lojban/2008_12/2008_12_22-02_21.txt",,,,2
2008-12-22,319,319,22,unknown,legacy,"lojban/2008_12/2008_12_22-02_21.txt,lojban/2008_12/2008_12_23-02_21.txt",,,,2
2008-12-23,290,290,21,unknown,legacy,"lojban/2008_12/2008_12_23-02_21.txt,lojban/2008_12/2008_12_24-02_21.txt",,,,2
2008-12-24,107,107,15,unknown,legacy,lojban/2008_12/2008_12_25-02_21.txt,,,,1
2008-12-25,78,78,14,unknown,legacy,lojban/2008_12/2008_12_26-02_21.txt,,,,1
2008-12-26,181,181,16,unknown,legacy,"lojban/2008_12/2008_12_26-02_21.txt,lojban/2008_12/2008_12_27-02_21.txt",,,,2
2008-12-27,187,187,19,unknown,legacy,lojban/2008_12/2008_12_28-02_21.txt,,,,1
2008-12-28,281,281,22,unknown,legacy,"lojban/2008_12/2008_12_28-02_21.txt,lojban/2008_12/2008_12_29-02_21.txt",,,,2
2008-12-29,348,348,26,unknown,legacy,lojban/2008_12/2008_12_30-02_21.txt,,,,1
2008-12-30,229,229,19,unknown,legacy,"lojban/2008_12/2008_12_30-02_21.txt,lojban/2008_12/2008_12_31-02_21.txt",,,,2
2008-12-31,220,220,19,unknown,legacy,"lojban/2008_12/2008_12_31-02_21.txt,lojban/2009_01/2009_01_01-02_21.txt",,,,2
2009-01-01,340,340,20,unknown,legacy,"lojban/2009_01/2009_01_01-02_21.txt,lojban/2009_01/2009_01_02-02_21.txt",,,,2
2009-01-02,668,668,32,unknown,legacy,"lojban/2009_01/2009_01_02-02_21.txt,lojban/2009_01/2009_01_03-02_22.txt",,,,2
2009-01-03,793,793,24,unknown,legacy,"lojban/2009_01/2009_01_03-02_22.txt,lojban/2009_01/2009_01_04-02_22.txt",,,,2
2009-01-04,529,529,29,unknown,legacy,"lojban/2009_01/2009_01_04-02_22.txt,lojban/2009_01/2009_01_05-02_22.txt",,,,2
2009-01-05,362,362,31,unknown,legacy,"lojban/2009_01/2009_01_05-02_22.txt,lojban/2009_01/2009_01_06-02_21.txt",,,,2
2009-01-06,261,261,26,unknown,legacy,"lojban/2009_01/2009_01_06-02_21.txt,lojban/2009_01/2009_01_07-02_21.txt",,,,2
2009-01-07,254,254,29,unknown,legacy,"lojban/2009_01/2009_01_07-02_21.txt,lojban/2009_01/2009_01_08-02_21.txt",,,,2
2009-01-08,695,695,30,unknown,legacy,lojban/2009_01/2009_01_09-02_21.txt,,,,1
2009-01-09,395,395,29,unknown,legacy,"lojban/2009_01/2009_01_09-02_21.txt,lojban/2009_01/2009_01_10-02_21.txt",,,,2
2009-01-10,272,272,19,unknown,legacy,"lojban/2009_01/2009_01_10-02_21.txt,lojban/2009_01/2009_01_11-02_21.txt",,,,2
2009-01-11,158,158,18,unknown,legacy,"lojban/2009_01/2009_01_11-02_21.txt,lojban/2009_01/2009_01_12-02_21.txt",,,,2
2009-01-12,185,185,24,unknown,legacy,"lojban/2009_01/2009_01_12-02_21.txt,lojban/2009_01/2009_01_13-02_21.txt",,,,2
2009-01-13,513,513,23,unknown,legacy,"lojban/2009_01/2009_01_13-02_21.txt,lojban/2009_01/2009_01_14-02_21.txt",,,,2
2009-01-14,169,169,19,unknown,legacy,lojban/2009_01/2009_01_15-02_21.txt,,,,1
2009-01-15,338,338,23,unknown,legacy,"lojban/2009_01/2009_01_15-02_21.txt,lojban/2009_01/2009_01_16-02_21.txt",,,,2
2009-01-16,542,542,23,unknown,legacy,"lojban/2009_01/2009_01_16-02_21.txt,lojban/2009_01/2009_01_17-02_21.txt",,,,2
2009-01-17,317,317,19,unknown,legacy,"lojban/2009_01/2009_01_17-02_21.txt,lojban/2009_01/2009_01_18-02_21.txt",,,,2
2009-01-18,369,369,18,unknown,legacy,lojban/2009_01/2009_01_19-02_21.txt,,,,1
2009-01-19,224,224,21,unknown,legacy,lojban/2009_01/2009_01_20-02_21.txt,,,,1
2009-01-20,227,227,21,unknown,legacy,"lojban/2009_01/2009_01_20-02_21.txt,lojban/2009_01/2009_01_21-02_22.txt",,,,2
2009-01-21,290,290,21,unknown,legacy,"lojban/2009_01/2009_01_21-02_22.txt,lojban/2009_01/2009_01_22-02_21.txt",,,,2
2009-01-22,237,237,18,unknown,legacy,"lojban/2009_01/2009_01_22-02_21.txt,lojban/2009_01/2009_01_23-02_21.txt",,,,2
2009-01-23,280,280,23,unknown,legacy,"lojban/2009_01/2009_01_23-02_21.txt,lojban/2009_01/2009_01_24-02_22.txt",,,,2
2009-01-24,406,406,22,unknown,legacy,"lojban/2009_01/2009_01_24-02_22.txt,lojban/2009_01/2009_01_25-02_22.txt",,,,2
2009-01-25,104,104,15,unknown,legacy,lojban/2009_01/2009_01_26-02_21.txt,,,,1
2009-01-26,133,133,25,unknown,legacy,"lojban/2009_01/2009_01_26-02_21.txt,lojban/2009_01/2009_01_27-02_22.txt",,,,2
2009-01-27,227,227,25,unknown,legacy,lojban/2009_01/2009_01_28-02_21.txt,,,,1
2009-01-28,159,159,26,unknown,legacy,"lojban/2009_01/2009_01_28-02_21.txt,lojban/2009_01/2009_01_29-02_22.txt",,,,2
2009-01-29,229,229,17,unknown,legacy,lojban/2009_01/2009_01_30-02_21.txt,,,,1
2009-01-30,167,167,26,unknown,legacy,"lojban/2009_01/2009_01_30-02_21.txt,lojban/2009_01/2009_01_31-02_21.txt",,,,2
2009-01-31,172,172,25,unknown,legacy,lojban/2009_02/2009_02_01-02_22.txt,,,,1
2009-02-01,338,338,23,unknown,legacy,lojban/2009_02/2009_02_02-02_22.txt,,,,1
2009-02-02,213,213,24,unknown,legacy,lojban/2009_02/2009_02_03-02_22.txt,,,,1
2009-02-03,88,88,21,unknown,legacy,"lojban/2009_02/2009_02_03-02_22.txt,lojban/2009_02/2009_02_04-02_21.txt",,,,2
2009-02-04,281,281,33,unknown,legacy,"lojban/2009_02/2009_02_04-02_21.txt,lojban/2009_02/2009_02_05-02_23.txt",,,,2
2009-02-05,131,131,21,unknown,legacy,"lojban/2009_02/2009_02_05-02_23.txt,lojban/2009_02/2009_02_06-02_21.txt",,,,2
2009-02-06,189,189,18,unknown,legacy,"lojban/2009_02/2009_02_06-02_21.txt,lojban/2009_02/2009_02_07-02_22.txt",,,,2
2009-02-07,64,64,7,unknown,legacy,"lojban/2009_02/2009_02_07-02_22.txt,lojban/2009_02/2009_02_08-02_21.txt",,,,2
2009-02-08,217,217,17,unknown,legacy,"lojban/2009_02/2009_02_08-02_21.txt,lojban/2009_02/2009_02_09-02_21.txt",,,,2
2009-02-09,152,152,20,unknown,legacy,lojban/2009_02/2009_02_10-02_22.txt,,,,1
2009-02-10,44,44,13,unknown,legacy,"lojban/2009_02/2009_02_10-02_22.txt,lojban/2009_02/2009_02_11-02_21.txt",,,,2
2009-02-11,206,206,22,unknown,legacy,"lojban/2009_02/2009_02_11-02_21.txt,lojban/2009_02/2009_02_12-02_21.txt",,,,2
2009-02-12,100,100,18,unknown,legacy,lojban/2009_02/2009_02_13-02_22.txt,,,,1
2009-02-13,157,157,22,unknown,legacy,"lojban/2009_02/2009_02_13-02_22.txt,lojban/2009_02/2009_02_14-02_21.txt",,,,2
2009-02-14,91,91,14,unknown,legacy,lojban/2009_02/2009_02_15-02_21.txt,,,,1
2009-02-15,55,55,11,unknown,legacy,lojban/2009_02/2009_02_16-02_21.txt,,,,1
2009-02-16,69,69,17,unknown,legacy,"lojban/2009_02/2009_02_16-02_21.txt,lojban/2009_02/2009_02_17-02_21.txt",,,,2
2009-02-17,71,71,18,unknown,legacy,"lojban/2009_02/2009_02_17-02_21.txt,lojban/2009_02/2009_02_18-02_22.txt",,,,2
2009-02-18,41,41,11,unknown,legacy,"lojban/2009_02/2009_02_18-02_22.txt,lojban/2009_02/2009_02_19-02_21.txt",,,,2
2009-02-19,27,27,9,unknown,legacy,"lojban/2009_02/2009_02_19-02_21.txt,lojban/2009_02/2009_02_20-02_21.txt",,,,2
2009-02-20,119,119,23,unknown,legacy,"lojban/2009_02/2009_02_20-02_21.txt,lojban/2009_02/2009_02_21-02_22.txt",,,,2
2009-02-21,179,179,15,unknown,legacy,"lojban/2009_02/2009_02_21-02_22.txt,lojban/2009_02/2009_02_22-02_21.txt",,,,2
2009-02-22,44,44,10,unknown,legacy,lojban/2009_02/2009_02_23-02_21.txt,,,,1
2009-02-23,50,50,15,unknown,legacy,lojban/2009_02/2009_02_24-02_21.txt,,,,1
2009-02-24,153,153,16,unknown,legacy,lojban/2009_02/2009_02_25-02_21.txt,,,,1
2009-02-25,52,52,13,unknown,legacy,lojban/2009_02/2009_02_26-02_21.txt,,,,1
2009-02-26,198,198,28,unknown,legacy,"lojban/2009_02/2009_02_26-02_21.txt,lojban/2009_02/2009_02_27-02_22.txt",,,,2
2009-02-27,427,427,24,unknown,legacy,"lojban/2009_02/2009_02_27-02_22.txt,lojban/2009_02/2009_02_28-02_21.txt",,,,2
2009-02-28,118,118,11,unknown,legacy,lojban/2009_03/2009_03_01-02_21.txt,,,,1
2009-03-01,121,121,14,unknown,legacy,lojban/2009_03/2009_03_02-02_21.txt,,,,1
2009-03-02,229,229,27,unknown,legacy,"lojban/2009_03/2009_03_02-02_21.txt,lojban/2009_03/2009_03_03-02_21.txt",,,,2
2009-03-03,499,499,24,unknown,legacy,"lojban/2009_03/2009_03_03-02_21.txt,lojban/2009_03/2009_03_04-02_22.txt",,,,2
2009-03-04,80,80,21,unknown,legacy,lojban/2009_03/2009_03_05-13_23.txt,,,,1
2009-03-05,461,461,22,unknown,legacy,"lojban/2009_03/2009_03_05-13_23.txt,lojban/2009_03/2009_03_06-02_21.txt",,,,2
2009-03-06,193,193,21,unknown,legacy,"lojban/2009_03/2009_03_06-02_21.txt,lojban/2009_03/2009_03_07-02_21.txt",,,,2
2009-03-07,374,374,13,unknown,legacy,"lojban/2009_03/2009_03_07-02_21.txt,lojban/2009_03/2009_03_09-02_22.txt",,,,2
2009-03-08,219,219,17,unknown,legacy,lojban/2009_03/2009_03_09-02_22.txt,,,,1
2009-03-09,364,364,17,unknown,legacy,"lojban/2009_03/2009_03_09-02_22.txt,lojban/2009_03/2009_03_10-02_21.txt",,,,2
2009-03-10,90,90,14,unknown,legacy,"lojban/2009_03/2009_03_10-02_21.txt,lojban/2009_03/2009_03_11-02_21.txt",,,,2
2009-03-11,150,150,10,unknown,legacy,"lojban/2009_03/2009_03_11-02_21.txt,lojban/2009_03/2009_03_12-02_21.txt",,,,2
2009-03-12,371,371,20,unknown,legacy,"lojban/2009_03/2009_03_12-02_21.txt,lojban/2009_03/2009_03_13-02_23.txt",,,,2
2009-03-13,347,347,23,unknown,legacy,"lojban/2009_03/2009_03_13-02_23.txt,lojban/2009_03/2009_03_14-02_21.txt",,,,2
2009-03-14,391,391,19,unknown,legacy,"lojban/2009_03/2009_03_14-02_21.txt,lojban/2009_03/2009_03_15-02_21.txt",,,,2
2009-03-15,109,109,15,unknown,legacy,"lojban/2009_03/2009_03_15-02_21.txt,lojban/2009_03/2009_03_16-02_21.txt",,,,2
2009-03-16,230,230,20,unknown,legacy,"lojban/2009_03/2009_03_16-02_21.txt,lojban/2009_03/2009_03_17-02_21.txt",,,,2
2009-03-17,25,25,2,unknown,legacy,lojban/2009_03/2009_03_17-02_21.txt,,,,1
2009-03-18,200,200,22,unknown,legacy,lojban/2009_03/2009_03_19-02_22.txt,,,,1
2009-03-19,147,147,20,unknown,legacy,"lojban/2009_03/2009_03_19-02_22.txt,lojban/2009_03/2009_03_20-02_21.txt",,,,2
2009-03-20,65,65,13,unknown,legacy,lojban/2009_03/2009_03_21-02_21.txt,,,,1
2009-03-21,69,69,13,unknown,legacy,"lojban/2009_03/2009_03_21-02_21.txt,lojban/2009_03/2009_03_22-02_21.txt",,,,2
2009-03-22,55,55,13,unknown,legacy,"lojban/2009_03/2009_03_22-02_21.txt,lojban/2009_03/2009_03_23-02_21.txt",,,,2
2009-03-23,134,134,21,unknown,legacy,"lojban/2009_03/2009_03_23-02_21.txt,lojban/2009_03/2009_03_24-02_21.txt",,,,2
2009-03-24,109,109,14,unknown,legacy,"lojban/2009_03/2009_03_24-02_21.txt,lojban/2009_03/2009_03_25-02_21.txt",,,,2
2009-03-25,233,233,19,unknown,legacy,"lojban/2009_03/2009_03_25-02_21.txt,lojban/2009_03/2009_03_26-02_21.txt",,,,2
2009-03-26,197,197,20,unknown,legacy,"lojban/2009_03/2009_03_26-02_21.txt,lojban/2009_03/2009_03_27-02_21.txt",,,,2
2009-03-27,234,234,21,unknown,legacy,lojban/2009_03/2009_03_28-02_21.txt,,,,1
2009-03-28,176,176,14,unknown,legacy,lojban/2009_03/2009_03_29-02_21.txt,,,,1
2009-03-29,147,147,14,unknown,legacy,"lojban/2009_03/2009_03_29-02_21.txt,lojban/2009_03/2009_03_30-02_21.txt",,,,2
2009-03-30,202,202,16,unknown,legacy,lojban/2009_03/2009_03_31-02_21.txt,,,,1
2009-03-31,112,112,16,unknown,legacy,lojban/2009_04/2009_04_01-02_21.txt,,,,1
2009-04-01,140,140,22,unknown,legacy,"lojban/2009_04/2009_04_01-02_21.txt,lojban/2009_04/2009_04_02-02_21.txt",,,,2
2009-04-02,205,205,20,unknown,legacy,"lojban/2009_04/2009_04_02-02_21.txt,lojban/2009_04/2009_04_03-02_22.txt",,,,2
2009-04-03,85,85,17,unknown,legacy,lojban/2009_04/2009_04_04-02_21.txt,,,,1
2009-04-04,57,57,11,unknown,legacy,lojban/2009_04/2009_04_05-02_21.txt,,,,1
2009-04-05,93,93,13,unknown,legacy,lojban/2009_04/2009_04_06-02_21.txt,,,,1
2009-04-06,94,94,13,unknown,legacy,lojban/2009_04/2009_04_07-02_25.txt,,,,1
2009-04-07,63,63,13,unknown,legacy,lojban/2009_04/2009_04_08-02_23.txt,,,,1
2009-04-08,89,89,13,unknown,legacy,lojban/2009_04/2009_04_09-02_21.txt,,,,1
2009-04-09,83,83,14,unknown,legacy,lojban/2009_04/2009_04_10-02_22.txt,,,,1
2009-04-10,13,13,5,unknown,legacy,lojban/2009_04/2009_04_11-02_21.txt,,,,1
2009-04-11,34,34,8,unknown,legacy,"lojban/2009_04/2009_04_11-02_21.txt,lojban/2009_04/2009_04_12-02_21.txt",,,,2
2009-04-12,51,51,6,unknown,legacy,lojban/2009_04/2009_04_13-02_21.txt,,,,1
2009-04-13,76,76,12,unknown,legacy,"lojban/2009_04/2009_04_13-02_21.txt,lojban/2009_04/2009_04_14-02_21.txt",,,,2
2009-04-14,69,69,10,unknown,legacy,"lojban/2009_04/2009_04_14-02_21.txt,lojban/2009_04/2009_04_15-02_21.txt",,,,2
2009-04-15,247,247,18,unknown,legacy,lojban/2009_04/2009_04_16-02_22.txt,,,,1
2009-04-16,198,198,25,unknown,legacy,"lojban/2009_04/2009_04_16-02_22.txt,lojban/2009_04/2009_04_17-02_24.txt",,,,2
2009-04-17,52,52,13,unknown,legacy,"lojban/2009_04/2009_04_17-02_24.txt,lojban/2009_04/2009_04_18-02_21.txt",,,,2
2009-04-18,90,90,8,unknown,legacy,lojban/2009_04/2009_04_19-02_21.txt,,,,1
2009-04-19,107,107,12,unknown,legacy,lojban/2009_04/2009_04_20-02_21.txt,,,,1
2009-04-20,166,166,21,unknown,legacy,"lojban/2009_04/2009_04_20-02_21.txt,lojban/2009_04/2009_04_21-02_21.txt",,,,2
2009-04-21,191,191,14,unknown,legacy,"lojban/2009_04/2009_04_21-02_21.txt,lojban/2009_04/2009_04_22-02_22.txt",,,,2
2009-04-22,102,102,14,unknown,legacy,"lojban/2009_04/2009_04_22-02_22.txt,lojban/2009_04/2009_04_23-02_22.txt",,,,2
2009-04-23,83,83,19,unknown,legacy,"lojban/2009_04/2009_04_23-02_22.txt,lojban/2009_04/2009_04_24-02_21.txt",,,,2
2009-04-24,123,123,15,unknown,legacy,lojban/2009_04/2009_04_25-02_21.txt,,,,1
2009-04-25,177,177,8,unknown,legacy,"lojban/2009_04/2009_04_25-02_21.txt,lojban/2009_04/2009_04_26-02_22.txt",,,,2
2009-04-26,379,379,16,unknown,legacy,lojban/2009_04/2009_04_27-02_21.txt,,,,1
2009-04-27,279,279,19,unknown,legacy,lojban/2009_04/2009_04_28-02_22.txt,,,,1
2009-04-28,229,229,18,unknown,legacy,lojban/2009_04/2009_04_29-02_22.txt,,,,1
2009-04-29,116,116,13,unknown,legacy,lojban/2009_04/2009_04_30-02_22.txt,,,,1
2009-04-30,353,353,19,unknown,legacy,lojban/2009_05/2009_05_01-02_22.txt,,,,1
2009-05-01,85,85,16,unknown,legacy,"lojban/2009_05/2009_05_01-02_22.txt,lojban/2009_05/2009_05_02-02_23.txt",,,,2
2009-05-02,167,167,13,unknown,legacy,"lojban/2009_05/2009_05_02-02_23.txt,lojban/2009_05/2009_05_03-02_24.txt",,,,2
2009-05-03,304,304,13,unknown,legacy,lojban/2009_05/2009_05_04-02_22.txt,,,,1
2009-05-04,47,47,13,unknown,legacy,"lojban/2009_05/2009_05_04-02_22.txt,lojban/2009_05/2009_05_05-02_21.txt",,,,2
2009-05-05,130,130,12,unknown,legacy,lojban/2009_05/2009_05_06-02_21.txt,,,,1
2009-05-06,65,65,11,unknown,legacy,lojban/2009_05/2009_05_07-02_21.txt,,,,1
2009-05-07,63,63,12,unknown,legacy,lojban/2009_05/2009_05_08-02_22.txt,,,,1
2009-05-08,262,262,18,unknown,legacy,"lojban/2009_05/2009_05_08-02_22.txt,lojban/2009_05/2009_05_09-02_22.txt",,,,2
2009-05-09,147,147,13,unknown,legacy,lojban/2009_05/2009_05_10-02_21.txt,,,,1
2009-05-10,328,328,9,unknown,legacy,lojban/2009_05/2009_05_11-02_21.txt,,,,1
2009-05-11,67,67,6,unknown,legacy,"lojban/2009_05/2009_05_11-02_21.txt,lojban/2009_05/2009_05_12-02_21.txt",,,,2
2009-05-12,65,65,14,unknown,legacy,lojban/2009_05/2009_05_13-02_21.txt,,,,1
2009-05-13,219,219,13,unknown,legacy,"lojban/2009_05/2009_05_13-02_21.txt,lojban/2009_05/2009_05_14-02_22.txt",,,,2
2009-05-14,764,764,15,unknown,legacy,"lojban/2009_05/2009_05_14-02_22.txt,lojban/2009_05/2009_05_15-02_23.txt",,,,2
2009-05-15,64,64,9,unknown,legacy,lojban/2009_05/2009_05_16-02_21.txt,,,,1
2009-05-16,167,167,12,unknown,legacy,lojban/2009_05/2009_05_17-02_22.txt,,,,1
2009-05-17,36,36,7,unknown,legacy,"lojban/2009_05/2009_05_17-02_22.txt,lojban/2009_05/2009_05_18-02_21.txt",,,,2
2009-05-18,105,105,14,unknown,legacy,lojban/2009_05/2009_05_19-02_21.txt,,,,1
2009-05-19,171,171,21,unknown,legacy,"lojban/2009_05/2009_05_19-02_21.txt,lojban/2009_05/2009_05_20-02_21.txt",,,,2
2009-05-20,146,146,14,unknown,legacy,"lojban/2009_05/2009_05_20-02_21.txt,lojban/2009_05/2009_05_21-02_21.txt",,,,2
2009-05-21,91,91,15,unknown,legacy,lojban/2009_05/2009_05_22-02_22.txt,,,,1
2009-05-22,75,75,10,unknown,legacy,lojban/2009_05/2009_05_23-02_22.txt,,,,1
2009-05-23,97,97,10,unknown,legacy,"lojban/2009_05/2009_05_23-02_22.txt,lojban/2009_05/2009_05_24-02_21.txt",,,,2
2009-05-24,115,115,9,unknown,legacy,lojban/2009_05/2009_05_25-02_21.txt,,,,1
2009-05-25,204,204,23,unknown,legacy,"lojban/2009_05/2009_05_25-02_21.txt,lojban/2009_05/2009_05_26-02_22.txt",,,,2
2009-05-26,202,202,27,unknown,legacy,lojban/2009_05/2009_05_27-02_23.txt,,,,1
2009-05-27,156,156,21,unknown,legacy,"lojban/2009_05/2009_05_27-02_23.txt,lojban/2009_05/2009_05_28-02_22.txt",,,,2
2009-05-28,137,137,21,unknown,legacy,"lojban/2009_05/2009_05_28-02_22.txt,lojban/2009_05/2009_05_29-02_22.txt",,,,2
2009-05-29,71,71,11,unknown,legacy,lojban/2009_05/2009_05_30-02_21.txt,,,,1
2009-05-30,102,102,15,unknown,legacy,"lojban/2009_05/2009_05_30-02_21.txt,lojban/2009_05/2009_05_31-02_21.txt",,,,2
2009-05-31,70,70,12,unknown,legacy,"lojban/2009_05/2009_05_31-02_21.txt,lojban/2009_06/2009_06_01-02_21.txt",,,,2
2009-06-01,167,167,18,unknown,legacy,lojban/2009_06/2009_06_02-02_21.txt,,,,1
2009-06-02,40,40,12,unknown,legacy,lojban/2009_06/2009_06_03-02_21.txt,,,,1
2009-06-03,56,56,11,unknown,legacy,lojban/2009_06/2009_06_04-02_21.txt,,,,1
2009-06-04,149,149,18,unknown,legacy,"lojban/2009_06/2009_06_04-02_21.txt,lojban/2009_06/2009_06_05-02_21.txt",,,,2
2009-06-05,148,148,15,unknown,legacy,"lojban/2009_06/2009_06_05-02_21.txt,lojban/2009_06/2009_06_06-02_24.txt",,,,2
2009-06-06,194,194,12,unknown,legacy,"lojban/2009_06/2009_06_06-02_24.txt,lojban/2009_06/2009_06_07-02_22.txt",,,,2
2009-06-07,337,337,18,unknown,legacy,lojban/2009_06/2009_06_08-02_22.txt,,,,1
2009-06-08,410,410,27,unknown,legacy,lojban/2009_06/2009_06_09-02_24.txt,,,,1
2009-06-09,282,282,18,unknown,legacy,"lojban/2009_06/2009_06_09-02_24.txt,lojban/2009_06/2009_06_10-02_22.txt",,,,2
2009-06-10,278,278,23,unknown,legacy,lojban/2009_06/2009_06_11-02_23.txt,,,,1
2009-06-11,156,156,15,unknown,legacy,"lojban/2009_06/2009_06_11-02_23.txt,lojban/2009_06/2009_06_12-02_21.txt",,,,2
2009-06-12,87,87,11,unknown,legacy,lojban/2009_06/2009_06_13-02_21.txt,,,,1
2009-06-13,137,137,11,unknown,legacy,lojban/2009_06/2009_06_14-02_21.txt,,,,1
2009-06-14,87,87,7,unknown,legacy,lojban/2009_06/2009_06_15-02_21.txt,,,,1
2009-06-15,192,192,19,unknown,legacy,"lojban/2009_06/2009_06_15-02_21.txt,lojban/2009_06/2009_06_16-02_22.txt",,,,2
2009-06-16,160,160,17,unknown,legacy,"lojban/2009_06/2009_06_16-02_22.txt,lojban/2009_06/2009_06_17-02_27.txt",,,,2
2009-06-17,294,294,15,unknown,legacy,"lojban/2009_06/2009_06_17-02_27.txt,lojban/2009_06/2009_06_18-02_31.txt",,,,2
2009-06-18,132,132,17,unknown,legacy,"lojban/2009_06/2009_06_18-02_31.txt,lojban/2009_06/2009_06_19-02_26.txt",,,,2
2009-06-19,158,158,20,unknown,legacy,"lojban/2009_06/2009_06_19-02_26.txt,lojban/2009_06/2009_06_20-02_24.txt",,,,2
2009-06-20,74,74,19,unknown,legacy,lojban/2009_06/2009_06_21-02_22.txt,,,,1
2009-06-21,102,102,13,unknown,legacy,"lojban/2009_06/2009_06_21-02_22.txt,lojban/2009_06/2009_06_22-02_27.txt",,,,2
2009-06-22,116,116,17,unknown,legacy,"lojban/2009_06/2009_06_22-02_27.txt,lojban/2009_06/2009_06_23-02_28.txt",,,,2
2009-06-23,90,90,18,unknown,legacy,"lojban/2009_06/2009_06_23-02_28.txt,lojban/2009_06/2009_06_24-02_24.txt",,,,2
2009-06-24,91,91,15,unknown,legacy,"lojban/2009_06/2009_06_24-02_24.txt,lojban/2009_06/2009_06_25-02_26.txt",,,,2
2009-06-25,159,159,16,unknown,legacy,"lojban/2009_06/2009_06_25-02_26.txt,lojban/2009_06/2009_06_26-02_26.txt",,,,2
2009-06-26,80,80,13,unknown,legacy,lojban/2009_06/2009_06_27-02_21.txt,,,,1
2009-06-27,162,162,10,unknown,legacy,"lojban/2009_06/2009_06_27-02_21.txt,lojban/2009_06/2009_06_28-02_22.txt",,,,2
2009-06-28,68,68,17,unknown,legacy,lojban/2009_06/2009_06_29-02_25.txt,,,,1
2009-06-29,155,155,17,unknown,legacy,"lojban/2009_06/2009_06_29-02_25.txt,lojban/2009_06/2009_06_30-02_39.txt",,,,2
2009-06-30,251,251,22,unknown,legacy,"lojban/2009_06/2009_06_30-02_39.txt,lojban/2009_07/2009_07_01-02_26.txt",,,,2
2009-07-01,165,165,25,unknown,legacy,"lojban/2009_07/2009_07_01-02_26.txt,lojban/2009_07/2009_07_02-02_34.txt",,,,2
2009-07-02,296,296,24,unknown,legacy,"lojban/2009_07/2009_07_02-02_34.txt,lojban/2009_07/2009_07_03-02_45.txt",,,,2
2009-07-03,106,106,17,unknown,legacy,lojban/2009_07/2009_07_04-02_23.txt,,,,1
2009-07-04,284,284,13,unknown,legacy,lojban/2009_07/2009_07_05-02_22.txt,,,,1
2009-07-05,273,273,21,unknown,legacy,"lojban/2009_07/2009_07_05-02_22.txt,lojban/2009_07/2009_07_06-02_34.txt",,,,2
2009-07-06,388,388,26,unknown,legacy,lojban/2009_07/2009_07_07-02_23.txt,,,,1
2009-07-07,612,612,26,unknown,legacy,"lojban/2009_07/2009_07_07-02_23.txt,lojban/2009_07/2009_07_08-02_48.txt",,,,2
2009-07-08,405,405,26,unknown,legacy,"lojban/2009_07/2009_07_08-02_48.txt,lojban/2009_07/2009_07_09-02_38.txt",,,,2
2009-07-09,361,361,26,unknown,legacy,"lojban/2009_07/2009_07_09-02_38.txt,lojban/2009_07/2009_07_10-02_31.txt",,,,2
2009-07-10,434,434,24,unknown,legacy,"lojban/2009_07/2009_07_10-02_31.txt,lojban/2009_07/2009_07_11-02_26.txt",,,,2
2009-07-11,76,76,16,unknown,legacy,lojban/2009_07/2009_07_12-02_23.txt,,,,1
2009-07-12,266,266,15,unknown,legacy,lojban/2009_07/2009_07_13-02_22.txt,,,,1
2009-07-13,305,305,22,unknown,legacy,lojban/2009_07/2009_07_14-02_37.txt,,,,1
2009-07-14,300,300,20,unknown,legacy,"lojban/2009_07/2009_07_14-02_37.txt,lojban/2009_07/2009_07_15-02_29.txt",,,,2
2009-07-15,206,206,24,unknown,legacy,"lojban/2009_07/2009_07_15-02_29.txt,lojban/2009_07/2009_07_16-02_33.txt",,,,2
2009-07-16,219,219,21,unknown,legacy,"lojban/2009_07/2009_07_16-02_33.txt,lojban/2009_07/2009_07_17-02_31.txt",,,,2
2009-07-17,165,165,25,unknown,legacy,"lojban/2009_07/2009_07_17-02_31.txt,lojban/2009_07/2009_07_18-02_22.txt",,,,2
2009-07-18,330,330,21,unknown,legacy,"lojban/2009_07/2009_07_18-02_22.txt,lojban/2009_07/2009_07_19-02_22.txt",,,,2
2009-07-19,156,156,21,unknown,legacy,"lojban/2009_07/2009_07_19-02_22.txt,lojban/2009_07/2009_07_20-02_32.txt",,,,2
2009-07-20,75,75,18,unknown,legacy,"lojban/2009_07/2009_07_20-02_32.txt,lojban/2009_07/2009_07_21-02_37.txt",,,,2
2009-07-21,98,98,11,unknown,legacy,"lojban/2009_07/2009_07_21-02_37.txt,lojban/2009_07/2009_07_22-02_33.txt",,,,2
2009-07-22,170,170,24,unknown,legacy,"lojban/2009_07/2009_07_22-02_33.txt,lojban/2009_07/2009_07_23-02_33.txt",,,,2
2009-07-23,248,248,15,unknown,legacy,"lojban/2009_07/2009_07_23-02_33.txt,lojban/2009_07/2009_07_24-02_29.txt",,,,2
2009-07-24,277,277,21,unknown,legacy,"lojban/2009_07/2009_07_24-02_29.txt,lojban/2009_07/2009_07_25-02_22.txt",,,,2
2009-07-25,44,44,11,unknown,legacy,"lojban/2009_07/2009_07_25-02_22.txt,lojban/2009_07/2009_07_26-02_22.txt",,,,2
2009-07-26,237,237,15,unknown,legacy,"lojban/2009_07/2009_07_26-02_22.txt,lojban/2009_07/2009_07_27-02_21.txt",,,,2
2009-07-27,216,216,24,unknown,legacy,"lojban/2009_07/2009_07_27-02_21.txt,lojban/2009_07/2009_07_28-02_22.txt",,,,2
2009-07-28,260,260,22,unknown,legacy,"lojban/2009_07/2009_07_28-02_22.txt,lojban/2009_07/2009_07_29-02_23.txt",,,,2
2009-07-29,161,161,19,unknown,legacy,"lojban/2009_07/2009_07_29-02_23.txt,lojban/2009_07/2009_07_30-02_22.txt",,,,2
2009-07-30,664,664,25,unknown,legacy,"lojban/2009_07/2009_07_30-02_22.txt,lojban/2009_07/2009_07_31-02_47.txt",,,,2
2009-07-31,419,419,29,unknown,legacy,"lojban/2009_07/2009_07_31-02_47.txt,lojban/2009_08/2009_08_01-02_22.txt",,,,2
2009-08-01,211,211,22,unknown,legacy,"lojban/2009_08/2009_08_01-02_22.txt,lojban/2009_08/2009_08_02-02_22.txt",,,,2
2009-08-02,154,154,20,unknown,legacy,"lojban/2009_08/2009_08_02-02_22.txt,lojban/2009_08/2009_08_03-02_27.txt",,,,2
2009-08-03,481,481,32,unknown,legacy,"lojban/2009_08/2009_08_03-02_27.txt,lojban/2009_08/2009_08_04-02_23.txt",,,,2
2009-08-04,269,269,23,unknown,legacy,"lojban/2009_08/2009_08_04-02_23.txt,lojban/2009_08/2009_08_05-02_23.txt",,,,2
2009-08-05,201,201,27,unknown,legacy,"lojban/2009_08/2009_08_05-02_23.txt,lojban/2009_08/2009_08_06-02_23.txt",,,,2
2009-08-06,217,217,20,unknown,legacy,"lojban/2009_08/2009_08_06-02_23.txt,lojban/2009_08/2009_08_07-02_22.txt",,,,2
2009-08-07,207,207,22,unknown,legacy,"lojban/2009_08/2009_08_07-02_22.txt,lojban/2009_08/2009_08_08-02_22.txt",,,,2
2009-08-08,164,164,15,unknown,legacy,"lojban/2009_08/2009_08_08-02_22.txt,lojban/2009_08/2009_08_09-02_21.txt",,,,2
2009-08-09,109,109,17,unknown,legacy,lojban/2009_08/2009_08_10-02_21.txt,,,,1
2009-08-10,266,266,21,unknown,legacy,"lojban/2009_08/2009_08_10-02_21.txt,lojban/2009_08/2009_08_11-02_29.txt",,,,2
2009-08-11,202,202,22,unknown,legacy,"lojban/2009_08/2009_08_11-02_29.txt,lojban/2009_08/2009_08_12-02_37.txt",,,,2
2009-08-12,516,516,23,unknown,legacy,"lojban/2009_08/2009_08_12-02_37.txt,lojban/2009_08/2009_08_13-02_34.txt",,,,2
2009-08-13,401,401,23,unknown,legacy,"lojban/2009_08/2009_08_13-02_34.txt,lojban/2009_08/2009_08_14-02_42.txt",,,,2
2009-08-14,53,53,17,unknown,legacy,"lojban/2009_08/2009_08_14-02_42.txt,lojban/2009_08/2009_08_15-02_22.txt",,,,2
2009-08-15,117,117,17,unknown,legacy,lojban/2009_08/2009_08_16-02_21.txt,,,,1
2009-08-16,323,323,18,unknown,legacy,lojban/2009_08/2009_08_17-02_38.txt,,,,1
2009-08-17,301,301,26,unknown,legacy,lojban/2009_08/2009_08_18-02_24.txt,,,,1
2009-08-18,202,202,25,unknown,legacy,"lojban/2009_08/2009_08_18-02_24.txt,lojban/2009_08/2009_08_19-02_27.txt",,,,2
2009-08-19,548,548,20,unknown,legacy,"lojban/2009_08/2009_08_19-02_27.txt,lojban/2009_08/2009_08_20-02_30.txt",,,,2
2009-08-20,385,385,28,unknown,legacy,"lojban/2009_08/2009_08_20-02_30.txt,lojban/2009_08/2009_08_21-02_24.txt",,,,2
2009-08-21,761,761,29,unknown,legacy,"lojban/2009_08/2009_08_21-02_24.txt,lojban/2009_08/2009_08_22-02_23.txt",,,,2
2009-08-22,317,317,25,unknown,legacy,"lojban/2009_08/2009_08_22-02_23.txt,lojban/2009_08/2009_08_23-02_22.txt",,,,2
2009-08-23,220,220,19,unknown,legacy,"lojban/2009_08/2009_08_23-02_22.txt,lojban/2009_08/2009_08_24-02_23.txt",,,,2
2009-08-24,377,377,32,unknown,legacy,lojban/2009_08/2009_08_25-02_33.txt,,,,1
2009-08-25,477,477,36,unknown,legacy,"lojban/2009_08/2009_08_25-02_33.txt,lojban/2009_08/2009_08_26-02_23.txt",,,,2
2009-08-26,448,448,32,unknown,legacy,"lojban/2009_08/2009_08_26-02_23.txt,lojban/2009_08/2009_08_27-02_23.txt",,,,2
2009-08-27,392,392,34,unknown,legacy,"lojban/2009_08/2009_08_27-02_23.txt,lojban/2009_08/2009_08_28-02_23.txt",,,,2
2009-08-28,767,767,33,unknown,legacy,"lojban/2009_08/2009_08_28-02_23.txt,lojban/2009_08/2009_08_29-02_23.txt",,,,2
2009-08-29,425,425,27,unknown,legacy,lojban/2009_08/2009_08_30-02_22.txt,,,,1
2009-08-30,468,468,24,unknown,legacy,"lojban/2009_08/2009_08_30-02_22.txt,lojban/2009_08/2009_08_31-02_22.txt",,,,2
2009-08-31,338,338,24,unknown,legacy,"lojban/2009_08/2009_08_31-02_22.txt,lojban/2009_09/2009_09_01-02_22.txt",,,,2
2009-09-01,274,274,22,unknown,legacy,"lojban/2009_09/2009_09_01-02_22.txt,lojban/2009_09/2009_09_02-02_26.txt",,,,2
2009-09-02,147,147,17,unknown,legacy,"lojban/2009_09/2009_09_02-02_26.txt,lojban/2009_09/2009_09_03-02_21.txt",,,,2
2009-09-03,305,305,24,unknown,legacy,"lojban/2009_09/2009_09_03-02_21.txt,lojban/2009_09/2009_09_04-02_22.txt",,,,2
2009-09-04,204,204,23,unknown,legacy,"lojban/2009_09/2009_09_04-02_22.txt,lojban/2009_09/2009_09_05-02_22.txt",,,,2
2009-09-05,273,273,23,unknown,legacy,"lojban/2009_09/2009_09_05-02_22.txt,lojban/2009_09/2009_09_06-02_22.txt",,,,2
2009-09-06,296,296,25,unknown,legacy,"lojban/2009_09/2009_09_06-02_22.txt,lojban/2009_09/2009_09_07-02_23.txt",,,,2
2009-09-07,324,324,32,unknown,legacy,"lojban/2009_09/2009_09_07-02_23.txt,lojban/2009_09/2009_09_08-02_23.txt",,,,2
2009-09-08,326,326,27,unknown,legacy,"lojban/2009_09/2009_09_08-02_23.txt,lojban/2009_09/2009_09_09-02_22.txt",,,,2
2009-09-09,402,402,33,unknown,legacy,"lojban/2009_09/2009_09_09-02_22.txt,lojban/2009_09/2009_09_10-02_32.txt",,,,2
2009-09-10,306,306,29,unknown,legacy,"lojban/2009_09/2009_09_10-02_32.txt,lojban/2009_09/2009_09_11-02_22.txt",,,,2
2009-09-11,237,237,24,unknown,legacy,"lojban/2009_09/2009_09_11-02_22.txt,lojban/2009_09/2009_09_12-02_21.txt",,,,2
2009-09-12,94,94,9,unknown,legacy,"lojban/2009_09/2009_09_12-02_21.txt,lojban/2009_09/2009_09_13-02_21.txt",,,,2
2009-09-13,199,199,24,unknown,legacy,lojban/2009_09/2009_09_14-02_22.txt,,,,1
2009-09-14,322,322,29,unknown,legacy,"lojban/2009_09/2009_09_14-02_22.txt,lojban/2009_09/2009_09_15-02_23.txt",,,,2
2009-09-15,295,295,31,unknown,legacy,"lojban/2009_09/2009_09_15-02_23.txt,lojban/2009_09/2009_09_16-02_23.txt",,,,2
2009-09-16,346,346,33,unknown,legacy,"lojban/2009_09/2009_09_16-02_23.txt,lojban/2009_09/2009_09_17-02_24.txt",,,,2
2009-09-17,203,203,26,unknown,legacy,lojban/2009_09/2009_09_18-02_27.txt,,,,1
2009-09-18,267,267,19,unknown,legacy,"lojban/2009_09/2009_09_18-02_27.txt,lojban/2009_09/2009_09_19-02_22.txt",,,,2
2009-09-19,373,373,28,unknown,legacy,"lojban/2009_09/2009_09_19-02_22.txt,lojban/2009_09/2009_09_20-02_24.txt",,,,2
2009-09-20,166,166,26,unknown,legacy,"lojban/2009_09/2009_09_20-02_24.txt,lojban/2009_09/2009_09_21-02_22.txt",,,,2
2009-09-21,312,312,27,unknown,legacy,"lojban/2009_09/2009_09_21-02_22.txt,lojban/2009_09/2009_09_22-02_22.txt",,,,2
2009-09-22,161,161,24,unknown,legacy,"lojban/2009_09/2009_09_22-02_22.txt,lojban/2009_09/2009_09_23-02_22.txt",,,,2
2009-09-23,329,329,38,unknown,legacy,"lojban/2009_09/2009_09_23-02_22.txt,lojban/2009_09/2009_09_24-02_23.txt",,,,2
2009-09-24,255,255,26,unknown,legacy,"lojban/2009_09/2009_09_24-02_23.txt,lojban/2009_09/2009_09_25-02_23.txt",,,,2
2009-09-25,400,400,29,unknown,legacy,"lojban/2009_09/2009_09_25-02_23.txt,lojban/2009_09/2009_09_26-02_22.txt",,,,2
2009-09-26,220,220,28,unknown,legacy,"lojban/2009_09/2009_09_26-02_22.txt,lojban/2009_09/2009_09_27-02_22.txt",,,,2
2009-09-27,240,240,26,unknown,legacy,"lojban/2009_09/2009_09_27-02_22.txt,lojban/2009_09/2009_09_28-02_31.txt",,,,2
2009-09-28,277,277,30,unknown,legacy,"lojban/2009_09/2009_09_28-02_31.txt,lojban/2009_09/2009_09_29-02_34.txt",,,,2
2009-09-29,315,315,22,unknown,legacy,"lojban/2009_09/2009_09_29-02_34.txt,lojban/2009_09/2009_09_30-02_24.txt",,,,2
2009-09-30,180,180,28,unknown,legacy,"lojban/2009_09/2009_09_30-02_24.txt,lojban/2009_10/2009_10_01-02_24.txt",,,,2
2009-10-01,277,277,30,unknown,legacy,"lojban/2009_10/2009_10_01-02_24.txt,lojban/2009_10/2009_10_02-02_28.txt",,,,2
2009-10-02,154,154,22,unknown,legacy,lojban/2009_10/2009_10_03-02_21.txt,,,,1
2009-10-03,100,100,14,unknown,legacy,"lojban/2009_10/2009_10_03-02_21.txt,lojban/2009_10/2009_10_04-02_21.txt",,,,2
2009-10-04,130,130,26,unknown,legacy,"lojban/2009_10/2009_10_04-02_21.txt,lojban/2009_10/2009_10_05-02_21.txt",,,,2
2009-10-05,109,109,22,unknown,legacy,"lojban/2009_10/2009_10_05-02_21.txt,lojban/2009_10/2009_10_06-02_29.txt",,,,2
2009-10-06,329,329,27,unknown,legacy,lojban/2009_10/2009_10_07-02_24.txt,,,,1
2009-10-07,337,337,28,unknown,legacy,lojban/2009_10/2009_10_08-02_23.txt,,,,1
2009-10-08,281,281,25,unknown,legacy,"lojban/2009_10/2009_10_08-02_23.txt,lojban/2009_10/2009_10_09-02_22.txt",,,,2
2009-10-09,345,345,23,unknown,legacy,"lojban/2009_10/2009_10_09-02_22.txt,lojban/2009_10/2009_10_10-02_22.txt",,,,2
2009-10-10,209,209,24,unknown,legacy,"lojban/2009_10/2009_10_10-02_22.txt,lojban/2009_10/2009_10_11-02_22.txt",,,,2
2009-10-11,225,225,20,unknown,legacy,"lojban/2009_10/2009_10_11-02_22.txt,lojban/2009_10/2009_10_12-02_22.txt",,,,2
2009-10-12,169,169,21,unknown,legacy,lojban/2009_10/2009_10_13-02_22.txt,,,,1
2009-10-13,425,425,31,unknown,legacy,lojban/2009_10/2009_10_14-02_30.txt,,,,1
2009-10-14,141,141,20,unknown,legacy,"lojban/2009_10/2009_10_14-02_30.txt,lojban/2009_10/2009_10_15-02_24.txt",,,,2
2009-10-15,148,148,21,unknown,legacy,"lojban/2009_10/2009_10_15-02_24.txt,lojban/2009_10/2009_10_16-02_23.txt",,,,2
2009-10-16,131,131,17,unknown,legacy,lojban/2009_10/2009_10_17-02_21.txt,,,,1
2009-10-17,264,264,21,unknown,legacy,"lojban/2009_10/2009_10_17-02_21.txt,lojban/2009_10/2009_10_18-02_22.txt",,,,2
2009-10-18,350,350,18,unknown,legacy,"lojban/2009_10/2009_10_18-02_22.txt,lojban/2009_10/2009_10_19-02_23.txt",,,,2
2009-10-19,182,182,18,unknown,legacy,"lojban/2009_10/2009_10_19-02_23.txt,lojban/2009_10/2009_10_20-02_21.txt",,,,2
2009-10-20,172,172,16,unknown,legacy,lojban/2009_10/2009_10_21-02_22.txt,,,,1
2009-10-21,211,211,19,unknown,legacy,"lojban/2009_10/2009_10_21-02_22.txt,lojban/2009_10/2009_10_22-02_26.txt",,,,2
2009-10-22,190,190,27,unknown,legacy,"lojban/2009_10/2009_10_22-02_26.txt,lojban/2009_10/2009_10_23-02_24.txt",,,,2
2009-10-23,205,205,18,unknown,legacy,"lojban/2009_10/2009_10_23-02_24.txt,lojban/2009_10/2009_10_24-02_23.txt",,,,2
2009-10-24,186,186,19,unknown,legacy,"lojban/2009_10/2009_10_24-02_23.txt,lojban/2009_10/2009_10_25-02_22.txt",,,,2
2009-10-25,191,191,18,unknown,legacy,"lojban/2009_10/2009_10_25-02_22.txt,lojban/2009_10/2009_10_26-02_23.txt",,,,2
2009-10-26,193,193,23,unknown,legacy,"lojban/2009_10/2009_10_26-02_23.txt,lojban/2009_10/2009_10_27-02_22.txt",,,,2
2009-10-27,142,142,31,unknown,legacy,"lojban/2009_10/2009_10_27-02_22.txt,lojban/2009_10/2009_10_28-02_23.txt",,,,2
2009-10-28,181,181,24,unknown,legacy,lojban/2009_10/2009_10_29-02_22.txt,,,,1
2009-10-29,141,141,22,unknown,legacy,"lojban/2009_10/2009_10_29-02_22.txt,lojban/2009_10/2009_10_30-02_29.txt",,,,2
2009-10-30,251,251,23,unknown,legacy,lojban/2009_10/2009_10_31-02_22.txt,,,,1
2009-10-31,131,131,19,unknown,legacy,"lojban/2009_10/2009_10_31-02_22.txt,lojban/2009_11/2009_11_01-02_23.txt",,,,2
2009-11-01,195,195,22,unknown,legacy,"lojban/2009_11/2009_11_01-02_23.txt,lojban/2009_11/2009_11_02-02_22.txt",,,,2
2009-11-02,285,285,25,unknown,legacy,"lojban/2009_11/2009_11_02-02_22.txt,lojban/2009_11/2009_11_03-02_22.txt",,,,2
2009-11-03,141,141,24,unknown,legacy,"lojban/2009_11/2009_11_03-02_22.txt,lojban/2009_11/2009_11_04-02_22.txt",,,,2
2009-11-04,335,335,27,unknown,legacy,"lojban/2009_11/2009_11_04-02_22.txt,lojban/2009_11/2009_11_05-02_23.txt",,,,2
2009-11-05,289,289,28,unknown,legacy,"lojban/2009_11/2009_11_05-02_23.txt,lojban/2009_11/2009_11_06-02_22.txt",,,,2
2009-11-06,352,352,34,unknown,legacy,"lojban/2009_11/2009_11_06-02_22.txt,lojban/2009_11/2009_11_07-02_23.txt",,,,2
2009-11-07,174,174,18,unknown,legacy,lojban/2009_11/2009_11_08-02_22.txt,,,,1
2009-11-08,107,107,15,unknown,legacy,"lojban/2009_11/2009_11_08-02_22.txt,lojban/2009_11/2009_11_09-02_24.txt",,,,2
2009-11-09,192,192,24,unknown,legacy,"lojban/2009_11/2009_11_09-02_24.txt,lojban/2009_11/2009_11_10-02_22.txt",,,,2
2009-11-10,258,258,24,unknown,legacy,lojban/2009_11/2009_11_11-02_22.txt,,,,1
2009-11-11,165,165,21,unknown,legacy,"lojban/2009_11/2009_11_11-02_22.txt,lojban/2009_11/2009_11_12-02_21.txt",,,,2
2009-11-12,129,129,21,unknown,legacy,"lojban/2009_11/2009_11_12-02_21.txt,lojban/2009_11/2009_11_13-02_21.txt",,,,2
2009-11-13,172,172,19,unknown,legacy,"lojban/2009_11/2009_11_13-02_21.txt,lojban/2009_11/2009_11_14-02_22.txt",,,,2
2009-11-14,159,159,12,unknown,legacy,lojban/2009_11/2009_11_15-02_21.txt,,,,1
2009-11-15,127,127,17,unknown,legacy,"lojban/2009_11/2009_11_15-02_21.txt,lojban/2009_11/2009_11_16-02_22.txt",,,,2
2009-11-16,354,354,23,unknown,legacy,lojban/2009_11/2009_11_17-02_22.txt,,,,1
2009-11-17,175,175,18,unknown,legacy,"lojban/2009_11/2009_11_17-02_22.txt,lojban/2009_11/2009_11_18-02_21.txt",,,,2
2009-11-18,214,214,18,unknown,legacy,"lojban/2009_11/2009_11_18-02_21.txt,lojban/2009_11/2009_11_19-02_21.txt",,,,2
2009-11-19,193,193,16,unknown,legacy,"lojban/2009_11/2009_11_19-02_21.txt,lojban/2009_11/2009_11_20-02_22.txt",,,,2
2009-11-20,166,166,11,unknown,legacy,lojban/2009_11/2009_11_21-02_21.txt,,,,1
2009-11-21,110,110,20,unknown,legacy,"lojban/2009_11/2009_11_21-02_21.txt,lojban/2009_11/2009_11_22-02_21.txt",,,,2
2009-11-22,97,97,14,unknown,legacy,"lojban/2009_11/2009_11_22-02_21.txt,lojban/2009_11/2009_11_23-02_21.txt",,,,2
2009-11-23,180,180,26,unknown,legacy,"lojban/2009_11/2009_11_23-02_21.txt,lojban/2009_11/2009_11_24-02_22.txt",,,,2
2009-11-24,178,178,26,unknown,legacy,"lojban/2009_11/2009_11_24-02_22.txt,lojban/2009_11/2009_11_25-02_22.txt",,,,2
2009-11-25,154,154,15,unknown,legacy,"lojban/2009_11/2009_11_25-02_22.txt,lojban/2009_11/2009_11_26-02_21.txt",,,,2
2009-11-26,125,125,14,unknown,legacy,"lojban/2009_11/2009_11_26-02_21.txt,lojban/2009_11/2009_11_27-02_21.txt",,,,2
2009-11-27,116,116,18,unknown,legacy,lojban/2009_11/2009_11_28-02_21.txt,,,,1
2009-11-28,214,214,17,unknown,legacy,lojban/2009_11/2009_11_29-02_22.txt,,,,1
2009-11-29,224,224,27,unknown,legacy,"lojban/2009_11/2009_11_29-02_22.txt,lojban/2009_11/2009_11_30-02_22.txt",,,,2
2009-11-30,212,212,30,unknown,legacy,"lojban/2009_11/2009_11_30-02_22.txt,lojban/2009_12/2009_12_01-02_21.txt",,,,2
2009-12-01,110,110,16,unknown,legacy,lojban/2009_12/2009_12_02-02_21.txt,,,,1
2009-12-02,159,159,22,unknown,legacy,"lojban/2009_12/2009_12_02-02_21.txt,lojban/2009_12/2009_12_03-02_21.txt",,,,2
2009-12-03,108,108,17,unknown,legacy,"lojban/2009_12/2009_12_03-02_21.txt,lojban/2009_12/2009_12_04-02_21.txt",,,,2
2009-12-04,157,157,13,unknown,legacy,lojban/2009_12/2009_12_05-02_21.txt,,,,1
2009-12-05,57,57,15,unknown,legacy,"lojban/2009_12/2009_12_05-02_21.txt,lojban/2009_12/2009_12_06-02_21.txt",,,,2
2009-12-06,83,83,14,unknown,legacy,"lojban/2009_12/2009_12_06-02_21.txt,lojban/2009_12/2009_12_07-02_21.txt",,,,2
2009-12-07,81,81,21,unknown,legacy,lojban/2009_12/2009_12_08-02_22.txt,,,,1
2009-12-08,203,203,19,unknown,legacy,"lojban/2009_12/2009_12_08-02_22.txt,lojban/2009_12/2009_12_09-02_21.txt",,,,2
2009-12-09,133,133,19,unknown,legacy,"lojban/2009_12/2009_12_09-02_21.txt,lojban/2009_12/2009_12_10-02_21.txt",,,,2
2009-12-10,67,67,12,unknown,legacy,lojban/2009_12/2009_12_11-02_21.txt,,,,1
2009-12-11,65,65,9,unknown,legacy,"lojban/2009_12/2009_12_11-02_21.txt,lojban/2009_12/2009_12_12-02_21.txt",,,,2
2009-12-12,30,30,11,unknown,legacy,lojban/2009_12/2009_12_13-02_21.txt,,,,1
2009-12-13,84,84,10,unknown,legacy,"lojban/2009_12/2009_12_13-02_21.txt,lojban/2009_12/2009_12_14-02_21.txt",,,,2
2009-12-14,108,108,17,unknown,legacy,lojban/2009_12/2009_12_15-02_27.txt,,,,1
2009-12-15,185,185,19,unknown,legacy,"lojban/2009_12/2009_12_15-02_27.txt,lojban/2009_12/2009_12_16-02_21.txt",,,,2
2009-12-16,19,19,8,unknown,legacy,"lojban/2009_12/2009_12_16-02_21.txt,lojban/2009_12/2009_12_17-02_22.txt",,,,2
2009-12-17,117,117,17,unknown,legacy,lojban/2009_12/2009_12_18-02_21.txt,,,,1
2009-12-18,181,181,15,unknown,legacy,"lojban/2009_12/2009_12_18-02_21.txt,lojban/2009_12/2009_12_19-02_21.txt",,,,2
2009-12-19,88,88,12,unknown,legacy,lojban/2009_12/2009_12_20-02_21.txt,,,,1
2009-12-20,141,141,17,unknown,legacy,"lojban/2009_12/2009_12_20-02_21.txt,lojban/2009_12/2009_12_21-02_21.txt",,,,2
2009-12-21,112,112,22,unknown,legacy,"lojban/2009_12/2009_12_21-02_21.txt,lojban/2009_12/2009_12_22-02_22.txt",,,,2
2009-12-22,132,132,15,unknown,legacy,"lojban/2009_12/2009_12_22-02_22.txt,lojban/2009_12/2009_12_23-02_21.txt",,,,2
2009-12-23,268,268,24,unknown,legacy,"lojban/2009_12/2009_12_23-02_21.txt,lojban/2009_12/2009_12_24-02_22.txt",,,,2
2009-12-24,310,310,14,unknown,legacy,lojban/2009_12/2009_12_25-02_21.txt,,,,1
2009-12-25,220,220,15,unknown,legacy,"lojban/2009_12/2009_12_25-02_21.txt,lojban/2009_12/2009_12_26-02_21.txt",,,,2
2009-12-26,272,272,17,unknown,legacy,"lojban/2009_12/2009_12_26-02_21.txt,lojban/2009_12/2009_12_27-02_21.txt",,,,2
2009-12-27,118,118,19,unknown,legacy,lojban/2009_12/2009_12_28-02_21.txt,,,,1
2009-12-28,74,74,19,unknown,legacy,"lojban/2009_12/2009_12_28-02_21.txt,lojban/2009_12/2009_12_29-02_21.txt",,,,2
2009-12-29,113,113,16,unknown,legacy,"lojban/2009_12/2009_12_29-02_21.txt,lojban/2009_12/2009_12_30-02_22.txt",,,,2
2009-12-30,137,137,19,unknown,legacy,"lojban/2009_12/2009_12_30-02_22.txt,lojban/2009_12/2009_12_31-02_21.txt",,,,2
2009-12-31,102,102,15,unknown,legacy,lojban/2010_01/2010_01_01-02_21.txt,,,,1
2010-01-01,199,199,13,unknown,legacy,"lojban/2010_01/2010_01_01-02_21.txt,lojban/2010_01/2010_01_02-02_21.txt",,,,2
2010-01-02,193,193,21,unknown,legacy,"lojban/2010_01/2010_01_02-02_21.txt,lojban/2010_01/2010_01_03-02_21.txt",,,,2
2010-01-03,84,84,15,unknown,legacy,"lojban/2010_01/2010_01_03-02_21.txt,lojban/2010_01/2010_01_04-02_21.txt",,,,2
2010-01-04,190,190,25,unknown,legacy,"lojban/2010_01/2010_01_04-02_21.txt,lojban/2010_01/2010_01_05-02_22.txt",,,,2
2010-01-05,255,255,27,unknown,legacy,"lojban/2010_01/2010_01_05-02_22.txt,lojban/2010_01/2010_01_06-02_22.txt",,,,2
2010-01-06,355,355,24,unknown,legacy,"lojban/2010_01/2010_01_06-02_22.txt,lojban/2010_01/2010_01_07-02_22.txt",,,,2
2010-01-07,721,721,34,unknown,legacy,"lojban/2010_01/2010_01_07-02_22.txt,lojban/2010_01/2010_01_08-02_23.txt",,,,2
2010-01-08,376,376,27,unknown,legacy,"lojban/2010_01/2010_01_08-02_23.txt,lojban/2010_01/2010_01_09-02_22.txt",,,,2
2010-01-09,323,323,31,unknown,legacy,"lojban/2010_01/2010_01_09-02_22.txt,lojban/2010_01/2010_01_10-02_22.txt",,,,2
2010-01-10,289,289,21,unknown,legacy,"lojban/2010_01/2010_01_10-02_22.txt,lojban/2010_01/2010_01_11-02_22.txt",,,,2
2010-01-11,640,640,26,unknown,legacy,"lojban/2010_01/2010_01_11-02_22.txt,lojban/2010_01/2010_01_12-02_22.txt",,,,2
2010-01-12,245,245,21,unknown,legacy,"lojban/2010_01/2010_01_12-02_22.txt,lojban/2010_01/2010_01_13-02_22.txt",,,,2
2010-01-13,426,426,19,unknown,legacy,"lojban/2010_01/2010_01_13-02_22.txt,lojban/2010_01/2010_01_14-02_22.txt",,,,2
2010-01-14,179,179,26,unknown,legacy,"lojban/2010_01/2010_01_14-02_22.txt,lojban/2010_01/2010_01_15-02_22.txt",,,,2
2010-01-15,1333,1023,31,unknown,legacy,"lojban/2010_01/2010_01_15-02_22.txt,lojban/2010_01/2010_01_16-02_21.txt",,,,2
2010-01-16,1773,1571,30,unknown,legacy,"lojban/2010_01/2010_01_16-02_21.txt,lojban/2010_01/2010_01_17-02_21.txt",,,,2
2010-01-17,811,625,28,unknown,legacy,"lojban/2010_01/2010_01_17-02_21.txt,lojban/2010_01/2010_01_18-02_21.txt",,,,2
2010-01-18,1339,947,36,unknown,legacy,"lojban/2010_01/2010_01_18-02_21.txt,lojban/2010_01/2010_01_19-02_21.txt",,,,2
2010-01-19,881,638,26,unknown,legacy,"lojban/2010_01/2010_01_19-02_21.txt,lojban/2010_01/2010_01_20-02_21.txt",,,,2
2010-01-20,1095,843,23,unknown,legacy,"lojban/2010_01/2010_01_20-02_21.txt,lojban/2010_01/2010_01_21-02_21.txt",,,,2
2010-01-21,1532,1254,33,unknown,legacy,"lojban/2010_01/2010_01_21-02_21.txt,lojban/2010_01/2010_01_22-02_21.txt",,,,2
2010-01-22,2818,2558,36,unknown,legacy,"lojban/2010_01/2010_01_22-02_21.txt,lojban/2010_01/2010_01_23-02_21.txt",,,,2
2010-01-23,1808,1620,34,unknown,legacy,"lojban/2010_01/2010_01_23-02_21.txt,lojban/2010_01/2010_01_24-02_21.txt",,,,2
2010-01-24,1962,1739,29,unknown,legacy,"lojban/2010_01/2010_01_24-02_21.txt,lojban/2010_01/2010_01_25-02_21.txt",,,,2
2010-01-25,1652,1360,40,unknown,legacy,"lojban/2010_01/2010_01_25-02_21.txt,lojban/2010_01/2010_01_26-02_21.txt",,,,2
2010-01-26,2982,2739,51,unknown,legacy,"lojban/2010_01/2010_01_26-02_21.txt,lojban/2010_01/2010_01_27-02_21-part1.txt",,,,2
2010-01-27,1109,992,34,unknown,legacy,"lojban/2010_01/2010_01_27-02_21-part1.txt,lojban/2010_01/2010_01_28-02_31.txt",,,,2
2010-01-28,150,150,24,unknown,legacy,"lojban/2010_01/2010_01_28-02_31.txt,lojban/2010_01/2010_01_29-02_22.txt",,,,2
2010-01-29,229,229,19,unknown,legacy,"lojban/2010_01/2010_01_29-02_22.txt,lojban/2010_01/2010_01_30-02_21.txt",,,,2
2010-01-30,85,85,27,unknown,legacy,"lojban/2010_01/2010_01_30-02_21.txt,lojban/2010_01/2010_01_31-02_21.txt",,,,2
2010-01-31,108,108,23,unknown,legacy,"lojban/2010_01/2010_01_31-02_21.txt,lojban/2010_02/2010_02_01-02_21.txt",,,,2
2010-02-01,313,313,19,unknown,legacy,"lojban/2010_02/2010_02_01-02_21.txt,lojban/2010_02/2010_02_02-02_22.txt",,,,2
2010-02-02,36,36,9,unknown,legacy,"lojban/2010_02/2010_02_02-02_22.txt,lojban/2010_02/2010_02_03-02_21.txt",,,,2
2010-02-03,112,112,20,unknown,legacy,lojban/2010_02/2010_02_04-02_21.txt,,,,1
2010-02-04,98,98,22,unknown,legacy,lojban/2010_02/2010_02_05-02_28.txt,,,,1
2010-02-05,170,170,18,unknown,legacy,"lojban/2010_02/2010_02_05-02_28.txt,lojban/2010_02/2010_02_06-02_21.txt",,,,2
2010-02-06,58,58,9,unknown,legacy,"lojban/2010_02/2010_02_06-02_21.txt,lojban/2010_02/2010_02_07-02_21.txt",,,,2
2010-02-07,65,65,14,unknown,legacy,lojban/2010_02/2010_02_08-02_21.txt,,,,1
2010-02-08,233,233,24,unknown,legacy,lojban/2010_02/2010_02_09-02_23.txt,,,,1
2010-02-09,210,210,21,unknown,legacy,"lojban/2010_02/2010_02_09-02_23.txt,lojban/2010_02/2010_02_10-02_23.txt",,,,2
2010-02-10,436,436,26,unknown,legacy,"lojban/2010_02/2010_02_10-02_23.txt,lojban/2010_02/2010_02_11-02_24.txt",,,,2
2010-02-11,172,172,24,unknown,legacy,"lojban/2010_02/2010_02_11-02_24.txt,lojban/2010_02/2010_02_12-02_24.txt",,,,2
2010-02-12,246,246,29,unknown,legacy,"lojban/2010_02/2010_02_12-02_24.txt,lojban/2010_02/2010_02_13-02_21.txt",,,,2
2010-02-13,137,137,13,unknown,legacy,"lojban/2010_02/2010_02_13-02_21.txt,lojban/2010_02/2010_02_14-02_22.txt",,,,2
2010-02-14,125,125,19,unknown,legacy,"lojban/2010_02/2010_02_14-02_22.txt,lojban/2010_02/2010_02_15-02_21.txt",,,,2
2010-02-15,201,201,21,unknown,legacy,"lojban/2010_02/2010_02_15-02_21.txt,lojban/2010_02/2010_02_16-02_22.txt",,,,2
2010-02-16,302,302,31,unknown,legacy,"lojban/2010_02/2010_02_16-02_22.txt,lojban/2010_02/2010_02_17-02_23.txt",,,,2
2010-02-17,185,185,19,unknown,legacy,"lojban/2010_02/2010_02_17-02_23.txt,lojban/2010_02/2010_02_18-02_21.txt",,,,2
2010-02-18,271,271,30,unknown,legacy,"lojban/2010_02/2010_02_18-02_21.txt,lojban/2010_02/2010_02_19-02_22.txt",,,,2
2010-02-19,206,206,22,unknown,legacy,"lojban/2010_02/2010_02_19-02_22.txt,lojban/2010_02/2010_02_20-02_22.txt",,,,2
2010-02-20,225,225,25,unknown,legacy,"lojban/2010_02/2010_02_20-02_22.txt,lojban/2010_02/2010_02_21-02_26.txt",,,,2
2010-02-21,144,144,21,unknown,legacy,"lojban/2010_02/2010_02_21-02_26.txt,lojban/2010_02/2010_02_22-02_24.txt",,,,2
2010-02-22,154,154,21,unknown,legacy,"lojban/2010_02/2010_02_22-02_24.txt,lojban/2010_02/2010_02_23-02_26.txt",,,,2
2010-02-23,169,169,21,unknown,legacy,lojban/2010_02/2010_02_24-02_22.txt,,,,1
2010-02-24,151,151,18,unknown,legacy,lojban/2010_02/2010_02_25-02_21.txt,,,,1
2010-02-25,53,53,15,unknown,legacy,lojban/2010_02/2010_02_26-02_22.txt,,,,1
2010-02-26,151,151,14,unknown,legacy,lojban/2010_02/2010_02_27-02_21.txt,,,,1
2010-02-27,96,96,12,unknown,legacy,"lojban/2010_02/2010_02_27-02_21.txt,lojban/2010_02/2010_02_28-02_21.txt",,,,2
2010-02-28,215,215,16,unknown,legacy,lojban/2010_03/2010_03_01-02_21.txt,,,,1
2010-03-01,213,213,19,unknown,legacy,"lojban/2010_03/2010_03_01-02_21.txt,lojban/2010_03/2010_03_02-02_22.txt",,,,2
2010-03-02,37,37,11,unknown,legacy,"lojban/2010_03/2010_03_02-02_22.txt,lojban/2010_03/2010_03_03-02_21.txt",,,,2
2010-03-03,126,126,20,unknown,legacy,lojban/2010_03/2010_03_04-02_22.txt,,,,1
2010-03-04,427,427,29,unknown,legacy,lojban/2010_03/2010_03_05-02_23.txt,,,,1
2010-03-05,76,76,19,unknown,legacy,lojban/2010_03/2010_03_06-02_21.txt,,,,1
2010-03-06,109,109,9,unknown,legacy,"lojban/2010_03/2010_03_06-02_21.txt,lojban/2010_03/2010_03_07-02_21.txt",,,,2
2010-03-07,135,135,15,unknown,legacy,"lojban/2010_03/2010_03_07-02_21.txt,lojban/2010_03/2010_03_08-02_33.txt",,,,2
2010-03-08,300,300,23,unknown,legacy,"lojban/2010_03/2010_03_08-02_33.txt,lojban/2010_03/2010_03_09-02_23.txt",,,,2
2010-03-09,147,147,13,unknown,legacy,lojban/2010_03/2010_03_10-02_25.txt,,,,1
2010-03-10,214,214,21,unknown,legacy,"lojban/2010_03/2010_03_10-02_25.txt,lojban/2010_03/2010_03_11-02_26.txt",,,,2
2010-03-11,336,336,28,unknown,legacy,"lojban/2010_03/2010_03_11-02_26.txt,lojban/2010_03/2010_03_12-02_23.txt",,,,2
2010-03-12,196,196,23,unknown,legacy,"lojban/2010_03/2010_03_12-02_23.txt,lojban/2010_03/2010_03_13-02_22.txt",,,,2
2010-03-13,191,191,22,unknown,legacy,"lojban/2010_03/2010_03_13-02_22.txt,lojban/2010_03/2010_03_15-03_48.txt",,,,2
2010-03-14,122,122,17,unknown,legacy,lojban/2010_03/2010_03_15-03_48.txt,,,,1
2010-03-15,161,161,23,unknown,legacy,lojban/2010_03/2010_03_16-02_23.txt,,,,1
2010-03-16,169,169,21,unknown,legacy,"lojban/2010_03/2010_03_16-02_23.txt,lojban/2010_03/2010_03_17-02_22.txt",,,,2
2010-03-17,194,194,24,unknown,legacy,lojban/2010_03/2010_03_18-02_22.txt,,,,1
2010-03-18,137,137,24,unknown,legacy,lojban/2010_03/2010_03_19-02_22.txt,,,,1
2010-03-19,371,371,30,unknown,legacy,"lojban/2010_03/2010_03_19-02_22.txt,lojban/2010_03/2010_03_20-02_22.txt",,,,2
2010-03-20,254,254,15,unknown,legacy,"lojban/2010_03/2010_03_20-02_22.txt,lojban/2010_03/2010_03_21-02_22.txt",,,,2
2010-03-21,150,150,19,unknown,legacy,"lojban/2010_03/2010_03_21-02_22.txt,lojban/2010_03/2010_03_22-02_22.txt",,,,2
2010-03-22,113,113,21,unknown,legacy,"lojban/2010_03/2010_03_22-02_22.txt,lojban/2010_03/2010_03_23-02_22.txt",,,,2
2010-03-23,162,162,18,unknown,legacy,lojban/2010_03/2010_03_24-02_23.txt,,,,1
2010-03-24,292,292,19,unknown,legacy,lojban/2010_03/2010_03_25-02_22.txt,,,,1
2010-03-26,54,54,22,unknown,legacy,lojban/2010_03/2010_03_27-02_21.txt,,,,1
2010-03-27,61,61,14,unknown,legacy,lojban/2010_03/2010_03_28-02_21.txt,,,,1
2010-03-28,139,139,27,unknown,legacy,"lojban/2010_03/2010_03_28-02_21.txt,lojban/2010_03/2010_03_29-02_22.txt",,,,2
2010-03-29,85,85,24,unknown,legacy,lojban/2010_03/2010_03_30-02_21.txt,,,,1
2010-03-30,121,121,21,unknown,legacy,"lojban/2010_03/2010_03_30-02_21.txt,lojban/2010_03/2010_03_31-02_22.txt",,,,2
2010-03-31,235,235,28,unknown,legacy,"lojban/2010_03/2010_03_31-02_22.txt,lojban/2010_04/2010_04_01-02_22.txt",,,,2
2010-04-01,370,370,17,unknown,legacy,"lojban/2010_04/2010_04_01-02_22.txt,lojban/2010_04/2010_04_02-02_21.txt",,,,2
2010-04-02,334,334,25,unknown,legacy,"lojban/2010_04/2010_04_02-02_21.txt,lojban/2010_04/2010_04_03-02_22.txt",,,,2
2010-04-03,50,50,12,unknown,legacy,"lojban/2010_04/2010_04_03-02_22.txt,lojban/2010_04/2010_04_04-02_21.txt",,,,2
2010-04-04,229,229,17,unknown,legacy,"lojban/2010_04/2010_04_04-02_21.txt,lojban/2010_04/2010_04_05-02_22.txt",,,,2
2010-04-05,322,322,23,unknown,legacy,"lojban/2010_04/2010_04_05-02_22.txt,lojban/2010_04/2010_04_06-02_22.txt",,,,2
2010-04-06,209,209,20,unknown,legacy,"lojban/2010_04/2010_04_06-02_22.txt,lojban/2010_04/2010_04_07-02_23.txt",,,,2
2010-04-07,191,191,22,unknown,legacy,"lojban/2010_04/2010_04_07-02_23.txt,lojban/2010_04/2010_04_08-02_23.txt",,,,2
2010-04-08,387,387,25,unknown,legacy,"lojban/2010_04/2010_04_08-02_23.txt,lojban/2010_04/2010_04_09-02_28.txt",,,,2
2010-04-09,99,99,18,unknown,legacy,"lojban/2010_04/2010_04_09-02_28.txt,lojban/2010_04/2010_04_10-02_22.txt",,,,2
2010-04-10,134,134,21,unknown,legacy,"lojban/2010_04/2010_04_10-02_22.txt,lojban/2010_04/2010_04_11-02_22.txt",,,,2
2010-04-11,231,231,17,unknown,legacy,"lojban/2010_04/2010_04_11-02_22.txt,lojban/2010_04/2010_04_12-02_24.txt",,,,2
2010-04-12,188,188,29,unknown,legacy,"lojban/2010_04/2010_04_12-02_24.txt,lojban/2010_04/2010_04_13-02_24.txt",,,,2
2010-04-13,275,275,25,unknown,legacy,"lojban/2010_04/2010_04_13-02_24.txt,lojban/2010_04/2010_04_14-02_23.txt",,,,2
2010-04-14,118,118,21,unknown,legacy,lojban/2010_04/2010_04_15-02_22.txt,,,,1
2010-04-15,112,112,25,unknown,legacy,"lojban/2010_04/2010_04_15-02_22.txt,lojban/2010_04/2010_04_16-02_21.txt",,,,2
2010-04-16,11,11,6,unknown,legacy,"lojban/2010_04/2010_04_16-02_21.txt,lojban/2010_04/2010_04_17-02_21.txt",,,,2
2010-04-17,70,70,14,unknown,legacy,lojban/2010_04/2010_04_18-02_21.txt,,,,1
2010-04-18,144,144,18,unknown,legacy,"lojban/2010_04/2010_04_18-02_21.txt,lojban/2010_04/2010_04_19-02_21.txt",,,,2
2010-04-19,170,170,22,unknown,legacy,"lojban/2010_04/2010_04_19-02_21.txt,lojban/2010_04/2010_04_20-02_21.txt",,,,2
2010-04-20,215,215,25,unknown,legacy,"lojban/2010_04/2010_04_20-02_21.txt,lojban/2010_04/2010_04_21-02_21.txt",,,,2
2010-04-21,161,161,24,unknown,legacy,"lojban/2010_04/2010_04_21-02_21.txt,lojban/2010_04/2010_04_22-02_21.txt",,,,2
2010-04-22,190,190,29,unknown,legacy,lojban/2010_04/2010_04_23-02_21.txt,,,,1
2010-04-23,200,200,22,unknown,legacy,lojban/2010_04/2010_04_24-02_21.txt,,,,1
2010-04-24,159,159,21,unknown,legacy,"lojban/2010_04/2010_04_24-02_21.txt,lojban/2010_04/2010_04_25-02_21.txt",,,,2
2010-04-25,156,156,22,unknown,legacy,"lojban/2010_04/2010_04_25-02_21.txt,lojban/2010_04/2010_04_26-02_21.txt",,,,2
2010-04-26,183,183,26,unknown,legacy,"lojban/2010_04/2010_04_26-02_21.txt,lojban/2010_04/2010_04_27-02_21.txt",,,,2
2010-04-27,86,86,21,unknown,legacy,"lojban/2010_04/2010_04_27-02_21.txt,lojban/2010_04/2010_04_28-02_21.txt",,,,2
2010-04-28,123,123,17,unknown,legacy,lojban/2010_04/2010_04_29-02_21.txt,,,,1
2010-04-29,155,155,22,unknown,legacy,"lojban/2010_04/2010_04_29-02_21.txt,lojban/2010_04/2010_04_30-02_21.txt",,,,2
2010-04-30,221,221,22,unknown,legacy,"lojban/2010_04/2010_04_30-02_21.txt,lojban/2010_05/2010_05_01-02_21.txt",,,,2
2010-05-01,43,43,11,unknown,legacy,"lojban/2010_05/2010_05_01-02_21.txt,lojban/2010_05/2010_05_02-02_21.txt",,,,2
2010-05-02,42,42,13,unknown,legacy,"lojban/2010_05/2010_05_02-02_21.txt,lojban/2010_05/2010_05_03-02_21.txt",,,,2
2010-05-03,137,137,23,unknown,legacy,lojban/2010_05/2010_05_04-02_21.txt,,,,1
2010-05-04,174,174,24,unknown,legacy,"lojban/2010_05/2010_05_04-02_21.txt,lojban/2010_05/2010_05_05-02_21.txt",,,,2
2010-05-05,210,210,21,unknown,legacy,"lojban/2010_05/2010_05_05-02_21.txt,lojban/2010_05/2010_05_06-02_21.txt",,,,2
2010-05-06,67,67,16,unknown,legacy,"lojban/2010_05/2010_05_06-02_21.txt,lojban/2010_05/2010_05_07-02_21.txt",,,,2
2010-05-07,410,410,21,unknown,legacy,"lojban/2010_05/2010_05_07-02_21.txt,lojban/2010_05/2010_05_08-02_21.txt",,,,2
2010-05-08,193,193,24,unknown,legacy,lojban/2010_05/2010_05_09-02_21.txt,,,,1
2010-05-09,328,328,19,unknown,legacy,"lojban/2010_05/2010_05_09-02_21.txt,lojban/2010_05/2010_05_10-02_21.txt",,,,2
2010-05-10,192,192,23,unknown,legacy,"lojban/2010_05/2010_05_10-02_21.txt,lojban/2010_05/2010_05_11-02_21.txt",,,,2
2010-05-11,329,329,27,unknown,legacy,"lojban/2010_05/2010_05_11-02_21.txt,lojban/2010_05/2010_05_12-02_21.txt",,,,2
2010-05-12,469,469,18,unknown,legacy,"lojban/2010_05/2010_05_12-02_21.txt,lojban/2010_05/2010_05_13-02_21.txt",,,,2
2010-05-13,227,227,24,unknown,legacy,"lojban/2010_05/2010_05_13-02_21.txt,lojban/2010_05/2010_05_14-02_21.txt",,,,2
2010-05-14,75,75,17,unknown,legacy,"lojban/2010_05/2010_05_14-02_21.txt,lojban/2010_05/2010_05_15-02_21.txt",,,,2
2010-05-15,202,202,22,unknown,legacy,"lojban/2010_05/2010_05_15-02_21.txt,lojban/2010_05/2010_05_16-02_21.txt",,,,2
2010-05-16,236,236,18,unknown,legacy,"lojban/2010_05/2010_05_16-02_21.txt,lojban/2010_05/2010_05_17-02_21.txt",,,,2
2010-05-17,314,314,23,unknown,legacy,"lojban/2010_05/2010_05_17-02_21.txt,lojban/2010_05/2010_05_18-02_21.txt",,,,2
2010-05-18,362,362,26,unknown,legacy,"lojban/2010_05/2010_05_18-02_21.txt,lojban/2010_05/2010_05_19-02_21.txt",,,,2
2010-05-19,266,266,25,unknown,legacy,"lojban/2010_05/2010_05_19-02_21.txt,lojban/2010_05/2010_05_20-02_21.txt",,,,2
2010-05-20,389,389,33,unknown,legacy,lojban/2010_05/2010_05_21-02_21.txt,,,,1
2010-05-21,442,442,29,unknown,legacy,"lojban/2010_05/2010_05_21-02_21.txt,lojban/2010_05/2010_05_22-02_21.txt",,,,2
2010-05-22,172,172,15,unknown,legacy,"lojban/2010_05/2010_05_22-02_21.txt,lojban/2010_05/2010_05_23-02_21.txt",,,,2
2010-05-23,137,137,16,unknown,legacy,lojban/2010_05/2010_05_24-02_21.txt,,,,1
2010-05-24,88,88,17,unknown,legacy,lojban/2010_05/2010_05_25-02_21.txt,,,,1
2010-05-25,232,232,22,unknown,legacy,lojban/2010_05/2010_05_26-02_21.txt,,,,1
2010-05-26,143,143,22,unknown,legacy,lojban/2010_05/2010_05_27-02_21.txt,,,,1
2010-05-27,224,224,19,unknown,legacy,"lojban/2010_05/2010_05_27-02_21.txt,lojban/2010_05/2010_05_28-02_21.txt",,,,2
2010-05-28,168,168,17,unknown,legacy,lojban/2010_05/2010_05_29-02_21.txt,,,,1
2010-05-29,86,86,18,unknown,legacy,lojban/2010_05/2010_05_30-02_21.txt,,,,1
2010-05-30,49,49,16,unknown,legacy,lojban/2010_05/2010_05_31-02_21.txt,,,,1
2010-05-31,262,262,18,unknown,legacy,"lojban/2010_05/2010_05_31-02_21.txt,lojban/2010_06/2010_06_01-02_21.txt",,,,2
2010-06-01,192,192,26,unknown,legacy,"lojban/2010_06/2010_06_01-02_21.txt,lojban/2010_06/2010_06_02-02_21.txt",,,,2
2010-06-02,141,141,21,unknown,legacy,"lojban/2010_06/2010_06_02-02_21.txt,lojban/2010_06/2010_06_03-02_21.txt",,,,2
2010-06-03,97,97,19,unknown,legacy,"lojban/2010_06/2010_06_03-02_21.txt,lojban/2010_06/2010_06_04-02_21.txt",,,,2
2010-06-04,194,194,12,unknown,legacy,lojban/2010_06/2010_06_05-02_21.txt,,,,1
2010-06-05,57,57,13,unknown,legacy,lojban/2010_06/2010_06_06-02_21.txt,,,,1
2010-06-06,188,188,16,unknown,legacy,"lojban/2010_06/2010_06_06-02_21.txt,lojban/2010_06/2010_06_07-02_21.txt",,,,2
2010-06-07,188,188,18,unknown,legacy,"lojban/2010_06/2010_06_07-02_21.txt,lojban/2010_06/2010_06_08-02_21.txt",,,,2
2010-06-08,341,341,16,unknown,legacy,"lojban/2010_06/2010_06_08-02_21.txt,lojban/2010_06/2010_06_09-02_21.txt",,,,2
2010-06-09,163,163,22,unknown,legacy,"lojban/2010_06/2010_06_09-02_21.txt,lojban/2010_06/2010_06_10-02_21.txt",,,,2
2010-06-10,311,311,22,unknown,legacy,"lojban/2010_06/2010_06_10-02_21.txt,lojban/2010_06/2010_06_11-02_21.txt",,,,2
2010-06-11,114,114,20,unknown,legacy,"lojban/2010_06/2010_06_11-02_21.txt,lojban/2010_06/2010_06_12-02_21.txt",,,,2
2010-06-12,136,136,18,unknown,legacy,"lojban/2010_06/2010_06_12-02_21.txt,lojban/2010_06/2010_06_13-02_21.txt",,,,2
2010-06-13,288,288,25,unknown,legacy,"lojban/2010_06/2010_06_13-02_21.txt,lojban/2010_06/2010_06_14-02_21.txt",,,,2
2010-06-14,249,249,22,unknown,legacy,lojban/2010_06/2010_06_15-02_21.txt,,,,1
2010-06-15,724,724,25,unknown,legacy,"lojban/2010_06/2010_06_15-02_21.txt,lojban/2010_06/2010_06_16-02_21.txt",,,,2
2010-06-16,242,242,17,unknown,legacy,"lojban/2010_06/2010_06_16-02_21.txt,lojban/2010_06/2010_06_17-02_21.txt",,,,2
2010-06-17,633,633,24,unknown,legacy,"lojban/2010_06/2010_06_17-02_21.txt,lojban/2010_06/2010_06_18-02_21.txt",,,,2
2010-06-18,274,274,12,unknown,legacy,"lojban/2010_06/2010_06_18-02_21.txt,lojban/2010_06/2010_06_19-02_21.txt",,,,2
2010-06-19,271,271,12,unknown,legacy,lojban/2010_06/2010_06_20-02_21.txt,,,,1
2010-06-20,50,50,10,unknown,legacy,"lojban/2010_06/2010_06_20-02_21.txt,lojban/2010_06/2010_06_21-02_21.txt",,,,2
2010-06-21,46,46,12,unknown,legacy,"lojban/2010_06/2010_06_21-02_21.txt,lojban/2010_06/2010_06_22-02_21.txt",,,,2
2010-06-22,99,99,18,unknown,legacy,lojban/2010_06/2010_06_23-02_21.txt,,,,1
2010-06-23,541,541,21,unknown,legacy,"lojban/2010_06/2010_06_23-02_21.txt,lojban/2010_06/2010_06_24-02_21.txt",,,,2
2010-06-24,218,218,18,unknown,legacy,"lojban/2010_06/2010_06_24-02_21.txt,lojban/2010_06/2010_06_25-02_21.txt",,,,2
2010-06-25,475,475,19,unknown,legacy,"lojban/2010_06/2010_06_25-02_21.txt,lojban/2010_06/2010_06_26-02_21.txt",,,,2
2010-06-26,160,160,22,unknown,legacy,"lojban/2010_06/2010_06_26-02_21.txt,lojban/2010_06/2010_06_27-02_21.txt",,,,2
2010-06-27,380,380,17,unknown,legacy,lojban/2010_06/2010_06_28-02_21.txt,,,,1
2010-06-28,52,52,16,unknown,legacy,"lojban/2010_06/2010_06_28-02_21.txt,lojban/2010_06/2010_06_29-02_21.txt",,,,2
2010-06-29,85,85,13,unknown,legacy,"lojban/2010_06/2010_06_29-02_21.txt,lojban/2010_06/2010_06_30-02_21.txt",,,,2
2010-06-30,106,106,9,unknown,legacy,lojban/2010_07/2010_07_01-02_21.txt,,,,1
2010-07-01,421,421,16,unknown,legacy,"lojban/2010_07/2010_07_01-02_21.txt,lojban/2010_07/2010_07_02-02_21.txt",,,,2
2010-07-02,314,314,21,unknown,legacy,"lojban/2010_07/2010_07_02-02_21.txt,lojban/2010_07/2010_07_03-02_21.txt",,,,2
2010-07-03,78,78,10,unknown,legacy,"lojban/2010_07/2010_07_03-02_21.txt,lojban/2010_07/2010_07_04-02_21.txt",,,,2
2010-07-04,55,55,12,unknown,legacy,lojban/2010_07/2010_07_05-02_21.txt,,,,1
2010-07-05,156,156,13,unknown,legacy,lojban/2010_07/2010_07_06-02_21.txt,,,,1
2010-07-06,319,319,23,unknown,legacy,"lojban/2010_07/2010_07_06-02_21.txt,lojban/2010_07/2010_07_07-02_21.txt",,,,2
2010-07-07,258,258,20,unknown,legacy,lojban/2010_07/2010_07_08-02_21.txt,,,,1
2010-07-08,196,196,22,unknown,legacy,"lojban/2010_07/2010_07_08-02_21.txt,lojban/2010_07/2010_07_09-02_21.txt",,,,2
2010-07-09,84,84,12,unknown,legacy,lojban/2010_07/2010_07_10-02_21.txt,,,,1
2010-07-10,17,17,10,unknown,legacy,lojban/2010_07/2010_07_11-02_21.txt,,,,1
2010-07-11,39,39,9,unknown,legacy,lojban/2010_07/2010_07_12-02_21.txt,,,,1
2010-07-12,47,47,19,unknown,legacy,lojban/2010_07/2010_07_13-02_21.txt,,,,1
2010-07-13,76,76,12,unknown,legacy,"lojban/2010_07/2010_07_13-02_21.txt,lojban/2010_07/2010_07_14-02_21.txt",,,,2
2010-07-14,96,96,18,unknown,legacy,"lojban/2010_07/2010_07_14-02_21.txt,lojban/2010_07/2010_07_15-02_21.txt",,,,2
2010-07-15,166,166,15,unknown,legacy,"lojban/2010_07/2010_07_15-02_21.txt,lojban/2010_07/2010_07_16-02_21.txt",,,,2
2010-07-16,61,61,10,unknown,legacy,"lojban/2010_07/2010_07_16-02_21.txt,lojban/2010_07/2010_07_17-02_21.txt",,,,2
2010-07-17,31,31,10,unknown,legacy,lojban/2010_07/2010_07_18-02_21.txt,,,,1
2010-07-18,240,240,11,unknown,legacy,lojban/2010_07/2010_07_19-02_21.txt,,,,1
2010-07-19,170,170,20,unknown,legacy,"lojban/2010_07/2010_07_19-02_21.txt,lojban/2010_07/2010_07_20-02_21.txt",,,,2
2010-07-20,183,183,19,unknown,legacy,"lojban/2010_07/2010_07_20-02_21.txt,lojban/2010_07/2010_07_21-02_21.txt",,,,2
2010-07-21,132,132,15,unknown,legacy,"lojban/2010_07/2010_07_21-02_21.txt,lojban/2010_07/2010_07_22-02_21.txt",,,,2
2010-07-22,159,159,20,unknown,legacy,"lojban/2010_07/2010_07_22-02_21.txt,lojban/2010_07/2010_07_23-02_21.txt",,,,2
2010-07-23,174,174,25,unknown,legacy,"lojban/2010_07/2010_07_23-02_21.txt,lojban/2010_07/2010_07_24-02_21.txt",,,,2
2010-07-24,394,394,18,unknown,legacy,"lojban/2010_07/2010_07_24-02_21.txt,lojban/2010_07/2010_07_25-02_21.txt",,,,2
2010-07-25,498,498,14,unknown,legacy,lojban/2010_07/2010_07_26-02_21.txt,,,,1
2010-07-26,174,174,17,unknown,legacy,lojban/2010_07/2010_07_27-02_21.txt,,,,1
2010-07-27,226,226,19,unknown,legacy,"lojban/2010_07/2010_07_27-02_21.txt,lojban/2010_07/2010_07_28-02_21.txt",,,,2
2010-07-28,93,93,13,unknown,legacy,"lojban/2010_07/2010_07_28-02_21.txt,lojban/2010_07/2010_07_29-02_21.txt",,,,2
2010-07-29,137,137,11,unknown,legacy,"lojban/2010_07/2010_07_29-02_21.txt,lojban/2010_07/2010_07_30-02_21.txt",,,,2
2010-07-30,194,194,19,unknown,legacy,"lojban/2010_07/2010_07_30-02_21.txt,lojban/2010_07/2010_07_31-02_21.txt",,,,2
2010-07-31,62,62,10,unknown,legacy,lojban/2010_08/2010_08_01-02_21.txt,,,,1
2010-08-01,106,106,19,unknown,legacy,lojban/2010_08/2010_08_02-02_21.txt,,,,1
2010-08-02,120,120,10,unknown,legacy,"lojban/2010_08/2010_08_02-02_21.txt,lojban/2010_08/2010_08_03-02_21.txt",,,,2
2010-08-03,68,68,10,unknown,legacy,"lojban/2010_08/2010_08_03-02_21.txt,lojban/2010_08/2010_08_04-02_21.txt",,,,2
2010-08-04,62,62,12,unknown,legacy,"lojban/2010_08/2010_08_04-02_21.txt,lojban/2010_08/2010_08_05-02_21.txt",,,,2
2010-08-05,99,99,17,unknown,legacy,"lojban/2010_08/2010_08_05-02_21.txt,lojban/2010_08/2010_08_06-02_21.txt",,,,2
2010-08-06,1,1,1,unknown,legacy,lojban/2010_08/2010_08_07-02_21.txt,,,,1
2010-08-07,34,34,10,unknown,legacy,lojban/2010_08/2010_08_08-02_21.txt,,,,1
2010-08-08,47,47,8,unknown,legacy,"lojban/2010_08/2010_08_08-02_21.txt,lojban/2010_08/2010_08_09-02_21.txt",,,,2
2010-08-09,73,73,16,unknown,legacy,"lojban/2010_08/2010_08_09-02_21.txt,lojban/2010_08/2010_08_10-02_21.txt",,,,2
2010-08-10,110,110,21,unknown,legacy,"lojban/2010_08/2010_08_10-02_21.txt,lojban/2010_08/2010_08_11-02_21.txt",,,,2
2010-08-11,76,76,17,unknown,legacy,"lojban/2010_08/2010_08_11-02_21.txt,lojban/2010_08/2010_08_13-02_21.txt",,,,2
2010-08-13,42,42,15,unknown,legacy,lojban/2010_08/2010_08_14-02_21.txt,,,,1
2010-08-14,75,75,13,unknown,legacy,lojban/2010_08/2010_08_15-02_21.txt,,,,1
2010-08-15,127,127,16,unknown,legacy,lojban/2010_08/2010_08_16-02_21.txt,,,,1
2010-08-16,205,205,22,unknown,legacy,lojban/2010_08/2010_08_17-02_21.txt,,,,1
2010-08-17,169,169,24,unknown,legacy,lojban/2010_08/2010_08_18-02_21.txt,,,,1
2010-08-18,219,219,20,unknown,legacy,"lojban/2010_08/2010_08_18-02_21.txt,lojban/2010_08/2010_08_19-02_21.txt",,,,2
2010-08-19,209,209,21,unknown,legacy,"lojban/2010_08/2010_08_19-02_21.txt,lojban/2010_08/2010_08_20-02_21.txt",,,,2
2010-08-20,153,153,16,unknown,legacy,lojban/2010_08/2010_08_21-02_21.txt,,,,1
2010-08-21,134,134,18,unknown,legacy,"lojban/2010_08/2010_08_21-02_21.txt,lojban/2010_08/2010_08_22-02_21.txt",,,,2
2010-08-22,38,38,13,unknown,legacy,lojban/2010_08/2010_08_23-02_21.txt,,,,1
2010-08-23,58,58,13,unknown,legacy,"lojban/2010_08/2010_08_23-02_21.txt,lojban/2010_08/2010_08_24-02_21.txt",,,,2
2010-08-24,151,151,18,unknown,legacy,"lojban/2010_08/2010_08_24-02_21.txt,lojban/2010_08/2010_08_25-02_21.txt",,,,2
2010-08-25,141,141,18,unknown,legacy,"lojban/2010_08/2010_08_25-02_21.txt,lojban/2010_08/2010_08_26-02_21.txt",,,,2
2010-08-26,183,183,15,unknown,legacy,"lojban/2010_08/2010_08_26-02_21.txt,lojban/2010_08/2010_08_27-02_21.txt",,,,2
2010-08-27,138,138,11,unknown,legacy,"lojban/2010_08/2010_08_27-02_21.txt,lojban/2010_08/2010_08_28-02_21.txt",,,,2
2010-08-28,243,243,13,unknown,legacy,"lojban/2010_08/2010_08_28-02_21.txt,lojban/2010_08/2010_08_29-02_21.txt",,,,2
2010-08-29,129,129,17,unknown,legacy,"lojban/2010_08/2010_08_29-02_21.txt,lojban/2010_08/2010_08_30-02_21.txt",,,,2
2010-08-30,169,169,22,unknown,legacy,"lojban/2010_08/2010_08_30-02_21.txt,lojban/2010_08/2010_08_31-02_21.txt",,,,2
2010-08-31,369,369,25,unknown,legacy,"lojban/2010_08/2010_08_31-02_21.txt,lojban/2010_09/2010_09_01-02_21.txt",,,,2
2010-09-01,262,262,22,unknown,legacy,"lojban/2010_09/2010_09_01-02_21.txt,lojban/2010_09/2010_09_02-02_21.txt",,,,2
2010-09-02,316,316,17,unknown,legacy,"lojban/2010_09/2010_09_02-02_21.txt,lojban/2010_09/2010_09_03-02_21.txt",,,,2
2010-09-03,158,158,19,unknown,legacy,"lojban/2010_09/2010_09_03-02_21.txt,lojban/2010_09/2010_09_04-02_21.txt",,,,2
2010-09-04,139,139,14,unknown,legacy,"lojban/2010_09/2010_09_04-02_21.txt,lojban/2010_09/2010_09_05-02_21.txt",,,,2
2010-09-05,166,166,12,unknown,legacy,"lojban/2010_09/2010_09_05-02_21.txt,lojban/2010_09/2010_09_06-02_21.txt",,,,2
2010-09-07,138,138,16,unknown,legacy,lojban/2010_09/2010_09_08-02_21.txt,,,,1
2010-09-08,200,200,13,unknown,legacy,"lojban/2010_09/2010_09_08-02_21.txt,lojban/2010_09/2010_09_09-02_21.txt",,,,2
2010-09-09,303,303,28,unknown,legacy,"lojban/2010_09/2010_09_09-02_21.txt,lojban/2010_09/2010_09_10-02_21.txt",,,,2
2010-09-10,366,366,21,unknown,legacy,"lojban/2010_09/2010_09_10-02_21.txt,lojban/2010_09/2010_09_11-02_21.txt",,,,2
2010-09-11,219,219,10,unknown,legacy,"lojban/2010_09/2010_09_11-02_21.txt,lojban/2010_09/2010_09_12-02_21.txt",,,,2
2010-09-12,183,183,15,unknown,legacy,"lojban/2010_09/2010_09_12-02_21.txt,lojban/2010_09/2010_09_13-02_21.txt",,,,2
2010-09-13,173,173,26,unknown,legacy,"lojban/2010_09/2010_09_13-02_21.txt,lojban/2010_09/2010_09_14-02_21.txt",,,,2
2010-09-14,121,121,17,unknown,legacy,"lojban/2010_09/2010_09_14-02_21.txt,lojban/2010_09/2010_09_15-02_21.txt",,,,2
2010-09-15,209,209,23,unknown,legacy,"lojban/2010_09/2010_09_15-02_21.txt,lojban/2010_09/2010_09_16-02_21.txt",,,,2
2010-09-16,260,260,25,unknown,legacy,lojban/2010_09/2010_09_17-02_21.txt,,,,1
2010-09-17,182,182,27,unknown,legacy,"lojban/2010_09/2010_09_17-02_21.txt,lojban/2010_09/2010_09_18-02_21.txt",,,,2
2010-09-18,113,113,14,unknown,legacy,"lojban/2010_09/2010_09_18-02_21.txt,lojban/2010_09/2010_09_19-02_21.txt",,,,2
2010-09-19,78,78,17,unknown,legacy,"lojban/2010_09/2010_09_19-02_21.txt,lojban/2010_09/2010_09_19.txt",,,,2
2010-09-20,127,126,24,unknown,legacy,lojban/2010_09/2010_09_20.txt,,,,1
2010-09-21,174,174,21,unknown,legacy,lojban/2010_09/2010_09_21.txt,,,,1
2010-09-22,177,174,27,unknown,legacy,lojban/2010_09/2010_09_22.txt,,,,1
2010-09-23,168,167,17,unknown,legacy,lojban/2010_09/2010_09_23.txt,,,,1
2010-09-24,135,135,22,unknown,legacy,lojban/2010_09/2010_09_24.txt,,,,1
2010-09-25,160,160,8,unknown,legacy,lojban/2010_09/2010_09_25.txt,,,,1
2010-09-26,163,163,14,unknown,legacy,lojban/2010_09/2010_09_26.txt,,,,1
2010-09-27,75,75,16,unknown,legacy,lojban/2010_09/2010_09_27.txt,,,,1
2010-09-28,123,123,17,unknown,legacy,lojban/2010_09/2010_09_28.txt,,,,1
2010-09-29,134,134,18,unknown,legacy,lojban/2010_09/2010_09_29.txt,,,,1
2010-09-30,364,364,18,unknown,legacy,lojban/2010_09/2010_09_30.txt,,,,1
2010-10-01,172,172,20,unknown,legacy,lojban/2010_10/2010_10_01.txt,,,,1
2010-10-02,90,90,18,-0400,legacy+iso,lojban/2010_10/2010_10_02.txt,,,,1
2010-10-03,139,139,12,-0400,iso,lojban/2010_10/2010_10_03.txt,,,,1
2010-10-04,212,212,24,-0400,iso,lojban/2010_10/2010_10_04.txt,,,,1
2010-10-05,252,252,25,-0400,iso,lojban/2010_10/2010_10_05.txt,,,,1
2010-10-06,232,232,21,-0400,iso,lojban/2010_10/2010_10_06.txt,,,,1
2010-10-07,362,362,27,-0400,iso,lojban/2010_10/2010_10_07.txt,,,,1
2010-10-08,613,613,30,-0400,iso,lojban/2010_10/2010_10_08.txt,,,,1
2010-10-09,361,361,31,-0400,iso,lojban/2010_10/2010_10_09.txt,,,,1
2010-10-10,224,224,21,-0400,iso,lojban/2010_10/2010_10_10.txt,,,,1
2010-10-11,576,576,36,-0400,iso,lojban/2010_10/2010_10_11.txt,,,,1
2010-10-12,459,459,31,-0400,iso,lojban/2010_10/2010_10_12.txt,,,,1
2010-10-13,370,370,29,-0400,iso,lojban/2010_10/2010_10_13.txt,,,,1
2010-10-14,241,241,25,-0400,iso,lojban/2010_10/2010_10_14.txt,,,,1
2010-10-15,301,301,28,-0400,iso,lojban/2010_10/2010_10_15.txt,,,,1
2010-10-16,242,242,18,-0400,iso,lojban/2010_10/2010_10_16.txt,,,,1
2010-10-17,228,228,22,-0400,iso,lojban/2010_10/2010_10_17.txt,,,,1
2010-10-18,267,267,17,-0400,iso,lojban/2010_10/2010_10_18.txt,,,,1
2010-10-19,240,240,24,-0400,iso,lojban/2010_10/2010_10_19.txt,,,,1
2010-10-20,194,194,22,-0400,iso,lojban/2010_10/2010_10_20.txt,,,,1
2010-10-21,130,130,17,-0400,iso,lojban/2010_10/2010_10_21.txt,,,,1
2010-10-22,145,145,17,-0400,iso,lojban/2010_10/2010_10_22.txt,,,,1
2010-10-23,34,34,13,-0400,iso,lojban/2010_10/2010_10_23.txt,,,,1
2010-10-24,45,45,18,-0400,iso,lojban/2010_10/2010_10_24.txt,,,,1
2010-10-25,105,105,18,-0400,iso,lojban/2010_10/2010_10_25.txt,,,,1
2010-10-26,79,79,20,-0400,iso,lojban/2010_10/2010_10_26.txt,,,,1
2010-10-27,52,52,13,-0400,iso,lojban/2010_10/2010_10_27.txt,,,,1
2010-10-28,51,51,17,-0400,iso,lojban/2010_10/2010_10_28.txt,,,,1
2010-10-29,120,120,17,-0400,iso,lojban/2010_10/2010_10_29.txt,,,,1
2010-10-30,20,20,8,-0400,iso,lojban/2010_10/2010_10_30.txt,,,,1
2010-10-31,147,147,13,-0400,iso,lojban/2010_10/2010_10_31.txt,,,,1
2010-11-01,78,78,19,-0400,iso,lojban/2010_11/2010_11_01.txt,,,,1
2010-11-02,97,97,18,-0400,iso,lojban/2010_11/2010_11_02.txt,,,,1
2010-11-03,62,62,21,-0400,iso,lojban/2010_11/2010_11_03.txt,,,,1
2010-11-04,81,81,21,-0400,iso,lojban/2010_11/2010_11_04.txt,,,,1
2010-11-05,110,110,24,-0400,iso,lojban/2010_11/2010_11_05.txt,,,,1
2010-11-06,170,170,24,-0400,iso,lojban/2010_11/2010_11_06.txt,,,,1
2010-11-07,63,63,14,-0400/-0500,iso,lojban/2010_11/2010_11_07.txt,,,,1
2010-11-08,58,58,14,-0500,iso,lojban/2010_11/2010_11_08.txt,,,,1
2010-11-09,99,99,17,-0500,iso,lojban/2010_11/2010_11_09.txt,,,,1
2010-11-10,36,36,14,-0500,iso,lojban/2010_11/2010_11_10.txt,,,,1
2010-11-11,51,51,13,-0500,iso,lojban/2010_11/2010_11_11.txt,,,,1
2010-11-12,43,43,16,-0500,iso,lojban/2010_11/2010_11_12.txt,,,,1
2010-11-13,233,233,13,-0500,iso,lojban/2010_11/2010_11_13.txt,,,,1
2010-11-14,130,130,13,-0500,iso,lojban/2010_11/2010_11_14.txt,,,,1
2010-11-15,202,202,20,-0500,iso,lojban/2010_11/2010_11_15.txt,,,,1
2010-11-16,188,188,18,-0500,iso,lojban/2010_11/2010_11_16.txt,,,,1
2010-11-17,40,40,14,-0500,iso,lojban/2010_11/2010_11_17.txt,,,,1
2010-11-18,27,27,9,-0500,iso,lojban/2010_11/2010_11_18.txt,,,,1
2010-11-19,58,58,22,-0500,iso,lojban/2010_11/2010_11_19.txt,,,,1
2010-11-20,63,63,15,-0500,iso,lojban/2010_11/2010_11_20.txt,,,,1
2010-11-21,70,70,11,-0500,iso,lojban/2010_11/2010_11_21.txt,,,,1
2010-11-22,269,269,19,-0500,iso,lojban/2010_11/2010_11_22.txt,,,,1
2010-11-23,151,151,14,-0500,iso,lojban/2010_11/2010_11_23.txt,,,,1
2010-11-24,138,138,16,-0500,iso,lojban/2010_11/2010_11_24.txt,,,,1
2010-11-25,145,145,8,-0500,iso,lojban/2010_11/2010_11_25.txt,,,,1
2010-11-26,121,121,18,-0500,iso,lojban/2010_11/2010_11_26.txt,,,,1
2010-11-27,93,93,16,-0500,iso,lojban/2010_11/2010_11_27.txt,,,,1
2010-11-28,77,77,13,-0500,iso,lojban/2010_11/2010_11_28.txt,,,,1
2010-11-29,294,294,28,-0500,iso,lojban/2010_11/2010_11_29.txt,,,,1
2010-11-30,424,424,25,-0500,iso,lojban/2010_11/2010_11_30.txt,,,,1
2010-12-01,324,324,27,-0500,iso,lojban/2010_12/2010_12_01.txt,,,,1
2010-12-02,493,493,26,-0500,iso,lojban/2010_12/2010_12_02.txt,,,,1
2010-12-03,108,108,17,-0500,iso,lojban/2010_12/2010_12_03.txt,,,,1
2010-12-04,303,303,20,-0500,iso,lojban/2010_12/2010_12_04.txt,,,,1
2010-12-05,875,875,17,-0500,iso,lojban/2010_12/2010_12_05.txt,,,,1
2010-12-06,363,363,32,-0500,iso,lojban/2010_12/2010_12_06.txt,,,,1
2010-12-07,683,683,27,-0500,iso,lojban/2010_12/2010_12_07.txt,,,,1
2010-12-08,179,179,12,-0500,iso,lojban/2010_12/2010_12_08.txt,,,,1
2010-12-09,185,185,20,-0500,iso,lojban/2010_12/2010_12_09.txt,,,,1
2010-12-10,540,540,25,-0500,iso,lojban/2010_12/2010_12_10.txt,,,,1
2010-12-11,508,508,18,-0500,iso,lojban/2010_12/2010_12_11.txt,,,,1
2010-12-12,177,177,15,-0500,iso,lojban/2010_12/2010_12_12.txt,,,,1
2010-12-13,276,276,27,-0500,iso,lojban/2010_12/2010_12_13.txt,,,,1
2010-12-14,345,345,23,-0500,iso,lojban/2010_12/2010_12_14.txt,,,,1
2010-12-15,266,266,17,-0500,iso,lojban/2010_12/2010_12_15.txt,,,,1
2010-12-16,167,167,15,-0500,iso,lojban/2010_12/2010_12_16.txt,,,,1
2010-12-17,257,257,22,-0500,iso,lojban/2010_12/2010_12_17.txt,,,,1
2010-12-18,77,77,14,-0500,iso,lojban/2010_12/2010_12_18.txt,,,,1
2010-12-19,144,144,21,-0500,iso,lojban/2010_12/2010_12_19.txt,,,,1
2010-12-20,138,138,18,-0500,iso,lojban/2010_12/2010_12_20.txt,,,,1
2010-12-21,210,210,17,-0500,iso,lojban/2010_12/2010_12_21.txt,,,,1
2010-12-22,389,389,22,-0500,iso,lojban/2010_12/2010_12_22.txt,,,,1
2010-12-23,247,247,18,-0500,iso,lojban/2010_12/2010_12_23.txt,,,,1
2010-12-24,209,209,8,-0500,iso,lojban/2010_12/2010_12_24.txt,,,,1
2010-12-25,101,101,7,-0500,iso,lojban/2010_12/2010_12_25.txt,,,,1
2010-12-26,54,54,10,-0500,iso,lojban/2010_12/2010_12_26.txt,,,,1
2010-12-27,88,88,15,-0500,iso,lojban/2010_12/2010_12_27.txt,,,,1
2010-12-28,130,130,9,-0500,iso,lojban/2010_12/2010_12_28.txt,,,,1
2010-12-29,167,167,17,-0500,iso,lojban/2010_12/2010_12_29.txt,,,,1
2010-12-30,75,75,15,-0500,iso,lojban/2010_12/2010_12_30.txt,,,,1
2010-12-31,17,17,10,-0500,iso,lojban/2010_12/2010_12_31.txt,,,,1
2011-01-01,332,332,14,-0500,iso,lojban/2011_01/2011_01_01.txt,,,,1
2011-01-02,129,129,16,-0500,iso,lojban/2011_01/2011_01_02.txt,,,,1
2011-01-03,307,307,15,-0500,iso,lojban/2011_01/2011_01_03.txt,,,,1
2011-01-04,201,201,15,-0500,iso,lojban/2011_01/2011_01_04.txt,,,,1
2011-01-05,129,129,20,-0500,iso,lojban/2011_01/2011_01_05.txt,,,,1
2011-01-06,36,36,13,-0500,iso,lojban/2011_01/2011_01_06.txt,,,,1
2011-01-07,217,217,18,-0500,iso,lojban/2011_01/2011_01_07.txt,,,,1
2011-01-08,185,185,13,-0500,iso,lojban/2011_01/2011_01_08.txt,,,,1
2011-01-09,126,126,14,-0500,iso,lojban/2011_01/2011_01_09.txt,,,,1
2011-01-10,293,293,19,-0500,iso,lojban/2011_01/2011_01_10.txt,,,,1
2011-01-11,164,164,20,-0500,iso,lojban/2011_01/2011_01_11.txt,,,,1
2011-01-12,257,257,23,-0500,iso,lojban/2011_01/2011_01_12.txt,,,,1
2011-01-13,224,224,16,-0500,iso,lojban/2011_01/2011_01_13.txt,,,,1
2011-01-14,432,432,20,-0500,iso,lojban/2011_01/2011_01_14.txt,,,,1
2011-01-15,153,153,17,-0500,iso,lojban/2011_01/2011_01_15.txt,,,,1
2011-01-16,79,79,8,-0500,iso,lojban/2011_01/2011_01_16.txt,,,,1
2011-01-17,197,197,16,-0500,iso,lojban/2011_01/2011_01_17.txt,,,,1
2011-01-18,131,131,16,-0500,iso,lojban/2011_01/2011_01_18.txt,,,,1
2011-01-19,264,264,20,-0500,iso,lojban/2011_01/2011_01_19.txt,,,,1
2011-01-20,731,731,15,-0500,iso,lojban/2011_01/2011_01_20.txt,,,,1
2011-01-21,203,203,16,-0500,iso,lojban/2011_01/2011_01_21.txt,,,,1
2011-01-22,111,111,11,-0500,iso,lojban/2011_01/2011_01_22.txt,,,,1
2011-01-23,78,78,14,-0500,iso,lojban/2011_01/2011_01_23.txt,,,,1
2011-01-24,344,344,24,-0500,iso,lojban/2011_01/2011_01_24.txt,,,,1
2011-01-25,158,158,16,-0500,iso,lojban/2011_01/2011_01_25.txt,,,,1
2011-01-26,321,321,17,-0500,iso,lojban/2011_01/2011_01_26.txt,,,,1
2011-01-27,210,210,27,-0500,iso,lojban/2011_01/2011_01_27.txt,,,,1
2011-01-28,152,152,21,-0500,iso,lojban/2011_01/2011_01_28.txt,,,,1
2011-01-29,175,175,16,-0500,iso,lojban/2011_01/2011_01_29.txt,,,,1
2011-01-30,515,515,29,-0500,iso,lojban/2011_01/2011_01_30.txt,,,,1
2011-01-31,162,162,16,-0500,iso,lojban/2011_01/2011_01_31.txt,,,,1
2011-02-01,128,128,12,-0500,iso,lojban/2011_02/2011_02_01.txt,,,,1
2011-02-02,144,144,15,-0500,iso,lojban/2011_02/2011_02_02.txt,,,,1
2011-02-03,259,259,20,-0500,iso,lojban/2011_02/2011_02_03.txt,,,,1
2011-02-04,47,47,11,-0500,iso,lojban/2011_02/2011_02_04.txt,,,,1
2011-02-05,338,338,16,-0500,iso,lojban/2011_02/2011_02_05.txt,,,,1
2011-02-06,84,84,10,-0500,iso,lojban/2011_02/2011_02_06.txt,,,,1
2011-02-07,102,102,20,-0500,iso,lojban/2011_02/2011_02_07.txt,,,,1
2011-02-08,127,127,14,-0500,iso,lojban/2011_02/2011_02_08.txt,,,,1
2011-02-09,122,122,20,-0500,iso,lojban/2011_02/2011_02_09.txt,,,,1
2011-02-10,314,314,23,-0500,iso,lojban/2011_02/2011_02_10.txt,,,,1
2011-02-11,301,301,22,-0500,iso,lojban/2011_02/2011_02_11.txt,,,,1
2011-02-12,288,288,14,-0500,iso,lojban/2011_02/2011_02_12.txt,,,,1
2011-02-13,177,177,21,-0500,iso,lojban/2011_02/2011_02_13.txt,,,,1
2011-02-14,114,114,19,-0500,iso,lojban/2011_02/2011_02_14.txt,,,,1
2011-02-15,278,278,25,-0500,iso,lojban/2011_02/2011_02_15.txt,,,,1
2011-02-16,120,120,22,-0500,iso,lojban/2011_02/2011_02_16.txt,,,,1
2011-02-17,180,180,25,-0500,iso,lojban/2011_02/2011_02_17.txt,,,,1
2011-02-18,108,108,17,-0500,iso,lojban/2011_02/2011_02_18.txt,,,,1
2011-02-19,137,137,20,-0500,iso,lojban/2011_02/2011_02_19.txt,,,,1
2011-02-20,66,66,15,-0500,iso,lojban/2011_02/2011_02_20.txt,,,,1
2011-02-21,134,134,20,-0500,iso,lojban/2011_02/2011_02_21.txt,,,,1
2011-02-22,98,98,16,-0500,iso,lojban/2011_02/2011_02_22.txt,,,,1
2011-02-23,21,21,9,-0500,iso,lojban/2011_02/2011_02_23.txt,,,,1
2011-02-24,95,95,18,-0500,iso,lojban/2011_02/2011_02_24.txt,,,,1
2011-02-25,266,266,15,-0500,iso,lojban/2011_02/2011_02_25.txt,,,,1
2011-02-26,138,138,10,-0500,iso,lojban/2011_02/2011_02_26.txt,,,,1
2011-02-27,464,464,12,-0500,iso,lojban/2011_02/2011_02_27.txt,,,,1
2011-02-28,460,460,21,-0500,iso,lojban/2011_02/2011_02_28.txt,,,,1
2011-03-01,136,136,16,-0500,iso,lojban/2011_03/2011_03_01.txt,,,,1
2011-03-02,531,531,17,-0500,iso,lojban/2011_03/2011_03_02.txt,,,,1
2011-03-03,140,140,20,-0500,iso,lojban/2011_03/2011_03_03.txt,,,,1
2011-03-04,159,159,22,-0500,iso,lojban/2011_03/2011_03_04.txt,,,,1
2011-03-05,206,206,16,-0500,iso,lojban/2011_03/2011_03_05.txt,,,,1
2011-03-06,352,352,16,-0500,iso,lojban/2011_03/2011_03_06.txt,,,,1
2011-03-07,283,283,19,-0500,iso,lojban/2011_03/2011_03_07.txt,,,,1
2011-03-08,250,250,27,-0500,iso,lojban/2011_03/2011_03_08.txt,,,,1
2011-03-09,255,255,21,-0500,iso,lojban/2011_03/2011_03_09.txt,,,,1
2011-03-10,183,183,22,-0500,iso,lojban/2011_03/2011_03_10.txt,,,,1
2011-03-11,130,130,16,-0500,iso,lojban/2011_03/2011_03_11.txt,,,,1
2011-03-12,204,204,9,-0500,iso,lojban/2011_03/2011_03_12.txt,,,,1
2011-03-13,36,36,8,-0400,iso,lojban/2011_03/2011_03_13.txt,,,,1
2011-03-14,127,127,17,-0400,iso,lojban/2011_03/2011_03_14.txt,,,,1
2011-03-15,129,129,14,-0400,iso,lojban/2011_03/2011_03_15.txt,,,,1
2011-03-16,221,221,25,-0400,iso,lojban/2011_03/2011_03_16.txt,,,,1
2011-03-17,13,13,7,-0400,iso,lojban/2011_03/2011_03_17.txt,,,,1
2011-03-18,52,52,11,-0400,iso,lojban/2011_03/2011_03_18.txt,,,,1
2011-03-19,20,20,6,-0400,iso,lojban/2011_03/2011_03_19.txt,,,,1
2011-03-20,41,41,10,-0400,iso,lojban/2011_03/2011_03_20.txt,,,,1
2011-03-21,64,64,17,-0400,iso,lojban/2011_03/2011_03_21.txt,,,,1
2011-03-22,74,74,16,-0400,iso,lojban/2011_03/2011_03_22.txt,,,,1
2011-03-23,81,81,13,-0400,iso,lojban/2011_03/2011_03_23.txt,,,,1
2011-03-24,24,24,6,-0400,iso,lojban/2011_03/2011_03_24.txt,,,,1
2011-03-25,135,135,17,-0400,iso,lojban/2011_03/2011_03_25.txt,,,,1
2011-03-26,56,56,11,-0400,iso,lojban/2011_03/2011_03_26.txt,,,,1
2011-03-27,93,93,11,-0400,iso,lojban/2011_03/2011_03_27.txt,,,,1
2011-03-28,70,70,18,-0400,iso,lojban/2011_03/2011_03_28.txt,,,,1
2011-03-29,168,168,19,-0400,iso,lojban/2011_03/2011_03_29.txt,,,,1
2011-03-30,85,85,13,-0400,iso,lojban/2011_03/2011_03_30.txt,,,,1
2011-03-31,51,51,9,-0400,iso,lojban/2011_03/2011_03_31.txt,,,,1
2011-04-01,35,35,8,-0400,iso,lojban/2011_04/2011_04_01.txt,,,,1
2011-04-02,18,18,4,-0400,iso,lojban/2011_04/2011_04_02.txt,,,,1
2011-04-03,114,114,6,-0400,iso,lojban/2011_04/2011_04_03.txt,,,,1
2011-04-04,60,60,13,-0400,iso,lojban/2011_04/2011_04_04.txt,,,,1
2011-04-05,51,51,12,-0400,iso,lojban/2011_04/2011_04_05.txt,,,,1
2011-04-06,87,87,16,-0400,iso,lojban/2011_04/2011_04_06.txt,,,,1
2011-04-07,57,57,15,-0400,iso,lojban/2011_04/2011_04_07.txt,,,,1
2011-04-08,106,106,13,-0400,iso,lojban/2011_04/2011_04_08.txt,,,,1
2011-04-09,70,70,10,-0400,iso,lojban/2011_04/2011_04_09.txt,,,,1
2011-04-10,47,47,9,-0400,iso,lojban/2011_04/2011_04_10.txt,,,,1
2011-04-11,103,103,16,-0400,iso,lojban/2011_04/2011_04_11.txt,,,,1
2011-04-12,81,81,14,-0400,iso,lojban/2011_04/2011_04_12.txt,,,,1
2011-04-13,97,97,11,-0400,iso,lojban/2011_04/2011_04_13.txt,,,,1
2011-04-14,145,145,18,-0400,iso,lojban/2011_04/2011_04_14.txt,,,,1
2011-04-15,108,108,12,-0400,iso,lojban/2011_04/2011_04_15.txt,,,,1
2011-04-16,47,47,8,-0400,iso,lojban/2011_04/2011_04_16.txt,,,,1
2011-04-17,126,126,10,-0400,iso,lojban/2011_04/2011_04_17.txt,,,,1
2011-04-18,125,125,10,-0400,iso,lojban/2011_04/2011_04_18.txt,,,,1
2011-04-19,121,121,11,-0400,iso,lojban/2011_04/2011_04_19.txt,,,,1
2011-04-20,22,22,8,-0400,iso,lojban/2011_04/2011_04_20.txt,,,,1
2011-04-21,47,47,9,-0400,iso,lojban/2011_04/2011_04_21.txt,,,,1
2011-04-22,14,14,6,-0400,iso,lojban/2011_04/2011_04_22.txt,,,,1
2011-04-23,27,27,10,-0400,iso,lojban/2011_04/2011_04_23.txt,,,,1
2011-04-24,94,94,14,-0400,iso,lojban/2011_04/2011_04_24.txt,,,,1
2011-04-25,28,28,6,-0400,iso,lojban/2011_04/2011_04_25.txt,,,,1
2011-04-26,158,158,23,-0400,iso,lojban/2011_04/2011_04_26.txt,,,,1
2011-04-27,53,53,11,-0400,iso,lojban/2011_04/2011_04_27.txt,,,,1
2011-04-28,108,108,18,-0400,iso,lojban/2011_04/2011_04_28.txt,,,,1
2011-04-29,60,60,10,-0400,iso,lojban/2011_04/2011_04_29.txt,,,,1
2011-04-30,17,17,4,-0400,iso,lojban/2011_04/2011_04_30.txt,,,,1
2011-05-01,155,155,10,-0400,iso,lojban/2011_05/2011_05_01.txt,,,,1
2011-05-02,60,60,8,-0400,iso,lojban/2011_05/2011_05_02.txt,,,,1
2011-05-03,38,38,7,-0400,iso,lojban/2011_05/2011_05_03.txt,,,,1
2011-05-04,116,116,16,-0400,iso,lojban/2011_05/2011_05_04.txt,,,,1
2011-05-05,190,190,27,-0400,iso,lojban/2011_05/2011_05_05.txt,,,,1
2011-05-06,185,185,18,-0400,iso,lojban/2011_05/2011_05_06.txt,,,,1
2011-05-07,270,270,20,-0400,iso,lojban/2011_05/2011_05_07.txt,,,,1
2011-05-08,56,56,14,-0400,iso,lojban/2011_05/2011_05_08.txt,,,,1
2011-05-09,220,220,24,-0400,iso,lojban/2011_05/2011_05_09.txt,,,,1
2011-05-10,143,143,26,-0400,iso,lojban/2011_05/2011_05_10.txt,,,,1
2011-05-11,159,159,24,-0400,iso,lojban/2011_05/2011_05_11.txt,,,,1
2011-05-12,43,43,14,-0400,iso,lojban/2011_05/2011_05_12.txt,,,,1
2011-05-13,321,321,18,-0400,iso,lojban/2011_05/2011_05_13.txt,,,,1
2011-05-14,112,112,16,-0400,iso,lojban/2011_05/2011_05_14.txt,,,,1
2011-05-15,165,165,14,-0400,iso,lojban/2011_05/2011_05_15.txt,,,,1
2011-05-16,140,140,13,-0400,iso,lojban/2011_05/2011_05_16.txt,,,,1
2011-05-17,129,129,15,-0400,iso,lojban/2011_05/2011_05_17.txt,,,,1
2011-05-18,148,148,17,-0400,iso,lojban/2011_05/2011_05_18.txt,,,,1
2011-05-19,53,53,11,-0400,iso,lojban/2011_05/2011_05_19.txt,,,,1
2011-05-20,62,62,13,-0400,iso,lojban/2011_05/2011_05_20.txt,,,,1
2011-05-21,233,233,14,-0400,iso,lojban/2011_05/2011_05_21.txt,,,,1
2011-05-22,78,78,19,-0400,iso,lojban/2011_05/2011_05_22.txt,,,,1
2011-05-23,206,206,20,-0400,iso,lojban/2011_05/2011_05_23.txt,,,,1
2011-05-24,193,193,21,-0400,iso,lojban/2011_05/2011_05_24.txt,,,,1
2011-05-25,300,300,22,-0400,iso,lojban/2011_05/2011_05_25.txt,,,,1
2011-05-26,299,299,26,-0400,iso,lojban/2011_05/2011_05_26.txt,,,,1
2011-05-27,204,204,18,-0400,iso,lojban/2011_05/2011_05_27.txt,,,,1
2011-05-28,87,87,13,-0400,iso,lojban/2011_05/2011_05_28.txt,,,,1
2011-05-29,159,159,15,-0400,iso,lojban/2011_05/2011_05_29.txt,,,,1
2011-05-30,276,276,14,-0400,iso,lojban/2011_05/2011_05_30.txt,,,,1
2011-05-31,90,90,15,-0400,iso,lojban/2011_05/2011_05_31.txt,,,,1
2011-06-01,127,127,21,-0400,iso,lojban/2011_06/2011_06_01.txt,,,,1
2011-06-02,120,120,10,-0400,iso,lojban/2011_06/2011_06_02.txt,,,,1
2011-06-03,98,98,12,-0400,iso,lojban/2011_06/2011_06_03.txt,,,,1
2011-06-04,122,122,11,-0400,iso,lojban/2011_06/2011_06_04.txt,,,,1
2011-06-05,87,87,9,-0400,iso,lojban/2011_06/2011_06_05.txt,,,,1
2011-06-06,119,119,12,-0400,iso,lojban/2011_06/2011_06_06.txt,,,,1
2011-06-07,125,125,17,-0400,iso,lojban/2011_06/2011_06_07.txt,,,,1
2011-06-08,211,211,19,-0400,iso,lojban/2011_06/2011_06_08.txt,,,,1
2011-06-09,168,168,24,-0400,iso,lojban/2011_06/2011_06_09.txt,,,,1
2011-06-10,265,265,16,-0400,iso,lojban/2011_06/2011_06_10.txt,,,,1
2011-06-11,53,53,8,-0400,iso,lojban/2011_06/2011_06_11.txt,,,,1
2011-06-12,34,34,8,-0400,iso,lojban/2011_06/2011_06_12.txt,,,,1
2011-06-13,330,330,22,-0400,iso,lojban/2011_06/2011_06_13.txt,,,,1
2011-06-14,245,245,25,-0400,iso,lojban/2011_06/2011_06_14.txt,,,,1
2011-06-15,146,146,25,-0400,iso,lojban/2011_06/2011_06_15.txt,,,,1
2011-06-16,347,347,27,-0400,iso,lojban/2011_06/2011_06_16.txt,,,,1
2011-06-17,480,480,28,-0400,iso,lojban/2011_06/2011_06_17.txt,,,,1
2011-06-18,209,209,18,-0400,iso,lojban/2011_06/2011_06_18.txt,,,,1
2011-06-19,206,206,23,-0400,iso,lojban/2011_06/2011_06_19.txt,,,,1
2011-06-20,345,345,19,-0400,iso,lojban/2011_06/2011_06_20.txt,,,,1
2011-06-21,164,164,18,-0400,iso,lojban/2011_06/2011_06_21.txt,,,,1
2011-06-22,277,277,22,-0400,iso,lojban/2011_06/2011_06_22.txt,,,,1
2011-06-23,205,205,19,-0400,iso,lojban/2011_06/2011_06_23.txt,,,,1
2011-06-24,411,411,23,-0400,iso,lojban/2011_06/2011_06_24.txt,,,,1
2011-06-25,284,284,20,-0400,iso,lojban/2011_06/2011_06_25.txt,,,,1
2011-06-26,272,272,26,-0400,iso,lojban/2011_06/2011_06_26.txt,,,,1
2011-06-27,217,217,23,-0400,iso,lojban/2011_06/2011_06_27.txt,,,,1
2011-06-28,487,487,21,-0400,iso,lojban/2011_06/2011_06_28.txt,,,,1
2011-06-29,244,244,21,-0400,iso,lojban/2011_06/2011_06_29.txt,,,,1
2011-06-30,304,304,23,-0400,iso,lojban/2011_06/2011_06_30.txt,,,,1
2011-07-01,252,252,22,-0400,iso,lojban/2011_07/2011_07_01.txt,,,,1
2011-07-02,177,177,17,-0400,iso,lojban/2011_07/2011_07_02.txt,,,,1
2011-07-03,224,224,14,-0400,iso,lojban/2011_07/2011_07_03.txt,,,,1
2011-07-04,183,183,15,-0400,iso,lojban/2011_07/2011_07_04.txt,,,,1
2011-07-05,289,289,24,-0400,iso,lojban/2011_07/2011_07_05.txt,,,,1
2011-07-06,267,267,24,-0400,iso,lojban/2011_07/2011_07_06.txt,,,,1
2011-07-07,270,270,22,-0400,iso,lojban/2011_07/2011_07_07.txt,,,,1
2011-07-08,122,122,22,-0400,iso,lojban/2011_07/2011_07_08.txt,,,,1
2011-07-09,59,59,13,-0400,iso,lojban/2011_07/2011_07_09.txt,,,,1
2011-07-10,158,158,11,-0400,iso,lojban/2011_07/2011_07_10.txt,,,,1
2011-07-11,181,181,20,-0400,iso,lojban/2011_07/2011_07_11.txt,,,,1
2011-07-12,374,374,24,-0400,iso,lojban/2011_07/2011_07_12.txt,,,,1
2011-07-13,334,334,26,-0400,iso,lojban/2011_07/2011_07_13.txt,,,,1
2011-07-14,224,224,20,-0400,iso,lojban/2011_07/2011_07_14.txt,,,,1
2011-07-15,95,95,15,-0400,iso,lojban/2011_07/2011_07_15.txt,,,,1
2011-07-16,74,74,15,-0400,iso,lojban/2011_07/2011_07_16.txt,,,,1
2011-07-17,400,400,21,-0400,iso,lojban/2011_07/2011_07_17.txt,,,,1
2011-07-18,140,140,15,-0400,iso,lojban/2011_07/2011_07_18.txt,,,,1
2011-07-19,180,180,18,-0400,iso,lojban/2011_07/2011_07_19.txt,,,,1
2011-07-20,552,552,26,-0400,iso,lojban/2011_07/2011_07_20.txt,,,,1
2011-07-21,160,160,17,-0400,iso,lojban/2011_07/2011_07_21.txt,,,,1
2011-07-22,374,374,27,-0400,iso,lojban/2011_07/2011_07_22.txt,,,,1
2011-07-23,165,165,15,-0400,iso,lojban/2011_07/2011_07_23.txt,,,,1
2011-07-24,437,437,18,-0400,iso,lojban/2011_07/2011_07_24.txt,,,,1
2011-07-25,387,387,13,-0400,iso,lojban/2011_07/2011_07_25.txt,,,,1
2011-07-26,558,558,18,-0400,iso,lojban/2011_07/2011_07_26.txt,,,,1
2011-07-27,269,269,17,-0400,iso,lojban/2011_07/2011_07_27.txt,,,,1
2011-07-28,260,260,18,-0400,iso,lojban/2011_07/2011_07_28.txt,,,,1
2011-07-29,192,192,18,-0400,iso,lojban/2011_07/2011_07_29.txt,,,,1
2011-07-30,98,98,18,-0400,iso,lojban/2011_07/2011_07_30.txt,,,,1
2011-07-31,263,263,17,-0400,iso,lojban/2011_07/2011_07_31.txt,,,,1
2011-08-01,410,410,15,-0400,iso,lojban/2011_08/2011_08_01.txt,,,,1
2011-08-02,330,330,20,-0400,iso,lojban/2011_08/2011_08_02.txt,,,,1
2011-08-03,218,218,21,-0400,iso,lojban/2011_08/2011_08_03.txt,,,,1
2011-08-04,246,246,21,-0400,iso,lojban/2011_08/2011_08_04.txt,,,,1
2011-08-05,144,144,18,-0400,iso,lojban/2011_08/2011_08_05.txt,,,,1
2011-08-06,270,270,17,-0400,iso,lojban/2011_08/2011_08_06.txt,,,,1
2011-08-07,376,376,23,-0400,iso,lojban/2011_08/2011_08_07.txt,,,,1
2011-08-08,264,264,23,-0400,iso,lojban/2011_08/2011_08_08.txt,,,,1
2011-08-09,340,340,22,-0400,iso,lojban/2011_08/2011_08_09.txt,,,,1
2011-08-10,129,129,15,-0400,iso,lojban/2011_08/2011_08_10.txt,,,,1
2011-08-11,397,397,16,-0400,iso,lojban/2011_08/2011_08_11.txt,,,,1
2011-08-12,135,135,19,-0400,iso,lojban/2011_08/2011_08_12.txt,,,,1
2011-08-13,414,414,13,-0400,iso,lojban/2011_08/2011_08_13.txt,,,,1
2011-08-14,303,303,13,-0400,iso,lojban/2011_08/2011_08_14.txt,,,,1
2011-08-15,313,313,20,-0400,iso,lojban/2011_08/2011_08_15.txt,,,,1
2011-08-16,528,528,19,-0400,iso,lojban/2011_08/2011_08_16.txt,,,,1
2011-08-17,481,481,24,-0400,iso,lojban/2011_08/2011_08_17.txt,,,,1
2011-08-18,504,504,18,-0400,iso,lojban/2011_08/2011_08_18.txt,,,,1
2011-08-19,342,342,17,-0400,iso,lojban/2011_08/2011_08_19.txt,,,,1
2011-08-20,630,630,17,-0400,iso,lojban/2011_08/2011_08_20.txt,,,,1
2011-08-21,243,243,20,-0400,iso,lojban/2011_08/2011_08_21.txt,,,,1
2011-08-22,269,269,21,-0400,iso,lojban/2011_08/2011_08_22.txt,,,,1
2011-08-23,404,404,22,-0400,iso,lojban/2011_08/2011_08_23.txt,,,,1
2011-08-24,376,376,29,-0400,iso,lojban/2011_08/2011_08_24.txt,,,,1
2011-08-25,336,336,23,-0400,iso,lojban/2011_08/2011_08_25.txt,,,,1
2011-08-26,496,496,14,-0400,iso,lojban/2011_08/2011_08_26.txt,,,,1
2011-08-27,466,466,18,-0400,iso,lojban/2011_08/2011_08_27.txt,,,,1
2011-08-28,382,382,22,-0400,iso,lojban/2011_08/2011_08_28.txt,,,,1
2011-08-29,252,252,15,-0400,iso,lojban/2011_08/2011_08_29.txt,,,,1
2011-08-30,190,190,13,-0400,iso,lojban/2011_08/2011_08_30.txt,,,,1
2011-08-31,178,178,17,-0400/-0700,iso,lojban/2011_08/2011_08_31.txt,,,,1
2011-09-01,282,282,19,-0700,iso,lojban/2011_09/2011_09_01.txt,,,,1
2011-09-02,207,207,21,-0700,iso,lojban/2011_09/2011_09_02.txt,,,,1
2011-09-03,333,333,19,-0700,iso,lojban/2011_09/2011_09_03.txt,,,,1
2011-09-04,599,599,17,-0700,iso,lojban/2011_09/2011_09_04.txt,,,,1
2011-09-05,296,296,13,-0700,iso,lojban/2011_09/2011_09_05.txt,,,,1
2011-09-06,308,308,17,-0700,iso,lojban/2011_09/2011_09_06.txt,,,,1
2011-09-07,281,281,17,-0700,iso,lojban/2011_09/2011_09_07.txt,,,,1
2011-09-08,268,268,17,-0700,iso,lojban/2011_09/2011_09_08.txt,,,,1
2011-09-09,29,29,6,-0700,iso,lojban/2011_09/2011_09_09.txt,,,,1
2011-09-12,1,1,1,-0700,iso,lojban/2011_09/2011_09_12.txt,,,,1
2011-09-13,277,277,15,-0700,iso,lojban/2011_09/2011_09_13.txt,,,,1
2011-09-14,202,202,19,-0700,iso,lojban/2011_09/2011_09_14.txt,,,,1
2011-09-15,168,168,12,-0700,iso,lojban/2011_09/2011_09_15.txt,,,,1
2011-09-16,12,12,4,-0700,iso,lojban/2011_09/2011_09_16.txt,,,,1
2011-09-18,117,117,10,-0700,iso,lojban/2011_09/2011_09_18.txt,,,,1
2011-09-19,248,248,19,-0700,iso,lojban/2011_09/2011_09_19.txt,,,,1
2011-09-20,245,245,10,-0700,iso,lojban/2011_09/2011_09_20.txt,,,,1
2011-09-21,151,151,23,-0700,iso,lojban/2011_09/2011_09_21.txt,,,,1
2011-09-22,151,151,20,-0700,iso,lojban/2011_09/2011_09_22.txt,,,,1
2011-09-23,178,178,12,-0700,iso,lojban/2011_09/2011_09_23.txt,,,,1
2011-09-24,109,109,14,-0700,iso,lojban/2011_09/2011_09_24.txt,,,,1
2011-09-25,160,160,22,-0700,iso,lojban/2011_09/2011_09_25.txt,,,,1
2011-09-26,99,99,20,-0700,iso,lojban/2011_09/2011_09_26.txt,,,,1
2011-09-27,359,359,20,-0700,iso,lojban/2011_09/2011_09_27.txt,,,,1
2011-09-28,528,528,22,-0700,iso,lojban/2011_09/2011_09_28.txt,,,,1
2011-09-29,219,219,23,-0700,iso,lojban/2011_09/2011_09_29.txt,,,,1
2011-09-30,139,139,18,-0700,iso,lojban/2011_09/2011_09_30.txt,,,,1
2011-10-01,80,80,16,-0700,iso,lojban/2011_10/2011_10_01.txt,,,,1
2011-10-02,192,192,17,-0700,iso,lojban/2011_10/2011_10_02.txt,,,,1
2011-10-03,346,346,23,-0700,iso,lojban/2011_10/2011_10_03.txt,,,,1
2011-10-04,233,233,22,-0700,iso,lojban/2011_10/2011_10_04.txt,,,,1
2011-10-05,310,310,23,-0700,iso,lojban/2011_10/2011_10_05.txt,,,,1
2011-10-06,308,308,19,-0700,iso,lojban/2011_10/2011_10_06.txt,,,,1
2011-10-07,464,464,20,-0700,iso,lojban/2011_10/2011_10_07.txt,,,,1
2011-10-08,685,685,22,-0700,iso,lojban/2011_10/2011_10_08.txt,,,,1
2011-10-09,361,361,20,-0700,iso,lojban/2011_10/2011_10_09.txt,,,,1
2011-10-10,235,235,22,-0700,iso,lojban/2011_10/2011_10_10.txt,,,,1
2011-10-11,298,298,22,-0700,iso,lojban/2011_10/2011_10_11.txt,,,,1
2011-10-12,392,392,20,-0700,iso,lojban/2011_10/2011_10_12.txt,,,,1
2011-10-13,358,358,22,-0700,iso,lojban/2011_10/2011_10_13.txt,,,,1
2011-10-14,197,197,19,-0700,iso,lojban/2011_10/2011_10_14.txt,,,,1
2011-10-15,535,535,18,-0700,iso,lojban/2011_10/2011_10_15.txt,,,,1
2011-10-16,299,299,25,-0700,iso,lojban/2011_10/2011_10_16.txt,,,,1
2011-10-17,616,616,26,-0700,iso,lojban/2011_10/2011_10_17.txt,,,,1
2011-10-18,151,151,17,-0700,iso,lojban/2011_10/2011_10_18.txt,,,,1
2011-10-19,366,366,21,-0700,iso,lojban/2011_10/2011_10_19.txt,,,,1
2011-10-20,382,382,24,-0700,iso,lojban/2011_10/2011_10_20.txt,,,,1
2011-10-21,293,293,21,-0700,iso,lojban/2011_10/2011_10_21.txt,,,,1
2011-10-22,408,408,27,-0700,iso,lojban/2011_10/2011_10_22.txt,,,,1
2011-10-23,225,225,24,-0700,iso,lojban/2011_10/2011_10_23.txt,,,,1
2011-10-24,436,436,26,-0700,iso,lojban/2011_10/2011_10_24.txt,,,,1
2011-10-25,465,465,32,-0700,iso,lojban/2011_10/2011_10_25.txt,,,,1
2011-10-26,181,181,24,-0700,iso,lojban/2011_10/2011_10_26.txt,,,,1
2011-10-27,345,345,24,-0700,iso,lojban/2011_10/2011_10_27.txt,,,,1
2011-10-28,278,278,22,-0700,iso,lojban/2011_10/2011_10_28.txt,,,,1
2011-10-29,309,309,28,-0700,iso,lojban/2011_10/2011_10_29.txt,,,,1
2011-10-30,256,256,20,-0700,iso,lojban/2011_10/2011_10_30.txt,,,,1
2011-10-31,147,147,23,-0700,iso,lojban/2011_10/2011_10_31.txt,,,,1
2011-11-01,359,359,23,-0700,iso,lojban/2011_11/2011_11_01.txt,,,,1
2011-11-02,263,263,36,-0700,iso,lojban/2011_11/2011_11_02.txt,,,,1
2011-11-03,80,80,20,-0700,iso,lojban/2011_11/2011_11_03.txt,,,,1
2011-11-04,487,487,23,-0700,iso,lojban/2011_11/2011_11_04.txt,,,,1
2011-11-05,90,90,21,-0700,iso,lojban/2011_11/2011_11_05.txt,,,,1
2011-11-06,129,129,25,-0700/-0800,iso,lojban/2011_11/2011_11_06.txt,,,,1
2011-11-07,99,99,23,-0800,iso,lojban/2011_11/2011_11_07.txt,,,,1
2011-11-08,215,215,19,-0800,iso,lojban/2011_11/2011_11_08.txt,,,,1
2011-11-09,169,169,27,-0800,iso,lojban/2011_11/2011_11_09.txt,,,,1
2011-11-10,94,94,19,-0800,iso,lojban/2011_11/2011_11_10.txt,,,,1
2011-11-11,217,217,22,-0800,iso,lojban/2011_11/2011_11_11.txt,,,,1
2011-11-12,158,158,17,-0800,iso,lojban/2011_11/2011_11_12.txt,,,,1
2011-11-13,198,198,16,-0800,iso,lojban/2011_11/2011_11_13.txt,,,,1
2011-11-14,288,288,18,-0800,iso,lojban/2011_11/2011_11_14.txt,,,,1
2011-11-15,329,329,19,-0800,iso,lojban/2011_11/2011_11_15.txt,,,,1
2011-11-16,169,169,23,-0800,iso,lojban/2011_11/2011_11_16.txt,,,,1
2011-11-17,186,186,12,-0800,iso,lojban/2011_11/2011_11_17.txt,,,,1
2011-11-18,158,158,16,-0800,iso,lojban/2011_11/2011_11_18.txt,,,,1
2011-11-19,321,321,17,-0800,iso,lojban/2011_11/2011_11_19.txt,,,,1
2011-11-20,460,460,20,-0800,iso,lojban/2011_11/2011_11_20.txt,,,,1
2011-11-21,149,149,18,-0800,iso,lojban/2011_11/2011_11_21.txt,,,,1
2011-11-22,353,353,17,-0800,iso,lojban/2011_11/2011_11_22.txt,,,,1
2011-11-23,208,208,16,-0800,iso,lojban/2011_11/2011_11_23.txt,,,,1
2011-11-24,307,307,13,-0800,iso,lojban/2011_11/2011_11_24.txt,,,,1
2011-11-25,223,223,19,-0800,iso,lojban/2011_11/2011_11_25.txt,,,,1
2011-11-26,307,307,17,-0800,iso,lojban/2011_11/2011_11_26.txt,,,,1
2011-11-27,137,137,16,-0800,iso,lojban/2011_11/2011_11_27.txt,,,,1
2011-11-28,308,308,19,-0800,iso,lojban/2011_11/2011_11_28.txt,,,,1
2011-11-29,497,497,16,-0800,iso,lojban/2011_11/2011_11_29.txt,,,,1
2011-11-30,302,302,20,-0800,iso,lojban/2011_11/2011_11_30.txt,,,,1
2011-12-01,480,480,17,-0800,iso,lojban/2011_12/2011_12_01.txt,,,,1
2011-12-02,218,218,21,-0800,iso,lojban/2011_12/2011_12_02.txt,,,,1
2011-12-03,160,160,13,-0800,iso,lojban/2011_12/2011_12_03.txt,,,,1
2011-12-04,728,728,21,-0800,iso,lojban/2011_12/2011_12_04.txt,,,,1
2011-12-05,293,293,18,-0800,iso,lojban/2011_12/2011_12_05.txt,,,,1
2011-12-06,164,164,26,-0800,iso,lojban/2011_12/2011_12_06.txt,,,,1
2011-12-07,220,220,18,-0800,iso,lojban/2011_12/2011_12_07.txt,,,,1
2011-12-08,145,145,16,-0800,iso,lojban/2011_12/2011_12_08.txt,,,,1
2011-12-09,196,196,20,-0800,iso,lojban/2011_12/2011_12_09.txt,,,,1
2011-12-10,257,257,20,-0800,iso,lojban/2011_12/2011_12_10.txt,,,,1
2011-12-11,812,812,34,-0800,iso,lojban/2011_12/2011_12_11.txt,,,,1
2011-12-12,680,680,24,-0800,iso,lojban/2011_12/2011_12_12.txt,,,,1
2011-12-13,376,376,19,-0800,iso,lojban/2011_12/2011_12_13.txt,,,,1
2011-12-14,344,344,25,-0800,iso,lojban/2011_12/2011_12_14.txt,,,,1
2011-12-15,356,356,25,-0800,iso,lojban/2011_12/2011_12_15.txt,,,,1
2011-12-16,501,501,26,-0800,iso,lojban/2011_12/2011_12_16.txt,,,,1
2011-12-17,224,224,17,-0800,iso,lojban/2011_12/2011_12_17.txt,,,,1
2011-12-18,757,757,26,-0800,iso,lojban/2011_12/2011_12_18.txt,,,,1
2011-12-19,712,712,27,-0800,iso,lojban/2011_12/2011_12_19.txt,,,,1
2011-12-20,465,465,19,-0800,iso,lojban/2011_12/2011_12_20.txt,,,,1
2011-12-21,273,273,19,-0800,iso,lojban/2011_12/2011_12_21.txt,,,,1
2011-12-22,219,219,19,-0800,iso,lojban/2011_12/2011_12_22.txt,,,,1
2011-12-23,213,213,22,-0800,iso,lojban/2011_12/2011_12_23.txt,,,,1
2011-12-24,247,247,17,-0800,iso,lojban/2011_12/2011_12_24.txt,,,,1
2011-12-25,263,263,14,-0800,iso,lojban/2011_12/2011_12_25.txt,,,,1
2011-12-26,614,614,20,-0800,iso,lojban/2011_12/2011_12_26.txt,,,,1
2011-12-27,817,817,28,-0800,iso,lojban/2011_12/2011_12_27.txt,,,,1
2011-12-28,716,716,18,-0800,iso,lojban/2011_12/2011_12_28.txt,,,,1
2011-12-29,756,756,23,-0800,iso,lojban/2011_12/2011_12_29.txt,,,,1
2011-12-30,433,433,17,-0800,iso,lojban/2011_12/2011_12_30.txt,,,,1
2011-12-31,549,549,19,-0800,iso,lojban/2011_12/2011_12_31.txt,,,,1
2012-01-01,593,593,33,-0800,iso,lojban/2012_01/2012_01_01.txt,,,,1
2012-01-02,784,784,35,-0800,iso,lojban/2012_01/2012_01_02.txt,,,,1
2012-01-03,744,744,33,-0800,iso,lojban/2012_01/2012_01_03.txt,,,,1
2012-01-04,1005,1005,35,-0800,iso,lojban/2012_01/2012_01_04.txt,,,,1
2012-01-05,810,810,32,-0800,iso,lojban/2012_01/2012_01_05.txt,,,,1
2012-01-06,977,977,35,-0800,iso,lojban/2012_01/2012_01_06.txt,,,,1
2012-01-07,705,705,34,-0800,iso,lojban/2012_01/2012_01_07.txt,,,,1
2012-01-08,458,458,24,-0800,iso,lojban/2012_01/2012_01_08.txt,,,,1
2012-01-09,574,574,21,-0800,iso,lojban/2012_01/2012_01_09.txt,,,,1
2012-01-10,300,300,17,-0800,iso,lojban/2012_01/2012_01_10.txt,,,,1
2012-01-11,476,476,31,-0800,iso,lojban/2012_01/2012_01_11.txt,,,,1
2012-01-12,638,638,25,-0800,iso,lojban/2012_01/2012_01_12.txt,,,,1
2012-01-13,410,410,26,-0800,iso,lojban/2012_01/2012_01_13.txt,,,,1
2012-01-14,432,432,25,-0800,iso,lojban/2012_01/2012_01_14.txt,,,,1
2012-01-15,133,133,20,-0800,iso,lojban/2012_01/2012_01_15.txt,,,,1
2012-01-16,224,224,20,-0800,iso,lojban/2012_01/2012_01_16.txt,,,,1
2012-01-17,374,374,23,-0800,iso,lojban/2012_01/2012_01_17.txt,,,,1
2012-01-18,418,418,26,-0800,iso,lojban/2012_01/2012_01_18.txt,,,,1
2012-01-19,185,185,20,-0800,iso,lojban/2012_01/2012_01_19.txt,,,,1
2012-01-20,249,249,17,-0800,iso,lojban/2012_01/2012_01_20.txt,,,,1
2012-01-21,264,264,16,-0800,iso,lojban/2012_01/2012_01_21.txt,,,,1
2012-01-22,363,363,23,-0800,iso,lojban/2012_01/2012_01_22.txt,,,,1
2012-01-23,568,568,21,-0800,iso,lojban/2012_01/2012_01_23.txt,,,,1
2012-01-24,431,431,18,-0800,iso,lojban/2012_01/2012_01_24.txt,,,,1
2012-01-25,141,141,15,-0800,iso,lojban/2012_01/2012_01_25.txt,,,,1
2012-01-26,454,454,24,-0800,iso,lojban/2012_01/2012_01_26.txt,,,,1
2012-01-27,105,105,16,-0800,iso,lojban/2012_01/2012_01_27.txt,,,,1
2012-01-28,118,118,12,-0800,iso,lojban/2012_01/2012_01_28.txt,,,,1
2012-01-29,648,648,19,-0800,iso,lojban/2012_01/2012_01_29.txt,,,,1
2012-01-30,361,361,18,-0800,iso,lojban/2012_01/2012_01_30.txt,,,,1
2012-01-31,426,426,19,-0800,iso,lojban/2012_01/2012_01_31.txt,,,,1
2012-02-01,215,215,17,-0800,iso,lojban/2012_02/2012_02_01.txt,,,,1
2012-02-02,504,504,23,-0800,iso,lojban/2012_02/2012_02_02.txt,,,,1
2012-02-03,505,505,24,-0800,iso,lojban/2012_02/2012_02_03.txt,,,,1
2012-02-04,110,110,17,-0800,iso,lojban/2012_02/2012_02_04.txt,,,,1
2012-02-05,377,377,15,-0800,iso,lojban/2012_02/2012_02_05.txt,,,,1
2012-02-06,123,123,10,-0800,iso,lojban/2012_02/2012_02_06.txt,,,,1
2012-02-07,176,176,15,-0800,iso,lojban/2012_02/2012_02_07.txt,,,,1
2012-02-08,376,376,22,-0800,iso,lojban/2012_02/2012_02_08.txt,,,,1
2012-02-09,126,126,17,-0800,iso,lojban/2012_02/2012_02_09.txt,,,,1
2012-02-10,211,211,18,-0800,iso,lojban/2012_02/2012_02_10.txt,,,,1
2012-02-11,145,145,16,-0800,iso,lojban/2012_02/2012_02_11.txt,,,,1
2012-02-12,243,243,18,-0800,iso,lojban/2012_02/2012_02_12.txt,,,,1
2012-02-13,992,992,20,-0800,iso,lojban/2012_02/2012_02_13.txt,,,,1
2012-02-14,515,515,25,-0800,iso,lojban/2012_02/2012_02_14.txt,,,,1
2012-02-15,114,114,15,-0800,iso,lojban/2012_02/2012_02_15.txt,,,,1
2012-02-16,278,278,28,-0800,iso,lojban/2012_02/2012_02_16.txt,,,,1
2012-02-17,352,352,17,-0800,iso,lojban/2012_02/2012_02_17.txt,,,,1
2012-02-18,135,135,13,-0800,iso,lojban/2012_02/2012_02_18.txt,,,,1
2012-02-19,187,187,18,-0800,iso,lojban/2012_02/2012_02_19.txt,,,,1
2012-02-20,198,198,19,-0800,iso,lojban/2012_02/2012_02_20.txt,,,,1
2012-02-21,138,138,12,-0800,iso,lojban/2012_02/2012_02_21.txt,,,,1
2012-02-22,201,201,18,-0800,iso,lojban/2012_02/2012_02_22.txt,,,,1
2012-02-23,112,112,22,-0800,iso,lojban/2012_02/2012_02_23.txt,,,,1
2012-02-24,164,164,15,-0800,iso,lojban/2012_02/2012_02_24.txt,,,,1
2012-02-25,141,141,20,-0800,iso,lojban/2012_02/2012_02_25.txt,,,,1
2012-02-26,240,240,16,-0800,iso,lojban/2012_02/2012_02_26.txt,,,,1
2012-02-27,193,193,12,-0800,iso,lojban/2012_02/2012_02_27.txt,,,,1
2012-02-28,230,230,22,-0800,iso,lojban/2012_02/2012_02_28.txt,,,,1
2012-02-29,88,88,21,-0800,iso,lojban/2012_02/2012_02_29.txt,,,,1
2012-03-01,122,122,13,-0800,iso,lojban/2012_03/2012_03_01.txt,,,,1
2012-03-02,327,327,20,-0800,iso,lojban/2012_03/2012_03_02.txt,,,,1
2012-03-03,292,292,19,-0800,iso,lojban/2012_03/2012_03_03.txt,,,,1
2012-03-04,271,271,24,-0800,iso,lojban/2012_03/2012_03_04.txt,,,,1
2012-03-05,299,299,19,-0800,iso,lojban/2012_03/2012_03_05.txt,,,,1
2012-03-06,355,355,20,-0800,iso,lojban/2012_03/2012_03_06.txt,,,,1
2012-03-07,339,339,21,-0800,iso,lojban/2012_03/2012_03_07.txt,,,,1
2012-03-08,384,384,17,-0800,iso,lojban/2012_03/2012_03_08.txt,,,,1
2012-03-09,252,252,16,-0800,iso,lojban/2012_03/2012_03_09.txt,,,,1
2012-03-10,882,882,21,-0800,iso,lojban/2012_03/2012_03_10.txt,,,,1
2012-03-11,176,176,15,-0800/-0700,iso,lojban/2012_03/2012_03_11.txt,,,,1
2012-03-12,514,514,21,-0700,iso,lojban/2012_03/2012_03_12.txt,,,,1
2012-03-13,671,671,23,-0700,iso,lojban/2012_03/2012_03_13.txt,,,,1
2012-03-14,339,339,23,-0700,iso,lojban/2012_03/2012_03_14.txt,,,,1
2012-03-15,292,292,20,-0700,iso,lojban/2012_03/2012_03_15.txt,,,,1
2012-03-16,185,185,16,-0700,iso,lojban/2012_03/2012_03_16.txt,,,,1
2012-03-17,231,231,12,-0700,iso,lojban/2012_03/2012_03_17.txt,,,,1
2012-03-18,207,207,13,-0700,iso,lojban/2012_03/2012_03_18.txt,,,,1
2012-03-19,494,494,18,-0700,iso,lojban/2012_03/2012_03_19.txt,,,,1
2012-03-20,282,282,18,-0700,iso,lojban/2012_03/2012_03_20.txt,,,,1
2012-03-21,519,519,25,-0700,iso,lojban/2012_03/2012_03_21.txt,,,,1
2012-03-22,53,53,11,-0700,iso,lojban/2012_03/2012_03_22.txt,,,,1
2012-03-23,233,233,15,-0700,iso,lojban/2012_03/2012_03_23.txt,,,,1
2012-03-24,153,153,14,-0700,iso,lojban/2012_03/2012_03_24.txt,,,,1
2012-03-25,271,271,19,-0700,iso,lojban/2012_03/2012_03_25.txt,,,,1
2012-03-26,234,234,14,-0700,iso,lojban/2012_03/2012_03_26.txt,,,,1
2012-03-27,127,127,14,-0700,iso,lojban/2012_03/2012_03_27.txt,,,,1
2012-03-28,67,67,14,-0700,iso,lojban/2012_03/2012_03_28.txt,,,,1
2012-03-29,143,143,15,-0700,iso,lojban/2012_03/2012_03_29.txt,,,,1
2012-03-30,145,145,16,-0700,iso,lojban/2012_03/2012_03_30.txt,,,,1
2012-03-31,58,58,11,-0700,iso,lojban/2012_03/2012_03_31.txt,,,,1
2012-04-01,30,30,10,-0700,iso,lojban/2012_04/2012_04_01.txt,,,,1
2012-04-02,298,298,13,-0700,iso,lojban/2012_04/2012_04_02.txt,,,,1
2012-04-03,11,11,9,-0700,iso,lojban/2012_04/2012_04_03.txt,,,,1
2012-04-04,108,108,17,-0700,iso,lojban/2012_04/2012_04_04.txt,,,,1
2012-04-05,240,240,21,-0700,iso,lojban/2012_04/2012_04_05.txt,,,,1
2012-04-06,298,298,18,-0700,iso,lojban/2012_04/2012_04_06.txt,,,,1
2012-04-07,301,301,12,-0700,iso,lojban/2012_04/2012_04_07.txt,,,,1
2012-04-08,165,165,16,-0700,iso,lojban/2012_04/2012_04_08.txt,,,,1
2012-04-09,168,168,22,-0700,iso,lojban/2012_04/2012_04_09.txt,,,,1
2012-04-10,167,167,17,-0700,iso,lojban/2012_04/2012_04_10.txt,,,,1
2012-04-11,56,56,8,-0700,iso,lojban/2012_04/2012_04_11.txt,,,,1
2012-04-12,281,281,12,-0700,iso,lojban/2012_04/2012_04_12.txt,,,,1
2012-04-13,76,76,11,-0700,iso,lojban/2012_04/2012_04_13.txt,,,,1
2012-04-14,92,92,10,-0700,iso,lojban/2012_04/2012_04_14.txt,,,,1
2012-04-15,69,69,11,-0700,iso,lojban/2012_04/2012_04_15.txt,,,,1
2012-04-16,603,603,22,-0700,iso,lojban/2012_04/2012_04_16.txt,,,,1
2012-04-17,241,241,17,-0700,iso,lojban/2012_04/2012_04_17.txt,,,,1
2012-04-18,187,187,15,-0700,iso,lojban/2012_04/2012_04_18.txt,,,,1
2012-04-19,273,273,21,-0700,iso,lojban/2012_04/2012_04_19.txt,,,,1
2012-04-20,227,227,20,-0700,iso,lojban/2012_04/2012_04_20.txt,,,,1
2012-04-21,31,31,12,-0700,iso,lojban/2012_04/2012_04_21.txt,,,,1
2012-04-22,49,49,13,-0700,iso,lojban/2012_04/2012_04_22.txt,,,,1
2012-04-23,657,657,19,-0700,iso,lojban/2012_04/2012_04_23.txt,,,,1
2012-04-24,262,262,12,-0700,iso,lojban/2012_04/2012_04_24.txt,,,,1
2012-04-25,333,333,18,-0700,iso,lojban/2012_04/2012_04_25.txt,,,,1
2012-04-26,374,374,20,-0700,iso,lojban/2012_04/2012_04_26.txt,,,,1
2012-04-27,58,58,14,-0700,iso,lojban/2012_04/2012_04_27.txt,,,,1
2012-04-28,171,171,16,-0700,iso,lojban/2012_04/2012_04_28.txt,,,,1
2012-04-29,229,229,13,-0700,iso,lojban/2012_04/2012_04_29.txt,,,,1
2012-04-30,279,279,13,-0700,iso,lojban/2012_04/2012_04_30.txt,,,,1
2012-05-01,163,163,20,-0700,iso,lojban/2012_05/2012_05_01.txt,,,,1
2012-05-02,94,94,16,-0700,iso,lojban/2012_05/2012_05_02.txt,,,,1
2012-05-03,315,315,20,-0700,iso,lojban/2012_05/2012_05_03.txt,,,,1
2012-05-04,207,207,13,-0700,iso,lojban/2012_05/2012_05_04.txt,,,,1
2012-05-05,421,421,13,-0700,iso,lojban/2012_05/2012_05_05.txt,,,,1
2012-05-06,885,885,23,-0700,iso,lojban/2012_05/2012_05_06.txt,,,,1
2012-05-07,222,222,17,-0700,iso,lojban/2012_05/2012_05_07.txt,,,,1
2012-05-08,415,415,19,-0700,iso,lojban/2012_05/2012_05_08.txt,,,,1
2012-05-09,328,328,21,-0700,iso,lojban/2012_05/2012_05_09.txt,,,,1
2012-05-10,556,556,19,-0700,iso,lojban/2012_05/2012_05_10.txt,,,,1
2012-05-11,438,438,17,-0700,iso,lojban/2012_05/2012_05_11.txt,,,,1
2012-05-12,407,407,17,-0700,iso,lojban/2012_05/2012_05_12.txt,,,,1
2012-05-13,763,763,25,-0700,iso,lojban/2012_05/2012_05_13.txt,,,,1
2012-05-14,862,862,28,-0700,iso,lojban/2012_05/2012_05_14.txt,,,,1
2012-05-15,207,207,15,-0700,iso,lojban/2012_05/2012_05_15.txt,,,,1
2012-05-16,367,367,21,-0700,iso,lojban/2012_05/2012_05_16.txt,,,,1
2012-05-17,548,548,18,-0700,iso,lojban/2012_05/2012_05_17.txt,,,,1
2012-05-18,162,162,12,-0700,iso,lojban/2012_05/2012_05_18.txt,,,,1
2012-05-19,172,172,15,-0700,iso,lojban/2012_05/2012_05_19.txt,,,,1
2012-05-20,195,195,18,-0700,iso,lojban/2012_05/2012_05_20.txt,,,,1
2012-05-21,478,478,22,-0700,iso,lojban/2012_05/2012_05_21.txt,,,,1
2012-05-22,563,563,15,-0700,iso,lojban/2012_05/2012_05_22.txt,,,,1
2012-05-23,135,135,17,-0700,iso,lojban/2012_05/2012_05_23.txt,,,,1
2012-05-24,262,262,20,-0700,iso,lojban/2012_05/2012_05_24.txt,,,,1
2012-05-25,328,328,17,-0700,iso,lojban/2012_05/2012_05_25.txt,,,,1
2012-05-26,268,268,15,-0700,iso,lojban/2012_05/2012_05_26.txt,,,,1
2012-05-27,288,288,13,-0700,iso,lojban/2012_05/2012_05_27.txt,,,,1
2012-05-28,232,232,17,-0700,iso,lojban/2012_05/2012_05_28.txt,,,,1
2012-05-29,342,342,16,-0700,iso,lojban/2012_05/2012_05_29.txt,,,,1
2012-05-30,505,505,11,-0700,iso,lojban/2012_05/2012_05_30.txt,,,,1
2012-05-31,616,616,14,-0700,iso,lojban/2012_05/2012_05_31.txt,,,,1
2012-06-01,470,470,23,-0700,iso,lojban/2012_06/2012_06_01.txt,,,,1
2012-06-02,267,267,16,-0700,iso,lojban/2012_06/2012_06_02.txt,,,,1
2012-06-03,146,146,14,-0700,iso,lojban/2012_06/2012_06_03.txt,,,,1
2012-06-04,368,368,18,-0700,iso,lojban/2012_06/2012_06_04.txt,,,,1
2012-06-05,517,517,24,-0700,iso,lojban/2012_06/2012_06_05.txt,,,,1
2012-06-06,418,418,21,-0700,iso,lojban/2012_06/2012_06_06.txt,,,,1
2012-06-07,340,340,25,-0700,iso,lojban/2012_06/2012_06_07.txt,,,,1
2012-06-08,375,375,13,-0700,iso,lojban/2012_06/2012_06_08.txt,,,,1
2012-06-09,225,225,17,-0700,iso,lojban/2012_06/2012_06_09.txt,,,,1
2012-06-10,514,514,13,-0700,iso,lojban/2012_06/2012_06_10.txt,,,,1
2012-06-11,464,464,20,-0700,iso,lojban/2012_06/2012_06_11.txt,,,,1
2012-06-12,290,290,13,-0700,iso,lojban/2012_06/2012_06_12.txt,,,,1
2012-06-13,633,633,16,-0700,iso,lojban/2012_06/2012_06_13.txt,,,,1
2012-06-14,517,517,15,-0700,iso,lojban/2012_06/2012_06_14.txt,,,,1
2012-06-15,596,596,20,-0700,iso,lojban/2012_06/2012_06_15.txt,,,,1
2012-06-16,287,287,20,-0700,iso,lojban/2012_06/2012_06_16.txt,,,,1
2012-06-17,255,255,16,-0700,iso,lojban/2012_06/2012_06_17.txt,,,,1
2012-06-18,509,509,19,-0700,iso,lojban/2012_06/2012_06_18.txt,,,,1
2012-06-19,337,337,18,-0700,iso,lojban/2012_06/2012_06_19.txt,,,,1
2012-06-20,985,985,24,-0700,iso,lojban/2012_06/2012_06_20.txt,,,,1
2012-06-21,415,415,14,-0700,iso,lojban/2012_06/2012_06_21.txt,,,,1
2012-06-22,309,309,17,-0700,iso,lojban/2012_06/2012_06_22.txt,,,,1
2012-06-23,334,334,19,-0700,iso,lojban/2012_06/2012_06_23.txt,,,,1
2012-06-24,380,380,21,-0700,iso,lojban/2012_06/2012_06_24.txt,,,,1
2012-06-25,200,200,15,-0700,iso,lojban/2012_06/2012_06_25.txt,,,,1
2012-06-26,400,400,30,-0700,iso,lojban/2012_06/2012_06_26.txt,,,,1
2012-06-27,464,464,21,-0700,iso,lojban/2012_06/2012_06_27.txt,,,,1
2012-06-28,1229,1229,20,-0700,iso,lojban/2012_06/2012_06_28.txt,,,,1
2012-06-29,1316,1316,20,-0700,iso,lojban/2012_06/2012_06_29.txt,,,,1
2012-06-30,517,517,16,-0700,iso,lojban/2012_06/2012_06_30.txt,,,,1
2012-07-01,1065,1065,20,-0700,iso,lojban/2012_07/2012_07_01.txt,,,,1
2012-07-02,522,522,18,-0700,iso,"lojban/2012_07/2012_07_02.txt,lojban/2012_07/2012_07_02_extra.txt",,,,2
2012-07-03,711,711,21,-0700,iso,lojban/2012_07/2012_07_03.txt,,,,1
2012-07-04,406,406,19,-0700,iso,lojban/2012_07/2012_07_04.txt,,,,1
2012-07-05,295,295,17,-0700,iso,lojban/2012_07/2012_07_05.txt,,,,1
2012-07-06,864,864,25,-0700,iso,lojban/2012_07/2012_07_06.txt,,,,1
2012-07-07,644,644,21,-0700,iso,lojban/2012_07/2012_07_07.txt,,,,1
2012-07-08,502,502,20,-0700,iso,lojban/2012_07/2012_07_08.txt,,,,1
2012-07-09,261,261,16,-0700,iso,lojban/2012_07/2012_07_09.txt,,,,1
2012-07-10,255,255,22,-0700,iso,lojban/2012_07/2012_07_10.txt,,,,1
2012-07-11,181,181,12,-0700,iso,lojban/2012_07/2012_07_11.txt,,,,1
2012-07-12,250,250,16,-0700,iso,lojban/2012_07/2012_07_12.txt,,,,1
2012-07-13,479,479,17,-0700,iso,lojban/2012_07/2012_07_13.txt,,,,1
2012-07-14,613,613,18,-0700,iso,lojban/2012_07/2012_07_14.txt,,,,1
2012-07-15,626,626,23,-0700,iso,lojban/2012_07/2012_07_15.txt,,,,1
2012-07-16,706,706,23,-0700,iso,lojban/2012_07/2012_07_16.txt,,,,1
2012-07-17,412,412,26,-0700,iso,lojban/2012_07/2012_07_17.txt,,,,1
2012-07-18,244,244,17,-0700,iso,lojban/2012_07/2012_07_18.txt,,,,1
2012-07-19,438,438,21,-0700,iso,lojban/2012_07/2012_07_19.txt,,,,1
2012-07-20,187,187,12,-0700,iso,lojban/2012_07/2012_07_20.txt,,,,1
2012-07-21,227,227,12,-0700,iso,lojban/2012_07/2012_07_21.txt,,,,1
2012-07-22,237,237,13,-0700,iso,lojban/2012_07/2012_07_22.txt,,,,1
2012-07-23,435,435,19,-0700,iso,lojban/2012_07/2012_07_23.txt,,,,1
2012-07-24,819,819,14,-0700,iso,lojban/2012_07/2012_07_24.txt,,,,1
2012-07-25,172,172,14,-0700,iso,lojban/2012_07/2012_07_25.txt,,,,1
2012-07-26,182,182,19,-0700,iso,lojban/2012_07/2012_07_26.txt,,,,1
2012-07-27,292,292,14,-0700,iso,lojban/2012_07/2012_07_27.txt,,,,1
2012-07-28,315,315,12,-0700,iso,lojban/2012_07/2012_07_28.txt,,,,1
2012-07-29,153,153,17,-0700,iso,lojban/2012_07/2012_07_29.txt,,,,1
2012-07-30,449,449,10,-0700,iso,lojban/2012_07/2012_07_30.txt,,,,1
2012-07-31,342,342,19,-0700,iso,lojban/2012_07/2012_07_31.txt,,,,1
2012-08-01,450,450,22,-0700,iso,lojban/2012_08/2012_08_01.txt,,,,1
2012-08-02,508,508,22,-0700,iso,lojban/2012_08/2012_08_02.txt,,,,1
2012-08-03,277,277,11,-0700,iso,lojban/2012_08/2012_08_03.txt,,,,1
2012-08-04,498,498,18,-0700,iso,lojban/2012_08/2012_08_04.txt,,,,1
2012-08-05,530,530,15,-0700,iso,lojban/2012_08/2012_08_05.txt,,,,1
2012-08-06,504,504,16,-0700,iso,lojban/2012_08/2012_08_06.txt,,,,1
2012-08-07,290,290,17,-0700,iso,lojban/2012_08/2012_08_07.txt,,,,1
2012-08-08,173,173,17,-0700,iso,lojban/2012_08/2012_08_08.txt,,,,1
2012-08-09,380,380,18,-0700,iso,lojban/2012_08/2012_08_09.txt,,,,1
2012-08-10,364,364,17,-0700,iso,lojban/2012_08/2012_08_10.txt,,,,1
2012-08-11,225,225,15,-0700,iso,lojban/2012_08/2012_08_11.txt,,,,1
2012-08-12,477,477,17,-0700,iso,lojban/2012_08/2012_08_12.txt,,,,1
2012-08-13,351,351,17,-0700,iso,lojban/2012_08/2012_08_13.txt,,,,1
2012-08-14,600,600,20,-0700,iso,lojban/2012_08/2012_08_14.txt,,,,1
2012-08-15,389,389,21,-0700,iso,lojban/2012_08/2012_08_15.txt,,,,1
2012-08-16,756,756,20,-0700,iso,lojban/2012_08/2012_08_16.txt,,,,1
2012-08-17,428,428,18,-0700,iso,lojban/2012_08/2012_08_17.txt,,,,1
2012-08-18,423,423,18,-0700,iso,lojban/2012_08/2012_08_18.txt,,,,1
2012-08-19,698,698,20,-0700,iso,lojban/2012_08/2012_08_19.txt,,,,1
2012-08-20,536,536,19,-0700,iso,lojban/2012_08/2012_08_20.txt,,,,1
2012-08-21,826,826,23,-0700,iso,lojban/2012_08/2012_08_21.txt,,,,1
2012-08-22,207,207,17,-0700,iso,lojban/2012_08/2012_08_22.txt,,,,1
2012-08-23,529,529,23,-0700,iso,lojban/2012_08/2012_08_23.txt,,,,1
2012-08-24,328,328,20,-0700,iso,lojban/2012_08/2012_08_24.txt,,,,1
2012-08-25,117,117,14,-0700,iso,lojban/2012_08/2012_08_25.txt,,,,1
2012-08-26,261,261,15,-0700,iso,lojban/2012_08/2012_08_26.txt,,,,1
2012-08-27,458,458,12,-0700,iso,lojban/2012_08/2012_08_27.txt,,,,1
2012-08-28,364,364,15,-0700,iso,lojban/2012_08/2012_08_28.txt,,,,1
2012-08-29,266,266,15,-0700,iso,lojban/2012_08/2012_08_29.txt,,,,1
2012-08-30,463,463,20,-0700,iso,lojban/2012_08/2012_08_30.txt,,,,1
2012-08-31,129,129,16,-0700,iso,lojban/2012_08/2012_08_31.txt,,,,1
2012-09-01,163,163,16,-0700,iso,lojban/2012_09/2012_09_01.txt,,,,1
2012-09-02,405,405,14,-0700,iso,lojban/2012_09/2012_09_02.txt,,,,1
2012-09-03,270,270,12,-0700,iso,lojban/2012_09/2012_09_03.txt,,,,1
2012-09-04,729,729,16,-0700,iso,lojban/2012_09/2012_09_04.txt,,,,1
2012-09-05,200,200,19,-0700,iso,lojban/2012_09/2012_09_05.txt,,,,1
2012-09-06,431,431,27,-0700,iso,lojban/2012_09/2012_09_06.txt,,,,1
2012-09-07,503,503,16,-0700,iso,lojban/2012_09/2012_09_07.txt,,,,1
2012-09-08,257,257,15,-0700,iso,lojban/2012_09/2012_09_08.txt,,,,1
2012-09-09,355,355,18,-0700,iso,lojban/2012_09/2012_09_09.txt,,,,1
2012-09-10,669,669,23,-0700,iso,lojban/2012_09/2012_09_10.txt,,,,1
2012-09-11,632,632,22,-0700,iso,lojban/2012_09/2012_09_11.txt,,,,1
2012-09-12,794,794,24,-0700,iso,lojban/2012_09/2012_09_12.txt,,,,1
2012-09-13,348,348,21,-0700,iso,lojban/2012_09/2012_09_13.txt,,,,1
2012-09-14,525,525,20,-0700,iso,lojban/2012_09/2012_09_14.txt,,,,1
2012-09-15,409,409,16,-0700,iso,lojban/2012_09/2012_09_15.txt,,,,1
2012-09-16,661,661,19,-0700,iso,lojban/2012_09/2012_09_16.txt,,,,1
2012-09-17,301,301,13,-0700,iso,lojban/2012_09/2012_09_17.txt,,,,1
2012-09-18,416,416,23,-0700,iso,lojban/2012_09/2012_09_18.txt,,,,1
2012-09-19,353,353,19,-0700,iso,lojban/2012_09/2012_09_19.txt,,,,1
2012-09-20,487,487,19,-0700,iso,lojban/2012_09/2012_09_20.txt,,,,1
2012-09-21,376,376,26,-0700,iso,lojban/2012_09/2012_09_21.txt,,,,1
2012-09-22,314,314,19,-0700,iso,lojban/2012_09/2012_09_22.txt,,,,1
2012-09-23,409,409,21,-0700,iso,lojban/2012_09/2012_09_23.txt,,,,1
2012-09-24,210,210,12,-0700,iso,lojban/2012_09/2012_09_24.txt,,,,1
2012-09-25,139,139,13,-0700,iso,lojban/2012_09/2012_09_25.txt,,,,1
2012-09-26,263,263,18,-0700,iso,lojban/2012_09/2012_09_26.txt,,,,1
2012-09-27,485,485,22,-0700,iso,lojban/2012_09/2012_09_27.txt,,,,1
2012-09-28,299,299,26,-0700,iso,lojban/2012_09/2012_09_28.txt,,,,1
2012-09-29,323,323,20,-0700,iso,lojban/2012_09/2012_09_29.txt,,,,1
2012-09-30,287,287,15,-0700,iso,lojban/2012_09/2012_09_30.txt,,,,1
2012-10-01,283,283,19,-0700,iso,lojban/2012_10/2012_10_01.txt,,,,1
2012-10-02,261,261,22,-0700,iso,lojban/2012_10/2012_10_02.txt,,,,1
2012-10-03,258,258,23,-0700,iso,lojban/2012_10/2012_10_03.txt,,,,1
2012-10-04,125,125,18,-0700,iso,lojban/2012_10/2012_10_04.txt,,,,1
2012-10-05,626,626,17,-0700,iso,lojban/2012_10/2012_10_05.txt,,,,1
2012-10-06,287,287,19,-0700,iso,lojban/2012_10/2012_10_06.txt,,,,1
2012-10-07,129,129,18,-0700,iso,lojban/2012_10/2012_10_07.txt,,,,1
2012-10-08,113,113,13,-0700,iso,lojban/2012_10/2012_10_08.txt,,,,1
2012-10-09,104,104,16,-0700,iso,lojban/2012_10/2012_10_09.txt,,,,1
2012-10-10,123,123,18,-0700,iso,lojban/2012_10/2012_10_10.txt,,,,1
2012-10-11,95,95,17,-0700,iso,lojban/2012_10/2012_10_11.txt,,,,1
2012-10-12,110,110,14,-0700,iso,lojban/2012_10/2012_10_12.txt,,,,1
2012-10-13,122,122,15,-0700,iso,lojban/2012_10/2012_10_13.txt,,,,1
2012-10-14,390,390,19,-0700,iso,lojban/2012_10/2012_10_14.txt,,,,1
2012-10-15,143,143,19,-0700,iso,lojban/2012_10/2012_10_15.txt,,,,1
2012-10-16,297,297,16,-0700,iso,lojban/2012_10/2012_10_16.txt,,,,1
2012-10-17,257,257,18,-0700,iso,lojban/2012_10/2012_10_17.txt,,,,1
2012-10-18,123,123,10,-0700,iso,lojban/2012_10/2012_10_18.txt,,,,1
2012-10-19,174,174,12,-0700,iso,lojban/2012_10/2012_10_19.txt,,,,1
2012-10-20,180,180,15,-0700,iso,lojban/2012_10/2012_10_20.txt,,,,1
2012-10-21,178,178,15,-0700,iso,lojban/2012_10/2012_10_21.txt,,,,1
2012-10-22,236,236,19,-0700,iso,lojban/2012_10/2012_10_22.txt,,,,1
2012-10-23,191,191,12,-0700,iso,lojban/2012_10/2012_10_23.txt,,,,1
2012-10-24,87,87,6,-0700,iso,lojban/2012_10/2012_10_24.txt,,,,1
2012-10-25,70,70,13,-0700,iso,lojban/2012_10/2012_10_25.txt,,,,1
2012-10-26,73,73,10,-0700,iso,lojban/2012_10/2012_10_26.txt,,,,1
2012-10-27,34,34,8,-0700,iso,lojban/2012_10/2012_10_27.txt,,,,1
2012-10-28,281,281,18,-0700,iso,lojban/2012_10/2012_10_28.txt,,,,1
2012-10-29,67,67,13,-0700,iso,lojban/2012_10/2012_10_29.txt,,,,1
2012-10-30,423,423,17,-0700,iso,lojban/2012_10/2012_10_30.txt,,,,1
2012-10-31,133,133,19,-0700,iso,lojban/2012_10/2012_10_31.txt,,,,1
2012-11-01,205,205,16,-0700,iso,lojban/2012_11/2012_11_01.txt,,,,1
2012-11-02,382,382,15,-0700,iso,lojban/2012_11/2012_11_02.txt,,,,1
2012-11-03,474,474,16,-0700,iso,lojban/2012_11/2012_11_03.txt,,,,1
2012-11-04,239,239,11,-0800,iso,lojban/2012_11/2012_11_04.txt,,,,1
2012-11-05,198,198,20,-0800,iso,lojban/2012_11/2012_11_05.txt,,,,1
2012-11-06,276,276,20,-0800,iso,lojban/2012_11/2012_11_06.txt,,,,1
2012-11-07,276,276,14,-0800,iso,lojban/2012_11/2012_11_07.txt,,,,1
2012-11-08,482,482,19,-0800,iso,lojban/2012_11/2012_11_08.txt,,,,1
2012-11-09,276,276,17,-0800,iso,lojban/2012_11/2012_11_09.txt,,,,1
2012-11-10,250,250,22,-0800,iso,lojban/2012_11/2012_11_10.txt,,,,1
2012-11-11,417,417,22,-0800,iso,lojban/2012_11/2012_11_11.txt,,,,1
2012-11-12,342,342,18,-0800,iso,lojban/2012_11/2012_11_12.txt,,,,1
2012-11-13,263,263,20,-0800,iso,lojban/2012_11/2012_11_13.txt,,,,1
2012-11-14,190,190,15,-0800,iso,lojban/2012_11/2012_11_14.txt,,,,1
2012-11-15,150,150,16,-0800,iso,lojban/2012_11/2012_11_15.txt,,,,1
2012-11-16,204,204,18,-0800,iso,lojban/2012_11/2012_11_16.txt,,,,1
2012-11-17,308,308,20,-0800,iso,lojban/2012_11/2012_11_17.txt,,,,1
2012-11-18,193,193,14,-0800,iso,lojban/2012_11/2012_11_18.txt,,,,1
2012-11-19,588,588,18,-0800,iso,lojban/2012_11/2012_11_19.txt,,,,1
2012-11-20,290,290,11,-0800,iso,lojban/2012_11/2012_11_20.txt,,,,1
2012-11-21,287,287,19,-0800,iso,lojban/2012_11/2012_11_21.txt,,,,1
2012-11-22,366,366,16,-0800,iso,lojban/2012_11/2012_11_22.txt,,,,1
2012-11-23,212,212,19,-0800,iso,lojban/2012_11/2012_11_23.txt,,,,1
2012-11-24,210,210,10,-0800,iso,lojban/2012_11/2012_11_24.txt,,,,1
2012-11-25,453,453,14,-0800,iso,lojban/2012_11/2012_11_25.txt,,,,1
2012-11-26,195,195,17,-0800,iso,lojban/2012_11/2012_11_26.txt,,,,1
2012-11-27,438,438,20,-0800,iso,lojban/2012_11/2012_11_27.txt,,,,1
2012-11-28,166,166,15,-0800,iso,lojban/2012_11/2012_11_28.txt,,,,1
2012-11-29,277,277,16,-0800,iso,lojban/2012_11/2012_11_29.txt,,,,1
2012-11-30,604,604,24,-0800,iso,lojban/2012_11/2012_11_30.txt,,,,1
2012-12-01,272,272,21,-0800,iso,lojban/2012_12/2012_12_01.txt,,,,1
2012-12-02,536,536,22,-0800,iso,lojban/2012_12/2012_12_02.txt,,,,1
2012-12-03,900,900,29,-0800,iso,lojban/2012_12/2012_12_03.txt,,,,1
2012-12-04,346,346,18,-0800,iso,lojban/2012_12/2012_12_04.txt,,,,1
2012-12-05,413,413,20,-0800,iso,lojban/2012_12/2012_12_05.txt,,,,1
2012-12-06,480,480,21,-0800,iso,lojban/2012_12/2012_12_06.txt,,,,1
2012-12-07,168,168,18,-0800,iso,lojban/2012_12/2012_12_07.txt,,,,1
2012-12-08,437,437,22,-0800,iso,lojban/2012_12/2012_12_08.txt,,,,1
2012-12-09,333,333,17,-0800,iso,lojban/2012_12/2012_12_09.txt,,,,1
2012-12-10,414,414,22,-0800,iso,lojban/2012_12/2012_12_10.txt,,,,1
2012-12-11,358,358,22,-0800,iso,lojban/2012_12/2012_12_11.txt,,,,1
2012-12-12,352,352,15,-0800,iso,lojban/2012_12/2012_12_12.txt,,,,1
2012-12-13,196,196,18,-0800,iso,lojban/2012_12/2012_12_13.txt,,,,1
2012-12-14,193,193,12,-0800,iso,lojban/2012_12/2012_12_14.txt,,,,1
2012-12-15,362,362,14,-0800,iso,lojban/2012_12/2012_12_15.txt,,,,1
2012-12-16,530,530,23,-0800,iso,lojban/2012_12/2012_12_16.txt,,,,1
2012-12-17,281,281,24,-0800,iso,lojban/2012_12/2012_12_17.txt,,,,1
2012-12-18,620,620,21,-0800,iso,lojban/2012_12/2012_12_18.txt,,,,1
2012-12-19,366,366,22,-0800,iso,lojban/2012_12/2012_12_19.txt,,,,1
2012-12-20,368,368,21,-0800,iso,lojban/2012_12/2012_12_20.txt,,,,1
2012-12-21,287,287,18,-0800,iso,lojban/2012_12/2012_12_21.txt,,,,1
2012-12-22,404,404,19,-0800,iso,lojban/2012_12/2012_12_22.txt,,,,1
2012-12-23,512,512,19,-0800,iso,lojban/2012_12/2012_12_23.txt,,,,1
2012-12-24,498,498,19,-0800,iso,lojban/2012_12/2012_12_24.txt,,,,1
2012-12-25,333,333,15,-0800,iso,lojban/2012_12/2012_12_25.txt,,,,1
2012-12-26,582,582,29,-0800,iso,lojban/2012_12/2012_12_26.txt,,,,1
2012-12-27,696,696,28,-0800,iso,lojban/2012_12/2012_12_27.txt,,,,1
2012-12-28,438,438,23,-0800,iso,lojban/2012_12/2012_12_28.txt,,,,1
2012-12-29,298,298,23,-0800,iso,lojban/2012_12/2012_12_29.txt,,,,1
2012-12-30,528,528,20,-0800,iso,lojban/2012_12/2012_12_30.txt,,,,1
2012-12-31,307,307,18,-0800,iso,lojban/2012_12/2012_12_31.txt,,,,1
2013-01-01,626,626,23,-0800,iso,lojban/2013_01/2013_01_01.txt,,,,1
2013-01-02,318,318,22,-0800,iso,lojban/2013_01/2013_01_02.txt,,,,1
2013-01-03,550,550,23,-0800,iso,lojban/2013_01/2013_01_03.txt,,,,1
2013-01-04,1241,1241,27,-0800,iso,lojban/2013_01/2013_01_04.txt,,,,1
2013-01-05,826,826,21,-0800,iso,lojban/2013_01/2013_01_05.txt,,,,1
2013-01-06,679,679,18,-0800,iso,lojban/2013_01/2013_01_06.txt,,,,1
2013-01-07,348,348,16,-0800,iso,lojban/2013_01/2013_01_07.txt,,,,1
2013-01-08,285,285,21,-0800,iso,lojban/2013_01/2013_01_08.txt,,,,1
2013-01-09,196,196,23,-0800,iso,lojban/2013_01/2013_01_09.txt,,,,1
2013-01-10,135,135,17,-0800,iso,lojban/2013_01/2013_01_10.txt,,,,1
2013-01-11,460,460,21,-0800,iso,lojban/2013_01/2013_01_11.txt,,,,1
2013-01-12,555,555,24,-0800,iso,lojban/2013_01/2013_01_12.txt,,,,1
2013-01-13,159,159,16,-0800,iso,lojban/2013_01/2013_01_13.txt,,,,1
2013-01-14,722,722,23,-0800,iso,lojban/2013_01/2013_01_14.txt,,,,1
2013-01-15,85,85,15,-0800,iso,lojban/2013_01/2013_01_15.txt,,,,1
2013-01-16,391,391,17,-0800,iso,lojban/2013_01/2013_01_16.txt,,,,1
2013-01-17,395,395,17,-0800,iso,lojban/2013_01/2013_01_17.txt,,,,1
2013-01-18,432,432,22,-0800,iso,lojban/2013_01/2013_01_18.txt,,,,1
2013-01-19,400,400,16,-0800,iso,lojban/2013_01/2013_01_19.txt,,,,1
2013-01-20,332,332,17,-0800,iso,lojban/2013_01/2013_01_20.txt,,,,1
2013-01-21,645,645,19,-0800,iso,lojban/2013_01/2013_01_21.txt,,,,1
2013-01-22,546,546,24,-0800,iso,lojban/2013_01/2013_01_22.txt,,,,1
2013-01-23,343,343,21,-0800,iso,lojban/2013_01/2013_01_23.txt,,,,1
2013-01-24,432,432,21,-0800,iso,lojban/2013_01/2013_01_24.txt,,,,1
2013-01-25,268,268,26,-0800,iso,lojban/2013_01/2013_01_25.txt,,,,1
2013-01-26,241,241,18,-0800,iso,lojban/2013_01/2013_01_26.txt,,,,1
2013-01-27,305,305,24,-0800,iso,lojban/2013_01/2013_01_27.txt,,,,1
2013-01-28,400,400,29,-0800,iso,lojban/2013_01/2013_01_28.txt,,,,1
2013-01-29,366,366,24,-0800,iso,lojban/2013_01/2013_01_29.txt,,,,1
2013-01-30,187,187,22,-0800,iso,lojban/2013_01/2013_01_30.txt,,,,1
2013-01-31,169,169,14,-0800,iso,lojban/2013_01/2013_01_31.txt,,,,1
2013-02-01,219,219,17,-0800,iso,lojban/2013_02/2013_02_01.txt,,,,1
2013-02-02,128,128,14,-0800,iso,lojban/2013_02/2013_02_02.txt,,,,1
2013-02-03,132,132,12,-0800,iso,lojban/2013_02/2013_02_03.txt,,,,1
2013-02-04,118,118,14,-0800,iso,lojban/2013_02/2013_02_04.txt,,,,1
2013-02-05,184,184,22,-0800,iso,lojban/2013_02/2013_02_05.txt,,,,1
2013-02-06,148,148,18,-0800,iso,lojban/2013_02/2013_02_06.txt,,,,1
2013-02-07,247,247,26,-0800,iso,lojban/2013_02/2013_02_07.txt,,,,1
2013-02-08,153,153,15,-0800,iso,lojban/2013_02/2013_02_08.txt,,,,1
2013-02-09,180,180,13,-0800,iso,lojban/2013_02/2013_02_09.txt,,,,1
2013-02-10,356,356,15,-0800,iso,lojban/2013_02/2013_02_10.txt,,,,1
2013-02-11,116,116,16,-0800,iso,lojban/2013_02/2013_02_11.txt,,,,1
2013-02-12,346,346,29,-0800,iso,lojban/2013_02/2013_02_12.txt,,,,1
2013-02-13,58,58,10,-0800,iso,lojban/2013_02/2013_02_13.txt,,,,1
2013-02-14,191,191,18,-0800,iso,lojban/2013_02/2013_02_14.txt,,,,1
2013-02-15,169,169,14,-0800,iso,lojban/2013_02/2013_02_15.txt,,,,1
2013-02-16,204,204,16,-0800,iso,lojban/2013_02/2013_02_16.txt,,,,1
2013-02-17,214,214,15,-0800,iso,lojban/2013_02/2013_02_17.txt,,,,1
2013-02-18,102,102,18,-0800,iso,lojban/2013_02/2013_02_18.txt,,,,1
2013-02-19,212,212,22,-0800,iso,lojban/2013_02/2013_02_19.txt,,,,1
2013-02-20,310,310,21,-0800,iso,lojban/2013_02/2013_02_20.txt,,,,1
2013-02-21,158,158,9,-0800,iso,lojban/2013_02/2013_02_21.txt,,,,1
2013-02-22,63,63,12,-0800,iso,lojban/2013_02/2013_02_22.txt,,,,1
2013-02-23,243,243,14,-0800,iso,lojban/2013_02/2013_02_23.txt,,,,1
2013-02-24,186,186,17,-0800,iso,lojban/2013_02/2013_02_24.txt,,,,1
2013-02-25,187,187,24,-0800,iso,lojban/2013_02/2013_02_25.txt,,,,1
2013-02-26,101,101,16,-0800,iso,lojban/2013_02/2013_02_26.txt,,,,1
2013-02-27,51,51,13,-0800,iso,lojban/2013_02/2013_02_27.txt,,,,1
2013-02-28,213,213,18,-0800,iso,lojban/2013_02/2013_02_28.txt,,,,1
2013-03-01,96,96,15,-0800,iso,lojban/2013_03/2013_03_01.txt,,,,1
2013-03-02,281,281,14,-0800,iso,lojban/2013_03/2013_03_02.txt,,,,1
2013-03-03,67,67,17,-0800,iso,lojban/2013_03/2013_03_03.txt,,,,1
2013-03-04,337,337,22,-0800,iso,lojban/2013_03/2013_03_04.txt,,,,1
2013-03-05,386,386,14,-0800,iso,lojban/2013_03/2013_03_05.txt,,,,1
2013-03-06,101,101,17,-0800,iso,lojban/2013_03/2013_03_06.txt,,,,1
2013-03-07,317,317,16,-0800,iso,lojban/2013_03/2013_03_07.txt,,,,1
2013-03-08,204,204,16,-0800,iso,lojban/2013_03/2013_03_08.txt,,,,1
2013-03-09,287,287,18,-0800,iso,lojban/2013_03/2013_03_09.txt,,,,1
2013-03-10,226,226,21,-0700,iso,lojban/2013_03/2013_03_10.txt,,,,1
2013-03-11,280,280,22,-0700,iso,lojban/2013_03/2013_03_11.txt,,,,1
2013-03-12,239,239,10,-0700,iso,lojban/2013_03/2013_03_12.txt,,,,1
2013-03-13,312,312,18,-0700,iso,lojban/2013_03/2013_03_13.txt,,,,1
2013-03-14,56,56,8,-0700,iso,lojban/2013_03/2013_03_14.txt,,,,1
2013-03-15,167,167,13,-0700,iso,lojban/2013_03/2013_03_15.txt,,,,1
2013-03-16,386,386,12,-0700,iso,lojban/2013_03/2013_03_16.txt,,,,1
2013-03-17,252,252,15,-0700,iso,lojban/2013_03/2013_03_17.txt,,,,1
2013-03-18,226,226,13,-0700,iso,lojban/2013_03/2013_03_18.txt,,,,1
2013-03-19,296,296,15,-0700,iso,lojban/2013_03/2013_03_19.txt,,,,1
2013-03-20,365,365,22,-0700,iso,lojban/2013_03/2013_03_20.txt,,,,1
2013-03-21,234,234,18,-0700,iso,lojban/2013_03/2013_03_21.txt,,,,1
2013-03-22,192,192,13,-0700,iso,lojban/2013_03/2013_03_22.txt,,,,1
2013-03-23,418,418,9,-0700,iso,lojban/2013_03/2013_03_23.txt,,,,1
2013-03-24,162,162,12,-0700,iso,lojban/2013_03/2013_03_24.txt,,,,1
2013-03-25,113,113,13,-0700,iso,lojban/2013_03/2013_03_25.txt,,,,1
2013-03-26,136,136,16,-0700,iso,lojban/2013_03/2013_03_26.txt,,,,1
2013-03-27,468,468,21,-0700,iso,lojban/2013_03/2013_03_27.txt,,,,1
2013-03-28,284,284,14,-0700,iso,lojban/2013_03/2013_03_28.txt,,,,1
2013-03-29,205,205,18,-0700,iso,lojban/2013_03/2013_03_29.txt,,,,1
2013-03-30,258,258,13,-0700,iso,lojban/2013_03/2013_03_30.txt,,,,1
2013-03-31,129,129,10,-0700,iso,lojban/2013_03/2013_03_31.txt,,,,1
2013-04-01,288,288,14,-0700,iso,lojban/2013_04/2013_04_01.txt,,,,1
2013-04-02,290,290,14,-0700,iso,lojban/2013_04/2013_04_02.txt,,,,1
2013-04-03,190,190,16,-0700,iso,lojban/2013_04/2013_04_03.txt,,,,1
2013-04-04,361,361,20,-0700,iso,lojban/2013_04/2013_04_04.txt,,,,1
2013-04-05,158,158,14,-0700,iso,lojban/2013_04/2013_04_05.txt,,,,1
2013-04-06,11,11,6,-0700,iso,lojban/2013_04/2013_04_06.txt,,,,1
2013-04-07,431,431,20,-0700,iso,lojban/2013_04/2013_04_07.txt,,,,1
2013-04-08,215,215,13,-0700,iso,lojban/2013_04/2013_04_08.txt,,,,1
2013-04-09,322,322,13,-0700,iso,lojban/2013_04/2013_04_09.txt,,,,1
2013-04-10,27,27,7,-0700,iso,lojban/2013_04/2013_04_10.txt,,,,1
2013-04-11,172,172,11,-0700,iso,lojban/2013_04/2013_04_11.txt,,,,1
2013-04-12,243,243,10,-0700,iso,lojban/2013_04/2013_04_12.txt,,,,1
2013-04-13,153,153,9,-0700,iso,lojban/2013_04/2013_04_13.txt,,,,1
2013-04-14,253,253,13,-0700,iso,lojban/2013_04/2013_04_14.txt,,,,1
2013-04-15,164,164,17,-0700,iso,lojban/2013_04/2013_04_15.txt,,,,1
2013-04-16,267,267,13,-0700,iso,lojban/2013_04/2013_04_16.txt,,,,1
2013-04-17,96,96,9,-0700,iso,lojban/2013_04/2013_04_17.txt,,,,1
2013-04-18,535,535,17,-0700,iso,lojban/2013_04/2013_04_18.txt,,,,1
2013-04-19,172,172,7,-0700,iso,lojban/2013_04/2013_04_19.txt,,,,1
2013-04-20,140,140,7,-0700,iso,lojban/2013_04/2013_04_20.txt,,,,1
2013-04-21,362,362,20,-0700,iso,lojban/2013_04/2013_04_21.txt,,,,1
2013-04-22,183,183,12,-0700,iso,lojban/2013_04/2013_04_22.txt,,,,1
2013-04-23,179,179,15,-0700,iso,lojban/2013_04/2013_04_23.txt,,,,1
2013-04-24,124,124,21,-0700,iso,lojban/2013_04/2013_04_24.txt,,,,1
2013-04-25,356,356,24,-0700,iso,lojban/2013_04/2013_04_25.txt,,,,1
2013-04-26,174,174,17,-0700,iso,lojban/2013_04/2013_04_26.txt,,,,1
2013-04-27,323,323,11,-0700,iso,lojban/2013_04/2013_04_27.txt,,,,1
2013-04-28,398,398,25,-0700,iso,lojban/2013_04/2013_04_28.txt,,,,1
2013-04-29,153,153,21,-0700,iso,lojban/2013_04/2013_04_29.txt,,,,1
2013-04-30,272,272,22,-0700,iso,lojban/2013_04/2013_04_30.txt,,,,1
2013-05-01,149,149,18,-0700,iso,lojban/2013_05/2013_05_01.txt,,,,1
2013-05-02,198,198,19,-0700,iso,lojban/2013_05/2013_05_02.txt,,,,1
2013-05-03,142,142,19,-0700,iso,lojban/2013_05/2013_05_03.txt,,,,1
2013-05-04,87,87,11,-0700,iso,lojban/2013_05/2013_05_04.txt,,,,1
2013-05-05,281,281,14,-0700,iso,lojban/2013_05/2013_05_05.txt,,,,1
2013-05-06,159,159,14,-0700,iso,lojban/2013_05/2013_05_06.txt,,,,1
2013-05-07,435,435,17,-0700,iso,lojban/2013_05/2013_05_07.txt,,,,1
2013-05-08,161,161,12,-0700,iso,lojban/2013_05/2013_05_08.txt,,,,1
2013-05-09,259,259,26,-0700,iso,lojban/2013_05/2013_05_09.txt,,,,1
2013-05-10,296,296,20,-0700,iso,lojban/2013_05/2013_05_10.txt,,,,1
2013-05-11,197,197,16,-0700,iso,lojban/2013_05/2013_05_11.txt,,,,1
2013-05-12,239,239,19,-0700,iso,lojban/2013_05/2013_05_12.txt,,,,1
2013-05-13,108,108,17,-0700,iso,lojban/2013_05/2013_05_13.txt,,,,1
2013-05-14,258,258,19,-0700,iso,lojban/2013_05/2013_05_14.txt,,,,1
2013-05-15,257,257,20,-0700,iso,lojban/2013_05/2013_05_15.txt,,,,1
2013-05-16,299,299,22,-0700,iso,lojban/2013_05/2013_05_16.txt,,,,1
2013-05-17,118,118,15,-0700,iso,lojban/2013_05/2013_05_17.txt,,,,1
2013-05-18,39,39,7,-0700,iso,lojban/2013_05/2013_05_18.txt,,,,1
2013-05-23,90,90,11,-0700,iso,lojban/2013_05/2013_05_23.txt,,,,1
2013-05-24,172,172,16,-0700,iso,lojban/2013_05/2013_05_24.txt,,,,1
2013-05-25,114,114,13,-0700,iso,lojban/2013_05/2013_05_25.txt,,,,1
2013-05-26,114,114,13,-0700,iso,lojban/2013_05/2013_05_26.txt,,,,1
2013-05-27,98,98,12,-0700,iso,lojban/2013_05/2013_05_27.txt,,,,1
2013-05-28,236,236,19,-0700,iso,lojban/2013_05/2013_05_28.txt,,,,1
2013-05-29,100,100,14,-0700,iso,lojban/2013_05/2013_05_29.txt,,,,1
2013-05-30,217,217,18,-0700,iso,lojban/2013_05/2013_05_30.txt,,,,1
2013-05-31,320,320,17,-0700,iso,lojban/2013_05/2013_05_31.txt,,,,1
2013-06-01,152,152,16,-0700,iso,lojban/2013_06/2013_06_01.txt,,,,1
2013-06-02,226,226,19,-0700,iso,lojban/2013_06/2013_06_02.txt,,,,1
2013-06-03,157,157,14,-0700,iso,lojban/2013_06/2013_06_03.txt,,,,1
2013-06-04,260,260,21,-0700,iso,lojban/2013_06/2013_06_04.txt,,,,1
2013-06-05,262,262,20,-0700,iso,lojban/2013_06/2013_06_05.txt,,,,1
2013-06-06,388,388,17,-0700,iso,lojban/2013_06/2013_06_06.txt,,,,1
2013-06-07,333,333,29,-0700,iso,lojban/2013_06/2013_06_07.txt,,,,1
2013-06-08,269,269,18,-0700,iso,lojban/2013_06/2013_06_08.txt,,,,1
2013-06-09,269,269,17,-0700,iso,lojban/2013_06/2013_06_09.txt,,,,1
2013-06-10,204,204,23,-0700,iso,lojban/2013_06/2013_06_10.txt,,,,1
2013-06-11,447,447,17,-0700,iso,lojban/2013_06/2013_06_11.txt,,,,1
2013-06-12,426,426,17,-0700,iso,lojban/2013_06/2013_06_12.txt,,,,1
2013-06-13,194,194,14,-0700,iso,lojban/2013_06/2013_06_13.txt,,,,1
2013-06-14,479,479,24,-0700,iso,lojban/2013_06/2013_06_14.txt,,,,1
2013-06-15,160,160,19,-0700,iso,lojban/2013_06/2013_06_15.txt,,,,1
2013-06-16,153,153,19,-0700,iso,lojban/2013_06/2013_06_16.txt,,,,1
2013-06-17,189,189,18,-0700,iso,lojban/2013_06/2013_06_17.txt,,,,1
2013-06-18,477,477,24,-0700,iso,lojban/2013_06/2013_06_18.txt,,,,1
2013-06-19,304,304,16,-0700,iso,lojban/2013_06/2013_06_19.txt,,,,1
2013-06-20,652,652,20,-0700,iso,lojban/2013_06/2013_06_20.txt,,,,1
2013-06-21,234,234,18,-0700,iso,lojban/2013_06/2013_06_21.txt,,,,1
2013-06-22,128,128,17,-0700,iso,lojban/2013_06/2013_06_22.txt,,,,1
2013-06-23,262,262,18,-0700,iso,lojban/2013_06/2013_06_23.txt,,,,1
2013-06-24,253,253,22,-0700,iso,lojban/2013_06/2013_06_24.txt,,,,1
2013-06-25,217,217,19,-0700,iso,lojban/2013_06/2013_06_25.txt,,,,1
2013-06-26,352,352,20,-0700,iso,lojban/2013_06/2013_06_26.txt,,,,1
2013-06-27,343,343,24,-0700,iso,lojban/2013_06/2013_06_27.txt,,,,1
2013-06-28,331,331,26,-0700,iso,lojban/2013_06/2013_06_28.txt,,,,1
2013-06-29,130,130,16,-0700,iso,lojban/2013_06/2013_06_29.txt,,,,1
2013-06-30,290,290,13,-0700,iso,lojban/2013_06/2013_06_30.txt,,,,1
2013-07-01,412,412,24,-0700,iso,lojban/2013_07/2013_07_01.txt,,,,1
2013-07-02,238,238,21,-0700,iso,lojban/2013_07/2013_07_02.txt,,,,1
2013-07-03,292,292,24,-0700,iso,lojban/2013_07/2013_07_03.txt,,,,1
2013-07-04,487,487,28,-0700,iso,lojban/2013_07/2013_07_04.txt,,,,1
2013-07-05,257,257,28,-0700,iso,lojban/2013_07/2013_07_05.txt,,,,1
2013-07-06,362,362,18,-0700,iso,lojban/2013_07/2013_07_06.txt,,,,1
2013-07-07,352,352,20,-0700,iso,lojban/2013_07/2013_07_07.txt,,,,1
2013-07-08,268,268,21,-0700,iso,lojban/2013_07/2013_07_08.txt,,,,1
2013-07-09,340,340,30,-0700,iso,lojban/2013_07/2013_07_09.txt,,,,1
2013-07-10,437,437,25,-0700,iso,lojban/2013_07/2013_07_10.txt,,,,1
2013-07-11,344,344,28,-0700,iso,lojban/2013_07/2013_07_11.txt,,,,1
2013-07-12,180,180,20,-0700,iso,lojban/2013_07/2013_07_12.txt,,,,1
2013-07-13,208,208,22,-0700,iso,lojban/2013_07/2013_07_13.txt,,,,1
2013-07-14,245,245,21,-0700,iso,lojban/2013_07/2013_07_14.txt,,,,1
2013-07-15,344,344,23,-0700,iso,lojban/2013_07/2013_07_15.txt,,,,1
2013-07-16,211,211,15,-0700,iso,lojban/2013_07/2013_07_16.txt,,,,1
2013-07-17,243,243,19,-0700,iso,lojban/2013_07/2013_07_17.txt,,,,1
2013-07-18,378,378,21,-0700,iso,lojban/2013_07/2013_07_18.txt,,,,1
2013-07-19,154,154,19,-0700,iso,lojban/2013_07/2013_07_19.txt,,,,1
2013-07-20,205,205,19,-0700,iso,lojban/2013_07/2013_07_20.txt,,,,1
2013-07-21,163,163,18,-0700,iso,lojban/2013_07/2013_07_21.txt,,,,1
2013-07-22,223,223,15,-0700,iso,lojban/2013_07/2013_07_22.txt,,,,1
2013-07-23,307,307,21,-0700,iso,lojban/2013_07/2013_07_23.txt,,,,1
2013-07-24,462,462,22,-0700,iso,lojban/2013_07/2013_07_24.txt,,,,1
2013-07-25,259,259,20,-0700,iso,lojban/2013_07/2013_07_25.txt,,,,1
2013-07-26,583,583,22,-0700,iso,lojban/2013_07/2013_07_26.txt,,,,1
2013-07-27,115,115,14,-0700,iso,lojban/2013_07/2013_07_27.txt,,,,1
2013-07-28,261,261,15,-0700,iso,lojban/2013_07/2013_07_28.txt,,,,1
2013-07-29,322,322,20,-0700,iso,lojban/2013_07/2013_07_29.txt,,,,1
2013-07-30,239,239,21,-0700,iso,lojban/2013_07/2013_07_30.txt,,,,1
2013-07-31,203,203,13,-0700,iso,lojban/2013_07/2013_07_31.txt,,,,1
2013-08-01,400,400,18,-0700,iso,lojban/2013_08/2013_08_01.txt,,,,1
2013-08-02,307,307,20,-0700,iso,lojban/2013_08/2013_08_02.txt,,,,1
2013-08-03,417,417,19,-0700,iso,lojban/2013_08/2013_08_03.txt,,,,1
2013-08-04,284,284,21,-0700,iso,lojban/2013_08/2013_08_04.txt,,,,1
2013-08-05,391,391,26,-0700,iso,lojban/2013_08/2013_08_05.txt,,,,1
2013-08-06,670,670,33,-0700,iso,lojban/2013_08/2013_08_06.txt,,,,1
2013-08-07,458,458,29,-0700,iso,lojban/2013_08/2013_08_07.txt,,,,1
2013-08-08,604,604,26,-0700,iso,lojban/2013_08/2013_08_08.txt,,,,1
2013-08-09,321,321,18,-0700,iso,lojban/2013_08/2013_08_09.txt,,,,1
2013-08-10,391,391,23,-0700,iso,lojban/2013_08/2013_08_10.txt,,,,1
2013-08-11,212,212,27,-0700,iso,lojban/2013_08/2013_08_11.txt,,,,1
2013-08-12,383,383,20,-0700,iso,lojban/2013_08/2013_08_12.txt,,,,1
2013-08-13,325,325,18,-0700,iso,lojban/2013_08/2013_08_13.txt,,,,1
2013-08-14,346,346,23,-0700,iso,lojban/2013_08/2013_08_14.txt,,,,1
2013-08-15,294,294,21,-0700,iso,lojban/2013_08/2013_08_15.txt,,,,1
2013-08-16,279,279,15,-0700,iso,lojban/2013_08/2013_08_16.txt,,,,1
2013-08-17,510,510,27,-0700,iso,lojban/2013_08/2013_08_17.txt,,,,1
2013-08-18,236,236,20,-0700,iso,lojban/2013_08/2013_08_18.txt,,,,1
2013-08-19,261,261,19,-0700,iso,lojban/2013_08/2013_08_19.txt,,,,1
2013-08-20,253,253,17,-0700,iso,lojban/2013_08/2013_08_20.txt,,,,1
2013-08-21,197,197,13,-0700,iso,lojban/2013_08/2013_08_21.txt,,,,1
2013-08-22,213,213,18,-0700,iso,lojban/2013_08/2013_08_22.txt,,,,1
2013-08-23,171,171,19,-0700,iso,lojban/2013_08/2013_08_23.txt,,,,1
2013-08-24,191,191,18,-0700,iso,lojban/2013_08/2013_08_24.txt,,,,1
2013-08-25,158,158,14,-0700,iso,lojban/2013_08/2013_08_25.txt,,,,1
2013-08-26,313,313,19,-0700,iso,lojban/2013_08/2013_08_26.txt,,,,1
2013-08-27,241,241,14,-0700,iso,lojban/2013_08/2013_08_27.txt,,,,1
2013-08-28,126,126,14,-0700,iso,lojban/2013_08/2013_08_28.txt,,,,1
2013-08-29,244,244,16,-0700,iso,lojban/2013_08/2013_08_29.txt,,,,1
2013-08-30,105,105,10,-0700,iso,lojban/2013_08/2013_08_30.txt,,,,1
2013-08-31,182,182,11,-0700,iso,lojban/2013_08/2013_08_31.txt,,,,1
2013-09-01,118,118,16,-0700,iso,lojban/2013_09/2013_09_01.txt,,,,1
2013-09-02,105,105,16,-0700,iso,lojban/2013_09/2013_09_02.txt,,,,1
2013-09-03,128,128,16,-0700,iso,lojban/2013_09/2013_09_03.txt,,,,1
2013-09-04,192,192,16,-0700,iso,lojban/2013_09/2013_09_04.txt,,,,1
2013-09-05,79,79,14,-0700,iso,lojban/2013_09/2013_09_05.txt,,,,1
2013-09-06,78,78,13,-0700,iso,lojban/2013_09/2013_09_06.txt,,,,1
2013-09-07,158,158,12,-0700,iso,lojban/2013_09/2013_09_07.txt,,,,1
2013-09-08,169,169,23,-0700,iso,lojban/2013_09/2013_09_08.txt,,,,1
2013-09-09,105,105,15,-0700,iso,lojban/2013_09/2013_09_09.txt,,,,1
2013-09-10,78,78,14,-0700,iso,lojban/2013_09/2013_09_10.txt,,,,1
2013-09-11,51,51,14,-0700,iso,lojban/2013_09/2013_09_11.txt,,,,1
2013-09-12,25,25,10,-0700,iso,lojban/2013_09/2013_09_12.txt,,,,1
2013-09-13,143,143,17,-0700,iso,lojban/2013_09/2013_09_13.txt,,,,1
2013-09-14,114,114,10,-0700,iso,lojban/2013_09/2013_09_14.txt,,,,1
2013-09-15,311,311,19,-0700,iso,lojban/2013_09/2013_09_15.txt,,,,1
2013-09-16,203,203,15,-0700,iso,lojban/2013_09/2013_09_16.txt,,,,1
2013-09-17,294,294,17,-0700,iso,lojban/2013_09/2013_09_17.txt,,,,1
2013-09-18,160,160,12,-0700,iso,lojban/2013_09/2013_09_18.txt,,,,1
2013-09-19,187,187,10,-0700,iso,lojban/2013_09/2013_09_19.txt,,,,1
2013-09-20,132,132,15,-0700,iso,lojban/2013_09/2013_09_20.txt,,,,1
2013-09-21,33,33,7,-0700,iso,lojban/2013_09/2013_09_21.txt,,,,1
2013-09-22,184,184,11,-0700,iso,lojban/2013_09/2013_09_22.txt,,,,1
2013-09-23,232,232,19,-0700,iso,lojban/2013_09/2013_09_23.txt,,,,1
2013-09-24,144,144,17,-0700,iso,lojban/2013_09/2013_09_24.txt,,,,1
2013-09-25,153,153,20,-0700,iso,lojban/2013_09/2013_09_25.txt,,,,1
2013-09-26,233,233,22,-0700,iso,lojban/2013_09/2013_09_26.txt,,,,1
2013-09-27,86,86,16,-0700,iso,lojban/2013_09/2013_09_27.txt,,,,1
2013-09-28,335,335,16,-0700,iso,lojban/2013_09/2013_09_28.txt,,,,1
2013-09-29,301,301,17,-0700,iso,lojban/2013_09/2013_09_29.txt,,,,1
2013-09-30,150,150,13,-0700,iso,lojban/2013_09/2013_09_30.txt,,,,1
2013-10-01,207,207,15,-0700,iso,lojban/2013_10/2013_10_01.txt,,,,1
2013-10-02,199,199,16,-0700,iso,lojban/2013_10/2013_10_02.txt,,,,1
2013-10-03,255,255,22,-0700,iso,lojban/2013_10/2013_10_03.txt,,,,1
2013-10-04,301,301,11,-0700,iso,lojban/2013_10/2013_10_04.txt,,,,1
2013-10-05,249,249,10,-0700,iso,lojban/2013_10/2013_10_05.txt,,,,1
2013-10-06,483,483,15,-0700,iso,lojban/2013_10/2013_10_06.txt,,,,1
2013-10-07,263,263,20,-0700,iso,lojban/2013_10/2013_10_07.txt,,,,1
2013-10-08,271,271,17,-0700,iso,lojban/2013_10/2013_10_08.txt,,,,1
2013-10-09,383,383,18,-0700,iso,lojban/2013_10/2013_10_09.txt,,,,1
2013-10-10,244,244,17,-0700,iso,lojban/2013_10/2013_10_10.txt,,,,1
2013-10-11,223,223,17,-0700,iso,lojban/2013_10/2013_10_11.txt,,,,1
2013-10-12,177,177,7,-0700,iso,lojban/2013_10/2013_10_12.txt,,,,1
2013-10-13,154,154,15,-0700,iso,lojban/2013_10/2013_10_13.txt,,,,1
2013-10-14,159,159,13,-0700,iso,lojban/2013_10/2013_10_14.txt,,,,1
2013-10-15,266,266,16,-0700,iso,lojban/2013_10/2013_10_15.txt,,,,1
2013-10-16,224,224,17,-0700,iso,lojban/2013_10/2013_10_16.txt,,,,1
2013-10-17,185,185,12,-0700,iso,lojban/2013_10/2013_10_17.txt,,,,1
2013-10-18,32,32,16,-0700,iso,lojban/2013_10/2013_10_18.txt,,,,1
2013-10-19,177,177,13,-0700,iso,lojban/2013_10/2013_10_19.txt,,,,1
2013-10-20,69,69,9,-0700,iso,lojban/2013_10/2013_10_20.txt,,,,1
2013-10-21,222,222,8,-0700,iso,lojban/2013_10/2013_10_21.txt,,,,1
2013-10-22,103,103,14,-0700,iso,lojban/2013_10/2013_10_22.txt,,,,1
2013-10-23,47,47,14,-0700,iso,lojban/2013_10/2013_10_23.txt,,,,1
2013-10-24,55,55,11,-0700,iso,lojban/2013_10/2013_10_24.txt,,,,1
2013-10-25,127,127,15,-0700,iso,lojban/2013_10/2013_10_25.txt,,,,1
2013-10-26,293,293,17,-0700,iso,lojban/2013_10/2013_10_26.txt,,,,1
2013-10-27,79,79,14,-0700,iso,lojban/2013_10/2013_10_27.txt,,,,1
2013-10-28,75,75,13,-0700,iso,lojban/2013_10/2013_10_28.txt,,,,1
2013-10-29,225,225,19,-0700,iso,lojban/2013_10/2013_10_29.txt,,,,1
2013-10-30,83,83,18,-0700,iso,lojban/2013_10/2013_10_30.txt,,,,1
2013-10-31,233,233,12,-0700,iso,lojban/2013_10/2013_10_31.txt,,,,1
2013-11-01,159,159,11,-0700,iso,lojban/2013_11/2013_11_01.txt,,,,1
2013-11-02,235,235,10,-0700,iso,lojban/2013_11/2013_11_02.txt,,,,1
2013-11-03,264,264,13,-0800,iso,lojban/2013_11/2013_11_03.txt,,,,1
2013-11-04,245,245,14,-0800,iso,lojban/2013_11/2013_11_04.txt,,,,1
2013-11-05,116,116,15,-0800,iso,lojban/2013_11/2013_11_05.txt,,,,1
2013-11-06,263,263,15,-0800,iso,lojban/2013_11/2013_11_06.txt,,,,1
2013-11-07,228,228,8,-0800,iso,lojban/2013_11/2013_11_07.txt,,,,1
2013-11-08,110,110,7,-0800,iso,lojban/2013_11/2013_11_08.txt,,,,1
2013-11-09,329,329,10,-0800,iso,lojban/2013_11/2013_11_09.txt,,,,1
2013-11-10,154,154,13,-0800,iso,lojban/2013_11/2013_11_10.txt,,,,1
2013-11-11,150,150,14,-0800,iso,lojban/2013_11/2013_11_11.txt,,,,1
2013-11-12,94,94,14,-0800,iso,lojban/2013_11/2013_11_12.txt,,,,1
2013-11-13,231,231,13,-0800,iso,lojban/2013_11/2013_11_13.txt,,,,1
2013-11-14,47,47,12,-0800,iso,lojban/2013_11/2013_11_14.txt,,,,1
2013-11-15,29,29,14,-0800,iso,lojban/2013_11/2013_11_15.txt,,,,1
2013-11-16,253,253,18,-0800,iso,lojban/2013_11/2013_11_16.txt,,,,1
2013-11-17,198,198,12,-0800,iso,lojban/2013_11/2013_11_17.txt,,,,1
2013-11-18,129,129,12,-0800,iso,lojban/2013_11/2013_11_18.txt,,,,1
2013-11-19,76,76,13,-0800,iso,lojban/2013_11/2013_11_19.txt,,,,1
2013-11-20,220,220,14,-0800,iso,lojban/2013_11/2013_11_20.txt,,,,1
2013-11-21,25,25,10,-0800,iso,lojban/2013_11/2013_11_21.txt,,,,1
2013-11-22,62,62,15,-0800,iso,lojban/2013_11/2013_11_22.txt,,,,1
2013-11-23,118,118,10,-0800,iso,lojban/2013_11/2013_11_23.txt,,,,1
2013-11-24,145,145,14,-0800,iso,lojban/2013_11/2013_11_24.txt,,,,1
2013-11-25,68,68,14,-0800,iso,lojban/2013_11/2013_11_25.txt,,,,1
2013-11-26,257,257,16,-0800,iso,lojban/2013_11/2013_11_26.txt,,,,1
2013-11-27,217,217,11,-0800,iso,lojban/2013_11/2013_11_27.txt,,,,1
2013-11-28,88,88,14,-0800,iso,lojban/2013_11/2013_11_28.txt,,,,1
2013-11-29,97,97,17,-0800,iso,lojban/2013_11/2013_11_29.txt,,,,1
2013-11-30,139,139,10,-0800,iso,lojban/2013_11/2013_11_30.txt,,,,1
2013-12-01,256,256,12,-0800,iso,lojban/2013_12/2013_12_01.txt,,,,1
2013-12-02,128,128,15,-0800,iso,lojban/2013_12/2013_12_02.txt,,,,1
2013-12-03,149,149,20,-0800,iso,lojban/2013_12/2013_12_03.txt,,,,1
2013-12-04,53,53,9,-0800,iso,lojban/2013_12/2013_12_04.txt,,,,1
2013-12-05,109,109,13,-0800,iso,lojban/2013_12/2013_12_05.txt,,,,1
2013-12-06,38,38,14,-0800,iso,lojban/2013_12/2013_12_06.txt,,,,1
2013-12-07,150,150,13,-0800,iso,lojban/2013_12/2013_12_07.txt,,,,1
2013-12-08,40,40,10,-0800,iso,lojban/2013_12/2013_12_08.txt,,,,1
2013-12-09,68,68,10,-0800,iso,lojban/2013_12/2013_12_09.txt,,,,1
2013-12-10,98,98,11,-0800,iso,lojban/2013_12/2013_12_10.txt,,,,1
2013-12-11,73,73,14,-0800,iso,lojban/2013_12/2013_12_11.txt,,,,1
2013-12-12,78,78,10,-0800,iso,lojban/2013_12/2013_12_12.txt,,,,1
2013-12-13,72,72,12,-0800,iso,lojban/2013_12/2013_12_13.txt,,,,1
2013-12-14,78,78,15,-0800,iso,lojban/2013_12/2013_12_14.txt,,,,1
2013-12-15,100,100,12,-0800,iso,lojban/2013_12/2013_12_15.txt,,,,1
2013-12-16,168,168,16,-0800,iso,lojban/2013_12/2013_12_16.txt,,,,1
2013-12-17,45,45,12,-0800,iso,lojban/2013_12/2013_12_17.txt,,,,1
2013-12-18,48,48,9,-0800,iso,lojban/2013_12/2013_12_18.txt,,,,1
2013-12-19,52,52,8,-0800,iso,lojban/2013_12/2013_12_19.txt,,,,1
2013-12-20,10,10,6,-0800,iso,lojban/2013_12/2013_12_20.txt,,,,1
2013-12-21,23,23,8,-0800,iso,lojban/2013_12/2013_12_21.txt,,,,1
2013-12-22,15,15,6,-0800,iso,lojban/2013_12/2013_12_22.txt,,,,1
2013-12-23,25,25,7,-0800,iso,lojban/2013_12/2013_12_23.txt,,,,1
2013-12-24,7,7,4,-0800,iso,lojban/2013_12/2013_12_24.txt,,,,1
2013-12-25,149,149,9,-0800,iso,lojban/2013_12/2013_12_25.txt,,,,1
2013-12-26,129,129,12,-0800,iso,lojban/2013_12/2013_12_26.txt,,,,1
2013-12-27,128,128,14,-0800,iso,lojban/2013_12/2013_12_27.txt,,,,1
2013-12-28,101,101,12,-0800,iso,lojban/2013_12/2013_12_28.txt,,,,1
2013-12-29,80,80,13,-0800,iso,lojban/2013_12/2013_12_29.txt,,,,1
2013-12-30,162,162,21,-0800,iso,lojban/2013_12/2013_12_30.txt,,,,1
2013-12-31,133,133,14,-0800,iso,lojban/2013_12/2013_12_31.txt,,,,1
2014-01-01,110,110,11,-0800,iso,lojban/2014_01/2014_01_01.txt,,,,1
2014-01-02,116,116,10,-0800,iso,lojban/2014_01/2014_01_02.txt,,,,1
2014-01-03,212,212,16,-0800,iso,lojban/2014_01/2014_01_03.txt,,,,1
2014-01-04,42,42,7,-0800,iso,lojban/2014_01/2014_01_04.txt,,,,1
2014-01-05,101,101,13,-0800,iso,lojban/2014_01/2014_01_05.txt,,,,1
2014-01-06,153,153,11,-0800,iso,lojban/2014_01/2014_01_06.txt,,,,1
2014-01-07,268,268,25,-0800,iso,lojban/2014_01/2014_01_07.txt,,,,1
2014-01-08,106,106,16,-0800,iso,lojban/2014_01/2014_01_08.txt,,,,1
2014-01-09,135,135,16,-0800,iso,lojban/2014_01/2014_01_09.txt,,,,1
2014-01-10,235,235,17,-0800,iso,lojban/2014_01/2014_01_10.txt,,,,1
2014-01-11,176,176,12,-0800,iso,lojban/2014_01/2014_01_11.txt,,,,1
2014-01-12,272,272,16,-0800,iso,lojban/2014_01/2014_01_12.txt,,,,1
2014-01-13,332,332,19,-0800,iso,lojban/2014_01/2014_01_13.txt,,,,1
2014-01-14,300,300,22,-0800,iso,lojban/2014_01/2014_01_14.txt,,,,1
2014-01-15,346,346,20,-0800,iso,lojban/2014_01/2014_01_15.txt,,,,1
2014-01-16,173,173,16,-0800,iso,lojban/2014_01/2014_01_16.txt,,,,1
2014-01-17,436,436,22,-0800,iso,lojban/2014_01/2014_01_17.txt,,,,1
2014-01-18,631,631,27,-0800,iso,lojban/2014_01/2014_01_18.txt,,,,1
2014-01-19,332,332,16,-0800,iso,lojban/2014_01/2014_01_19.txt,,,,1
2014-01-20,474,474,26,-0800,iso,lojban/2014_01/2014_01_20.txt,,,,1
2014-01-21,412,412,23,-0800,iso,lojban/2014_01/2014_01_21.txt,,,,1
2014-01-22,383,383,23,-0800,iso,lojban/2014_01/2014_01_22.txt,,,,1
2014-01-23,640,640,32,-0800,iso,lojban/2014_01/2014_01_23.txt,,,,1
2014-01-24,483,483,19,-0800,iso,lojban/2014_01/2014_01_24.txt,,,,1
2014-01-25,296,296,20,-0800,iso,lojban/2014_01/2014_01_25.txt,,,,1
2014-01-26,238,238,13,-0800,iso,lojban/2014_01/2014_01_26.txt,,,,1
2014-01-27,287,287,24,-0800,iso,lojban/2014_01/2014_01_27.txt,,,,1
2014-01-28,214,214,23,-0800,iso,lojban/2014_01/2014_01_28.txt,,,,1
2014-01-29,171,171,17,-0800,iso,lojban/2014_01/2014_01_29.txt,,,,1
2014-01-30,463,463,21,-0800,iso,lojban/2014_01/2014_01_30.txt,,,,1
2014-01-31,272,272,14,-0800,iso,lojban/2014_01/2014_01_31.txt,,,,1
2014-02-01,135,135,15,-0800,iso,lojban/2014_02/2014_02_01.txt,,,,1
2014-02-02,89,89,14,-0800,iso,lojban/2014_02/2014_02_02.txt,,,,1
2014-02-03,89,89,20,-0800,iso,lojban/2014_02/2014_02_03.txt,,,,1
2014-02-04,241,241,15,-0800,iso,lojban/2014_02/2014_02_04.txt,,,,1
2014-02-05,349,349,20,-0800,iso,lojban/2014_02/2014_02_05.txt,,,,1
2014-02-06,210,210,21,-0800,iso,lojban/2014_02/2014_02_06.txt,,,,1
2014-02-07,314,314,17,-0800,iso,lojban/2014_02/2014_02_07.txt,,,,1
2014-02-08,259,259,19,-0800,iso,lojban/2014_02/2014_02_08.txt,,,,1
2014-02-09,247,247,20,-0800,iso,lojban/2014_02/2014_02_09.txt,,,,1
2014-02-10,68,68,11,-0800,iso,lojban/2014_02/2014_02_10.txt,,,,1
2014-02-11,117,117,12,-0800,iso,lojban/2014_02/2014_02_11.txt,,,,1
2014-02-12,150,150,16,-0800,iso,lojban/2014_02/2014_02_12.txt,,,,1
2014-02-13,91,91,10,-0800,iso,lojban/2014_02/2014_02_13.txt,,,,1
2014-02-14,143,143,15,-0800,iso,lojban/2014_02/2014_02_14.txt,,,,1
2014-02-15,65,65,9,-0800,iso,lojban/2014_02/2014_02_15.txt,,,,1
2014-02-16,143,143,9,-0800,iso,lojban/2014_02/2014_02_16.txt,,,,1
2014-02-17,111,111,13,-0800,iso,lojban/2014_02/2014_02_17.txt,,,,1
2014-02-18,93,93,13,-0800,iso,lojban/2014_02/2014_02_18.txt,,,,1
2014-02-19,546,546,21,-0800,iso,lojban/2014_02/2014_02_19.txt,,,,1
2014-02-20,167,167,22,-0800,iso,lojban/2014_02/2014_02_20.txt,,,,1
2014-02-21,96,96,14,-0800,iso,lojban/2014_02/2014_02_21.txt,,,,1
2014-02-22,191,191,12,-0800,iso,lojban/2014_02/2014_02_22.txt,,,,1
2014-02-23,58,58,10,-0800,iso,lojban/2014_02/2014_02_23.txt,,,,1
2014-02-24,132,132,23,-0800,iso,lojban/2014_02/2014_02_24.txt,,,,1
2014-02-25,311,311,20,-0800,iso,lojban/2014_02/2014_02_25.txt,,,,1
2014-02-26,79,79,16,-0800,iso,lojban/2014_02/2014_02_26.txt,,,,1
2014-02-27,130,130,17,-0800,iso,lojban/2014_02/2014_02_27.txt,,,,1
2014-02-28,188,188,24,-0800,iso,lojban/2014_02/2014_02_28.txt,,,,1
2014-03-01,172,172,14,-0800,iso,lojban/2014_03/2014_03_01.txt,,,,1
2014-03-02,92,92,14,-0800,iso,lojban/2014_03/2014_03_02.txt,,,,1
2014-03-03,116,116,20,-0800,iso,lojban/2014_03/2014_03_03.txt,,,,1
2014-03-04,120,120,21,-0800,iso,lojban/2014_03/2014_03_04.txt,,,,1
2014-03-05,144,144,21,-0800,iso,lojban/2014_03/2014_03_05.txt,,,,1
2014-03-06,181,181,18,-0800,iso,lojban/2014_03/2014_03_06.txt,,,,1
2014-03-07,57,57,16,-0800,iso,lojban/2014_03/2014_03_07.txt,,,,1
2014-03-08,469,469,17,-0800,iso,lojban/2014_03/2014_03_08.txt,,,,1
2014-03-09,176,176,15,-0700,iso,lojban/2014_03/2014_03_09.txt,,,,1
2014-03-10,238,238,14,-0700,iso,lojban/2014_03/2014_03_10.txt,,,,1
2014-03-11,216,216,22,-0700,iso,lojban/2014_03/2014_03_11.txt,,,,1
2014-03-12,138,138,12,-0700,iso,lojban/2014_03/2014_03_12.txt,,,,1
2014-03-13,284,284,24,-0700,iso,lojban/2014_03/2014_03_13.txt,,,,1
2014-03-14,462,462,17,-0700,iso,lojban/2014_03/2014_03_14.txt,,,,1
2014-03-15,161,161,14,-0700,iso,lojban/2014_03/2014_03_15.txt,,,,1
2014-03-16,150,150,13,-0700,iso,lojban/2014_03/2014_03_16.txt,,,,1
2014-03-17,247,247,20,-0700,iso,lojban/2014_03/2014_03_17.txt,,,,1
2014-03-18,256,256,17,-0700,iso,lojban/2014_03/2014_03_18.txt,,,,1
2014-03-19,250,250,14,-0700,iso,lojban/2014_03/2014_03_19.txt,,,,1
2014-03-20,177,177,18,-0700,iso,lojban/2014_03/2014_03_20.txt,,,,1
2014-03-21,213,213,17,-0700,iso,lojban/2014_03/2014_03_21.txt,,,,1
2014-03-22,102,102,13,-0700,iso,lojban/2014_03/2014_03_22.txt,,,,1
2014-03-23,269,269,16,-0700,iso,lojban/2014_03/2014_03_23.txt,,,,1
2014-03-24,366,366,22,-0700,iso,lojban/2014_03/2014_03_24.txt,,,,1
2014-03-25,209,209,19,-0700,iso,lojban/2014_03/2014_03_25.txt,,,,1
2014-03-26,216,216,19,-0700,iso,lojban/2014_03/2014_03_26.txt,,,,1
2014-03-27,161,161,20,-0700,iso,lojban/2014_03/2014_03_27.txt,,,,1
2014-03-28,311,311,20,-0700,iso,lojban/2014_03/2014_03_28.txt,,,,1
2014-03-29,35,35,11,-0700,iso,lojban/2014_03/2014_03_29.txt,,,,1
2014-03-30,247,247,24,-0700,iso,lojban/2014_03/2014_03_30.txt,,,,1
2014-03-31,218,218,24,-0700,iso,lojban/2014_03/2014_03_31.txt,,,,1
2014-04-01,215,215,20,-0700,iso,lojban/2014_04/2014_04_01.txt,,,,1
2014-04-02,393,393,27,-0700,iso,lojban/2014_04/2014_04_02.txt,,,,1
2014-04-03,360,360,18,-0700,iso,lojban/2014_04/2014_04_03.txt,,,,1
2014-04-04,303,303,19,-0700,iso,lojban/2014_04/2014_04_04.txt,,,,1
2014-04-05,440,440,19,-0700,iso,lojban/2014_04/2014_04_05.txt,,,,1
2014-04-06,132,132,10,-0700,iso,lojban/2014_04/2014_04_06.txt,,,,1
2014-04-07,239,239,19,-0700,iso,lojban/2014_04/2014_04_07.txt,,,,1
2014-04-08,212,212,20,-0700,iso,lojban/2014_04/2014_04_08.txt,,,,1
2014-04-09,231,231,15,-0700,iso,lojban/2014_04/2014_04_09.txt,,,,1
2014-04-10,122,122,12,-0700,iso,lojban/2014_04/2014_04_10.txt,,,,1
2014-04-11,256,256,18,-0700,iso,lojban/2014_04/2014_04_11.txt,,,,1
2014-04-12,196,196,12,-0700,iso,lojban/2014_04/2014_04_12.txt,,,,1
2014-04-13,357,357,11,-0700,iso,lojban/2014_04/2014_04_13.txt,,,,1
2014-04-14,289,289,20,-0700,iso,lojban/2014_04/2014_04_14.txt,,,,1
2014-04-15,94,94,9,-0700,iso,lojban/2014_04/2014_04_15.txt,,,,1
2014-04-16,109,109,13,-0700,iso,lojban/2014_04/2014_04_16.txt,,,,1
2014-04-17,122,122,9,-0700,iso,lojban/2014_04/2014_04_17.txt,,,,1
2014-04-18,87,87,8,-0700,iso,lojban/2014_04/2014_04_18.txt,,,,1
2014-04-19,97,97,15,-0700,iso,lojban/2014_04/2014_04_19.txt,,,,1
2014-04-20,105,105,11,-0700,iso,lojban/2014_04/2014_04_20.txt,,,,1
2014-04-21,261,261,19,-0700,iso,lojban/2014_04/2014_04_21.txt,,,,1
2014-04-22,492,492,26,-0700,iso,lojban/2014_04/2014_04_22.txt,,,,1
2014-04-23,625,625,34,-0700,iso,lojban/2014_04/2014_04_23.txt,,,,1
2014-04-24,290,290,17,-0700,iso,lojban/2014_04/2014_04_24.txt,,,,1
2014-04-25,185,185,19,-0700,iso,lojban/2014_04/2014_04_25.txt,,,,1
2014-04-26,222,222,16,-0700,iso,lojban/2014_04/2014_04_26.txt,,,,1
2014-04-27,245,245,14,-0700,iso,lojban/2014_04/2014_04_27.txt,,,,1
2014-04-28,241,241,22,-0700,iso,lojban/2014_04/2014_04_28.txt,,,,1
2014-04-29,313,313,27,-0700,iso,lojban/2014_04/2014_04_29.txt,,,,1
2014-04-30,502,502,23,-0700,iso,lojban/2014_04/2014_04_30.txt,,,,1
2014-05-01,376,376,23,-0700,iso,lojban/2014_05/2014_05_01.txt,,,,1
2014-05-02,815,815,26,-0700,iso,lojban/2014_05/2014_05_02.txt,,,,1
2014-05-03,404,404,14,-0700,iso,lojban/2014_05/2014_05_03.txt,,,,1
2014-05-04,474,474,24,-0700,iso,lojban/2014_05/2014_05_04.txt,,,,1
2014-05-05,530,530,27,-0700,iso,lojban/2014_05/2014_05_05.txt,,,,1
2014-05-06,624,624,22,-0700,iso,lojban/2014_05/2014_05_06.txt,,,,1
2014-05-07,477,477,21,-0700,iso,lojban/2014_05/2014_05_07.txt,,,,1
2014-05-08,514,514,20,-0700,iso,lojban/2014_05/2014_05_08.txt,,,,1
2014-05-09,240,240,21,-0700,iso,lojban/2014_05/2014_05_09.txt,,,,1
2014-05-10,485,485,18,-0700,iso,lojban/2014_05/2014_05_10.txt,,,,1
2014-05-11,497,497,20,-0700,iso,lojban/2014_05/2014_05_11.txt,,,,1
2014-05-12,554,554,23,-0700,iso,lojban/2014_05/2014_05_12.txt,,,,1
2014-05-13,461,461,33,-0700,iso,lojban/2014_05/2014_05_13.txt,,,,1
2014-05-14,391,391,29,-0700,iso,lojban/2014_05/2014_05_14.txt,,,,1
2014-05-15,555,555,36,-0700,iso,lojban/2014_05/2014_05_15.txt,,,,1
2014-05-16,346,346,20,-0700,iso,lojban/2014_05/2014_05_16.txt,,,,1
2014-05-17,288,288,19,-0700,iso,lojban/2014_05/2014_05_17.txt,,,,1
2014-05-18,589,589,24,-0700,iso,lojban/2014_05/2014_05_18.txt,,,,1
2014-05-19,564,564,23,-0700,iso,lojban/2014_05/2014_05_19.txt,,,,1
2014-05-20,531,531,25,-0700,iso,lojban/2014_05/2014_05_20.txt,,,,1
2014-05-21,597,597,20,-0700,iso,lojban/2014_05/2014_05_21.txt,,,,1
2014-05-22,338,338,21,-0700,iso,lojban/2014_05/2014_05_22.txt,,,,1
2014-05-23,459,459,16,-0700,iso,lojban/2014_05/2014_05_23.txt,,,,1
2014-05-24,246,246,15,-0700,iso,lojban/2014_05/2014_05_24.txt,,,,1
2014-05-25,147,147,14,-0700,iso,lojban/2014_05/2014_05_25.txt,,,,1
2014-05-26,192,192,14,-0700,iso,lojban/2014_05/2014_05_26.txt,,,,1
2014-05-27,100,100,14,-0700,iso,lojban/2014_05/2014_05_27.txt,,,,1
2014-05-28,168,168,17,-0700,iso,lojban/2014_05/2014_05_28.txt,,,,1
2014-05-29,411,411,24,-0700,iso,lojban/2014_05/2014_05_29.txt,,,,1
2014-05-30,410,410,21,-0700,iso,lojban/2014_05/2014_05_30.txt,,,,1
2014-05-31,507,507,22,-0700,iso,lojban/2014_05/2014_05_31.txt,,,,1
2014-06-01,522,522,17,-0700,iso,lojban/2014_06/2014_06_01.txt,,,,1
2014-06-02,406,406,25,-0700,iso,lojban/2014_06/2014_06_02.txt,,,,1
2014-06-03,278,278,22,-0700,iso,lojban/2014_06/2014_06_03.txt,,,,1
2014-06-04,281,281,16,-0700,iso,lojban/2014_06/2014_06_04.txt,,,,1
2014-06-05,223,223,22,-0700,iso,lojban/2014_06/2014_06_05.txt,,,,1
2014-06-06,198,198,18,-0700,iso,lojban/2014_06/2014_06_06.txt,,,,1
2014-06-07,147,147,14,-0700,iso,lojban/2014_06/2014_06_07.txt,,,,1
2014-06-08,616,616,19,-0700,iso,lojban/2014_06/2014_06_08.txt,,,,1
2014-06-09,259,259,19,-0700,iso,lojban/2014_06/2014_06_09.txt,,,,1
2014-06-10,246,246,23,-0700,iso,lojban/2014_06/2014_06_10.txt,,,,1
2014-06-11,482,482,23,-0700,iso,lojban/2014_06/2014_06_11.txt,,,,1
2014-06-12,289,289,20,-0700,iso,lojban/2014_06/2014_06_12.txt,,,,1
2014-06-13,283,283,19,-0700,iso,lojban/2014_06/2014_06_13.txt,,,,1
2014-06-14,198,198,17,-0700,iso,lojban/2014_06/2014_06_14.txt,,,,1
2014-06-15,427,427,20,-0700,iso,lojban/2014_06/2014_06_15.txt,,,,1
2014-06-16,105,105,10,-0700,iso,lojban/2014_06/2014_06_16.txt,,,,1
2014-06-17,240,240,20,-0700,iso,lojban/2014_06/2014_06_17.txt,,,,1
2014-06-18,483,483,28,-0700,iso,lojban/2014_06/2014_06_18.txt,,,,1
2014-06-19,592,592,34,-0700,iso,lojban/2014_06/2014_06_19.txt,,,,1
2014-06-20,254,254,21,-0700,iso,lojban/2014_06/2014_06_20.txt,,,,1
2014-06-21,210,210,20,-0700,iso,lojban/2014_06/2014_06_21.txt,,,,1
2014-06-22,324,324,25,-0700,iso,lojban/2014_06/2014_06_22.txt,,,,1
2014-06-23,231,231,23,-0700,iso,lojban/2014_06/2014_06_23.txt,,,,1
2014-06-24,204,204,19,-0700,iso,lojban/2014_06/2014_06_24.txt,,,,1
2014-06-25,161,161,12,-0700,iso,lojban/2014_06/2014_06_25.txt,,,,1
2014-06-26,215,215,13,-0700,iso,lojban/2014_06/2014_06_26.txt,,,,1
2014-06-27,51,51,8,-0700,iso,lojban/2014_06/2014_06_27.txt,,,,1
2014-06-28,149,149,15,-0700,iso,lojban/2014_06/2014_06_28.txt,,,,1
2014-06-29,141,141,16,-0700,iso,lojban/2014_06/2014_06_29.txt,,,,1
2014-06-30,228,228,17,-0700,iso,lojban/2014_06/2014_06_30.txt,,,,1
2014-07-01,210,210,17,-0700,iso,lojban/2014_07/2014_07_01.txt,,,,1
2014-07-02,181,181,15,-0700,iso,lojban/2014_07/2014_07_02.txt,,,,1
2014-07-03,118,118,17,-0700,iso,lojban/2014_07/2014_07_03.txt,,,,1
2014-07-04,98,98,14,-0700,iso,lojban/2014_07/2014_07_04.txt,,,,1
2014-07-05,82,82,9,-0700,iso,lojban/2014_07/2014_07_05.txt,,,,1
2014-07-06,109,109,9,-0700,iso,lojban/2014_07/2014_07_06.txt,,,,1
2014-07-07,301,301,20,-0700,iso,lojban/2014_07/2014_07_07.txt,,,,1
2014-07-08,325,325,18,-0700,iso,lojban/2014_07/2014_07_08.txt,,,,1
2014-07-09,193,193,16,-0700,iso,lojban/2014_07/2014_07_09.txt,,,,1
2014-07-10,108,108,18,-0700,iso,lojban/2014_07/2014_07_10.txt,,,,1
2014-07-11,200,200,16,-0700,iso,lojban/2014_07/2014_07_11.txt,,,,1
2014-07-12,179,179,10,-0700,iso,lojban/2014_07/2014_07_12.txt,,,,1
2014-07-13,99,99,15,-0700,iso,lojban/2014_07/2014_07_13.txt,,,,1
2014-07-14,238,238,19,-0700,iso,lojban/2014_07/2014_07_14.txt,,,,1
2014-07-15,152,152,21,-0700,iso,lojban/2014_07/2014_07_15.txt,,,,1
2014-07-16,335,335,24,-0700,iso,lojban/2014_07/2014_07_16.txt,,,,1
2014-07-17,241,241,23,-0700,iso,lojban/2014_07/2014_07_17.txt,,,,1
2014-07-18,320,320,21,-0700,iso,lojban/2014_07/2014_07_18.txt,,,,1
2014-07-19,232,232,13,-0700,iso,lojban/2014_07/2014_07_19.txt,,,,1
2014-07-20,159,159,19,-0700,iso,lojban/2014_07/2014_07_20.txt,,,,1
2014-07-21,325,325,19,-0700,iso,lojban/2014_07/2014_07_21.txt,,,,1
2014-07-22,273,273,22,-0700,iso,lojban/2014_07/2014_07_22.txt,,,,1
2014-07-23,326,326,20,-0700,iso,lojban/2014_07/2014_07_23.txt,,,,1
2014-07-24,304,304,19,-0700,iso,lojban/2014_07/2014_07_24.txt,,,,1
2014-07-25,275,275,20,-0700,iso,lojban/2014_07/2014_07_25.txt,,,,1
2014-07-26,324,324,18,-0700,iso,lojban/2014_07/2014_07_26.txt,,,,1
2014-07-27,101,101,9,-0700,iso,lojban/2014_07/2014_07_27.txt,,,,1
2014-07-28,155,155,15,-0700,iso,lojban/2014_07/2014_07_28.txt,,,,1
2014-07-29,95,95,11,-0700,iso,lojban/2014_07/2014_07_29.txt,,,,1
2014-07-30,228,228,15,-0700,iso,lojban/2014_07/2014_07_30.txt,,,,1
2014-07-31,229,229,19,-0700,iso,lojban/2014_07/2014_07_31.txt,,,,1
2014-08-01,289,289,24,-0700,iso,lojban/2014_08/2014_08_01.txt,,,,1
2014-08-02,189,189,15,-0700,iso,lojban/2014_08/2014_08_02.txt,,,,1
2014-08-03,358,358,22,-0700,iso,lojban/2014_08/2014_08_03.txt,,,,1
2014-08-04,314,314,20,-0700,iso,lojban/2014_08/2014_08_04.txt,,,,1
2014-08-05,330,330,19,-0700,iso,lojban/2014_08/2014_08_05.txt,,,,1
2014-08-06,344,344,25,-0700,iso,lojban/2014_08/2014_08_06.txt,,,,1
2014-08-07,290,290,15,-0700,iso,lojban/2014_08/2014_08_07.txt,,,,1
2014-08-08,346,346,25,-0700,iso,lojban/2014_08/2014_08_08.txt,,,,1
2014-08-09,90,90,13,-0700,iso,lojban/2014_08/2014_08_09.txt,,,,1
2014-08-10,201,201,19,-0700,iso,lojban/2014_08/2014_08_10.txt,,,,1
2014-08-11,190,190,17,-0700,iso,lojban/2014_08/2014_08_11.txt,,,,1
2014-08-12,184,184,16,-0700,iso,lojban/2014_08/2014_08_12.txt,,,,1
2014-08-13,183,183,15,-0700,iso,lojban/2014_08/2014_08_13.txt,,,,1
2014-08-14,255,255,21,-0700,iso,lojban/2014_08/2014_08_14.txt,,,,1
2014-08-15,98,98,13,-0700,iso,lojban/2014_08/2014_08_15.txt,,,,1
2014-08-16,420,420,15,-0700,iso,lojban/2014_08/2014_08_16.txt,,,,1
2014-08-17,258,258,13,-0700,iso,lojban/2014_08/2014_08_17.txt,,,,1
2014-08-18,126,126,17,-0700,iso,lojban/2014_08/2014_08_18.txt,,,,1
2014-08-19,208,208,15,-0700,iso,lojban/2014_08/2014_08_19.txt,,,,1
2014-08-20,144,144,12,-0700,iso,lojban/2014_08/2014_08_20.txt,,,,1
2014-08-21,225,225,20,-0700,iso,lojban/2014_08/2014_08_21.txt,,,,1
2014-08-22,206,206,17,-0700,iso,lojban/2014_08/2014_08_22.txt,,,,1
2014-08-23,148,148,17,-0700,iso,lojban/2014_08/2014_08_23.txt,,,,1
2014-08-24,304,304,14,-0700,iso,lojban/2014_08/2014_08_24.txt,,,,1
2014-08-25,294,294,18,-0700,iso,lojban/2014_08/2014_08_25.txt,,,,1
2014-08-26,243,243,27,-0700,iso,lojban/2014_08/2014_08_26.txt,,,,1
2014-08-27,479,479,23,-0700,iso,lojban/2014_08/2014_08_27.txt,,,,1
2014-08-28,190,190,17,-0700,iso,lojban/2014_08/2014_08_28.txt,,,,1
2014-08-29,437,437,21,-0700,iso,lojban/2014_08/2014_08_29.txt,,,,1
2014-08-30,274,274,15,-0700,iso,lojban/2014_08/2014_08_30.txt,,,,1
2014-08-31,284,284,20,-0700,iso,lojban/2014_08/2014_08_31.txt,,,,1
2014-09-01,188,188,16,-0700,iso,lojban/2014_09/2014_09_01.txt,,,,1
2014-09-02,196,196,17,-0700,iso,lojban/2014_09/2014_09_02.txt,,,,1
2014-09-03,209,209,18,-0700,iso,lojban/2014_09/2014_09_03.txt,,,,1
2014-09-04,156,156,14,-0700,iso,lojban/2014_09/2014_09_04.txt,,,,1
2014-09-05,236,236,22,-0700,iso,lojban/2014_09/2014_09_05.txt,,,,1
2014-09-06,248,248,21,-0700,iso,lojban/2014_09/2014_09_06.txt,,,,1
2014-09-07,194,194,16,-0700,iso,lojban/2014_09/2014_09_07.txt,,,,1
2014-09-08,174,174,14,-0700,iso,lojban/2014_09/2014_09_08.txt,,,,1
2014-09-09,147,147,17,-0700,iso,lojban/2014_09/2014_09_09.txt,,,,1
2014-09-10,214,214,18,-0700,iso,lojban/2014_09/2014_09_10.txt,,,,1
2014-09-11,254,254,16,-0700,iso,lojban/2014_09/2014_09_11.txt,,,,1
2014-09-12,191,191,13,-0700,iso,lojban/2014_09/2014_09_12.txt,,,,1
2014-09-13,109,109,13,-0700,iso,lojban/2014_09/2014_09_13.txt,,,,1
2014-09-14,197,197,20,-0700,iso,lojban/2014_09/2014_09_14.txt,,,,1
2014-09-15,193,193,13,-0700,iso,lojban/2014_09/2014_09_15.txt,,,,1
2014-09-16,493,493,22,-0700,iso,lojban/2014_09/2014_09_16.txt,,,,1
2014-09-17,429,429,22,-0700,iso,lojban/2014_09/2014_09_17.txt,,,,1
2014-09-18,435,435,19,-0700,iso,lojban/2014_09/2014_09_18.txt,,,,1
2014-09-19,65,65,10,-0700,iso,lojban/2014_09/2014_09_19.txt,,,,1
2014-09-20,90,90,12,-0700,iso,lojban/2014_09/2014_09_20.txt,,,,1
2014-09-21,232,232,23,-0700,iso,lojban/2014_09/2014_09_21.txt,,,,1
2014-09-22,235,235,18,-0700,iso,lojban/2014_09/2014_09_22.txt,,,,1
2014-09-23,85,85,17,-0700,iso,lojban/2014_09/2014_09_23.txt,,,,1
2014-09-24,159,159,23,-0700,iso,lojban/2014_09/2014_09_24.txt,,,,1
2014-09-25,291,291,27,-0700,iso,lojban/2014_09/2014_09_25.txt,,,,1
2014-09-26,314,314,17,-0700,iso,lojban/2014_09/2014_09_26.txt,,,,1
2014-09-27,177,177,15,-0700,iso,lojban/2014_09/2014_09_27.txt,,,,1
2014-09-28,260,260,23,-0700,iso,lojban/2014_09/2014_09_28.txt,,,,1
2014-09-29,282,282,16,-0700,iso,lojban/2014_09/2014_09_29.txt,,,,1
2014-09-30,161,161,15,-0700,iso,lojban/2014_09/2014_09_30.txt,,,,1
2014-10-01,297,297,19,-0700,iso,lojban/2014_10/2014_10_01.txt,,,,1
2014-10-02,110,110,11,-0700,iso,lojban/2014_10/2014_10_02.txt,,,,1
2014-10-03,245,245,22,-0700,iso,lojban/2014_10/2014_10_03.txt,,,,1
2014-10-04,146,146,13,-0700,iso,lojban/2014_10/2014_10_04.txt,,,,1
2014-10-05,237,237,18,-0700,iso,lojban/2014_10/2014_10_05.txt,,,,1
2014-10-06,135,135,22,-0700,iso,lojban/2014_10/2014_10_06.txt,,,,1
2014-10-07,166,166,19,-0700,iso,lojban/2014_10/2014_10_07.txt,,,,1
2014-10-08,281,281,25,-0700,iso,lojban/2014_10/2014_10_08.txt,,,,1
2014-10-09,309,309,27,-0700,iso,lojban/2014_10/2014_10_09.txt,,,,1
2014-10-10,225,225,23,-0700,iso,lojban/2014_10/2014_10_10.txt,,,,1
2014-10-11,325,325,21,-0700,iso,lojban/2014_10/2014_10_11.txt,,,,1
2014-10-12,85,85,16,-0700,iso,lojban/2014_10/2014_10_12.txt,,,,1
2014-10-13,203,203,19,-0700,iso,lojban/2014_10/2014_10_13.txt,,,,1
2014-10-14,305,305,24,-0700,iso,lojban/2014_10/2014_10_14.txt,,,,1
2014-10-15,244,244,21,-0700,iso,lojban/2014_10/2014_10_15.txt,,,,1
2014-10-16,173,173,20,-0700,iso,lojban/2014_10/2014_10_16.txt,,,,1
2014-10-17,297,297,17,-0700,iso,lojban/2014_10/2014_10_17.txt,,,,1
2014-10-18,311,311,20,-0700,iso,lojban/2014_10/2014_10_18.txt,,,,1
2014-10-19,48,48,9,-0700,iso,lojban/2014_10/2014_10_19.txt,,,,1
2014-10-20,147,147,21,-0700,iso,lojban/2014_10/2014_10_20.txt,,,,1
2014-10-21,261,261,22,-0700,iso,lojban/2014_10/2014_10_21.txt,,,,1
2014-10-22,85,85,12,-0700,iso,lojban/2014_10/2014_10_22.txt,,,,1
2014-10-23,150,150,12,-0700,iso,lojban/2014_10/2014_10_23.txt,,,,1
2014-10-24,130,130,16,-0700,iso,lojban/2014_10/2014_10_24.txt,,,,1
2014-10-25,159,159,14,-0700,iso,lojban/2014_10/2014_10_25.txt,,,,1
2014-10-26,327,327,15,-0700,iso,lojban/2014_10/2014_10_26.txt,,,,1
2014-10-27,206,206,18,-0700,iso,lojban/2014_10/2014_10_27.txt,,,,1
2014-10-28,286,286,19,-0700,iso,lojban/2014_10/2014_10_28.txt,,,,1
2014-10-29,329,329,13,-0700,iso,lojban/2014_10/2014_10_29.txt,,,,1
2014-10-30,172,172,12,-0700,iso,lojban/2014_10/2014_10_30.txt,,,,1
2014-10-31,138,138,16,-0700,iso,lojban/2014_10/2014_10_31.txt,,,,1
2014-11-01,117,117,14,-0700,iso,lojban/2014_11/2014_11_01.txt,,,,1
2014-11-02,128,128,14,-0800,iso,lojban/2014_11/2014_11_02.txt,,,,1
2014-11-03,249,249,17,-0800,iso,lojban/2014_11/2014_11_03.txt,,,,1
2014-11-04,96,96,12,-0800,iso,lojban/2014_11/2014_11_04.txt,,,,1
2014-11-05,360,360,18,-0800,iso,lojban/2014_11/2014_11_05.txt,,,,1
2014-11-06,362,362,13,-0800,iso,lojban/2014_11/2014_11_06.txt,,,,1
2014-11-07,185,185,11,-0800,iso,lojban/2014_11/2014_11_07.txt,,,,1
2014-11-08,207,207,13,-0800,iso,lojban/2014_11/2014_11_08.txt,,,,1
2014-11-09,123,123,13,-0800,iso,lojban/2014_11/2014_11_09.txt,,,,1
2014-11-10,145,145,12,-0800,iso,lojban/2014_11/2014_11_10.txt,,,,1
2014-11-11,154,154,17,-0800,iso,lojban/2014_11/2014_11_11.txt,,,,1
2014-11-12,229,229,16,-0800,iso,lojban/2014_11/2014_11_12.txt,,,,1
2014-11-13,94,94,13,-0800,iso,lojban/2014_11/2014_11_13.txt,,,,1
2014-11-14,118,118,17,-0800,iso,lojban/2014_11/2014_11_14.txt,,,,1
2014-11-15,129,129,14,-0800,iso,lojban/2014_11/2014_11_15.txt,,,,1
2014-11-16,217,217,16,-0800,iso,lojban/2014_11/2014_11_16.txt,,,,1
2014-11-17,118,118,16,-0800,iso,lojban/2014_11/2014_11_17.txt,,,,1
2014-11-18,282,282,21,-0800,iso,lojban/2014_11/2014_11_18.txt,,,,1
2014-11-19,212,212,17,-0800,iso,lojban/2014_11/2014_11_19.txt,,,,1
2014-11-20,162,162,16,-0800,iso,lojban/2014_11/2014_11_20.txt,,,,1
2014-11-21,127,127,12,-0800,iso,lojban/2014_11/2014_11_21.txt,,,,1
2014-11-22,130,130,20,-0800,iso,lojban/2014_11/2014_11_22.txt,,,,1
2014-11-23,79,79,9,-0800,iso,lojban/2014_11/2014_11_23.txt,,,,1
2014-11-24,294,294,20,-0800,iso,lojban/2014_11/2014_11_24.txt,,,,1
2014-11-25,61,61,16,-0800,iso,lojban/2014_11/2014_11_25.txt,,,,1
2014-11-26,130,130,18,-0800,iso,lojban/2014_11/2014_11_26.txt,,,,1
2014-11-27,55,55,8,-0800,iso,lojban/2014_11/2014_11_27.txt,,,,1
2014-11-28,102,102,10,-0800,iso,lojban/2014_11/2014_11_28.txt,,,,1
2014-11-29,82,82,10,-0800,iso,lojban/2014_11/2014_11_29.txt,,,,1
2014-11-30,132,132,12,-0800,iso,lojban/2014_11/2014_11_30.txt,,,,1
2014-12-01,750,750,18,-0800,iso,lojban/2014_12/2014_12_01.txt,,,,1
2014-12-02,386,386,15,-0800,iso,lojban/2014_12/2014_12_02.txt,,,,1
2014-12-03,656,656,15,-0800,iso,lojban/2014_12/2014_12_03.txt,,,,1
2014-12-04,446,446,21,-0800,iso,lojban/2014_12/2014_12_04.txt,,,,1
2014-12-05,571,571,23,-0800,iso,lojban/2014_12/2014_12_05.txt,,,,1
2014-12-06,634,634,17,-0800,iso,lojban/2014_12/2014_12_06.txt,,,,1
2014-12-07,339,339,16,-0800,iso,lojban/2014_12/2014_12_07.txt,,,,1
2014-12-08,708,708,20,-0800,iso,lojban/2014_12/2014_12_08.txt,,,,1
2014-12-09,443,443,16,-0800,iso,lojban/2014_12/2014_12_09.txt,,,,1
2014-12-10,458,458,20,-0800,iso,lojban/2014_12/2014_12_10.txt,,,,1
2014-12-11,206,206,16,-0800,iso,lojban/2014_12/2014_12_11.txt,,,,1
2014-12-12,271,271,13,-0800,iso,lojban/2014_12/2014_12_12.txt,,,,1
2014-12-13,443,443,20,-0800,iso,lojban/2014_12/2014_12_13.txt,,,,1
2014-12-14,449,449,19,-0800,iso,lojban/2014_12/2014_12_14.txt,,,,1
2014-12-15,538,538,24,-0800,iso,lojban/2014_12/2014_12_15.txt,,,,1
2014-12-16,428,428,24,-0800,iso,lojban/2014_12/2014_12_16.txt,,,,1
2014-12-17,386,386,20,-0800,iso,lojban/2014_12/2014_12_17.txt,,,,1
2014-12-18,421,421,28,-0800,iso,lojban/2014_12/2014_12_18.txt,,,,1
2014-12-19,536,536,24,-0800,iso,lojban/2014_12/2014_12_19.txt,,,,1
2014-12-20,527,527,27,-0800,iso,lojban/2014_12/2014_12_20.txt,,,,1
2014-12-21,722,722,27,-0800,iso,lojban/2014_12/2014_12_21.txt,,,,1
2014-12-22,1038,1038,28,-0800,iso,lojban/2014_12/2014_12_22.txt,,,,1
2014-12-23,936,936,30,-0800,iso,lojban/2014_12/2014_12_23.txt,,,,1
2014-12-24,420,420,23,-0800,iso,lojban/2014_12/2014_12_24.txt,,,,1
2014-12-25,620,620,28,-0800,iso,lojban/2014_12/2014_12_25.txt,,,,1
2014-12-26,609,609,26,-0800,iso,lojban/2014_12/2014_12_26.txt,,,,1
2014-12-27,634,634,18,-0800,iso,lojban/2014_12/2014_12_27.txt,,,,1
2014-12-28,559,559,31,-0800,iso,lojban/2014_12/2014_12_28.txt,,,,1
2014-12-29,459,459,22,-0800,iso,lojban/2014_12/2014_12_29.txt,,,,1
2014-12-30,800,800,23,-0800,iso,lojban/2014_12/2014_12_30.txt,,,,1
2014-12-31,715,715,21,-0800,iso,lojban/2014_12/2014_12_31.txt,,,,1
2015-01-01,600,600,27,-0800,iso,lojban/2015_01/2015_01_01.txt,,,,1
2015-01-02,356,356,18,-0800,iso,lojban/2015_01/2015_01_02.txt,,,,1
2015-01-03,740,740,16,-0800,iso,lojban/2015_01/2015_01_03.txt,,,,1
2015-01-04,552,552,24,-0800,iso,lojban/2015_01/2015_01_04.txt,,,,1
2015-01-05,696,696,26,-0800,iso,lojban/2015_01/2015_01_05.txt,,,,1
2015-01-06,550,550,21,-0800,iso,lojban/2015_01/2015_01_06.txt,,,,1
2015-01-07,305,305,20,-0800,iso,lojban/2015_01/2015_01_07.txt,,,,1
2015-01-08,561,561,19,-0800,iso,lojban/2015_01/2015_01_08.txt,,,,1
2015-01-09,475,475,26,-0800,iso,lojban/2015_01/2015_01_09.txt,,,,1
2015-01-10,544,544,22,-0800,iso,lojban/2015_01/2015_01_10.txt,,,,1
2015-01-11,1109,1109,26,-0800,iso,lojban/2015_01/2015_01_11.txt,,,,1
2015-01-12,862,862,28,-0800,iso,lojban/2015_01/2015_01_12.txt,,,,1
2015-01-13,741,741,25,-0800,iso,lojban/2015_01/2015_01_13.txt,,,,1
2015-01-14,450,450,26,-0800,iso,lojban/2015_01/2015_01_14.txt,,,,1
2015-01-15,736,736,24,-0800,iso,lojban/2015_01/2015_01_15.txt,,,,1
2015-01-16,784,784,22,-0800,iso,lojban/2015_01/2015_01_16.txt,,,,1
2015-01-17,377,377,20,-0800,iso,lojban/2015_01/2015_01_17.txt,,,,1
2015-01-18,1317,1317,35,-0800,iso,lojban/2015_01/2015_01_18.txt,,,,1
2015-01-19,992,992,25,-0800,iso,lojban/2015_01/2015_01_19.txt,,,,1
2015-01-20,278,278,15,-0800,iso,lojban/2015_01/2015_01_20.txt,,,,1
2015-01-21,746,746,25,-0800,iso,lojban/2015_01/2015_01_21.txt,,,,1
2015-01-22,1261,1261,25,-0800,iso,lojban/2015_01/2015_01_22.txt,,,,1
2015-01-23,1249,1249,23,-0800,iso,lojban/2015_01/2015_01_23.txt,,,,1
2015-01-24,640,640,25,-0800,iso,lojban/2015_01/2015_01_24.txt,,,,1
2015-01-25,360,360,19,-0800,iso,lojban/2015_01/2015_01_25.txt,,,,1
2015-01-26,238,238,24,-0800,iso,lojban/2015_01/2015_01_26.txt,,,,1
2015-01-27,265,265,20,-0800,iso,lojban/2015_01/2015_01_27.txt,,,,1
2015-01-28,279,279,14,-0800,iso,lojban/2015_01/2015_01_28.txt,,,,1
2015-01-29,353,353,20,-0800,iso,lojban/2015_01/2015_01_29.txt,,,,1
2015-01-30,630,630,21,-0800,iso,lojban/2015_01/2015_01_30.txt,,,,1
2015-01-31,536,536,19,-0800,iso,lojban/2015_01/2015_01_31.txt,,,,1
2015-02-01,539,539,25,-0800,iso,lojban/2015_02/2015_02_01.txt,,,,1
2015-02-02,443,443,14,-0800,iso,lojban/2015_02/2015_02_02.txt,,,,1
2015-02-03,980,980,17,-0800,iso,lojban/2015_02/2015_02_03.txt,,,,1
2015-02-04,1137,1137,25,-0800,iso,lojban/2015_02/2015_02_04.txt,,,,1
2015-02-05,556,556,19,-0800,iso,lojban/2015_02/2015_02_05.txt,,,,1
2015-02-06,1184,1184,19,-0800,iso,lojban/2015_02/2015_02_06.txt,,,,1
2015-02-07,1098,1098,26,-0800,iso,lojban/2015_02/2015_02_07.txt,,,,1
2015-02-08,687,687,23,-0800,iso,lojban/2015_02/2015_02_08.txt,,,,1
2015-02-09,623,623,20,-0800,iso,lojban/2015_02/2015_02_09.txt,,,,1
2015-02-10,669,669,24,-0800,iso,lojban/2015_02/2015_02_10.txt,,,,1
2015-02-11,559,559,22,-0800,iso,lojban/2015_02/2015_02_11.txt,,,,1
2015-02-12,782,782,33,-0800,iso,lojban/2015_02/2015_02_12.txt,,,,1
2015-02-13,464,464,22,-0800,iso,lojban/2015_02/2015_02_13.txt,,,,1
2015-02-14,385,385,18,-0800,iso,lojban/2015_02/2015_02_14.txt,,,,1
2015-02-15,253,253,24,-0800,iso,lojban/2015_02/2015_02_15.txt,,,,1
2015-02-16,752,752,22,-0800,iso,lojban/2015_02/2015_02_16.txt,,,,1
2015-02-17,449,449,22,-0800,iso,lojban/2015_02/2015_02_17.txt,,,,1
2015-02-18,414,414,22,-0800,iso,lojban/2015_02/2015_02_18.txt,,,,1
2015-02-19,540,540,17,-0800,iso,lojban/2015_02/2015_02_19.txt,,,,1
2015-02-20,442,442,31,-0800,iso,lojban/2015_02/2015_02_20.txt,,,,1
2015-02-21,953,953,31,-0800,iso,lojban/2015_02/2015_02_21.txt,,,,1
2015-02-22,647,647,34,-0800,iso,lojban/2015_02/2015_02_22.txt,,,,1
2015-02-23,395,395,25,-0800,iso,lojban/2015_02/2015_02_23.txt,,,,1
2015-02-24,539,539,25,-0800,iso,lojban/2015_02/2015_02_24.txt,,,,1
2015-02-25,352,352,23,-0800,iso,lojban/2015_02/2015_02_25.txt,,,,1
2015-02-26,590,590,22,-0800,iso,lojban/2015_02/2015_02_26.txt,,,,1
2015-02-27,533,533,23,-0800,iso,lojban/2015_02/2015_02_27.txt,,,,1
2015-02-28,697,697,24,-0800,iso,lojban/2015_02/2015_02_28.txt,,,,1
2015-03-01,622,622,21,-0800,iso,lojban/2015_03/2015_03_01.txt,,,,1
2015-03-02,739,739,21,-0800,iso,lojban/2015_03/2015_03_02.txt,,,,1
2015-03-03,1043,1043,20,-0800,iso,lojban/2015_03/2015_03_03.txt,,,,1
2015-03-04,1251,1251,22,-0800,iso,lojban/2015_03/2015_03_04.txt,,,,1
2015-03-05,1008,1008,23,-0800,iso,lojban/2015_03/2015_03_05.txt,,,,1
2015-03-06,943,943,18,-0800,iso,lojban/2015_03/2015_03_06.txt,,,,1
2015-03-07,272,272,18,-0800,iso,lojban/2015_03/2015_03_07.txt,,,,1
2015-03-08,518,518,17,-0800/-0700,iso,lojban/2015_03/2015_03_08.txt,,,,1
2015-03-09,370,370,16,-0700,iso,lojban/2015_03/2015_03_09.txt,,,,1
2015-03-10,459,459,14,-0700,iso,lojban/2015_03/2015_03_10.txt,,,,1
2015-03-11,672,672,17,-0700,iso,lojban/2015_03/2015_03_11.txt,,,,1
2015-03-12,265,265,14,-0700,iso,lojban/2015_03/2015_03_12.txt,,,,1
2015-03-13,260,260,16,-0700,iso,lojban/2015_03/2015_03_13.txt,,,,1
2015-03-14,345,345,18,-0700,iso,lojban/2015_03/2015_03_14.txt,,,,1
2015-03-15,562,562,18,-0700,iso,lojban/2015_03/2015_03_15.txt,,,,1
2015-03-16,1143,1143,19,-0700,iso,lojban/2015_03/2015_03_16.txt,,,,1
2015-03-17,533,533,16,-0700,iso,lojban/2015_03/2015_03_17.txt,,,,1
2015-03-18,121,121,12,-0700,iso,lojban/2015_03/2015_03_18.txt,,,,1
2015-03-19,931,931,23,-0700,iso,lojban/2015_03/2015_03_19.txt,,,,1
2015-03-20,318,318,16,-0700,iso,lojban/2015_03/2015_03_20.txt,,,,1
2015-03-21,121,121,17,-0700,iso,lojban/2015_03/2015_03_21.txt,,,,1
2015-03-22,6,6,4,-0700,iso,lojban/2015_03/2015_03_22.txt,,,,1
2015-03-23,374,374,13,-0700,iso,lojban/2015_03/2015_03_23.txt,,,,1
2015-03-24,270,270,18,-0700,iso,lojban/2015_03/2015_03_24.txt,,,,1
2015-03-25,395,395,19,-0700,iso,lojban/2015_03/2015_03_25.txt,,,,1
2015-03-26,736,736,22,-0700,iso,lojban/2015_03/2015_03_26.txt,,,,1
2015-03-27,670,670,20,-0700,iso,lojban/2015_03/2015_03_27.txt,,,,1
2015-03-28,122,122,18,-0700,iso,lojban/2015_03/2015_03_28.txt,,,,1
2015-03-29,625,625,30,-0700,iso,lojban/2015_03/2015_03_29.txt,,,,1
2015-03-30,317,317,25,-0700,iso,lojban/2015_03/2015_03_30.txt,,,,1
2015-03-31,352,352,17,-0700,iso,lojban/2015_03/2015_03_31.txt,,,,1
2015-04-01,233,233,23,-0700,iso,lojban/2015_04/2015_04_01.txt,,,,1
2015-04-02,582,582,25,-0700,iso,lojban/2015_04/2015_04_02.txt,,,,1
2015-04-03,861,861,20,-0700,iso,lojban/2015_04/2015_04_03.txt,,,,1
2015-04-04,179,179,12,-0700,iso,lojban/2015_04/2015_04_04.txt,,,,1
2015-04-05,304,304,14,-0700,iso,lojban/2015_04/2015_04_05.txt,,,,1
2015-04-06,892,892,21,-0700,iso,lojban/2015_04/2015_04_06.txt,,,,1
2015-04-07,493,493,22,-0700,iso,lojban/2015_04/2015_04_07.txt,,,,1
2015-04-08,224,224,12,-0700,iso,lojban/2015_04/2015_04_08.txt,,,,1
2015-04-09,466,466,17,-0700,iso,lojban/2015_04/2015_04_09.txt,,,,1
2015-04-10,495,495,21,-0700,iso,lojban/2015_04/2015_04_10.txt,,,,1
2015-04-11,230,230,16,-0700,iso,lojban/2015_04/2015_04_11.txt,,,,1
2015-04-12,212,212,21,-0700,iso,lojban/2015_04/2015_04_12.txt,,,,1
2015-04-13,310,310,17,-0700,iso,lojban/2015_04/2015_04_13.txt,,,,1
2015-04-14,209,209,14,-0700,iso,lojban/2015_04/2015_04_14.txt,,,,1
2015-04-15,309,309,12,-0700,iso,lojban/2015_04/2015_04_15.txt,,,,1
2015-04-16,349,349,15,-0700,iso,lojban/2015_04/2015_04_16.txt,,,,1
2015-04-17,150,150,17,-0700,iso,lojban/2015_04/2015_04_17.txt,,,,1
2015-04-18,350,350,13,-0700,iso,lojban/2015_04/2015_04_18.txt,,,,1
2015-04-19,233,233,11,-0700,iso,lojban/2015_04/2015_04_19.txt,,,,1
2015-04-20,159,159,14,-0700,iso,lojban/2015_04/2015_04_20.txt,,,,1
2015-04-21,141,141,12,-0700,iso,lojban/2015_04/2015_04_21.txt,,,,1
2015-04-22,369,369,15,-0700,iso,lojban/2015_04/2015_04_22.txt,,,,1
2015-04-23,406,406,18,-0700,iso,lojban/2015_04/2015_04_23.txt,,,,1
2015-04-24,417,417,25,-0700,iso,lojban/2015_04/2015_04_24.txt,,,,1
2015-04-25,421,421,21,-0700,iso,lojban/2015_04/2015_04_25.txt,,,,1
2015-04-26,412,412,26,-0700,iso,lojban/2015_04/2015_04_26.txt,,,,1
2015-04-27,190,190,13,-0700,iso,lojban/2015_04/2015_04_27.txt,,,,1
2015-04-28,498,498,13,-0700,iso,lojban/2015_04/2015_04_28.txt,,,,1
2015-04-29,505,505,19,-0700,iso,lojban/2015_04/2015_04_29.txt,,,,1
2015-04-30,269,269,19,-0700,iso,lojban/2015_04/2015_04_30.txt,,,,1
2015-05-01,630,629,26,-0700,iso+irssi,"lojban/2015_05/2015_05_01.txt,lojban/2015_05/lojban-special.2015.05.log",,,,2
2015-05-02,495,495,26,-0700,iso+irssi,"lojban/2015_05/2015_05_02.txt,lojban/2015_05/lojban-special.2015.05.log",,,,2
2015-05-03,624,623,32,-0700,iso+irssi,"lojban/2015_05/2015_05_03.txt,lojban/2015_05/lojban-special.2015.05.log",,,,2
2015-05-04,253,251,20,-0700,iso+irssi,"lojban/2015_05/2015_05_04.txt,lojban/2015_05/lojban-special.2015.05.log",,,,2
2015-05-05,521,519,17,-0700,iso+irssi,"lojban/2015_05/2015_05_05.txt,lojban/2015_05/lojban-special.2015.05.log",,,,2
2015-05-06,433,432,20,unknown,irssi,lojban/2015_05/lojban-special.2015.05.log,,,,1
2015-05-07,412,411,29,unknown,irssi,lojban/2015_05/lojban-special.2015.05.log,,,,1
2015-05-08,1065,1064,30,unknown,irssi,lojban/2015_05/lojban-special.2015.05.log,,,,1
2015-05-09,674,673,22,unknown,irssi,lojban/2015_05/lojban-special.2015.05.log,,,,1
2015-05-10,368,367,20,unknown,irssi,lojban/2015_05/lojban-special.2015.05.log,,,,1
2015-05-11,773,773,30,unknown,irssi,lojban/2015_05/lojban-special.2015.05.log,,,,1
2015-05-12,645,645,24,unknown,irssi,lojban/2015_05/lojban-special.2015.05.log,,,,1
2015-05-13,440,440,22,unknown,irssi,lojban/2015_05/lojban-special.2015.05.log,,,,1
2015-05-14,283,282,24,unknown,irssi,lojban/2015_05/lojban-special.2015.05.log,,,,1
2015-05-15,736,736,26,unknown,irssi,lojban/2015_05/lojban-special.2015.05.log,,,,1
2015-05-16,842,838,19,unknown,irssi,lojban/2015_05/lojban-special.2015.05.log,,,,1
2015-05-17,1577,1576,21,unknown,irssi,lojban/2015_05/lojban-special.2015.05.log,,,,1
2015-05-18,825,825,24,unknown,irssi,lojban/2015_05/lojban-special.2015.05.log,,,,1
2015-05-19,1278,1278,22,unknown,irssi,lojban/2015_05/lojban-special.2015.05.log,,,,1
2015-05-20,934,934,24,unknown,irssi,lojban/2015_05/lojban-special.2015.05.log,,,,1
2015-05-21,667,667,21,unknown,irssi,lojban/2015_05/lojban-special.2015.05.log,,,,1
2015-05-22,1168,1168,21,unknown,irssi,lojban/2015_05/lojban-special.2015.05.log,,,,1
2015-05-23,975,975,21,-0700,iso+irssi,"lojban/2015_05/2015_05_23.txt,lojban/2015_05/lojban-special.2015.05.log",,,,2
2015-05-24,347,347,18,unknown,irssi,lojban/2015_05/lojban-special.2015.05.log,,,,1
2015-05-25,492,492,26,unknown,irssi,lojban/2015_05/lojban-special.2015.05.log,,,,1
2015-05-26,409,409,18,unknown,irssi,lojban/2015_05/lojban-special.2015.05.log,,,,1
2015-05-27,610,610,22,unknown,irssi,lojban/2015_05/lojban-special.2015.05.log,,,,1
2015-05-28,852,852,23,-0700,iso+irssi,"lojban/2015_05/2015_05_28.txt,lojban/2015_05/lojban-special.2015.05.log",,,,2
2015-05-29,527,527,22,unknown,irssi,lojban/2015_05/lojban-special.2015.05.log,,,,1
2015-05-30,714,711,24,-0700,iso+irssi,"lojban/2015_05/2015_05_30.txt,lojban/2015_05/lojban-special.2015.05.log",,,,2
2015-05-31,1196,1196,28,unknown,irssi,lojban/2015_05/lojban-special.2015.05.log,,,,1
2015-06-01,1784,1784,34,unknown,irssi,lojban/2015_06/lojban-special.2015.06.log,,,,1
2015-06-02,2459,2459,29,-0700,iso+irssi,"lojban/2015_06/2015_06_02.txt,lojban/2015_06/lojban-special.2015.06.log",,,,2
2015-06-03,2528,2528,30,unknown,irssi,lojban/2015_06/lojban-special.2015.06.log,,,,1
2015-06-04,2804,2804,32,unknown,irssi,lojban/2015_06/lojban-special.2015.06.log,,,,1
2015-06-05,1421,1421,25,unknown,irssi,lojban/2015_06/lojban-special.2015.06.log,,,,1
2015-06-06,1003,1003,28,unknown,irssi,lojban/2015_06/lojban-special.2015.06.log,,,,1
2015-06-07,507,507,25,unknown,irssi,lojban/2015_06/lojban-special.2015.06.log,,,,1
2015-06-08,531,531,20,unknown,irssi,lojban/2015_06/lojban-special.2015.06.log,,,,1
2015-06-09,833,832,29,unknown,irssi,lojban/2015_06/lojban-special.2015.06.log,,,,1
2015-06-10,1092,1092,24,unknown,irssi,lojban/2015_06/lojban-special.2015.06.log,,,,1
2015-06-11,321,321,24,unknown,irssi,lojban/2015_06/lojban-special.2015.06.log,,,,1
2015-06-12,402,400,16,unknown,irssi,lojban/2015_06/lojban-special.2015.06.log,,,,1
2015-06-13,593,593,25,unknown,irssi,lojban/2015_06/lojban-special.2015.06.log,,,,1
2015-06-14,1055,1054,25,unknown,irssi,lojban/2015_06/lojban-special.2015.06.log,,,,1
2015-06-15,1075,1075,24,unknown,irssi,lojban/2015_06/lojban-special.2015.06.log,,,,1
2015-06-16,1149,1149,27,unknown,irssi,lojban/2015_06/lojban-special.2015.06.log,,,,1
2015-06-17,1671,1671,43,unknown,irssi,lojban/2015_06/lojban-special.2015.06.log,,,,1
2015-06-18,1783,1783,39,unknown,irssi,lojban/2015_06/lojban-special.2015.06.log,,,,1
2015-06-19,1042,1042,27,unknown,irssi,lojban/2015_06/lojban-special.2015.06.log,,,,1
2015-06-20,1439,1435,32,unknown,irssi,lojban/2015_06/lojban-special.2015.06.log,,,,1
2015-06-21,1901,1901,27,unknown,irssi,lojban/2015_06/lojban-special.2015.06.log,,,,1
2015-06-22,1049,1048,29,unknown,irssi,lojban/2015_06/lojban-special.2015.06.log,,,,1
2015-06-23,1060,1059,35,-0700,iso+irssi,"lojban/2015_06/2015_06_23.txt,lojban/2015_06/lojban-special.2015.06.log",,,,2
2015-06-24,552,552,32,unknown,irssi,lojban/2015_06/lojban-special.2015.06.log,,,,1
2015-06-25,1672,1670,36,unknown,irssi,lojban/2015_06/lojban-special.2015.06.log,,,,1
2015-06-26,1414,1414,19,unknown,irssi,lojban/2015_06/lojban-special.2015.06.log,,,,1
2015-06-27,1720,1720,31,unknown,irssi,lojban/2015_06/lojban-special.2015.06.log,,,,1
2015-06-28,1014,1014,25,unknown,irssi,lojban/2015_06/lojban-special.2015.06.log,,,,1
2015-06-29,1299,1299,27,unknown,irssi,lojban/2015_06/lojban-special.2015.06.log,,,,1
2015-06-30,1953,1953,29,unknown,irssi,lojban/2015_06/lojban-special.2015.06.log,,,,1
2015-07-01,1892,1892,35,unknown,irssi,lojban/2015_07/lojban-special.2015.07.log,,,,1
2015-07-02,1861,1861,36,unknown,irssi,lojban/2015_07/lojban-special.2015.07.log,,,,1
2015-07-03,934,933,30,unknown,irssi,lojban/2015_07/lojban-special.2015.07.log,,,,1
2015-07-04,732,732,29,unknown,irssi,lojban/2015_07/lojban-special.2015.07.log,,,,1
2015-07-05,744,743,26,unknown,irssi,lojban/2015_07/lojban-special.2015.07.log,,,,1
2015-07-06,2662,2662,33,unknown,irssi,lojban/2015_07/lojban-special.2015.07.log,,,,1
2015-07-07,332,332,16,unknown,irssi,lojban/2015_07/lojban-special.2015.07.log,,,,1
2015-07-08,564,564,26,unknown,irssi,lojban/2015_07/lojban-special.2015.07.log,,,,1
2015-07-09,1135,1135,29,unknown,irssi,lojban/2015_07/lojban-special.2015.07.log,,,,1
2015-07-10,271,271,20,unknown,irssi,lojban/2015_07/lojban-special.2015.07.log,,,,1
2015-07-11,937,937,25,unknown,irssi,lojban/2015_07/lojban-special.2015.07.log,,,,1
2015-07-12,906,906,20,unknown,irssi,lojban/2015_07/lojban-special.2015.07.log,,,,1
2015-07-13,651,651,31,unknown,irssi,lojban/2015_07/lojban-special.2015.07.log,,,,1
2015-07-14,668,668,24,unknown,irssi,lojban/2015_07/lojban-special.2015.07.log,,,,1
2015-07-15,1548,1548,33,unknown,irssi,lojban/2015_07/lojban-special.2015.07.log,,,,1
2015-07-16,1009,1009,24,unknown,irssi,lojban/2015_07/lojban-special.2015.07.log,,,,1
2015-07-17,821,821,22,unknown,irssi,lojban/2015_07/lojban-special.2015.07.log,,,,1
2015-07-18,380,380,19,unknown,irssi,lojban/2015_07/lojban-special.2015.07.log,,,,1
2015-07-19,899,899,24,unknown,irssi,lojban/2015_07/lojban-special.2015.07.log,,,,1
2015-07-20,1162,1162,30,unknown,irssi,lojban/2015_07/lojban-special.2015.07.log,,,,1
2015-07-21,1852,1852,20,unknown,irssi,lojban/2015_07/lojban-special.2015.07.log,,,,1
2015-07-22,1119,1119,30,unknown,irssi,lojban/2015_07/lojban-special.2015.07.log,,,,1
2015-07-23,1458,1458,23,unknown,irssi,lojban/2015_07/lojban-special.2015.07.log,,,,1
2015-07-24,917,917,25,unknown,irssi,lojban/2015_07/lojban-special.2015.07.log,,,,1
2015-07-25,522,521,28,unknown,irssi,lojban/2015_07/lojban-special.2015.07.log,,,,1
2015-07-26,605,605,18,-0700,iso+irssi,"lojban/2015_07/2015_07_26.txt,lojban/2015_07/lojban-special.2015.07.log",,,,2
2015-07-27,73,73,12,unknown,irssi,"lojban/2015_07/2015_07_27.txt,lojban/2015_07/lojban-special.2015.07.log",,,,2
2015-07-28,51,51,11,-0700,iso,lojban/2015_07/2015_07_28.txt,,,,1
2015-07-29,392,392,15,-0700,iso,lojban/2015_07/2015_07_29.txt,,,,1
2015-07-30,183,183,17,-0700,iso,lojban/2015_07/2015_07_30.txt,,,,1
2015-07-31,514,514,16,-0700,iso,lojban/2015_07/2015_07_31.txt,,,,1
2015-08-01,334,334,18,-0700,iso,lojban/2015_08/2015_08_01.txt,,,,1
2015-08-02,221,221,13,-0700,iso,lojban/2015_08/2015_08_02.txt,,,,1
2015-08-03,152,152,17,-0700,iso,lojban/2015_08/2015_08_03.txt,,,,1
2015-08-04,194,194,14,-0700,iso,lojban/2015_08/2015_08_04.txt,,,,1
2015-08-05,156,156,13,-0700,iso,lojban/2015_08/2015_08_05.txt,,,,1
2015-08-06,149,149,15,-0700,iso,lojban/2015_08/2015_08_06.txt,,,,1
2015-08-07,229,229,17,-0700,iso,lojban/2015_08/2015_08_07.txt,,,,1
2015-08-08,284,284,15,-0700,iso,lojban/2015_08/2015_08_08.txt,,,,1
2015-08-09,378,378,22,-0700,iso,lojban/2015_08/2015_08_09.txt,,,,1
2015-08-10,245,245,18,-0700,iso,lojban/2015_08/2015_08_10.txt,,,,1
2015-08-11,50,50,11,-0700,iso,lojban/2015_08/2015_08_11.txt,,,,1
2015-08-12,173,173,13,-0700,iso,lojban/2015_08/2015_08_12.txt,,,,1
2015-08-13,329,329,15,-0700,iso,lojban/2015_08/2015_08_13.txt,,,,1
2015-08-14,427,427,23,-0700,iso,lojban/2015_08/2015_08_14.txt,,,,1
2015-08-15,284,284,18,-0700,iso,lojban/2015_08/2015_08_15.txt,,,,1
2015-08-16,246,246,19,-0700,iso,lojban/2015_08/2015_08_16.txt,,,,1
2015-08-17,182,182,16,-0700,iso,lojban/2015_08/2015_08_17.txt,,,,1
2015-08-18,135,135,12,-0700,iso,lojban/2015_08/2015_08_18.txt,,,,1
2015-08-19,131,131,17,-0700,iso,lojban/2015_08/2015_08_19.txt,,,,1
2015-08-20,97,97,9,-0700,iso,lojban/2015_08/2015_08_20.txt,,,,1
2015-08-21,85,85,13,-0700,iso,lojban/2015_08/2015_08_21.txt,,,,1
2015-08-22,238,238,14,-0700,iso,lojban/2015_08/2015_08_22.txt,,,,1
2015-08-23,74,74,10,-0700,iso,lojban/2015_08/2015_08_23.txt,,,,1
2015-08-24,118,118,14,-0700,iso,lojban/2015_08/2015_08_24.txt,,,,1
2015-08-25,71,71,14,-0700,iso,lojban/2015_08/2015_08_25.txt,,,,1
2015-08-26,113,113,12,-0700,iso,lojban/2015_08/2015_08_26.txt,,,,1
2015-08-27,265,265,15,-0700,iso,lojban/2015_08/2015_08_27.txt,,,,1
2015-08-28,375,375,16,-0700,iso,lojban/2015_08/2015_08_28.txt,,,,1
2015-08-29,617,617,23,-0700,iso,lojban/2015_08/2015_08_29.txt,,,,1
2015-08-30,289,289,14,-0700,iso,lojban/2015_08/2015_08_30.txt,,,,1
2015-08-31,571,571,22,-0700,iso,lojban/2015_08/2015_08_31.txt,,,,1
2015-09-01,292,292,14,-0700,iso,lojban/2015_09/2015_09_01.txt,,,,1
2015-09-02,97,97,15,-0700,iso,lojban/2015_09/2015_09_02.txt,,,,1
2015-09-03,361,361,19,-0700,iso,lojban/2015_09/2015_09_03.txt,,,,1
2015-09-04,194,194,13,-0700,iso,lojban/2015_09/2015_09_04.txt,,,,1
2015-09-05,346,346,13,-0700,iso,lojban/2015_09/2015_09_05.txt,,,,1
2015-09-06,30,30,11,-0700,iso,lojban/2015_09/2015_09_06.txt,,,,1
2015-09-07,237,237,14,-0700,iso,lojban/2015_09/2015_09_07.txt,,,,1
2015-09-08,258,258,12,-0700,iso,lojban/2015_09/2015_09_08.txt,,,,1
2015-09-09,323,323,23,-0700,iso,lojban/2015_09/2015_09_09.txt,,,,1
2015-09-10,113,113,12,-0700,iso,lojban/2015_09/2015_09_10.txt,,,,1
2015-09-11,213,213,13,-0700,iso,lojban/2015_09/2015_09_11.txt,,,,1
2015-09-12,156,156,17,-0700,iso,lojban/2015_09/2015_09_12.txt,,,,1
2015-09-13,19,19,5,-0700,iso,lojban/2015_09/2015_09_13.txt,,,,1
2015-09-14,53,53,14,-0700,iso,lojban/2015_09/2015_09_14.txt,,,,1
2015-09-15,416,416,17,-0700,iso,lojban/2015_09/2015_09_15.txt,,,,1
2015-09-16,131,131,12,-0700,iso,lojban/2015_09/2015_09_16.txt,,,,1
2015-09-17,107,107,10,-0700,iso,lojban/2015_09/2015_09_17.txt,,,,1
2015-09-18,128,128,9,-0700,iso,lojban/2015_09/2015_09_18.txt,,,,1
2015-09-19,137,137,14,-0700,iso,lojban/2015_09/2015_09_19.txt,,,,1
2015-09-20,103,103,12,-0700,iso,lojban/2015_09/2015_09_20.txt,,,,1
2015-09-21,119,119,17,-0700,iso,lojban/2015_09/2015_09_21.txt,,,,1
2015-09-22,100,100,12,-0700,iso,lojban/2015_09/2015_09_22.txt,,,,1
2015-09-23,173,173,10,-0700,iso,lojban/2015_09/2015_09_23.txt,,,,1
2015-09-24,202,202,18,-0700,iso,lojban/2015_09/2015_09_24.txt,,,,1
2015-09-25,178,178,22,-0700,iso,lojban/2015_09/2015_09_25.txt,,,,1
2015-09-26,388,388,8,-0700,iso,lojban/2015_09/2015_09_26.txt,,,,1
2015-09-27,76,76,7,-0700,iso,lojban/2015_09/2015_09_27.txt,,,,1
2015-09-28,194,194,9,-0700,iso,lojban/2015_09/2015_09_28.txt,,,,1
2015-09-29,93,93,14,-0700,iso,lojban/2015_09/2015_09_29.txt,,,,1
2015-09-30,189,189,12,-0700,iso,lojban/2015_09/2015_09_30.txt,,,,1
2015-10-01,3,3,2,-0700,iso,lojban/2015_10/2015_10_01.txt,,,,1
2015-10-02,131,131,10,-0700,iso,lojban/2015_10/2015_10_02.txt,,,,1
2015-10-03,143,143,14,-0700,iso,lojban/2015_10/2015_10_03.txt,,,,1
2015-10-04,126,126,13,-0700,iso,lojban/2015_10/2015_10_04.txt,,,,1
2015-10-05,112,112,11,-0700,iso,lojban/2015_10/2015_10_05.txt,,,,1
2015-10-06,79,79,7,-0700,iso,lojban/2015_10/2015_10_06.txt,,,,1
2015-10-07,102,102,18,-0700,iso,lojban/2015_10/2015_10_07.txt,,,,1
2015-10-08,122,122,16,-0700,iso,lojban/2015_10/2015_10_08.txt,,,,1
2015-10-09,290,290,22,-0700,iso,lojban/2015_10/2015_10_09.txt,,,,1
2015-10-10,288,288,22,-0700,iso,lojban/2015_10/2015_10_10.txt,,,,1
2015-10-11,147,147,17,-0700,iso,lojban/2015_10/2015_10_11.txt,,,,1
2015-10-12,66,66,13,-0700,iso,lojban/2015_10/2015_10_12.txt,,,,1
2015-10-13,86,86,19,-0700,iso,lojban/2015_10/2015_10_13.txt,,,,1
2015-10-14,68,68,9,-0700,iso,lojban/2015_10/2015_10_14.txt,,,,1
2015-10-15,101,101,14,-0700,iso,lojban/2015_10/2015_10_15.txt,,,,1
2015-10-16,442,442,21,-0700,iso,lojban/2015_10/2015_10_16.txt,,,,1
2015-10-17,416,416,15,-0700,iso,lojban/2015_10/2015_10_17.txt,,,,1
2015-10-18,54,54,8,-0700,iso,lojban/2015_10/2015_10_18.txt,,,,1
2015-10-19,394,394,16,-0700,iso,lojban/2015_10/2015_10_19.txt,,,,1
2015-10-20,181,181,12,-0700,iso,lojban/2015_10/2015_10_20.txt,,,,1
2015-10-21,317,317,15,-0700,iso,lojban/2015_10/2015_10_21.txt,,,,1
2015-10-22,28,28,10,-0700,iso,lojban/2015_10/2015_10_22.txt,,,,1
2015-10-23,95,95,14,-0700,iso,lojban/2015_10/2015_10_23.txt,,,,1
2015-10-24,109,109,12,-0700,iso,lojban/2015_10/2015_10_24.txt,,,,1
2015-10-25,413,413,19,-0700,iso,lojban/2015_10/2015_10_25.txt,,,,1
2015-10-26,435,435,14,-0700,iso,lojban/2015_10/2015_10_26.txt,,,,1
2015-10-27,228,228,14,-0700,iso,lojban/2015_10/2015_10_27.txt,,,,1
2015-10-28,250,250,22,-0700,iso,lojban/2015_10/2015_10_28.txt,,,,1
2015-10-29,82,82,18,-0700,iso,lojban/2015_10/2015_10_29.txt,,,,1
2015-10-30,269,269,18,-0700,iso,lojban/2015_10/2015_10_30.txt,,,,1
2015-10-31,476,476,13,-0700,iso,lojban/2015_10/2015_10_31.txt,,,,1
2015-11-01,373,373,23,-0700/-0800,iso,lojban/2015_11/2015_11_01.txt,,,,1
2015-11-02,306,306,20,-0800,iso,lojban/2015_11/2015_11_02.txt,,,,1
2015-11-03,157,157,13,-0800,iso,lojban/2015_11/2015_11_03.txt,,,,1
2015-11-04,246,246,15,-0800,iso,lojban/2015_11/2015_11_04.txt,,,,1
2015-11-05,89,89,13,-0800,iso,lojban/2015_11/2015_11_05.txt,,,,1
2015-11-06,240,240,15,-0800,iso,lojban/2015_11/2015_11_06.txt,,,,1
2015-11-07,243,243,19,-0800,iso,lojban/2015_11/2015_11_07.txt,,,,1
2015-11-08,420,420,12,-0800,iso,lojban/2015_11/2015_11_08.txt,,,,1
2015-11-09,468,468,20,-0800,iso,lojban/2015_11/2015_11_09.txt,,,,1
2015-11-10,713,713,23,-0800,iso,lojban/2015_11/2015_11_10.txt,,,,1
2015-11-11,224,224,16,-0800,iso,lojban/2015_11/2015_11_11.txt,,,,1
2015-11-12,156,156,16,-0800,iso,lojban/2015_11/2015_11_12.txt,,,,1
2015-11-13,201,201,17,-0800,iso,lojban/2015_11/2015_11_13.txt,,,,1
2015-11-14,602,602,22,-0800,iso,lojban/2015_11/2015_11_14.txt,,,,1
2015-11-15,279,279,21,-0800,iso,lojban/2015_11/2015_11_15.txt,,,,1
2015-11-16,319,319,24,-0800,iso,lojban/2015_11/2015_11_16.txt,,,,1
2015-11-17,298,298,16,-0800,iso,lojban/2015_11/2015_11_17.txt,,,,1
2015-11-18,217,217,20,-0800,iso,lojban/2015_11/2015_11_18.txt,,,,1
2015-11-19,535,535,30,-0800,iso,lojban/2015_11/2015_11_19.txt,,,,1
2015-11-20,317,317,16,-0800,iso,lojban/2015_11/2015_11_20.txt,,,,1
2015-11-21,215,215,21,-0800,iso,lojban/2015_11/2015_11_21.txt,,,,1
2015-11-22,106,106,9,-0800,iso,lojban/2015_11/2015_11_22.txt,,,,1
2015-11-23,232,232,20,-0800,iso,lojban/2015_11/2015_11_23.txt,,,,1
2015-11-24,150,150,15,-0800,iso,lojban/2015_11/2015_11_24.txt,,,,1
2015-11-25,71,71,13,-0800,iso,lojban/2015_11/2015_11_25.txt,,,,1
2015-11-26,77,77,13,-0800,iso,lojban/2015_11/2015_11_26.txt,,,,1
2015-11-27,101,101,13,-0800,iso,lojban/2015_11/2015_11_27.txt,,,,1
2015-11-28,230,230,15,-0800,iso,lojban/2015_11/2015_11_28.txt,,,,1
2015-11-29,24,24,10,-0800,iso,lojban/2015_11/2015_11_29.txt,,,,1
2015-11-30,109,109,10,-0800,iso,lojban/2015_11/2015_11_30.txt,,,,1
2015-12-01,150,150,16,-0800,iso,lojban/2015_12/2015_12_01.txt,,,,1
2015-12-02,63,63,7,-0800,iso,lojban/2015_12/2015_12_02.txt,,,,1
2015-12-03,230,230,14,-0800,iso,lojban/2015_12/2015_12_03.txt,,,,1
2015-12-04,227,227,23,-0800,iso,lojban/2015_12/2015_12_04.txt,,,,1
2015-12-05,43,43,7,-0800,iso,lojban/2015_12/2015_12_05.txt,,,,1
2015-12-06,52,52,9,-0800,iso,lojban/2015_12/2015_12_06.txt,,,,1
2015-12-07,231,231,17,-0800,iso,lojban/2015_12/2015_12_07.txt,,,,1
2015-12-08,314,314,22,-0800,iso,lojban/2015_12/2015_12_08.txt,,,,1
2015-12-09,172,172,17,-0800,iso,lojban/2015_12/2015_12_09.txt,,,,1
2015-12-10,79,79,14,-0800,iso,lojban/2015_12/2015_12_10.txt,,,,1
2015-12-11,48,48,14,-0800,iso,lojban/2015_12/2015_12_11.txt,,,,1
2015-12-12,215,215,17,-0800,iso,lojban/2015_12/2015_12_12.txt,,,,1
2015-12-13,401,401,22,-0800,iso,lojban/2015_12/2015_12_13.txt,,,,1
2015-12-14,197,197,15,-0800,iso,lojban/2015_12/2015_12_14.txt,,,,1
2015-12-15,216,216,17,-0800,iso,lojban/2015_12/2015_12_15.txt,,,,1
2015-12-16,177,177,15,-0800,iso,lojban/2015_12/2015_12_16.txt,,,,1
2015-12-17,189,189,21,-0800,iso,lojban/2015_12/2015_12_17.txt,,,,1
2015-12-18,110,110,15,-0800,iso,lojban/2015_12/2015_12_18.txt,,,,1
2015-12-19,160,160,12,-0800,iso,lojban/2015_12/2015_12_19.txt,,,,1
2015-12-20,304,304,14,-0800,iso,lojban/2015_12/2015_12_20.txt,,,,1
2015-12-21,113,113,18,-0800,iso,lojban/2015_12/2015_12_21.txt,,,,1
2015-12-22,418,418,19,-0800,iso,lojban/2015_12/2015_12_22.txt,,,,1
2015-12-23,927,927,20,-0800,iso,lojban/2015_12/2015_12_23.txt,,,,1
2015-12-24,225,225,14,-0800,iso,lojban/2015_12/2015_12_24.txt,,,,1
2015-12-25,699,699,20,-0800,iso,lojban/2015_12/2015_12_25.txt,,,,1
2015-12-26,352,352,16,-0800,iso,lojban/2015_12/2015_12_26.txt,,,,1
2015-12-27,387,387,18,-0800,iso,lojban/2015_12/2015_12_27.txt,,,,1
2015-12-28,485,485,17,-0800,iso,lojban/2015_12/2015_12_28.txt,,,,1
2015-12-29,254,254,15,-0800,iso,lojban/2015_12/2015_12_29.txt,,,,1
2015-12-30,199,199,15,-0800,iso,lojban/2015_12/2015_12_30.txt,,,,1
2015-12-31,439,439,18,-0800,iso,lojban/2015_12/2015_12_31.txt,,,,1
2016-01-01,424,424,15,-0800,iso,lojban/2016_01/2016_01_01.txt,,,,1
2016-01-02,637,637,20,-0800,iso,lojban/2016_01/2016_01_02.txt,,,,1
2016-01-03,173,173,12,-0800,iso,lojban/2016_01/2016_01_03.txt,,,,1
2016-01-04,39,39,6,-0800,iso,lojban/2016_01/2016_01_04.txt,,,,1
2016-01-05,186,186,14,-0800,iso,lojban/2016_01/2016_01_05.txt,,,,1
2016-01-06,252,252,17,-0800,iso,lojban/2016_01/2016_01_06.txt,,,,1
2016-01-07,149,149,16,-0800,iso,lojban/2016_01/2016_01_07.txt,,,,1
2016-01-08,192,192,23,-0800,iso,lojban/2016_01/2016_01_08.txt,,,,1
2016-01-09,448,448,18,-0800,iso,lojban/2016_01/2016_01_09.txt,,,,1
2016-01-10,290,290,15,-0800,iso,lojban/2016_01/2016_01_10.txt,,,,1
2016-01-11,223,223,14,-0800,iso,lojban/2016_01/2016_01_11.txt,,,,1
2016-01-12,223,223,12,-0800,iso,lojban/2016_01/2016_01_12.txt,,,,1
2016-01-13,200,200,13,-0800,iso,lojban/2016_01/2016_01_13.txt,,,,1
2016-01-14,463,463,17,-0800,iso,lojban/2016_01/2016_01_14.txt,,,,1
2016-01-15,170,170,17,-0800,iso,lojban/2016_01/2016_01_15.txt,,,,1
2016-01-16,289,289,15,-0800,iso,lojban/2016_01/2016_01_16.txt,,,,1
2016-01-17,90,90,12,-0800,iso,lojban/2016_01/2016_01_17.txt,,,,1
2016-01-18,356,356,14,-0800,iso,lojban/2016_01/2016_01_18.txt,,,,1
2016-01-19,193,193,19,-0800,iso,lojban/2016_01/2016_01_19.txt,,,,1
2016-01-20,310,310,17,-0800,iso,lojban/2016_01/2016_01_20.txt,,,,1
2016-01-21,143,143,13,-0800,iso,lojban/2016_01/2016_01_21.txt,,,,1
2016-01-22,57,57,13,-0800,iso,lojban/2016_01/2016_01_22.txt,,,,1
2016-01-23,172,172,10,-0800,iso,lojban/2016_01/2016_01_23.txt,,,,1
2016-01-24,300,300,15,-0800,iso,lojban/2016_01/2016_01_24.txt,,,,1
2016-01-25,347,347,17,-0800,iso,lojban/2016_01/2016_01_25.txt,,,,1
2016-01-26,196,196,14,-0800,iso,lojban/2016_01/2016_01_26.txt,,,,1
2016-01-27,241,241,18,-0800,iso,lojban/2016_01/2016_01_27.txt,,,,1
2016-01-28,51,51,9,-0800,iso,lojban/2016_01/2016_01_28.txt,,,,1
2016-01-29,113,113,13,-0800,iso,lojban/2016_01/2016_01_29.txt,,,,1
2016-01-30,38,38,9,-0800,iso,lojban/2016_01/2016_01_30.txt,,,,1
2016-01-31,183,183,11,-0800,iso,lojban/2016_01/2016_01_31.txt,,,,1
2016-02-01,182,182,18,-0800,iso,lojban/2016_02/2016_02_01.txt,,,,1
2016-02-02,94,94,16,-0800,iso,lojban/2016_02/2016_02_02.txt,,,,1
2016-02-03,354,354,16,-0800,iso,lojban/2016_02/2016_02_03.txt,,,,1
2016-02-04,236,236,12,-0800,iso,lojban/2016_02/2016_02_04.txt,,,,1
2016-02-05,230,230,20,-0800,iso,lojban/2016_02/2016_02_05.txt,,,,1
2016-02-06,402,402,15,-0800,iso,lojban/2016_02/2016_02_06.txt,,,,1
2016-02-07,186,186,16,-0800,iso,lojban/2016_02/2016_02_07.txt,,,,1
2016-02-08,167,167,15,-0800,iso,lojban/2016_02/2016_02_08.txt,,,,1
2016-02-09,138,138,12,-0800,iso,lojban/2016_02/2016_02_09.txt,,,,1
2016-02-10,120,120,17,-0800,iso,lojban/2016_02/2016_02_10.txt,,,,1
2016-02-11,238,238,16,-0800,iso,lojban/2016_02/2016_02_11.txt,,,,1
2016-02-12,171,171,14,-0800,iso,lojban/2016_02/2016_02_12.txt,,,,1
2016-02-13,385,385,19,-0800,iso,lojban/2016_02/2016_02_13.txt,,,,1
2016-02-14,192,192,16,-0800,iso,lojban/2016_02/2016_02_14.txt,,,,1
2016-02-15,214,214,19,-0800,iso,lojban/2016_02/2016_02_15.txt,,,,1
2016-02-16,162,162,15,-0800,iso,lojban/2016_02/2016_02_16.txt,,,,1
2016-02-17,265,265,21,-0800,iso,lojban/2016_02/2016_02_17.txt,,,,1
2016-02-18,132,132,14,-0800,iso,lojban/2016_02/2016_02_18.txt,,,,1
2016-02-19,70,70,15,-0800,iso,lojban/2016_02/2016_02_19.txt,,,,1
2016-02-20,140,140,15,-0800,iso,lojban/2016_02/2016_02_20.txt,,,,1
2016-02-21,229,229,21,-0800,iso,lojban/2016_02/2016_02_21.txt,,,,1
2016-02-22,236,236,17,-0800,iso,lojban/2016_02/2016_02_22.txt,,,,1
2016-02-23,366,366,14,-0800,iso,lojban/2016_02/2016_02_23.txt,,,,1
2016-02-24,182,182,13,-0800,iso,lojban/2016_02/2016_02_24.txt,,,,1
2016-02-25,227,227,9,-0800,iso,lojban/2016_02/2016_02_25.txt,,,,1
2016-02-26,190,190,17,-0800,iso,lojban/2016_02/2016_02_26.txt,,,,1
2016-02-27,254,254,13,-0800,iso,lojban/2016_02/2016_02_27.txt,,,,1
2016-02-28,76,76,13,-0800,iso,lojban/2016_02/2016_02_28.txt,,,,1
2016-02-29,136,136,16,-0800,iso,lojban/2016_02/2016_02_29.txt,,,,1
2016-03-01,220,220,20,-0800,iso,lojban/2016_03/2016_03_01.txt,,,,1
2016-03-02,235,235,20,-0800,iso,lojban/2016_03/2016_03_02.txt,,,,1
2016-03-03,226,226,18,-0800,iso,lojban/2016_03/2016_03_03.txt,,,,1
2016-03-04,265,265,18,-0800,iso,lojban/2016_03/2016_03_04.txt,,,,1
2016-03-05,231,231,19,-0800,iso,lojban/2016_03/2016_03_05.txt,,,,1
2016-03-06,303,303,23,-0800,iso,lojban/2016_03/2016_03_06.txt,,,,1
2016-03-07,190,190,20,-0800,iso,lojban/2016_03/2016_03_07.txt,,,,1
2016-03-08,360,360,25,-0800,iso,lojban/2016_03/2016_03_08.txt,,,,1
2016-03-09,223,223,18,-0800,iso,lojban/2016_03/2016_03_09.txt,,,,1
2016-03-10,322,322,22,-0800,iso,lojban/2016_03/2016_03_10.txt,,,,1
2016-03-11,395,395,16,-0800,iso,lojban/2016_03/2016_03_11.txt,,,,1
2016-03-12,553,553,24,-0800,iso,lojban/2016_03/2016_03_12.txt,,,,1
2016-03-13,211,211,15,-0700,iso,lojban/2016_03/2016_03_13.txt,,,,1
2016-03-14,138,138,17,-0700,iso,lojban/2016_03/2016_03_14.txt,,,,1
2016-03-15,152,152,15,-0700,iso,lojban/2016_03/2016_03_15.txt,,,,1
2016-03-16,81,81,15,-0700,iso,lojban/2016_03/2016_03_16.txt,,,,1
2016-03-17,102,102,20,-0700,iso,lojban/2016_03/2016_03_17.txt,,,,1
2016-03-18,80,80,14,-0700,iso,lojban/2016_03/2016_03_18.txt,,,,1
2016-03-19,119,119,14,-0700,iso,lojban/2016_03/2016_03_19.txt,,,,1
2016-03-20,414,414,24,-0700,iso,lojban/2016_03/2016_03_20.txt,,,,1
2016-03-21,253,253,17,-0700,iso,lojban/2016_03/2016_03_21.txt,,,,1
2016-03-22,208,208,21,-0700,iso,lojban/2016_03/2016_03_22.txt,,,,1
2016-03-23,228,228,20,-0700,iso,lojban/2016_03/2016_03_23.txt,,,,1
2016-03-24,312,312,26,-0700,iso,lojban/2016_03/2016_03_24.txt,,,,1
2016-03-25,261,261,20,-0700,iso,lojban/2016_03/2016_03_25.txt,,,,1
2016-03-26,129,129,12,-0700,iso,lojban/2016_03/2016_03_26.txt,,,,1
2016-03-27,216,216,16,-0700,iso,lojban/2016_03/2016_03_27.txt,,,,1
2016-03-28,430,430,16,-0700,iso,lojban/2016_03/2016_03_28.txt,,,,1
2016-03-29,236,236,23,-0700,iso,lojban/2016_03/2016_03_29.txt,,,,1
2016-03-30,261,261,23,-0700,iso,lojban/2016_03/2016_03_30.txt,,,,1
2016-03-31,177,177,17,-0700,iso,lojban/2016_03/2016_03_31.txt,,,,1
2016-04-01,153,153,17,-0700,iso,lojban/2016_04/2016_04_01.txt,,,,1
2016-04-02,275,275,15,-0700,iso,lojban/2016_04/2016_04_02.txt,,,,1
2016-04-03,184,184,18,-0700,iso,lojban/2016_04/2016_04_03.txt,,,,1
2016-04-04,373,373,16,-0700,iso,lojban/2016_04/2016_04_04.txt,,,,1
2016-04-05,402,402,16,-0700,iso,lojban/2016_04/2016_04_05.txt,,,,1
2016-04-06,299,299,12,-0700,iso,lojban/2016_04/2016_04_06.txt,,,,1
2016-04-07,278,278,23,-0700,iso,lojban/2016_04/2016_04_07.txt,,,,1
2016-04-08,200,200,10,-0700,iso,lojban/2016_04/2016_04_08.txt,,,,1
2016-04-09,139,139,13,-0700,iso,lojban/2016_04/2016_04_09.txt,,,,1
2016-04-10,315,315,11,-0700,iso,lojban/2016_04/2016_04_10.txt,,,,1
2016-04-11,284,284,14,-0700,iso,lojban/2016_04/2016_04_11.txt,,,,1
2016-04-12,239,239,19,-0700,iso,lojban/2016_04/2016_04_12.txt,,,,1
2016-04-13,70,70,15,-0700,iso,lojban/2016_04/2016_04_13.txt,,,,1
2016-04-14,90,90,15,-0700,iso,lojban/2016_04/2016_04_14.txt,,,,1
2016-04-15,185,185,17,-0700,iso,lojban/2016_04/2016_04_15.txt,,,,1
2016-04-16,129,129,14,-0700,iso,lojban/2016_04/2016_04_16.txt,,,,1
2016-04-17,64,64,13,-0700,iso,lojban/2016_04/2016_04_17.txt,,,,1
2016-04-18,169,169,18,-0700,iso,lojban/2016_04/2016_04_18.txt,,,,1
2016-04-19,99,99,13,-0700,iso,lojban/2016_04/2016_04_19.txt,,,,1
2016-04-20,389,389,17,-0700,iso,lojban/2016_04/2016_04_20.txt,,,,1
2016-04-21,88,88,12,-0700,iso,lojban/2016_04/2016_04_21.txt,,,,1
2016-04-22,79,79,12,-0700,iso,lojban/2016_04/2016_04_22.txt,,,,1
2016-04-23,63,63,10,-0700,iso,lojban/2016_04/2016_04_23.txt,,,,1
2016-04-24,173,173,13,-0700,iso,lojban/2016_04/2016_04_24.txt,,,,1
2016-04-25,95,95,12,-0700,iso,lojban/2016_04/2016_04_25.txt,,,,1
2016-04-26,552,552,37,-0700,iso,lojban/2016_04/2016_04_26.txt,,,,1
2016-04-27,110,110,13,-0700,iso,lojban/2016_04/2016_04_27.txt,,,,1
2016-04-28,242,242,18,-0700,iso,lojban/2016_04/2016_04_28.txt,,,,1
2016-04-29,89,89,17,-0700,iso,lojban/2016_04/2016_04_29.txt,,,,1
2016-04-30,126,126,17,-0700,iso,lojban/2016_04/2016_04_30.txt,,,,1
2016-05-01,96,96,12,-0700,iso,lojban/2016_05/2016_05_01.txt,,,,1
2016-05-02,175,175,18,-0700,iso,lojban/2016_05/2016_05_02.txt,,,,1
2016-05-03,208,208,20,-0700,iso,lojban/2016_05/2016_05_03.txt,,,,1
2016-05-04,168,168,12,-0700,iso,lojban/2016_05/2016_05_04.txt,,,,1
2016-05-05,51,51,13,-0700,iso,lojban/2016_05/2016_05_05.txt,,,,1
2016-05-06,216,216,18,-0700,iso,lojban/2016_05/2016_05_06.txt,,,,1
2016-05-07,167,167,7,-0700,iso,lojban/2016_05/2016_05_07.txt,,,,1
2016-05-08,139,139,10,-0700,iso,lojban/2016_05/2016_05_08.txt,,,,1
2016-05-09,16,16,9,-0700,iso,lojban/2016_05/2016_05_09.txt,,,,1
2016-05-10,328,328,14,-0700,iso,lojban/2016_05/2016_05_10.txt,,,,1
2016-05-11,215,215,13,-0700,iso,lojban/2016_05/2016_05_11.txt,,,,1
2016-05-12,106,106,10,-0700,iso,lojban/2016_05/2016_05_12.txt,,,,1
2016-05-13,99,99,10,-0700,iso,lojban/2016_05/2016_05_13.txt,,,,1
2016-05-14,250,250,14,-0700,iso,lojban/2016_05/2016_05_14.txt,,,,1
2016-05-15,130,130,17,-0700,iso,lojban/2016_05/2016_05_15.txt,,,,1
2016-05-16,257,257,18,-0700,iso,lojban/2016_05/2016_05_16.txt,,,,1
2016-05-17,161,161,19,-0700,iso,lojban/2016_05/2016_05_17.txt,,,,1
2016-05-18,45,45,13,-0700,iso,lojban/2016_05/2016_05_18.txt,,,,1
2016-05-19,93,93,13,-0700,iso,lojban/2016_05/2016_05_19.txt,,,,1
2016-05-20,276,276,13,-0700,iso,lojban/2016_05/2016_05_20.txt,,,,1
2016-05-21,104,104,14,-0700,iso,lojban/2016_05/2016_05_21.txt,,,,1
2016-05-22,245,245,12,-0700,iso,lojban/2016_05/2016_05_22.txt,,,,1
2016-05-23,62,62,9,-0700,iso,lojban/2016_05/2016_05_23.txt,,,,1
2016-05-24,198,198,16,-0700,iso,lojban/2016_05/2016_05_24.txt,,,,1
2016-05-25,178,178,14,-0700,iso,lojban/2016_05/2016_05_25.txt,,,,1
2016-05-26,105,105,22,-0700,iso,lojban/2016_05/2016_05_26.txt,,,,1
2016-05-27,55,55,13,-0700,iso,lojban/2016_05/2016_05_27.txt,,,,1
2016-05-28,401,401,15,-0700,iso,lojban/2016_05/2016_05_28.txt,,,,1
2016-05-29,104,104,11,-0700,iso,lojban/2016_05/2016_05_29.txt,,,,1
2016-05-30,137,137,9,-0700,iso,lojban/2016_05/2016_05_30.txt,,,,1
2016-05-31,60,60,12,-0700,iso,lojban/2016_05/2016_05_31.txt,,,,1
2016-06-01,217,217,14,-0700,iso,lojban/2016_06/2016_06_01.txt,,,,1
2016-06-02,135,135,16,-0700,iso,lojban/2016_06/2016_06_02.txt,,,,1
2016-06-03,71,71,23,-0700,iso,lojban/2016_06/2016_06_03.txt,,,,1
2016-06-04,100,100,14,-0700,iso,lojban/2016_06/2016_06_04.txt,,,,1
2016-06-05,47,47,13,-0700,iso,lojban/2016_06/2016_06_05.txt,,,,1
2016-06-06,77,77,13,-0700,iso,lojban/2016_06/2016_06_06.txt,,,,1
2016-06-07,198,198,16,-0700,iso,lojban/2016_06/2016_06_07.txt,,,,1
2016-06-08,315,315,16,-0700,iso,lojban/2016_06/2016_06_08.txt,,,,1
2016-06-09,71,71,12,-0700,iso,lojban/2016_06/2016_06_09.txt,,,,1
2016-06-10,219,219,12,-0700,iso,lojban/2016_06/2016_06_10.txt,,,,1
2016-06-11,135,135,11,-0700,iso,lojban/2016_06/2016_06_11.txt,,,,1
2016-06-12,237,237,14,-0700,iso,lojban/2016_06/2016_06_12.txt,,,,1
2016-06-13,292,292,14,-0700,iso,lojban/2016_06/2016_06_13.txt,,,,1
2016-06-14,107,107,7,-0700,iso,lojban/2016_06/2016_06_14.txt,,,,1
2016-06-15,26,26,8,-0700,iso,lojban/2016_06/2016_06_15.txt,,,,1
2016-06-16,267,267,14,-0700,iso,lojban/2016_06/2016_06_16.txt,,,,1
2016-06-17,57,57,9,-0700,iso,lojban/2016_06/2016_06_17.txt,,,,1
2016-06-18,197,197,11,-0700,iso,lojban/2016_06/2016_06_18.txt,,,,1
2016-06-19,33,33,11,-0700,iso,lojban/2016_06/2016_06_19.txt,,,,1
2016-06-20,72,72,11,-0700,iso,lojban/2016_06/2016_06_20.txt,,,,1
2016-06-21,83,83,10,-0700,iso,lojban/2016_06/2016_06_21.txt,,,,1
2016-06-22,37,37,6,-0700,iso,lojban/2016_06/2016_06_22.txt,,,,1
2016-06-23,16,16,4,-0700,iso,lojban/2016_06/2016_06_23.txt,,,,1
2016-06-24,40,40,7,-0700,iso,lojban/2016_06/2016_06_24.txt,,,,1
2016-06-25,78,78,13,-0700,iso,lojban/2016_06/2016_06_25.txt,,,,1
2016-06-26,390,390,13,-0700,iso,lojban/2016_06/2016_06_26.txt,,,,1
2016-06-27,83,83,10,-0700,iso,lojban/2016_06/2016_06_27.txt,,,,1
2016-06-28,41,41,6,-0700,iso,lojban/2016_06/2016_06_28.txt,,,,1
2016-06-29,29,29,11,-0700,iso,lojban/2016_06/2016_06_29.txt,,,,1
2016-06-30,80,80,10,-0700,iso,lojban/2016_06/2016_06_30.txt,,,,1
2016-07-01,92,92,11,-0700,iso,lojban/2016_07/2016_07_01.txt,,,,1
2016-07-02,40,40,8,-0700,iso,lojban/2016_07/2016_07_02.txt,,,,1
2016-07-03,20,20,4,-0700,iso,lojban/2016_07/2016_07_03.txt,,,,1
2016-07-04,58,58,9,-0700,iso,lojban/2016_07/2016_07_04.txt,,,,1
2016-07-05,127,127,13,-0700,iso,lojban/2016_07/2016_07_05.txt,,,,1
2016-07-06,171,171,12,-0700,iso,lojban/2016_07/2016_07_06.txt,,,,1
2016-07-07,102,102,9,-0700,iso,lojban/2016_07/2016_07_07.txt,,,,1
2016-07-08,30,30,8,-0700,iso,lojban/2016_07/2016_07_08.txt,,,,1
2016-07-09,283,283,14,-0700,iso,lojban/2016_07/2016_07_09.txt,,,,1
2016-07-10,75,75,7,-0700,iso,lojban/2016_07/2016_07_10.txt,,,,1
2016-07-11,32,32,8,-0700,iso,lojban/2016_07/2016_07_11.txt,,,,1
2016-07-12,128,128,15,-0700,iso,lojban/2016_07/2016_07_12.txt,,,,1
2016-07-13,169,169,11,-0700,iso,lojban/2016_07/2016_07_13.txt,,,,1
2016-07-14,226,226,11,-0700,iso,lojban/2016_07/2016_07_14.txt,,,,1
2016-07-15,334,334,10,-0700,iso,lojban/2016_07/2016_07_15.txt,,,,1
2016-07-16,361,361,14,-0700,iso,lojban/2016_07/2016_07_16.txt,,,,1
2016-07-17,251,251,12,-0700,iso,lojban/2016_07/2016_07_17.txt,,,,1
2016-07-18,8,8,5,-0700,iso,lojban/2016_07/2016_07_18.txt,,,,1
2016-07-19,8,8,2,-0700,iso,lojban/2016_07/2016_07_19.txt,,,,1
2016-07-20,37,37,8,-0700,iso,lojban/2016_07/2016_07_20.txt,,,,1
2016-07-21,58,58,8,-0700,iso,lojban/2016_07/2016_07_21.txt,,,,1
2016-07-22,289,289,10,-0700,iso,lojban/2016_07/2016_07_22.txt,,,,1
2016-07-23,286,286,12,-0700,iso,lojban/2016_07/2016_07_23.txt,,,,1
2016-07-24,42,42,7,-0700,iso,lojban/2016_07/2016_07_24.txt,,,,1
2016-07-25,65,65,6,-0700,iso,lojban/2016_07/2016_07_25.txt,,,,1
2016-07-26,254,254,11,-0700,iso,lojban/2016_07/2016_07_26.txt,,,,1
2016-07-27,347,347,10,-0700,iso,lojban/2016_07/2016_07_27.txt,,,,1
2016-07-28,161,161,11,-0700,iso,lojban/2016_07/2016_07_28.txt,,,,1
2016-07-29,292,292,11,-0700,iso,lojban/2016_07/2016_07_29.txt,,,,1
2016-07-30,64,64,8,-0700,iso,lojban/2016_07/2016_07_30.txt,,,,1
2016-07-31,129,129,6,-0700,iso,lojban/2016_07/2016_07_31.txt,,,,1
2016-08-01,87,87,8,-0700,iso,lojban/2016_08/2016_08_01.txt,,,,1
2016-08-02,169,169,10,-0700,iso,lojban/2016_08/2016_08_02.txt,,,,1
2016-08-03,218,218,9,-0700,iso,lojban/2016_08/2016_08_03.txt,,,,1
2016-08-04,43,43,10,-0700,iso,lojban/2016_08/2016_08_04.txt,,,,1
2016-08-05,83,83,11,-0700,iso,lojban/2016_08/2016_08_05.txt,,,,1
2016-08-06,89,89,9,-0700,iso,lojban/2016_08/2016_08_06.txt,,,,1
2016-08-07,74,74,9,-0700,iso,lojban/2016_08/2016_08_07.txt,,,,1
2016-08-08,331,331,8,-0700,iso,lojban/2016_08/2016_08_08.txt,,,,1
2016-08-09,239,239,14,-0700,iso,lojban/2016_08/2016_08_09.txt,,,,1
2016-08-10,50,50,12,-0700,iso,lojban/2016_08/2016_08_10.txt,,,,1
2016-08-11,63,63,8,-0700,iso,lojban/2016_08/2016_08_11.txt,,,,1
2016-08-12,119,119,8,-0700,iso,lojban/2016_08/2016_08_12.txt,,,,1
2016-08-13,49,49,10,-0700,iso,lojban/2016_08/2016_08_13.txt,,,,1
2016-08-14,40,40,9,-0700,iso,lojban/2016_08/2016_08_14.txt,,,,1
2016-08-15,95,95,9,-0700,iso,lojban/2016_08/2016_08_15.txt,,,,1
2016-08-16,66,66,5,-0700,iso,lojban/2016_08/2016_08_16.txt,,,,1
2016-08-17,34,34,9,-0700,iso,lojban/2016_08/2016_08_17.txt,,,,1
2016-08-18,48,48,9,-0700,iso,lojban/2016_08/2016_08_18.txt,,,,1
2016-08-19,99,99,8,-0700,iso,lojban/2016_08/2016_08_19.txt,,,,1
2016-08-20,58,58,8,-0700,iso,lojban/2016_08/2016_08_20.txt,,,,1
2016-08-21,41,41,8,-0700,iso,lojban/2016_08/2016_08_21.txt,,,,1
2016-08-22,55,55,6,-0700,iso,lojban/2016_08/2016_08_22.txt,,,,1
2016-08-23,234,234,12,-0700,iso,lojban/2016_08/2016_08_23.txt,,,,1
2016-08-24,32,32,11,-0700,iso,lojban/2016_08/2016_08_24.txt,,,,1
2016-08-25,190,190,9,-0700,iso,lojban/2016_08/2016_08_25.txt,,,,1
2016-08-26,138,138,11,-0700,iso,lojban/2016_08/2016_08_26.txt,,,,1
2016-08-27,211,211,10,-0700,iso,lojban/2016_08/2016_08_27.txt,,,,1
2016-08-28,165,165,10,-0700,iso,lojban/2016_08/2016_08_28.txt,,,,1
2016-08-29,122,122,13,-0700,iso,lojban/2016_08/2016_08_29.txt,,,,1
2016-08-30,76,76,11,-0700,iso,lojban/2016_08/2016_08_30.txt,,,,1
2016-08-31,131,131,13,-0700,iso,lojban/2016_08/2016_08_31.txt,,,,1
2016-09-01,72,72,10,-0700,iso,lojban/2016_09/2016_09_01.txt,,,,1
2016-09-02,172,172,12,-0700,iso,lojban/2016_09/2016_09_02.txt,,,,1
2016-09-03,224,224,15,-0700,iso,lojban/2016_09/2016_09_03.txt,,,,1
2016-09-04,112,112,13,-0700,iso,lojban/2016_09/2016_09_04.txt,,,,1
2016-09-05,131,131,14,-0700,iso,lojban/2016_09/2016_09_05.txt,,,,1
2016-09-06,107,107,11,-0700,iso,lojban/2016_09/2016_09_06.txt,,,,1
2016-09-07,300,300,15,-0700,iso,lojban/2016_09/2016_09_07.txt,,,,1
2016-09-08,244,244,19,-0700,iso,lojban/2016_09/2016_09_08.txt,,,,1
2016-09-09,180,180,17,-0700,iso,lojban/2016_09/2016_09_09.txt,,,,1
2016-09-10,241,241,17,-0700,iso,lojban/2016_09/2016_09_10.txt,,,,1
2016-09-11,103,103,9,-0700,iso,lojban/2016_09/2016_09_11.txt,,,,1
2016-09-12,118,118,15,-0700,iso,lojban/2016_09/2016_09_12.txt,,,,1
2016-09-13,90,90,10,-0700,iso,lojban/2016_09/2016_09_13.txt,,,,1
2016-09-14,57,57,12,-0700,iso,lojban/2016_09/2016_09_14.txt,,,,1
2016-09-15,131,131,14,-0700,iso,lojban/2016_09/2016_09_15.txt,,,,1
2016-09-16,161,161,9,-0700,iso,lojban/2016_09/2016_09_16.txt,,,,1
2016-09-17,134,134,16,-0700,iso,lojban/2016_09/2016_09_17.txt,,,,1
2016-09-18,95,95,14,-0700,iso,lojban/2016_09/2016_09_18.txt,,,,1
2016-09-19,72,72,9,-0700,iso,lojban/2016_09/2016_09_19.txt,,,,1
2016-09-20,98,98,9,-0700,iso,lojban/2016_09/2016_09_20.txt,,,,1
2016-09-21,371,371,18,-0700,iso,lojban/2016_09/2016_09_21.txt,,,,1
2016-09-22,375,375,19,-0700,iso,lojban/2016_09/2016_09_22.txt,,,,1
2016-09-23,366,366,19,-0700,iso,lojban/2016_09/2016_09_23.txt,,,,1
2016-09-24,145,145,13,-0700,iso,lojban/2016_09/2016_09_24.txt,,,,1
2016-09-25,166,166,15,-0700,iso,lojban/2016_09/2016_09_25.txt,,,,1
2016-09-26,327,327,26,-0700,iso,lojban/2016_09/2016_09_26.txt,,,,1
2016-09-27,259,259,22,-0700,iso,lojban/2016_09/2016_09_27.txt,,,,1
2016-09-28,93,93,18,-0700,iso,lojban/2016_09/2016_09_28.txt,,,,1
2016-09-29,75,75,13,-0700,iso,lojban/2016_09/2016_09_29.txt,,,,1
2016-09-30,116,116,12,-0700,iso,lojban/2016_09/2016_09_30.txt,,,,1
2016-10-01,171,171,11,-0700,iso,lojban/2016_10/2016_10_01.txt,,,,1
2016-10-02,162,162,13,-0700,iso,lojban/2016_10/2016_10_02.txt,,,,1
2016-10-03,222,222,10,-0700,iso,lojban/2016_10/2016_10_03.txt,,,,1
2016-10-04,210,210,17,-0700,iso,lojban/2016_10/2016_10_04.txt,,,,1
2016-10-05,160,160,16,-0700,iso,lojban/2016_10/2016_10_05.txt,,,,1
2016-10-06,107,107,15,-0700,iso,lojban/2016_10/2016_10_06.txt,,,,1
2016-10-07,95,95,16,-0700,iso,lojban/2016_10/2016_10_07.txt,,,,1
2016-10-08,522,522,17,-0700,iso,lojban/2016_10/2016_10_08.txt,,,,1
2016-10-09,87,87,14,-0700,iso,lojban/2016_10/2016_10_09.txt,,,,1
2016-10-10,170,170,12,-0700,iso,lojban/2016_10/2016_10_10.txt,,,,1
2016-10-11,98,98,12,-0700,iso,lojban/2016_10/2016_10_11.txt,,,,1
2016-10-12,84,84,10,-0700,iso,lojban/2016_10/2016_10_12.txt,,,,1
2016-10-13,226,226,15,-0700,iso,lojban/2016_10/2016_10_13.txt,,,,1
2016-10-14,220,220,12,-0700,iso,lojban/2016_10/2016_10_14.txt,,,,1
2016-10-15,245,245,16,-0700,iso,lojban/2016_10/2016_10_15.txt,,,,1
2016-10-16,107,107,11,-0700,iso,lojban/2016_10/2016_10_16.txt,,,,1
2016-10-17,157,157,14,-0700,iso,lojban/2016_10/2016_10_17.txt,,,,1
2016-10-18,266,266,17,-0700,iso,lojban/2016_10/2016_10_18.txt,,,,1
2016-10-19,305,305,15,-0700,iso,lojban/2016_10/2016_10_19.txt,,,,1
2016-10-20,113,113,7,-0700,iso,lojban/2016_10/2016_10_20.txt,,,,1
2016-10-21,623,623,73,-0700,iso,lojban/2016_10/2016_10_21.txt,,,,1
2016-10-22,334,334,16,-0700,iso,lojban/2016_10/2016_10_22.txt,,,,1
2016-10-23,53,53,9,-0700,iso,lojban/2016_10/2016_10_23.txt,,,,1
2016-10-24,319,319,14,-0700,iso,lojban/2016_10/2016_10_24.txt,,,,1
2016-10-25,286,286,12,-0700,iso,lojban/2016_10/2016_10_25.txt,,,,1
2016-10-26,360,360,14,-0700,iso,lojban/2016_10/2016_10_26.txt,,,,1
2016-10-27,160,160,13,-0700,iso,lojban/2016_10/2016_10_27.txt,,,,1
2016-10-28,150,150,16,-0700,iso,lojban/2016_10/2016_10_28.txt,,,,1
2016-10-29,306,306,19,-0700,iso,lojban/2016_10/2016_10_29.txt,,,,1
2016-10-30,255,255,18,-0700,iso,lojban/2016_10/2016_10_30.txt,,,,1
2016-10-31,95,95,11,-0700,iso,lojban/2016_10/2016_10_31.txt,,,,1
2016-11-01,104,104,10,-0700,iso,lojban/2016_11/2016_11_01.txt,,,,1
2016-11-02,40,40,7,-0700,iso,lojban/2016_11/2016_11_02.txt,,,,1
2016-11-03,55,55,11,-0700,iso,lojban/2016_11/2016_11_03.txt,,,,1
2016-11-04,102,102,14,-0700,iso,lojban/2016_11/2016_11_04.txt,,,,1
2016-11-05,115,115,12,-0700,iso,lojban/2016_11/2016_11_05.txt,,,,1
2016-11-06,258,258,11,-0800,iso,lojban/2016_11/2016_11_06.txt,,,,1
2016-11-07,225,225,15,-0800,iso,lojban/2016_11/2016_11_07.txt,,,,1
2016-11-08,119,119,14,-0800,iso,lojban/2016_11/2016_11_08.txt,,,,1
2016-11-09,103,103,9,-0800,iso,lojban/2016_11/2016_11_09.txt,,,,1
2016-11-10,43,43,8,-0800,iso,lojban/2016_11/2016_11_10.txt,,,,1
2016-11-11,45,45,6,-0800,iso,lojban/2016_11/2016_11_11.txt,,,,1
2016-11-12,156,156,12,-0800,iso,lojban/2016_11/2016_11_12.txt,,,,1
2016-11-13,923,923,12,-0800,iso,lojban/2016_11/2016_11_13.txt,,,,1
2016-11-14,184,184,7,-0800,iso,lojban/2016_11/2016_11_14.txt,,,,1
2016-11-15,98,98,10,-0800,iso,lojban/2016_11/2016_11_15.txt,,,,1
2016-11-16,37,37,8,-0800,iso,lojban/2016_11/2016_11_16.txt,,,,1
2016-11-17,14,14,4,-0800,iso,lojban/2016_11/2016_11_17.txt,,,,1
2016-11-18,85,85,8,-0800,iso,lojban/2016_11/2016_11_18.txt,,,,1
2016-11-19,110,110,11,-0800,iso,lojban/2016_11/2016_11_19.txt,,,,1
2016-11-20,40,40,4,-0800,iso,lojban/2016_11/2016_11_20.txt,,,,1
2016-11-21,122,122,11,-0800,iso,lojban/2016_11/2016_11_21.txt,,,,1
2016-11-22,82,82,12,-0800,iso,lojban/2016_11/2016_11_22.txt,,,,1
2016-11-23,208,208,13,-0800,iso,lojban/2016_11/2016_11_23.txt,,,,1
2016-11-24,114,114,10,-0800,iso,lojban/2016_11/2016_11_24.txt,,,,1
2016-11-25,98,98,12,-0800,iso,lojban/2016_11/2016_11_25.txt,,,,1
2016-11-26,157,157,10,-0800,iso,lojban/2016_11/2016_11_26.txt,,,,1
2016-11-27,29,29,6,-0800,iso,lojban/2016_11/2016_11_27.txt,,,,1
2016-11-28,104,104,12,-0800,iso,lojban/2016_11/2016_11_28.txt,,,,1
2016-11-29,55,55,16,-0800,iso,lojban/2016_11/2016_11_29.txt,,,,1
2016-11-30,126,126,13,-0800,iso,lojban/2016_11/2016_11_30.txt,,,,1
2016-12-01,74,74,14,-0800,iso,lojban/2016_12/2016_12_01.txt,,,,1
2016-12-02,114,114,11,-0800,iso,lojban/2016_12/2016_12_02.txt,,,,1
2016-12-03,73,73,11,-0800,iso,lojban/2016_12/2016_12_03.txt,,,,1
2016-12-04,49,49,12,-0800,iso,lojban/2016_12/2016_12_04.txt,,,,1
2016-12-05,116,116,19,-0800,iso,lojban/2016_12/2016_12_05.txt,,,,1
2016-12-06,99,99,17,-0800,iso,lojban/2016_12/2016_12_06.txt,,,,1
2016-12-07,159,159,14,-0800,iso,lojban/2016_12/2016_12_07.txt,,,,1
2016-12-08,125,125,17,-0800,iso,lojban/2016_12/2016_12_08.txt,,,,1
2016-12-09,47,47,12,-0800,iso,lojban/2016_12/2016_12_09.txt,,,,1
2016-12-10,108,108,14,-0800,iso,lojban/2016_12/2016_12_10.txt,,,,1
2016-12-11,128,128,8,-0800,iso,lojban/2016_12/2016_12_11.txt,,,,1
2016-12-12,51,51,10,-0800,iso,lojban/2016_12/2016_12_12.txt,,,,1
2016-12-13,55,55,8,-0800,iso,lojban/2016_12/2016_12_13.txt,,,,1
2016-12-14,64,64,9,-0800,iso,lojban/2016_12/2016_12_14.txt,,,,1
2016-12-15,59,59,10,-0800,iso,lojban/2016_12/2016_12_15.txt,,,,1
2016-12-16,80,80,14,-0800,iso,lojban/2016_12/2016_12_16.txt,,,,1
2016-12-17,89,89,7,-0800,iso,lojban/2016_12/2016_12_17.txt,,,,1
2016-12-18,245,245,13,-0800,iso,lojban/2016_12/2016_12_18.txt,,,,1
2016-12-19,237,237,17,-0800,iso,lojban/2016_12/2016_12_19.txt,,,,1
2016-12-20,134,134,13,-0800,iso,lojban/2016_12/2016_12_20.txt,,,,1
2016-12-21,133,133,14,-0800,iso,lojban/2016_12/2016_12_21.txt,,,,1
2016-12-22,101,101,14,-0800,iso,lojban/2016_12/2016_12_22.txt,,,,1
2016-12-23,214,214,15,-0800,iso,lojban/2016_12/2016_12_23.txt,,,,1
2016-12-24,149,149,14,-0800,iso,lojban/2016_12/2016_12_24.txt,,,,1
2016-12-25,76,76,14,-0800,iso,lojban/2016_12/2016_12_25.txt,,,,1
2016-12-26,440,440,19,-0800,iso,lojban/2016_12/2016_12_26.txt,,,,1
2016-12-27,197,197,13,-0800,iso,lojban/2016_12/2016_12_27.txt,,,,1
2016-12-28,67,67,12,-0800,iso,lojban/2016_12/2016_12_28.txt,,,,1
2016-12-29,156,156,12,-0800,iso,lojban/2016_12/2016_12_29.txt,,,,1
2016-12-30,40,40,8,-0800,iso,lojban/2016_12/2016_12_30.txt,,,,1
2016-12-31,83,83,15,-0800,iso,lojban/2016_12/2016_12_31.txt,,,,1
2017-01-01,20,20,8,-0800,iso,lojban/2017_01/2017_01_01.txt,,,,1
2017-01-02,8,8,5,-0800,iso,lojban/2017_01/2017_01_02.txt,,,,1
2017-01-03,14,14,5,-0800,iso,lojban/2017_01/2017_01_03.txt,,,,1
2017-01-04,57,57,8,-0800,iso,lojban/2017_01/2017_01_04.txt,,,,1
2017-01-05,52,52,9,-0800,iso,lojban/2017_01/2017_01_05.txt,,,,1
2017-01-06,48,48,11,-0800,iso,lojban/2017_01/2017_01_06.txt,,,,1
2017-01-07,48,48,9,-0800,iso,lojban/2017_01/2017_01_07.txt,,,,1
2017-01-08,20,20,6,-0800,iso,lojban/2017_01/2017_01_08.txt,,,,1
2017-01-09,135,135,8,-0800,iso,lojban/2017_01/2017_01_09.txt,,,,1
2017-01-10,17,17,7,-0800,iso,lojban/2017_01/2017_01_10.txt,,,,1
2017-01-11,25,25,8,-0800,iso,lojban/2017_01/2017_01_11.txt,,,,1
2017-01-12,38,38,7,-0800,iso,lojban/2017_01/2017_01_12.txt,,,,1
2017-01-13,25,25,7,-0800,iso,lojban/2017_01/2017_01_13.txt,,,,1
2017-01-14,64,64,15,-0800,iso,lojban/2017_01/2017_01_14.txt,,,,1
2017-01-15,48,48,10,-0800,iso,lojban/2017_01/2017_01_15.txt,,,,1
2017-01-16,9,9,7,-0800,iso,lojban/2017_01/2017_01_16.txt,,,,1
2017-01-17,17,17,8,-0800,iso,lojban/2017_01/2017_01_17.txt,,,,1
2017-01-18,15,15,8,-0800,iso,lojban/2017_01/2017_01_18.txt,,,,1
2017-01-19,75,75,12,-0800,iso,lojban/2017_01/2017_01_19.txt,,,,1
2017-01-20,84,84,11,-0800,iso,lojban/2017_01/2017_01_20.txt,,,,1
2017-01-21,68,68,8,-0800,iso,lojban/2017_01/2017_01_21.txt,,,,1
2017-01-22,44,44,8,-0800,iso,lojban/2017_01/2017_01_22.txt,,,,1
2017-01-23,29,29,6,-0800,iso,lojban/2017_01/2017_01_23.txt,,,,1
2017-01-24,119,119,11,-0800,iso,lojban/2017_01/2017_01_24.txt,,,,1
2017-01-25,44,44,9,-0800,iso,lojban/2017_01/2017_01_25.txt,,,,1
2017-01-26,121,121,15,-0800,iso,lojban/2017_01/2017_01_26.txt,,,,1
2017-01-27,58,58,16,-0800,iso,lojban/2017_01/2017_01_27.txt,,,,1
2017-01-28,98,98,14,-0800,iso,lojban/2017_01/2017_01_28.txt,,,,1
2017-01-29,36,36,9,-0800,iso,lojban/2017_01/2017_01_29.txt,,,,1
2017-01-30,149,149,15,-0800,iso,lojban/2017_01/2017_01_30.txt,,,,1
2017-01-31,128,128,20,-0800,iso,lojban/2017_01/2017_01_31.txt,,,,1
2017-02-01,182,182,17,-0800,iso,lojban/2017_02/2017_02_01.txt,,,,1
2017-02-02,139,139,17,-0800,iso,lojban/2017_02/2017_02_02.txt,,,,1
2017-02-03,56,56,18,-0800,iso,lojban/2017_02/2017_02_03.txt,,,,1
2017-02-04,103,103,14,-0800,iso,lojban/2017_02/2017_02_04.txt,,,,1
2017-02-05,152,152,11,-0800,iso,lojban/2017_02/2017_02_05.txt,,,,1
2017-02-06,34,34,9,-0800,iso,lojban/2017_02/2017_02_06.txt,,,,1
2017-02-07,69,69,13,-0800,iso,lojban/2017_02/2017_02_07.txt,,,,1
2017-02-08,27,27,12,-0800,iso,lojban/2017_02/2017_02_08.txt,,,,1
2017-02-09,36,36,10,-0800,iso,lojban/2017_02/2017_02_09.txt,,,,1
2017-02-10,119,119,13,-0800,iso,lojban/2017_02/2017_02_10.txt,,,,1
2017-02-11,84,84,11,-0800,iso,lojban/2017_02/2017_02_11.txt,,,,1
2017-02-12,100,100,10,-0800,iso,lojban/2017_02/2017_02_12.txt,,,,1
2017-02-13,27,27,10,-0800,iso,lojban/2017_02/2017_02_13.txt,,,,1
2017-02-14,33,33,13,-0800,iso,lojban/2017_02/2017_02_14.txt,,,,1
2017-02-15,90,90,12,-0800,iso,lojban/2017_02/2017_02_15.txt,,,,1
2017-02-16,128,128,12,-0800,iso,lojban/2017_02/2017_02_16.txt,,,,1
2017-02-17,50,50,12,-0800,iso,lojban/2017_02/2017_02_17.txt,,,,1
2017-02-18,145,145,10,-0800,iso,lojban/2017_02/2017_02_18.txt,,,,1
2017-02-19,50,50,9,-0800,iso,lojban/2017_02/2017_02_19.txt,,,,1
2017-02-20,235,235,14,-0800,iso,lojban/2017_02/2017_02_20.txt,,,,1
2017-02-21,46,46,8,-0800,iso,lojban/2017_02/2017_02_21.txt,,,,1
2017-02-22,139,139,12,-0800,iso,lojban/2017_02/2017_02_22.txt,,,,1
2017-02-23,159,159,20,-0800,iso,lojban/2017_02/2017_02_23.txt,,,,1
2017-02-24,85,85,11,-0800,iso,lojban/2017_02/2017_02_24.txt,,,,1
2017-02-25,290,290,14,-0800,iso,lojban/2017_02/2017_02_25.txt,,,,1
2017-02-26,23,23,8,-0800,iso,lojban/2017_02/2017_02_26.txt,,,,1
2017-02-27,211,211,14,-0800,iso,lojban/2017_02/2017_02_27.txt,,,,1
2017-02-28,153,153,12,-0800,iso,lojban/2017_02/2017_02_28.txt,,,,1
2017-03-01,21,21,10,-0800,iso,lojban/2017_03/2017_03_01.txt,,,,1
2017-03-02,81,81,9,-0800,iso,lojban/2017_03/2017_03_02.txt,,,,1
2017-03-03,59,59,8,-0800,iso,lojban/2017_03/2017_03_03.txt,,,,1
2017-03-04,138,138,13,-0800,iso,lojban/2017_03/2017_03_04.txt,,,,1
2017-03-05,29,29,8,-0800,iso,lojban/2017_03/2017_03_05.txt,,,,1
2017-03-06,84,84,15,-0800,iso,lojban/2017_03/2017_03_06.txt,,,,1
2017-03-07,50,50,10,-0800,iso,lojban/2017_03/2017_03_07.txt,,,,1
2017-03-08,140,140,9,-0800,iso,lojban/2017_03/2017_03_08.txt,,,,1
2017-03-09,129,129,16,-0800,iso,lojban/2017_03/2017_03_09.txt,,,,1
2017-03-10,40,40,13,-0800,iso,lojban/2017_03/2017_03_10.txt,,,,1
2017-03-11,102,102,10,-0800,iso,lojban/2017_03/2017_03_11.txt,,,,1
2017-03-12,32,32,11,-0800/-0700,iso,lojban/2017_03/2017_03_12.txt,,,,1
2017-03-13,6,6,4,-0700,iso,lojban/2017_03/2017_03_13.txt,,,,1
2017-03-14,36,36,9,-0700,iso,lojban/2017_03/2017_03_14.txt,,,,1
2017-03-15,125,125,7,-0700,iso,lojban/2017_03/2017_03_15.txt,,,,1
2017-03-16,24,24,11,-0700,iso,lojban/2017_03/2017_03_16.txt,,,,1
2017-03-17,61,61,8,-0700,iso,lojban/2017_03/2017_03_17.txt,,,,1
2017-03-18,100,100,14,-0700,iso,lojban/2017_03/2017_03_18.txt,,,,1
2017-03-19,72,72,9,-0700,iso,lojban/2017_03/2017_03_19.txt,,,,1
2017-03-20,88,88,9,-0700,iso,lojban/2017_03/2017_03_20.txt,,,,1
2017-03-21,32,32,5,-0700,iso,lojban/2017_03/2017_03_21.txt,,,,1
2017-03-22,9,9,6,-0700,iso,lojban/2017_03/2017_03_22.txt,,,,1
2017-03-23,63,63,11,-0700,iso,lojban/2017_03/2017_03_23.txt,,,,1
2017-03-24,119,119,9,-0700,iso,lojban/2017_03/2017_03_24.txt,,,,1
2017-03-25,92,92,10,-0700,iso,lojban/2017_03/2017_03_25.txt,,,,1
2017-03-26,19,19,7,-0700,iso,lojban/2017_03/2017_03_26.txt,,,,1
2017-03-27,36,36,9,-0700,iso,lojban/2017_03/2017_03_27.txt,,,,1
2017-03-28,24,24,10,-0700,iso,lojban/2017_03/2017_03_28.txt,,,,1
2017-03-29,70,70,7,-0700,iso,lojban/2017_03/2017_03_29.txt,,,,1
2017-03-30,57,57,9,-0700,iso,lojban/2017_03/2017_03_30.txt,,,,1
2017-03-31,80,80,11,-0700,iso,lojban/2017_03/2017_03_31.txt,,,,1
2017-04-01,173,173,13,-0700,iso,lojban/2017_04/2017_04_01.txt,,,,1
2017-04-02,127,127,13,-0700,iso,lojban/2017_04/2017_04_02.txt,,,,1
2017-04-03,45,45,10,-0700,iso,lojban/2017_04/2017_04_03.txt,,,,1
2017-04-04,59,59,14,-0700,iso,lojban/2017_04/2017_04_04.txt,,,,1
2017-04-05,25,25,7,-0700,iso,lojban/2017_04/2017_04_05.txt,,,,1
2017-04-06,46,46,6,-0700,iso,lojban/2017_04/2017_04_06.txt,,,,1
2017-04-07,26,26,11,-0700,iso,lojban/2017_04/2017_04_07.txt,,,,1
2017-04-08,90,90,11,-0700,iso,lojban/2017_04/2017_04_08.txt,,,,1
2017-04-09,92,92,7,-0700,iso,lojban/2017_04/2017_04_09.txt,,,,1
2017-04-10,162,162,9,-0700,iso,lojban/2017_04/2017_04_10.txt,,,,1
2017-04-11,180,180,16,-0700,iso,lojban/2017_04/2017_04_11.txt,,,,1
2017-04-12,40,40,9,-0700,iso,lojban/2017_04/2017_04_12.txt,,,,1
2017-04-13,15,15,5,-0700,iso,lojban/2017_04/2017_04_13.txt,,,,1
2017-04-14,68,68,10,-0700,iso,lojban/2017_04/2017_04_14.txt,,,,1
2017-04-15,78,78,11,-0700,iso,lojban/2017_04/2017_04_15.txt,,,,1
2017-04-16,52,52,8,-0700,iso,lojban/2017_04/2017_04_16.txt,,,,1
2017-04-17,8,8,4,-0700,iso,lojban/2017_04/2017_04_17.txt,,,,1
2017-04-18,19,19,7,-0700,iso,lojban/2017_04/2017_04_18.txt,,,,1
2017-04-19,28,28,7,-0700,iso,lojban/2017_04/2017_04_19.txt,,,,1
2017-04-20,10,10,5,-0700,iso,lojban/2017_04/2017_04_20.txt,,,,1
2017-04-21,13,13,7,-0700,iso,lojban/2017_04/2017_04_21.txt,,,,1
2017-04-22,26,26,6,-0700,iso,lojban/2017_04/2017_04_22.txt,,,,1
2017-04-23,10,10,5,-0700,iso,lojban/2017_04/2017_04_23.txt,,,,1
2017-04-24,18,18,7,-0700,iso,lojban/2017_04/2017_04_24.txt,,,,1
2017-04-25,37,37,7,-0700,iso,lojban/2017_04/2017_04_25.txt,,,,1
2017-04-26,29,29,8,-0700,iso,lojban/2017_04/2017_04_26.txt,,,,1
2017-04-27,9,9,6,-0700,iso,lojban/2017_04/2017_04_27.txt,,,,1
2017-04-28,24,24,9,-0700,iso,lojban/2017_04/2017_04_28.txt,,,,1
2017-04-29,16,16,5,-0700,iso,lojban/2017_04/2017_04_29.txt,,,,1
2017-04-30,79,79,7,-0700,iso,lojban/2017_04/2017_04_30.txt,,,,1
2017-05-01,22,22,10,-0700,iso,lojban/2017_05/2017_05_01.txt,,,,1
2017-05-02,140,140,15,-0700,iso,lojban/2017_05/2017_05_02.txt,,,,1
2017-05-03,37,37,7,-0700,iso,lojban/2017_05/2017_05_03.txt,,,,1
2017-05-04,60,60,11,-0700,iso,lojban/2017_05/2017_05_04.txt,,,,1
2017-05-05,59,59,11,-0700,iso,lojban/2017_05/2017_05_05.txt,,,,1
2017-05-06,24,24,7,-0700,iso,lojban/2017_05/2017_05_06.txt,,,,1
2017-05-07,36,36,7,-0700,iso,lojban/2017_05/2017_05_07.txt,,,,1
2017-05-08,8,8,4,-0700,iso,lojban/2017_05/2017_05_08.txt,,,,1
2017-05-09,4,4,3,-0700,iso,lojban/2017_05/2017_05_09.txt,,,,1
2017-05-10,28,28,11,-0700,iso,lojban/2017_05/2017_05_10.txt,,,,1
2017-05-11,12,12,5,-0700,iso,lojban/2017_05/2017_05_11.txt,,,,1
2017-05-12,53,53,12,-0700,iso,lojban/2017_05/2017_05_12.txt,,,,1
2017-05-13,26,26,8,-0700,iso,lojban/2017_05/2017_05_13.txt,,,,1
2017-05-14,86,86,14,-0700,iso,lojban/2017_05/2017_05_14.txt,,,,1
2017-05-15,47,47,12,-0700,iso,lojban/2017_05/2017_05_15.txt,,,,1
2017-05-16,39,39,9,-0700,iso,lojban/2017_05/2017_05_16.txt,,,,1
2017-05-17,28,28,7,-0700,iso,lojban/2017_05/2017_05_17.txt,,,,1
2017-05-18,46,46,10,-0700,iso,lojban/2017_05/2017_05_18.txt,,,,1
2017-05-19,36,36,6,-0700,iso,lojban/2017_05/2017_05_19.txt,,,,1
2017-05-20,44,44,8,-0700,iso,lojban/2017_05/2017_05_20.txt,,,,1
2017-05-21,82,82,11,-0700,iso,lojban/2017_05/2017_05_21.txt,,,,1
2017-05-22,42,42,7,-0700,iso,lojban/2017_05/2017_05_22.txt,,,,1
2017-05-23,63,63,8,-0700,iso,lojban/2017_05/2017_05_23.txt,,,,1
2017-05-24,27,27,8,-0700,iso,lojban/2017_05/2017_05_24.txt,,,,1
2017-05-25,12,12,6,-0700,iso,lojban/2017_05/2017_05_25.txt,,,,1
2017-05-26,27,27,5,-0700,iso,lojban/2017_05/2017_05_26.txt,,,,1
2017-05-27,30,30,8,-0700,iso,lojban/2017_05/2017_05_27.txt,,,,1
2017-05-28,23,23,6,-0700,iso,lojban/2017_05/2017_05_28.txt,,,,1
2017-05-29,15,15,6,-0700,iso,lojban/2017_05/2017_05_29.txt,,,,1
2017-05-30,91,91,6,-0700,iso,lojban/2017_05/2017_05_30.txt,,,,1
2017-05-31,44,44,8,-0700,iso,lojban/2017_05/2017_05_31.txt,,,,1
2017-06-01,109,109,14,-0700,iso,lojban/2017_06/2017_06_01.txt,,,,1
2017-06-02,80,80,5,-0700,iso,lojban/2017_06/2017_06_02.txt,,,,1
2017-06-03,130,130,9,-0700,iso,lojban/2017_06/2017_06_03.txt,,,,1
2017-06-04,68,68,11,-0700,iso,lojban/2017_06/2017_06_04.txt,,,,1
2017-06-05,65,65,11,-0700,iso,lojban/2017_06/2017_06_05.txt,,,,1
2017-06-06,4,4,3,-0700,iso,lojban/2017_06/2017_06_06.txt,,,,1
2017-06-07,43,43,8,-0700,iso,lojban/2017_06/2017_06_07.txt,,,,1
2017-06-08,52,52,13,-0700,iso,lojban/2017_06/2017_06_08.txt,,,,1
2017-06-09,21,21,6,-0700,iso,lojban/2017_06/2017_06_09.txt,,,,1
2017-06-10,45,45,7,-0700,iso,lojban/2017_06/2017_06_10.txt,,,,1
2017-06-11,18,18,6,-0700,iso,lojban/2017_06/2017_06_11.txt,,,,1
2017-06-12,52,52,7,-0700,iso,lojban/2017_06/2017_06_12.txt,,,,1
2017-06-13,28,28,7,-0700,iso,lojban/2017_06/2017_06_13.txt,,,,1
2017-06-14,85,85,9,-0700,iso,lojban/2017_06/2017_06_14.txt,,,,1
2017-06-15,26,26,6,-0700,iso,lojban/2017_06/2017_06_15.txt,,,,1
2017-06-16,54,54,5,-0700,iso,lojban/2017_06/2017_06_16.txt,,,,1
2017-06-17,176,176,7,-0700,iso,lojban/2017_06/2017_06_17.txt,,,,1
2017-06-18,37,37,5,-0700,iso,lojban/2017_06/2017_06_18.txt,,,,1
2017-06-19,31,31,5,-0700,iso,lojban/2017_06/2017_06_19.txt,,,,1
2017-06-20,25,25,9,-0700,iso,lojban/2017_06/2017_06_20.txt,,,,1
2017-06-21,100,100,9,-0700,iso,lojban/2017_06/2017_06_21.txt,,,,1
2017-06-22,40,40,5,-0700,iso,lojban/2017_06/2017_06_22.txt,,,,1
2017-06-23,17,17,4,-0700,iso,lojban/2017_06/2017_06_23.txt,,,,1
2017-06-24,44,44,8,-0700,iso,lojban/2017_06/2017_06_24.txt,,,,1
2017-06-25,51,51,7,-0700,iso,lojban/2017_06/2017_06_25.txt,,,,1
2017-06-26,14,14,4,-0700,iso,lojban/2017_06/2017_06_26.txt,,,,1
2017-06-27,36,36,6,-0700,iso,lojban/2017_06/2017_06_27.txt,,,,1
2017-06-28,189,189,9,-0700,iso,lojban/2017_06/2017_06_28.txt,,,,1
2017-06-29,73,73,5,-0700,iso,lojban/2017_06/2017_06_29.txt,,,,1
2017-06-30,111,111,5,-0700,iso,lojban/2017_06/2017_06_30.txt,,,,1
2017-07-01,82,82,5,-0700,iso,lojban/2017_07/2017_07_01.txt,,,,1
2017-07-02,41,41,4,-0700,iso,lojban/2017_07/2017_07_02.txt,,,,1
2017-07-03,124,124,6,-0700,iso,lojban/2017_07/2017_07_03.txt,,,,1
2017-07-04,9,9,3,-0700,iso,lojban/2017_07/2017_07_04.txt,,,,1
2017-07-05,64,64,4,-0700,iso,lojban/2017_07/2017_07_05.txt,,,,1
2017-07-06,15,15,5,-0700,iso,lojban/2017_07/2017_07_06.txt,,,,1
2017-07-07,74,74,4,-0700,iso,lojban/2017_07/2017_07_07.txt,,,,1
2017-07-08,94,94,4,-0700,iso,lojban/2017_07/2017_07_08.txt,,,,1
2017-07-09,51,51,2,-0700,iso,lojban/2017_07/2017_07_09.txt,,,,1
2017-07-10,8,8,4,-0700,iso,lojban/2017_07/2017_07_10.txt,,,,1
2017-07-11,73,73,6,-0700,iso,lojban/2017_07/2017_07_11.txt,,,,1
2017-07-12,121,121,5,-0700,iso,lojban/2017_07/2017_07_12.txt,,,,1
2017-07-13,30,30,4,-0700,iso,lojban/2017_07/2017_07_13.txt,,,,1
2017-07-14,124,124,9,-0700,iso,lojban/2017_07/2017_07_14.txt,,,,1
2017-07-15,111,111,5,-0700,iso,lojban/2017_07/2017_07_15.txt,,,,1
2017-07-16,62,62,4,-0700,iso,lojban/2017_07/2017_07_16.txt,,,,1
2017-07-17,47,47,7,-0700,iso,lojban/2017_07/2017_07_17.txt,,,,1
2017-07-18,64,64,5,-0700,iso,lojban/2017_07/2017_07_18.txt,,,,1
2017-07-19,64,64,3,-0700,iso,lojban/2017_07/2017_07_19.txt,,,,1
2017-07-20,99,99,8,-0700,iso,lojban/2017_07/2017_07_20.txt,,,,1
2017-07-21,52,52,13,-0700,iso,lojban/2017_07/2017_07_21.txt,,,,1
2017-07-22,12,12,3,-0700,iso,lojban/2017_07/2017_07_22.txt,,,,1
2017-07-23,62,62,3,-0700,iso,lojban/2017_07/2017_07_23.txt,,,,1
2017-07-24,27,27,6,-0700,iso,lojban/2017_07/2017_07_24.txt,,,,1
2017-07-25,76,76,7,-0700,iso,lojban/2017_07/2017_07_25.txt,,,,1
2017-07-26,25,25,8,-0700,iso,lojban/2017_07/2017_07_26.txt,,,,1
2017-07-27,16,16,8,-0700,iso,lojban/2017_07/2017_07_27.txt,,,,1
2017-07-28,12,12,4,-0700,iso,lojban/2017_07/2017_07_28.txt,,,,1
2017-07-29,13,13,3,-0700,iso,lojban/2017_07/2017_07_29.txt,,,,1
2017-07-30,3,3,2,-0700,iso,lojban/2017_07/2017_07_30.txt,,,,1
2017-07-31,8,8,2,-0700,iso,lojban/2017_07/2017_07_31.txt,,,,1
2017-08-01,23,23,5,-0700,iso,lojban/2017_08/2017_08_01.txt,,,,1
2017-08-02,13,13,3,-0700,iso,lojban/2017_08/2017_08_02.txt,,,,1
2017-08-03,18,18,3,-0700,iso,lojban/2017_08/2017_08_03.txt,,,,1
2017-08-04,17,17,3,-0700,iso,lojban/2017_08/2017_08_04.txt,,,,1
2017-08-05,3,3,3,-0700,iso,lojban/2017_08/2017_08_05.txt,,,,1
2017-08-06,6,6,1,-0700,iso,lojban/2017_08/2017_08_06.txt,,,,1
2017-08-07,16,16,4,-0700,iso,lojban/2017_08/2017_08_07.txt,,,,1
2017-08-08,10,10,4,-0700,iso,lojban/2017_08/2017_08_08.txt,,,,1
2017-08-09,4,4,2,-0700,iso,lojban/2017_08/2017_08_09.txt,,,,1
2017-08-11,6,6,4,-0700,iso,lojban/2017_08/2017_08_11.txt,,,,1
2017-08-12,13,13,5,-0700,iso,lojban/2017_08/2017_08_12.txt,,,,1
2017-08-13,4,4,2,-0700,iso,lojban/2017_08/2017_08_13.txt,,,,1
2017-08-14,8,8,4,-0700,iso,lojban/2017_08/2017_08_14.txt,,,,1
2017-08-15,2,2,2,-0700,iso,lojban/2017_08/2017_08_15.txt,,,,1
2017-08-16,2,2,2,-0700,iso,lojban/2017_08/2017_08_16.txt,,,,1
2017-08-17,4,4,4,-0700,iso,lojban/2017_08/2017_08_17.txt,,,,1
2017-08-18,8,8,3,-0700,iso,lojban/2017_08/2017_08_18.txt,,,,1
2017-08-19,21,21,4,-0700,iso,lojban/2017_08/2017_08_19.txt,,,,1
2017-08-20,8,8,4,-0700,iso,lojban/2017_08/2017_08_20.txt,,,,1
2017-08-21,12,12,3,-0700,iso,lojban/2017_08/2017_08_21.txt,,,,1
2017-08-22,19,19,7,-0700,iso,lojban/2017_08/2017_08_22.txt,,,,1
2017-08-23,9,9,5,-0700,iso,lojban/2017_08/2017_08_23.txt,,,,1
2017-08-24,14,14,5,-0700,iso,lojban/2017_08/2017_08_24.txt,,,,1
2017-08-25,46,46,5,-0700,iso,lojban/2017_08/2017_08_25.txt,,,,1
2017-08-26,11,11,5,-0700,iso,lojban/2017_08/2017_08_26.txt,,,,1
2017-08-27,3,3,3,-0700,iso,lojban/2017_08/2017_08_27.txt,,,,1
2017-08-28,3,3,3,-0700,iso,lojban/2017_08/2017_08_28.txt,,,,1
2017-08-29,19,19,7,-0700,iso,lojban/2017_08/2017_08_29.txt,,,,1
2017-08-30,19,19,6,-0700,iso,lojban/2017_08/2017_08_30.txt,,,,1
2017-08-31,16,16,6,-0700,iso,lojban/2017_08/2017_08_31.txt,,,,1
2017-09-01,20,20,8,-0700,iso,lojban/2017_09/2017_09_01.txt,,,,1
2017-09-02,51,51,9,-0700,iso,lojban/2017_09/2017_09_02.txt,,,,1
2017-09-03,2,2,2,-0700,iso,lojban/2017_09/2017_09_03.txt,,,,1
2017-09-04,4,4,3,-0700,iso,lojban/2017_09/2017_09_04.txt,,,,1
2017-09-05,39,39,5,-0700,iso,lojban/2017_09/2017_09_05.txt,,,,1
2017-09-06,9,9,4,-0700,iso,lojban/2017_09/2017_09_06.txt,,,,1
2017-09-07,5,5,2,-0700,iso,lojban/2017_09/2017_09_07.txt,,,,1
2017-09-08,23,23,2,-0700,iso,lojban/2017_09/2017_09_08.txt,,,,1
2017-09-09,15,15,4,-0700,iso,lojban/2017_09/2017_09_09.txt,,,,1
2017-09-10,26,26,5,-0700,iso,lojban/2017_09/2017_09_10.txt,,,,1
2017-09-11,14,14,6,-0700,iso,lojban/2017_09/2017_09_11.txt,,,,1
2017-09-12,4,4,2,-0700,iso,lojban/2017_09/2017_09_12.txt,,,,1
2017-09-13,20,20,3,-0700,iso,lojban/2017_09/2017_09_13.txt,,,,1
2017-09-14,36,36,3,-0700,iso,lojban/2017_09/2017_09_14.txt,,,,1
2017-09-15,156,156,5,-0700,iso,lojban/2017_09/2017_09_15.txt,,,,1
2017-09-16,19,19,5,-0700,iso,lojban/2017_09/2017_09_16.txt,,,,1
2017-09-17,2,2,1,-0700,iso,lojban/2017_09/2017_09_17.txt,,,,1
2017-09-18,65,65,5,-0700,iso,lojban/2017_09/2017_09_18.txt,,,,1
2017-09-19,53,53,6,-0700,iso,lojban/2017_09/2017_09_19.txt,,,,1
2017-09-20,11,11,6,-0700,iso,lojban/2017_09/2017_09_20.txt,,,,1
2017-09-21,26,26,4,-0700,iso,lojban/2017_09/2017_09_21.txt,,,,1
2017-09-22,19,19,4,-0700,iso,lojban/2017_09/2017_09_22.txt,,,,1
2017-09-23,26,26,4,-0700,iso,lojban/2017_09/2017_09_23.txt,,,,1
2017-09-24,4,4,3,-0700,iso,lojban/2017_09/2017_09_24.txt,,,,1
2017-09-26,6,6,5,-0700,iso,lojban/2017_09/2017_09_26.txt,,,,1
2017-09-27,21,21,7,-0700,iso,lojban/2017_09/2017_09_27.txt,,,,1
2017-09-28,9,9,6,-0700,iso,lojban/2017_09/2017_09_28.txt,,,,1
2017-09-29,1,1,1,-0700,iso,lojban/2017_09/2017_09_29.txt,,,,1
2017-09-30,5,5,2,-0700,iso,lojban/2017_09/2017_09_30.txt,,,,1
2017-10-01,30,30,4,-0700,iso,lojban/2017_10/2017_10_01.txt,,,,1
2017-10-02,13,13,3,-0700,iso,lojban/2017_10/2017_10_02.txt,,,,1
2017-10-03,13,13,8,-0700,iso,lojban/2017_10/2017_10_03.txt,,,,1
2017-10-04,46,46,7,-0700,iso,lojban/2017_10/2017_10_04.txt,,,,1
2017-10-05,2,2,2,-0700,iso,lojban/2017_10/2017_10_05.txt,,,,1
2017-10-06,36,36,4,-0700,iso,lojban/2017_10/2017_10_06.txt,,,,1
2017-10-07,3,3,3,-0700,iso,lojban/2017_10/2017_10_07.txt,,,,1
2017-10-08,4,4,2,-0700,iso,lojban/2017_10/2017_10_08.txt,,,,1
2017-10-10,3,3,3,-0700,iso,lojban/2017_10/2017_10_10.txt,,,,1
2017-10-11,6,6,4,-0700,iso,lojban/2017_10/2017_10_11.txt,,,,1
2017-10-12,5,5,4,-0700,iso,lojban/2017_10/2017_10_12.txt,,,,1
2017-10-13,9,9,2,-0700,iso,lojban/2017_10/2017_10_13.txt,,,,1
2017-10-14,88,88,10,-0700,iso,lojban/2017_10/2017_10_14.txt,,,,1
2017-10-15,18,18,5,-0700,iso,lojban/2017_10/2017_10_15.txt,,,,1
2017-10-16,9,9,5,-0700,iso,lojban/2017_10/2017_10_16.txt,,,,1
2017-10-17,10,10,4,-0700,iso,lojban/2017_10/2017_10_17.txt,,,,1
2017-10-18,3,3,2,-0700,iso,lojban/2017_10/2017_10_18.txt,,,,1
2017-10-19,33,33,7,-0700,iso,lojban/2017_10/2017_10_19.txt,,,,1
2017-10-20,6,6,4,-0700,iso,lojban/2017_10/2017_10_20.txt,,,,1
2017-10-21,29,29,5,-0700,iso,lojban/2017_10/2017_10_21.txt,,,,1
2017-10-22,23,23,2,-0700,iso,lojban/2017_10/2017_10_22.txt,,,,1
2017-10-23,21,21,6,-0700,iso,lojban/2017_10/2017_10_23.txt,,,,1
2017-10-24,5,5,5,-0700,iso,lojban/2017_10/2017_10_24.txt,,,,1
2017-10-25,6,6,4,-0700,iso,lojban/2017_10/2017_10_25.txt,,,,1
2017-10-26,27,27,8,-0700,iso,lojban/2017_10/2017_10_26.txt,,,,1
2017-10-27,9,9,5,-0700,iso,lojban/2017_10/2017_10_27.txt,,,,1
2017-10-28,24,24,6,-0700,iso,lojban/2017_10/2017_10_28.txt,,,,1
2017-10-29,40,40,4,-0700,iso,lojban/2017_10/2017_10_29.txt,,,,1
2017-10-30,19,19,9,-0700,iso,lojban/2017_10/2017_10_30.txt,,,,1
2017-10-31,33,33,5,-0700,iso,lojban/2017_10/2017_10_31.txt,,,,1
2017-11-01,25,25,4,-0700,iso,lojban/2017_11/2017_11_01.txt,,,,1
2017-11-02,65,65,6,-0700,iso,lojban/2017_11/2017_11_02.txt,,,,1
2017-11-03,26,26,7,-0700,iso,lojban/2017_11/2017_11_03.txt,,,,1
2017-11-04,33,33,6,-0700,iso,lojban/2017_11/2017_11_04.txt,,,,1
2017-11-05,20,20,6,-0800,iso,lojban/2017_11/2017_11_05.txt,,,,1
2017-11-06,7,7,2,-0800,iso,lojban/2017_11/2017_11_06.txt,,,,1
2017-11-07,26,26,7,-0800,iso,lojban/2017_11/2017_11_07.txt,,,,1
2017-11-08,59,59,6,-0800,iso,lojban/2017_11/2017_11_08.txt,,,,1
2017-11-09,4,4,2,-0800,iso,lojban/2017_11/2017_11_09.txt,,,,1
2017-11-10,14,14,6,-0800,iso,lojban/2017_11/2017_11_10.txt,,,,1
2017-11-11,36,36,3,-0800,iso,lojban/2017_11/2017_11_11.txt,,,,1
2017-11-12,13,13,4,-0800,iso,lojban/2017_11/2017_11_12.txt,,,,1
2017-11-13,12,12,5,-0800,iso,lojban/2017_11/2017_11_13.txt,,,,1
2017-11-14,21,21,9,-0800,iso,lojban/2017_11/2017_11_14.txt,,,,1
2017-11-15,7,7,3,-0800,iso,lojban/2017_11/2017_11_15.txt,,,,1
2017-11-16,15,15,4,-0800,iso,lojban/2017_11/2017_11_16.txt,,,,1
2017-11-17,27,27,4,-0800,iso,lojban/2017_11/2017_11_17.txt,,,,1
2017-11-18,13,13,3,-0800,iso,lojban/2017_11/2017_11_18.txt,,,,1
2017-11-19,12,12,3,-0800,iso,lojban/2017_11/2017_11_19.txt,,,,1
2017-11-20,9,9,6,-0800,iso,lojban/2017_11/2017_11_20.txt,,,,1
2017-11-21,15,15,7,-0800,iso,lojban/2017_11/2017_11_21.txt,,,,1
2017-11-22,30,30,6,-0800,iso,lojban/2017_11/2017_11_22.txt,,,,1
2017-11-23,23,23,5,-0800,iso,lojban/2017_11/2017_11_23.txt,,,,1
2017-11-24,15,15,10,-0800,iso,lojban/2017_11/2017_11_24.txt,,,,1
2017-11-25,57,57,9,-0800,iso,lojban/2017_11/2017_11_25.txt,,,,1
2017-11-26,59,59,4,-0800,iso,lojban/2017_11/2017_11_26.txt,,,,1
2017-11-27,41,41,6,-0800,iso,lojban/2017_11/2017_11_27.txt,,,,1
2017-11-28,75,75,9,-0800,iso,lojban/2017_11/2017_11_28.txt,,,,1
2017-11-29,50,50,10,-0800,iso,lojban/2017_11/2017_11_29.txt,,,,1
2017-11-30,37,37,8,-0800,iso,lojban/2017_11/2017_11_30.txt,,,,1
2017-12-01,26,26,7,-0800,iso,lojban/2017_12/2017_12_01.txt,,,,1
2017-12-02,37,37,9,-0800,iso,lojban/2017_12/2017_12_02.txt,,,,1
2017-12-03,19,19,8,-0800,iso,lojban/2017_12/2017_12_03.txt,,,,1
2017-12-04,49,49,10,-0800,iso,lojban/2017_12/2017_12_04.txt,,,,1
2017-12-05,44,44,7,-0800,iso,lojban/2017_12/2017_12_05.txt,,,,1
2017-12-06,36,36,7,-0800,iso,lojban/2017_12/2017_12_06.txt,,,,1
2017-12-07,25,25,7,-0800,iso,lojban/2017_12/2017_12_07.txt,,,,1
2017-12-08,13,13,4,-0800,iso,lojban/2017_12/2017_12_08.txt,,,,1
2017-12-09,25,25,6,-0800,iso,lojban/2017_12/2017_12_09.txt,,,,1
2017-12-10,64,64,8,-0800,iso,lojban/2017_12/2017_12_10.txt,,,,1
2017-12-11,20,20,10,-0800,iso,lojban/2017_12/2017_12_11.txt,,,,1
2017-12-12,15,15,7,-0800,iso,lojban/2017_12/2017_12_12.txt,,,,1
2017-12-13,14,14,7,-0800,iso,lojban/2017_12/2017_12_13.txt,,,,1
2017-12-14,53,53,10,-0800,iso,lojban/2017_12/2017_12_14.txt,,,,1
2017-12-15,34,34,9,-0800,iso,lojban/2017_12/2017_12_15.txt,,,,1
2017-12-16,44,44,10,-0800,iso,lojban/2017_12/2017_12_16.txt,,,,1
2017-12-17,18,18,7,-0800,iso,lojban/2017_12/2017_12_17.txt,,,,1
2017-12-18,32,32,8,-0800,iso,lojban/2017_12/2017_12_18.txt,,,,1
2017-12-19,57,57,7,-0800,iso,lojban/2017_12/2017_12_19.txt,,,,1
2017-12-20,61,61,6,-0800,iso,lojban/2017_12/2017_12_20.txt,,,,1
2017-12-21,18,18,8,-0800,iso,lojban/2017_12/2017_12_21.txt,,,,1
2017-12-22,24,24,9,-0800,iso,lojban/2017_12/2017_12_22.txt,,,,1
2017-12-23,73,73,10,-0800,iso,lojban/2017_12/2017_12_23.txt,,,,1
2017-12-24,40,40,9,-0800,iso,lojban/2017_12/2017_12_24.txt,,,,1
2017-12-25,65,65,5,-0800,iso,lojban/2017_12/2017_12_25.txt,,,,1
2017-12-26,63,63,6,-0800,iso,lojban/2017_12/2017_12_26.txt,,,,1
2017-12-27,38,38,10,-0800,iso,lojban/2017_12/2017_12_27.txt,,,,1
2017-12-28,33,33,8,-0800,iso,lojban/2017_12/2017_12_28.txt,,,,1
2017-12-29,36,36,8,-0800,iso,lojban/2017_12/2017_12_29.txt,,,,1
2017-12-30,55,55,8,-0800,iso,lojban/2017_12/2017_12_30.txt,,,,1
2017-12-31,41,41,11,-0800,iso,lojban/2017_12/2017_12_31.txt,,,,1
2018-01-01,20,20,6,-0800,iso,lojban/2018_01/2018_01_01.txt,,,,1
2018-01-02,24,24,10,-0800,iso,lojban/2018_01/2018_01_02.txt,,,,1
2018-01-03,7,7,3,-0800,iso,lojban/2018_01/2018_01_03.txt,,,,1
2018-01-04,37,37,7,-0800,iso,lojban/2018_01/2018_01_04.txt,,,,1
2018-01-05,13,13,4,-0800,iso,lojban/2018_01/2018_01_05.txt,,,,1
2018-01-06,6,6,3,-0800,iso,lojban/2018_01/2018_01_06.txt,,,,1
2018-01-07,5,5,3,-0800,iso,lojban/2018_01/2018_01_07.txt,,,,1
2018-01-08,41,41,8,-0800,iso,lojban/2018_01/2018_01_08.txt,,,,1
2018-01-09,27,27,8,-0800,iso,lojban/2018_01/2018_01_09.txt,,,,1
2018-01-10,27,27,4,-0800,iso,lojban/2018_01/2018_01_10.txt,,,,1
2018-01-11,33,33,7,-0800,iso,lojban/2018_01/2018_01_11.txt,,,,1
2018-01-12,44,44,8,-0800,iso,lojban/2018_01/2018_01_12.txt,,,,1
2018-01-13,10,10,4,-0800,iso,lojban/2018_01/2018_01_13.txt,,,,1
2018-01-14,14,14,7,-0800,iso,lojban/2018_01/2018_01_14.txt,,,,1
2018-01-15,32,32,3,-0800,iso,lojban/2018_01/2018_01_15.txt,,,,1
2018-01-16,24,24,6,-0800,iso,lojban/2018_01/2018_01_16.txt,,,,1
2018-01-17,19,19,6,-0800,iso,lojban/2018_01/2018_01_17.txt,,,,1
2018-01-18,11,11,4,-0800,iso,lojban/2018_01/2018_01_18.txt,,,,1
2018-01-19,15,15,5,-0800,iso,lojban/2018_01/2018_01_19.txt,,,,1
2018-01-20,43,43,8,-0800,iso,lojban/2018_01/2018_01_20.txt,,,,1
2018-01-21,25,25,3,-0800,iso,lojban/2018_01/2018_01_21.txt,,,,1
2018-01-22,38,38,4,-0800,iso,lojban/2018_01/2018_01_22.txt,,,,1
2018-01-23,2,2,1,-0800,iso,lojban/2018_01/2018_01_23.txt,,,,1
2018-01-24,11,11,5,-0800,iso,lojban/2018_01/2018_01_24.txt,,,,1
2018-01-25,29,29,8,-0800,iso,lojban/2018_01/2018_01_25.txt,,,,1
2018-01-26,3,3,1,-0800,iso,lojban/2018_01/2018_01_26.txt,,,,1
2018-01-27,74,74,7,-0800,iso,lojban/2018_01/2018_01_27.txt,,,,1
2018-01-28,7,7,3,-0800,iso,lojban/2018_01/2018_01_28.txt,,,,1
2018-01-29,66,66,12,-0800,iso,lojban/2018_01/2018_01_29.txt,,,,1
2018-01-30,18,18,9,-0800,iso,lojban/2018_01/2018_01_30.txt,,,,1
2018-01-31,25,25,10,-0800,iso,lojban/2018_01/2018_01_31.txt,,,,1
2018-02-01,29,29,9,-0800,iso,lojban/2018_02/2018_02_01.txt,,,,1
2018-02-02,11,11,6,-0800,iso,lojban/2018_02/2018_02_02.txt,,,,1
2018-02-03,99,99,8,-0800,iso,lojban/2018_02/2018_02_03.txt,,,,1
2018-02-04,40,40,11,-0800,iso,lojban/2018_02/2018_02_04.txt,,,,1
2018-02-05,13,13,6,-0800,iso,lojban/2018_02/2018_02_05.txt,,,,1
2018-02-06,64,64,7,-0800,iso,lojban/2018_02/2018_02_06.txt,,,,1
2018-02-07,63,63,11,-0800,iso,lojban/2018_02/2018_02_07.txt,,,,1
2018-02-08,4,4,3,-0800,iso,lojban/2018_02/2018_02_08.txt,,,,1
2018-02-09,36,36,4,-0800,iso,lojban/2018_02/2018_02_09.txt,,,,1
2018-02-10,17,17,3,-0800,iso,lojban/2018_02/2018_02_10.txt,,,,1
2018-02-11,10,10,6,-0800,iso,lojban/2018_02/2018_02_11.txt,,,,1
2018-02-12,16,16,5,-0800,iso,lojban/2018_02/2018_02_12.txt,,,,1
2018-02-13,2,2,2,-0800,iso,lojban/2018_02/2018_02_13.txt,,,,1
2018-02-14,13,13,7,-0800,iso,lojban/2018_02/2018_02_14.txt,,,,1
2018-02-15,32,32,8,-0800,iso,lojban/2018_02/2018_02_15.txt,,,,1
2018-02-16,12,12,5,-0800,iso,lojban/2018_02/2018_02_16.txt,,,,1
2018-02-17,40,40,6,-0800,iso,lojban/2018_02/2018_02_17.txt,,,,1
2018-02-18,25,25,6,-0800,iso,lojban/2018_02/2018_02_18.txt,,,,1
2018-02-19,17,17,7,-0800,iso,lojban/2018_02/2018_02_19.txt,,,,1
2018-02-20,10,10,3,-0800,iso,lojban/2018_02/2018_02_20.txt,,,,1
2018-02-21,26,26,5,-0800,iso,lojban/2018_02/2018_02_21.txt,,,,1
2018-02-22,15,15,7,-0800,iso,lojban/2018_02/2018_02_22.txt,,,,1
2018-02-23,15,15,6,-0800,iso,lojban/2018_02/2018_02_23.txt,,,,1
2018-02-24,17,17,4,-0800,iso,lojban/2018_02/2018_02_24.txt,,,,1
2018-02-25,7,7,4,-0800,iso,lojban/2018_02/2018_02_25.txt,,,,1
2018-02-26,31,31,6,-0800,iso,lojban/2018_02/2018_02_26.txt,,,,1
2018-02-27,25,25,7,-0800,iso,lojban/2018_02/2018_02_27.txt,,,,1
2018-02-28,6,6,4,-0800,iso,lojban/2018_02/2018_02_28.txt,,,,1
2018-03-01,68,68,6,-0800,iso,lojban/2018_03/2018_03_01.txt,,,,1
2018-03-02,9,9,4,-0800,iso,lojban/2018_03/2018_03_02.txt,,,,1
2018-03-03,5,5,2,-0800,iso,lojban/2018_03/2018_03_03.txt,,,,1
2018-03-04,7,7,5,-0800,iso,lojban/2018_03/2018_03_04.txt,,,,1
2018-03-05,44,44,5,-0800,iso,lojban/2018_03/2018_03_05.txt,,,,1
2018-03-06,10,10,4,-0800,iso,lojban/2018_03/2018_03_06.txt,,,,1
2018-03-07,7,7,4,-0800,iso,lojban/2018_03/2018_03_07.txt,,,,1
2018-03-08,54,54,5,-0800,iso,lojban/2018_03/2018_03_08.txt,,,,1
2018-03-09,26,26,4,-0800,iso,lojban/2018_03/2018_03_09.txt,,,,1
2018-03-10,10,10,5,-0800,iso,lojban/2018_03/2018_03_10.txt,,,,1
2018-03-11,16,16,5,-0700,iso,lojban/2018_03/2018_03_11.txt,,,,1
2018-03-12,29,29,7,-0700,iso,lojban/2018_03/2018_03_12.txt,,,,1
2018-03-13,2,2,2,-0700,iso,lojban/2018_03/2018_03_13.txt,,,,1
2018-03-14,38,38,10,-0700,iso,lojban/2018_03/2018_03_14.txt,,,,1
2018-03-15,8,8,4,-0700,iso,lojban/2018_03/2018_03_15.txt,,,,1
2018-03-16,5,5,4,-0700,iso,lojban/2018_03/2018_03_16.txt,,,,1
2018-03-17,2,2,1,-0700,iso,lojban/2018_03/2018_03_17.txt,,,,1
2018-03-18,36,36,5,-0700,iso,lojban/2018_03/2018_03_18.txt,,,,1
2018-03-19,72,72,11,-0700,iso,lojban/2018_03/2018_03_19.txt,,,,1
2018-03-20,23,23,7,-0700,iso,lojban/2018_03/2018_03_20.txt,,,,1
2018-03-21,3,3,2,-0700,iso,lojban/2018_03/2018_03_21.txt,,,,1
2018-03-22,13,13,6,-0700,iso,lojban/2018_03/2018_03_22.txt,,,,1
2018-03-23,4,4,3,-0700,iso,lojban/2018_03/2018_03_23.txt,,,,1
2018-03-24,15,15,5,-0700,iso,lojban/2018_03/2018_03_24.txt,,,,1
2018-03-25,11,11,3,-0700,iso,lojban/2018_03/2018_03_25.txt,,,,1
2018-03-26,41,41,6,-0700,iso,lojban/2018_03/2018_03_26.txt,,,,1
2018-03-27,24,24,6,-0700,iso,lojban/2018_03/2018_03_27.txt,,,,1
2018-03-28,28,28,6,-0700,iso,lojban/2018_03/2018_03_28.txt,,,,1
2018-03-29,3,3,2,-0700,iso,lojban/2018_03/2018_03_29.txt,,,,1
2018-03-30,47,47,10,-0700,iso,lojban/2018_03/2018_03_30.txt,,,,1
2018-03-31,24,24,6,-0700,iso,lojban/2018_03/2018_03_31.txt,,,,1
2018-04-01,25,25,6,-0700,iso,lojban/2018_04/2018_04_01.txt,,,,1
2018-04-02,14,14,7,-0700,iso,lojban/2018_04/2018_04_02.txt,,,,1
2018-04-03,15,15,7,-0700,iso,lojban/2018_04/2018_04_03.txt,,,,1
2018-04-04,55,55,11,-0700,iso,lojban/2018_04/2018_04_04.txt,,,,1
2018-04-05,31,31,9,-0700,iso,lojban/2018_04/2018_04_05.txt,,,,1
2018-04-06,39,39,7,-0700,iso,lojban/2018_04/2018_04_06.txt,,,,1
2018-04-07,32,32,7,-0700,iso,lojban/2018_04/2018_04_07.txt,,,,1
2018-04-08,49,49,5,-0700,iso,lojban/2018_04/2018_04_08.txt,,,,1
2018-04-09,22,22,4,-0700,iso,lojban/2018_04/2018_04_09.txt,,,,1
2018-04-10,76,76,10,-0700,iso,lojban/2018_04/2018_04_10.txt,,,,1
2018-04-11,54,54,7,-0700,iso,lojban/2018_04/2018_04_11.txt,,,,1
2018-04-12,167,167,7,-0700,iso,lojban/2018_04/2018_04_12.txt,,,,1
2018-04-13,63,63,7,-0700,iso,lojban/2018_04/2018_04_13.txt,,,,1
2018-04-14,85,85,6,-0700,iso,lojban/2018_04/2018_04_14.txt,,,,1
2018-04-15,46,46,6,-0700,iso,lojban/2018_04/2018_04_15.txt,,,,1
2018-04-16,93,93,6,-0700,iso,lojban/2018_04/2018_04_16.txt,,,,1
2018-04-17,40,40,10,-0700,iso,lojban/2018_04/2018_04_17.txt,,,,1
2018-04-18,67,67,7,-0700,iso,lojban/2018_04/2018_04_18.txt,,,,1
2018-04-19,111,111,10,-0700,iso,lojban/2018_04/2018_04_19.txt,,,,1
2018-04-20,357,357,6,-0700,iso,lojban/2018_04/2018_04_20.txt,,,,1
2018-04-21,43,43,5,-0700,iso,lojban/2018_04/2018_04_21.txt,,,,1
2018-04-22,50,50,11,-0700,iso,lojban/2018_04/2018_04_22.txt,,,,1
2018-04-23,63,63,10,-0700,iso,lojban/2018_04/2018_04_23.txt,,,,1
2018-04-24,163,163,9,-0700,iso,lojban/2018_04/2018_04_24.txt,,,,1
2018-04-25,34,34,5,-0700,iso,lojban/2018_04/2018_04_25.txt,,,,1
2018-04-26,20,20,3,-0700,iso,lojban/2018_04/2018_04_26.txt,,,,1
2018-04-27,25,25,7,-0700,iso,lojban/2018_04/2018_04_27.txt,,,,1
2018-04-28,34,34,5,-0700,iso,lojban/2018_04/2018_04_28.txt,,,,1
2018-04-29,90,90,4,-0700,iso,lojban/2018_04/2018_04_29.txt,,,,1
2018-04-30,9,9,4,-0700,iso,lojban/2018_04/2018_04_30.txt,,,,1
2018-05-01,38,38,9,-0700,iso,lojban/2018_05/2018_05_01.txt,,,,1
2018-05-02,25,25,3,-0700,iso,lojban/2018_05/2018_05_02.txt,,,,1
2018-05-03,73,73,7,-0700,iso,lojban/2018_05/2018_05_03.txt,,,,1
2018-05-04,113,113,7,-0700,iso,lojban/2018_05/2018_05_04.txt,,,,1
2018-05-05,98,98,5,-0700,iso,lojban/2018_05/2018_05_05.txt,,,,1
2018-05-06,70,70,5,-0700,iso,lojban/2018_05/2018_05_06.txt,,,,1
2018-05-07,90,90,5,-0700,iso,lojban/2018_05/2018_05_07.txt,,,,1
2018-05-08,208,208,4,-0700,iso,lojban/2018_05/2018_05_08.txt,,,,1
2018-05-09,39,39,5,-0700,iso,lojban/2018_05/2018_05_09.txt,,,,1
2018-05-10,87,87,7,-0700,iso,lojban/2018_05/2018_05_10.txt,,,,1
2018-05-11,41,41,4,-0700,iso,lojban/2018_05/2018_05_11.txt,,,,1
2018-05-12,103,103,7,-0700,iso,lojban/2018_05/2018_05_12.txt,,,,1
2018-05-13,19,19,6,-0700,iso,lojban/2018_05/2018_05_13.txt,,,,1
2018-05-14,90,90,5,-0700,iso,lojban/2018_05/2018_05_14.txt,,,,1
2018-05-15,34,34,6,-0700,iso,lojban/2018_05/2018_05_15.txt,,,,1
2018-05-16,25,25,4,-0700,iso,lojban/2018_05/2018_05_16.txt,,,,1
2018-05-17,135,135,8,-0700,iso,lojban/2018_05/2018_05_17.txt,,,,1
2018-05-18,64,64,5,-0700,iso,lojban/2018_05/2018_05_18.txt,,,,1
2018-05-19,28,28,4,-0700,iso,lojban/2018_05/2018_05_19.txt,,,,1
2018-05-20,21,21,9,-0700,iso,lojban/2018_05/2018_05_20.txt,,,,1
2018-05-21,62,62,2,-0700,iso,lojban/2018_05/2018_05_21.txt,,,,1
2018-05-22,77,77,6,-0700,iso,lojban/2018_05/2018_05_22.txt,,,,1
2018-05-23,36,36,7,-0700,iso,lojban/2018_05/2018_05_23.txt,,,,1
2018-05-24,40,40,7,-0700,iso,lojban/2018_05/2018_05_24.txt,,,,1
2018-05-25,40,40,5,-0700,iso,lojban/2018_05/2018_05_25.txt,,,,1
2018-05-26,176,176,10,-0700,iso,lojban/2018_05/2018_05_26.txt,,,,1
2018-05-27,188,188,6,-0700,iso,lojban/2018_05/2018_05_27.txt,,,,1
2018-05-28,105,105,5,-0700,iso,lojban/2018_05/2018_05_28.txt,,,,1
2018-05-29,69,69,9,-0700,iso,lojban/2018_05/2018_05_29.txt,,,,1
2018-05-30,101,101,7,-0700,iso,lojban/2018_05/2018_05_30.txt,,,,1
2018-05-31,140,140,11,-0700,iso,lojban/2018_05/2018_05_31.txt,,,,1
2018-06-01,63,63,5,-0700,iso,lojban/2018_06/2018_06_01.txt,,,,1
2018-06-02,48,48,5,-0700,iso,lojban/2018_06/2018_06_02.txt,,,,1
2018-06-03,31,31,7,-0700,iso,lojban/2018_06/2018_06_03.txt,,,,1
2018-06-04,34,34,9,-0700,iso,lojban/2018_06/2018_06_04.txt,,,,1
2018-06-05,27,27,7,-0700,iso,lojban/2018_06/2018_06_05.txt,,,,1
2018-06-06,26,26,6,-0700,iso,lojban/2018_06/2018_06_06.txt,,,,1
2018-06-07,43,43,9,-0700,iso,lojban/2018_06/2018_06_07.txt,,,,1
2018-06-08,54,54,9,-0700,iso,lojban/2018_06/2018_06_08.txt,,,,1
2018-06-09,126,126,7,-0700,iso,lojban/2018_06/2018_06_09.txt,,,,1
2018-06-10,192,192,8,-0700,iso,lojban/2018_06/2018_06_10.txt,,,,1
2018-06-11,4,4,3,-0700,iso,lojban/2018_06/2018_06_11.txt,,,,1
2018-06-12,47,47,9,-0700,iso,lojban/2018_06/2018_06_12.txt,,,,1
2018-06-13,12,12,3,-0700,iso,lojban/2018_06/2018_06_13.txt,,,,1
2018-06-14,34,34,9,-0700,iso,lojban/2018_06/2018_06_14.txt,,,,1
2018-06-15,6,6,4,-0700,iso,lojban/2018_06/2018_06_15.txt,,,,1
2018-06-16,42,42,5,-0700,iso,lojban/2018_06/2018_06_16.txt,,,,1
2018-06-17,23,23,5,-0700,iso,lojban/2018_06/2018_06_17.txt,,,,1
2018-06-18,2,2,2,-0700,iso,lojban/2018_06/2018_06_18.txt,,,,1
2018-06-19,3,3,2,-0700,iso,lojban/2018_06/2018_06_19.txt,,,,1
2018-06-20,75,75,6,-0700,iso,lojban/2018_06/2018_06_20.txt,,,,1
2018-06-21,63,63,8,-0700,iso,lojban/2018_06/2018_06_21.txt,,,,1
2018-06-22,80,80,7,-0700,iso,lojban/2018_06/2018_06_22.txt,,,,1
2018-06-23,13,13,4,-0700,iso,lojban/2018_06/2018_06_23.txt,,,,1
2018-06-24,26,26,9,-0700,iso,lojban/2018_06/2018_06_24.txt,,,,1
2018-06-25,2,2,2,-0700,iso,lojban/2018_06/2018_06_25.txt,,,,1
2018-06-26,13,13,5,-0700,iso,lojban/2018_06/2018_06_26.txt,,,,1
2018-06-27,28,28,10,-0700,iso,lojban/2018_06/2018_06_27.txt,,,,1
2018-06-28,41,41,11,-0700,iso,lojban/2018_06/2018_06_28.txt,,,,1
2018-06-29,62,62,8,-0700,iso,lojban/2018_06/2018_06_29.txt,,,,1
2018-06-30,8,8,4,-0700,iso,lojban/2018_06/2018_06_30.txt,,,,1
2018-07-01,15,15,5,-0700,iso,lojban/2018_07/2018_07_01.txt,,,,1
2018-07-02,35,35,7,-0700,iso,lojban/2018_07/2018_07_02.txt,,,,1
2018-07-03,12,12,5,-0700,iso,lojban/2018_07/2018_07_03.txt,,,,1
2018-07-04,18,18,6,-0700,iso,lojban/2018_07/2018_07_04.txt,,,,1
2018-07-05,37,37,8,-0700,iso,lojban/2018_07/2018_07_05.txt,,,,1
2018-07-06,15,15,9,-0700,iso,lojban/2018_07/2018_07_06.txt,,,,1
2018-07-07,26,26,5,-0700,iso,lojban/2018_07/2018_07_07.txt,,,,1
2018-07-08,10,10,6,-0700,iso,lojban/2018_07/2018_07_08.txt,,,,1
2018-07-09,12,12,7,-0700,iso,lojban/2018_07/2018_07_09.txt,,,,1
2018-07-10,30,30,8,-0700,iso,lojban/2018_07/2018_07_10.txt,,,,1
2018-07-11,41,41,8,-0700,iso,lojban/2018_07/2018_07_11.txt,,,,1
2018-07-12,38,38,8,-0700,iso,lojban/2018_07/2018_07_12.txt,,,,1
2018-07-13,103,103,7,-0700,iso,lojban/2018_07/2018_07_13.txt,,,,1
2018-07-14,45,45,8,-0700,iso,lojban/2018_07/2018_07_14.txt,,,,1
2018-07-15,49,49,4,-0700,iso,lojban/2018_07/2018_07_15.txt,,,,1
2018-07-16,5,5,5,-0700,iso,lojban/2018_07/2018_07_16.txt,,,,1
2018-07-17,86,86,7,-0700,iso,lojban/2018_07/2018_07_17.txt,,,,1
2018-07-18,64,64,10,-0700,iso,lojban/2018_07/2018_07_18.txt,,,,1
2018-07-19,40,40,8,-0700,iso,lojban/2018_07/2018_07_19.txt,,,,1
2018-07-20,20,20,6,-0700,iso,lojban/2018_07/2018_07_20.txt,,,,1
2018-07-21,16,16,4,-0700,iso,lojban/2018_07/2018_07_21.txt,,,,1
2018-07-22,40,40,10,-0700,iso,lojban/2018_07/2018_07_22.txt,,,,1
2018-07-23,63,63,12,-0700,iso,lojban/2018_07/2018_07_23.txt,,,,1
2018-07-24,2,2,1,-0700,iso,lojban/2018_07/2018_07_24.txt,,,,1
2018-07-25,55,55,9,-0700,iso,lojban/2018_07/2018_07_25.txt,,,,1
2018-07-26,9,9,5,-0700,iso,lojban/2018_07/2018_07_26.txt,,,,1
2018-07-27,48,48,8,-0700,iso,lojban/2018_07/2018_07_27.txt,,,,1
2018-07-29,13,13,3,-0700,iso,lojban/2018_07/2018_07_29.txt,,,,1
2018-07-30,20,20,5,-0700,iso,lojban/2018_07/2018_07_30.txt,,,,1
2018-07-31,20,20,5,-0700,iso,lojban/2018_07/2018_07_31.txt,,,,1
2018-08-01,11,11,6,-0700,iso,lojban/2018_08/2018_08_01.txt,,,,1
2018-08-09,9,9,6,-0700,iso,lojban/2018_08/2018_08_09.txt,,,,1
2018-08-10,14,14,5,-0700,iso,lojban/2018_08/2018_08_10.txt,,,,1
2018-08-11,80,80,10,-0700,iso,lojban/2018_08/2018_08_11.txt,,,,1
2018-08-12,83,83,9,-0700,iso,lojban/2018_08/2018_08_12.txt,,,,1
2018-08-13,16,16,4,-0700,iso,lojban/2018_08/2018_08_13.txt,,,,1
2018-08-14,12,12,4,-0700,iso,lojban/2018_08/2018_08_14.txt,,,,1
2018-08-15,12,12,8,-0700,iso,lojban/2018_08/2018_08_15.txt,,,,1
2018-08-16,19,19,5,-0700,iso,lojban/2018_08/2018_08_16.txt,,,,1
2018-08-17,9,9,5,-0700,iso,lojban/2018_08/2018_08_17.txt,,,,1
2018-08-18,2,2,2,-0700,iso,lojban/2018_08/2018_08_18.txt,,,,1
2018-08-19,15,15,5,-0700,iso,lojban/2018_08/2018_08_19.txt,,,,1
2018-08-20,9,9,4,-0700,iso,lojban/2018_08/2018_08_20.txt,,,,1
2018-08-21,7,7,4,-0700,iso,lojban/2018_08/2018_08_21.txt,,,,1
2018-08-23,12,12,3,-0700,iso,lojban/2018_08/2018_08_23.txt,,,,1
2018-08-24,54,54,5,-0700,iso,lojban/2018_08/2018_08_24.txt,,,,1
2018-08-25,2,2,1,-0700,iso,lojban/2018_08/2018_08_25.txt,,,,1
2018-08-26,4,4,2,-0700,iso,lojban/2018_08/2018_08_26.txt,,,,1
2018-08-27,6,6,3,-0700,iso,lojban/2018_08/2018_08_27.txt,,,,1
2018-08-28,3,3,1,-0700,iso,lojban/2018_08/2018_08_28.txt,,,,1
2018-08-29,10,10,6,-0700,iso,lojban/2018_08/2018_08_29.txt,,,,1
2018-08-30,11,11,6,-0700,iso,lojban/2018_08/2018_08_30.txt,,,,1
2018-08-31,8,8,4,-0700,iso,lojban/2018_08/2018_08_31.txt,,,,1
2018-09-01,31,31,6,-0700,iso,lojban/2018_09/2018_09_01.txt,,,,1
2018-09-02,6,6,2,-0700,iso,lojban/2018_09/2018_09_02.txt,,,,1
2018-09-03,9,9,5,-0700,iso,lojban/2018_09/2018_09_03.txt,,,,1
2018-09-04,3,3,2,-0700,iso,lojban/2018_09/2018_09_04.txt,,,,1
2018-09-06,38,38,8,-0700,iso,lojban/2018_09/2018_09_06.txt,,,,1
2018-09-07,25,25,10,-0700,iso,lojban/2018_09/2018_09_07.txt,,,,1
2018-09-08,11,11,3,-0700,iso,lojban/2018_09/2018_09_08.txt,,,,1
2018-09-09,8,8,2,-0700,iso,lojban/2018_09/2018_09_09.txt,,,,1
2018-09-10,24,24,5,-0700,iso,lojban/2018_09/2018_09_10.txt,,,,1
2018-09-11,3,3,3,-0700,iso,lojban/2018_09/2018_09_11.txt,,,,1
2018-09-12,37,37,11,-0700,iso,lojban/2018_09/2018_09_12.txt,,,,1
2018-09-13,81,81,9,-0700,iso,lojban/2018_09/2018_09_13.txt,,,,1
2018-09-14,37,37,6,-0700,iso,lojban/2018_09/2018_09_14.txt,,,,1
2018-09-15,7,7,4,-0700,iso,lojban/2018_09/2018_09_15.txt,,,,1
2018-09-16,14,14,4,-0700,iso,lojban/2018_09/2018_09_16.txt,,,,1
2018-09-17,2,2,2,-0700,iso,lojban/2018_09/2018_09_17.txt,,,,1
2018-09-18,37,37,7,-0700,iso,lojban/2018_09/2018_09_18.txt,,,,1
2018-09-19,5,5,2,-0700,iso,lojban/2018_09/2018_09_19.txt,,,,1
2018-09-20,25,25,7,-0700,iso,lojban/2018_09/2018_09_20.txt,,,,1
2018-09-21,14,14,5,-0700,iso,lojban/2018_09/2018_09_21.txt,,,,1
2018-09-22,15,15,7,-0700,iso,lojban/2018_09/2018_09_22.txt,,,,1
2018-09-23,4,4,3,-0700,iso,lojban/2018_09/2018_09_23.txt,,,,1
2018-09-24,5,5,2,-0700,iso,lojban/2018_09/2018_09_24.txt,,,,1
2018-09-25,6,6,1,-0700,iso,lojban/2018_09/2018_09_25.txt,,,,1
2018-09-26,16,16,5,-0700,iso,lojban/2018_09/2018_09_26.txt,,,,1
2018-09-27,6,6,4,-0700,iso,lojban/2018_09/2018_09_27.txt,,,,1
2018-09-28,18,18,10,-0700,iso,lojban/2018_09/2018_09_28.txt,,,,1
2018-09-30,3,3,1,-0700,iso,lojban/2018_09/2018_09_30.txt,,,,1
2018-10-01,31,31,6,-0700,iso,lojban/2018_10/2018_10_01.txt,,,,1
2018-10-02,1,1,1,-0700,iso,lojban/2018_10/2018_10_02.txt,,,,1
2018-10-03,15,15,4,-0700,iso,lojban/2018_10/2018_10_03.txt,,,,1
2018-10-04,6,6,4,-0700,iso,lojban/2018_10/2018_10_04.txt,,,,1
2018-10-05,6,6,3,-0700,iso,lojban/2018_10/2018_10_05.txt,,,,1
2018-10-06,6,6,6,-0700,iso,lojban/2018_10/2018_10_06.txt,,,,1
2018-10-07,15,15,6,-0700,iso,lojban/2018_10/2018_10_07.txt,,,,1
2018-10-08,4,4,2,-0700,iso,lojban/2018_10/2018_10_08.txt,,,,1
2018-10-09,12,12,4,-0700,iso,lojban/2018_10/2018_10_09.txt,,,,1
2018-10-10,5,5,2,-0700,iso,lojban/2018_10/2018_10_10.txt,,,,1
2018-10-11,5,5,2,-0700,iso,lojban/2018_10/2018_10_11.txt,,,,1
2018-10-12,57,57,10,-0700,iso,lojban/2018_10/2018_10_12.txt,,,,1
2018-10-13,9,9,5,-0700,iso,lojban/2018_10/2018_10_13.txt,,,,1
2018-10-14,70,70,10,-0700,iso,lojban/2018_10/2018_10_14.txt,,,,1
2018-10-15,14,14,5,-0700,iso,lojban/2018_10/2018_10_15.txt,,,,1
2018-10-16,19,19,6,-0700,iso,lojban/2018_10/2018_10_16.txt,,,,1
2018-10-17,4,4,2,-0700,iso,lojban/2018_10/2018_10_17.txt,,,,1
2018-10-18,4,4,3,-0700,iso,lojban/2018_10/2018_10_18.txt,,,,1
2018-10-19,14,14,5,-0700,iso,lojban/2018_10/2018_10_19.txt,,,,1
2018-10-20,23,23,5,-0700,iso,lojban/2018_10/2018_10_20.txt,,,,1
2018-10-22,17,17,4,-0700,iso,lojban/2018_10/2018_10_22.txt,,,,1
2018-10-23,12,12,5,-0700,iso,lojban/2018_10/2018_10_23.txt,,,,1
2018-10-24,36,36,7,-0700,iso,lojban/2018_10/2018_10_24.txt,,,,1
2018-10-25,28,28,8,-0700,iso,lojban/2018_10/2018_10_25.txt,,,,1
2018-10-26,11,11,5,-0700,iso,lojban/2018_10/2018_10_26.txt,,,,1
2018-10-27,11,11,6,-0700,iso,lojban/2018_10/2018_10_27.txt,,,,1
2018-10-28,23,23,6,-0700,iso,lojban/2018_10/2018_10_28.txt,,,,1
2018-10-29,22,22,7,-0700,iso,lojban/2018_10/2018_10_29.txt,,,,1
2018-10-30,22,22,7,-0700,iso,lojban/2018_10/2018_10_30.txt,,,,1
2018-10-31,10,10,5,-0700,iso,lojban/2018_10/2018_10_31.txt,,,,1
2018-11-01,14,14,5,-0700,iso,lojban/2018_11/2018_11_01.txt,,,,1
2018-11-02,21,21,7,-0700,iso,lojban/2018_11/2018_11_02.txt,,,,1
2018-11-03,2,2,2,-0700,iso,lojban/2018_11/2018_11_03.txt,,,,1
2018-11-04,23,23,6,-0800,iso,lojban/2018_11/2018_11_04.txt,,,,1
2018-11-05,10,10,4,-0800,iso,lojban/2018_11/2018_11_05.txt,,,,1
2018-11-06,24,24,4,-0800,iso,lojban/2018_11/2018_11_06.txt,,,,1
2018-11-07,17,17,4,-0800,iso,lojban/2018_11/2018_11_07.txt,,,,1
2018-11-08,51,51,6,-0800,iso,lojban/2018_11/2018_11_08.txt,,,,1
2018-11-09,4,4,2,-0800,iso,lojban/2018_11/2018_11_09.txt,,,,1
2018-11-10,33,33,8,-0800,iso,lojban/2018_11/2018_11_10.txt,,,,1
2018-11-11,1,1,1,-0800,iso,lojban/2018_11/2018_11_11.txt,,,,1
2018-11-12,8,8,3,-0800,iso,lojban/2018_11/2018_11_12.txt,,,,1
2018-11-13,4,4,4,-0800,iso,lojban/2018_11/2018_11_13.txt,,,,1
2018-11-14,2,2,1,-0800,iso,lojban/2018_11/2018_11_14.txt,,,,1
2018-11-15,5,5,2,-0800,iso,lojban/2018_11/2018_11_15.txt,,,,1
2018-11-16,15,15,4,-0800,iso,lojban/2018_11/2018_11_16.txt,,,,1
2018-11-17,20,20,5,-0800,iso,lojban/2018_11/2018_11_17.txt,,,,1
2018-11-19,43,43,6,-0800,iso,lojban/2018_11/2018_11_19.txt,,,,1
2018-11-20,81,81,8,-0800,iso,lojban/2018_11/2018_11_20.txt,,,,1
2018-11-21,64,64,5,-0800,iso,lojban/2018_11/2018_11_21.txt,,,,1
2018-11-22,6,6,3,-0800,iso,lojban/2018_11/2018_11_22.txt,,,,1
2018-11-23,16,16,7,-0800,iso,lojban/2018_11/2018_11_23.txt,,,,1
2018-11-24,6,6,3,-0800,iso,lojban/2018_11/2018_11_24.txt,,,,1
2018-11-25,12,12,4,-0800,iso,lojban/2018_11/2018_11_25.txt,,,,1
2018-11-26,9,9,2,-0800,iso,lojban/2018_11/2018_11_26.txt,,,,1
2018-11-27,16,16,4,-0800,iso,lojban/2018_11/2018_11_27.txt,,,,1
2018-11-28,20,20,6,-0800,iso,lojban/2018_11/2018_11_28.txt,,,,1
2018-11-29,23,23,7,-0800,iso,lojban/2018_11/2018_11_29.txt,,,,1
2018-11-30,21,21,4,-0800,iso,lojban/2018_11/2018_11_30.txt,,,,1
2018-12-01,17,17,4,-0800,iso,lojban/2018_12/2018_12_01.txt,,,,1
2018-12-02,3,3,2,-0800,iso,lojban/2018_12/2018_12_02.txt,,,,1
2018-12-03,8,8,4,-0800,iso,lojban/2018_12/2018_12_03.txt,,,,1
2018-12-04,7,7,3,-0800,iso,lojban/2018_12/2018_12_04.txt,,,,1
2018-12-05,59,59,6,-0800,iso,lojban/2018_12/2018_12_05.txt,,,,1
2018-12-06,5,5,3,-0800,iso,lojban/2018_12/2018_12_06.txt,,,,1
2018-12-07,3,3,2,-0800,iso,lojban/2018_12/2018_12_07.txt,,,,1
2018-12-08,25,25,6,-0800,iso,lojban/2018_12/2018_12_08.txt,,,,1
2018-12-09,3,3,2,-0800,iso,lojban/2018_12/2018_12_09.txt,,,,1
2018-12-10,17,17,4,-0800,iso,lojban/2018_12/2018_12_10.txt,,,,1
2018-12-11,10,10,3,-0800,iso,lojban/2018_12/2018_12_11.txt,,,,1
2018-12-12,11,11,4,-0800,iso,lojban/2018_12/2018_12_12.txt,,,,1
2018-12-13,16,16,4,-0800,iso,lojban/2018_12/2018_12_13.txt,,,,1
2018-12-14,24,24,6,-0800,iso,lojban/2018_12/2018_12_14.txt,,,,1
2018-12-15,2,2,2,-0800,iso,lojban/2018_12/2018_12_15.txt,,,,1
2018-12-16,7,7,4,-0800,iso,lojban/2018_12/2018_12_16.txt,,,,1
2018-12-17,9,9,5,-0800,iso,lojban/2018_12/2018_12_17.txt,,,,1
2018-12-18,29,29,5,-0800,iso,lojban/2018_12/2018_12_18.txt,,,,1
2018-12-19,1,1,1,-0800,iso,lojban/2018_12/2018_12_19.txt,,,,1
2018-12-20,1,1,1,-0800,iso,lojban/2018_12/2018_12_20.txt,,,,1
2018-12-21,24,24,6,-0800,iso,lojban/2018_12/2018_12_21.txt,,,,1
2018-12-22,3,3,1,-0800,iso,lojban/2018_12/2018_12_22.txt,,,,1
2018-12-23,18,18,6,-0800,iso,lojban/2018_12/2018_12_23.txt,,,,1
2018-12-24,15,15,5,-0800,iso,lojban/2018_12/2018_12_24.txt,,,,1
2018-12-25,22,22,5,-0800,iso,lojban/2018_12/2018_12_25.txt,,,,1
2018-12-26,5,5,3,-0800,iso,lojban/2018_12/2018_12_26.txt,,,,1
2018-12-28,9,9,5,-0800,iso,lojban/2018_12/2018_12_28.txt,,,,1
2018-12-29,18,18,4,-0800,iso,lojban/2018_12/2018_12_29.txt,,,,1
2018-12-30,18,18,6,-0800,iso,lojban/2018_12/2018_12_30.txt,,,,1
2018-12-31,99,99,5,-0800,iso,lojban/2018_12/2018_12_31.txt,,,,1
2019-01-01,70,70,7,-0800,iso,lojban/2019_01/2019_01_01.txt,,,,1
2019-01-02,7,7,3,-0800,iso,lojban/2019_01/2019_01_02.txt,,,,1
2019-01-03,72,72,7,-0800,iso,lojban/2019_01/2019_01_03.txt,,,,1
2019-01-04,22,22,7,-0800,iso,lojban/2019_01/2019_01_04.txt,,,,1
2019-01-05,29,29,8,-0800,iso,lojban/2019_01/2019_01_05.txt,,,,1
2019-01-06,99,99,7,-0800,iso,lojban/2019_01/2019_01_06.txt,,,,1
2019-01-07,8,8,4,-0800,iso,lojban/2019_01/2019_01_07.txt,,,,1
2019-01-08,60,60,6,-0800,iso,lojban/2019_01/2019_01_08.txt,,,,1
2019-01-09,35,35,4,-0800,iso,lojban/2019_01/2019_01_09.txt,,,,1
2019-01-11,6,6,3,-0800,iso,lojban/2019_01/2019_01_11.txt,,,,1
2019-01-12,5,5,4,-0800,iso,lojban/2019_01/2019_01_12.txt,,,,1
2019-01-13,47,47,4,-0800,iso,lojban/2019_01/2019_01_13.txt,,,,1
2019-01-14,4,4,3,-0800,iso,lojban/2019_01/2019_01_14.txt,,,,1
2019-01-15,5,5,4,-0800,iso,lojban/2019_01/2019_01_15.txt,,,,1
2019-01-17,30,30,6,-0800,iso,lojban/2019_01/2019_01_17.txt,,,,1
2019-01-18,36,36,7,-0800,iso,lojban/2019_01/2019_01_18.txt,,,,1
2019-01-19,1,1,1,-0800,iso,lojban/2019_01/2019_01_19.txt,,,,1
2019-01-20,12,12,5,-0800,iso,lojban/2019_01/2019_01_20.txt,,,,1
2019-01-21,10,10,4,-0800,iso,lojban/2019_01/2019_01_21.txt,,,,1
2019-01-22,19,19,5,-0800,iso,lojban/2019_01/2019_01_22.txt,,,,1
2019-01-23,7,7,5,-0800,iso,lojban/2019_01/2019_01_23.txt,,,,1
2019-01-24,3,3,2,-0800,iso,lojban/2019_01/2019_01_24.txt,,,,1
2019-01-25,3,3,3,-0800,iso,lojban/2019_01/2019_01_25.txt,,,,1
2019-01-26,7,7,4,-0800,iso,lojban/2019_01/2019_01_26.txt,,,,1
2019-01-27,27,27,7,-0800,iso,lojban/2019_01/2019_01_27.txt,,,,1
2019-01-28,20,20,6,-0800,iso,lojban/2019_01/2019_01_28.txt,,,,1
2019-01-29,10,10,3,-0800,iso,lojban/2019_01/2019_01_29.txt,,,,1
2019-01-30,9,9,2,-0800,iso,lojban/2019_01/2019_01_30.txt,,,,1
2019-01-31,24,24,3,-0800,iso,lojban/2019_01/2019_01_31.txt,,,,1
2019-02-02,1,1,1,-0800,iso,lojban/2019_02/2019_02_02.txt,,,,1
2019-02-03,29,29,5,-0800,iso,lojban/2019_02/2019_02_03.txt,,,,1
2019-02-05,10,10,5,-0800,iso,lojban/2019_02/2019_02_05.txt,,,,1
2019-02-06,8,8,2,-0800,iso,lojban/2019_02/2019_02_06.txt,,,,1
2019-02-07,19,19,5,-0800,iso,lojban/2019_02/2019_02_07.txt,,,,1
2019-02-08,23,23,8,-0800,iso,lojban/2019_02/2019_02_08.txt,,,,1
2019-02-09,1,1,1,-0800,iso,lojban/2019_02/2019_02_09.txt,,,,1
2019-02-10,22,22,5,-0800,iso,lojban/2019_02/2019_02_10.txt,,,,1
2019-02-11,8,8,5,-0800,iso,lojban/2019_02/2019_02_11.txt,,,,1
2019-02-12,1,1,1,-0800,iso,lojban/2019_02/2019_02_12.txt,,,,1
2019-02-14,2,2,2,-0800,iso,lojban/2019_02/2019_02_14.txt,,,,1
2019-02-15,3,3,2,-0800,iso,lojban/2019_02/2019_02_15.txt,,,,1
2019-02-16,21,21,3,-0800,iso,lojban/2019_02/2019_02_16.txt,,,,1
2019-02-17,1,1,1,-0800,iso,lojban/2019_02/2019_02_17.txt,,,,1
2019-02-18,11,11,3,-0800,iso,lojban/2019_02/2019_02_18.txt,,,,1
2019-02-19,1,1,1,-0800,iso,lojban/2019_02/2019_02_19.txt,,,,1
2019-02-20,13,13,4,-0800,iso,lojban/2019_02/2019_02_20.txt,,,,1
2019-02-21,2,2,2,-0800,iso,lojban/2019_02/2019_02_21.txt,,,,1
2019-02-22,6,6,5,-0800,iso,lojban/2019_02/2019_02_22.txt,,,,1
2019-02-24,5,5,2,-0800,iso,lojban/2019_02/2019_02_24.txt,,,,1
2019-02-26,4,4,3,-0800,iso,lojban/2019_02/2019_02_26.txt,,,,1
2019-02-28,8,8,4,-0800,iso,lojban/2019_02/2019_02_28.txt,,,,1
2019-03-01,7,7,1,-0800,iso,lojban/2019_03/2019_03_01.txt,,,,1
2019-03-02,1,1,1,-0800,iso,lojban/2019_03/2019_03_02.txt,,,,1
2019-03-03,12,12,2,-0800,iso,lojban/2019_03/2019_03_03.txt,,,,1
2019-03-07,8,8,3,-0800,iso,lojban/2019_03/2019_03_07.txt,,,,1
2019-03-08,9,9,5,-0800,iso,lojban/2019_03/2019_03_08.txt,,,,1
2019-03-09,8,8,4,-0800,iso,lojban/2019_03/2019_03_09.txt,,,,1
2019-03-11,7,7,4,-0700,iso,lojban/2019_03/2019_03_11.txt,,,,1
2019-03-12,8,8,5,-0700,iso,lojban/2019_03/2019_03_12.txt,,,,1
2019-03-13,7,7,5,-0700,iso,lojban/2019_03/2019_03_13.txt,,,,1
2019-03-14,3,3,2,-0700,iso,lojban/2019_03/2019_03_14.txt,,,,1
2019-03-15,2,2,2,-0700,iso,lojban/2019_03/2019_03_15.txt,,,,1
2019-03-16,6,6,6,-0700,iso,lojban/2019_03/2019_03_16.txt,,,,1
2019-03-17,4,4,3,-0700,iso,lojban/2019_03/2019_03_17.txt,,,,1
2019-03-18,6,6,3,-0700,iso,lojban/2019_03/2019_03_18.txt,,,,1
2019-03-19,9,9,3,-0700,iso,lojban/2019_03/2019_03_19.txt,,,,1
2019-03-20,5,5,3,-0700,iso,lojban/2019_03/2019_03_20.txt,,,,1
2019-03-21,9,9,4,-0700,iso,lojban/2019_03/2019_03_21.txt,,,,1
2019-03-22,11,11,7,-0700,iso,lojban/2019_03/2019_03_22.txt,,,,1
2019-03-23,2,2,1,-0700,iso,lojban/2019_03/2019_03_23.txt,,,,1
2019-03-24,47,47,7,-0700,iso,lojban/2019_03/2019_03_24.txt,,,,1
2019-03-25,5,5,1,-0700,iso,lojban/2019_03/2019_03_25.txt,,,,1
2019-03-27,11,11,4,-0700,iso,lojban/2019_03/2019_03_27.txt,,,,1
2019-03-28,5,5,4,-0700,iso,lojban/2019_03/2019_03_28.txt,,,,1
2019-03-29,8,8,5,-0700,iso,lojban/2019_03/2019_03_29.txt,,,,1
2019-03-30,11,11,8,-0700,iso,lojban/2019_03/2019_03_30.txt,,,,1
2019-03-31,35,35,8,-0700,iso,lojban/2019_03/2019_03_31.txt,,,,1
2019-04-01,5,5,4,-0700,iso,lojban/2019_04/2019_04_01.txt,,,,1
2019-04-02,10,10,7,-0700,iso,lojban/2019_04/2019_04_02.txt,,,,1
2019-04-03,17,17,8,-0700,iso,lojban/2019_04/2019_04_03.txt,,,,1
2019-04-04,11,11,5,-0700,iso,lojban/2019_04/2019_04_04.txt,,,,1
2019-04-05,72,72,14,-0700,iso,lojban/2019_04/2019_04_05.txt,,,,1
2019-04-06,32,32,7,-0700,iso,lojban/2019_04/2019_04_06.txt,,,,1
2019-04-07,17,17,6,-0700,iso,lojban/2019_04/2019_04_07.txt,,,,1
2019-04-08,24,24,9,-0700,iso,lojban/2019_04/2019_04_08.txt,,,,1
2019-04-09,15,15,6,-0700,iso,lojban/2019_04/2019_04_09.txt,,,,1
2019-04-10,21,21,7,-0700,iso,lojban/2019_04/2019_04_10.txt,,,,1
2019-04-11,2,2,2,-0700,iso,lojban/2019_04/2019_04_11.txt,,,,1
2019-04-13,11,11,3,-0700,iso,lojban/2019_04/2019_04_13.txt,,,,1
2019-04-14,5,5,5,-0700,iso,lojban/2019_04/2019_04_14.txt,,,,1
2019-04-15,23,23,9,-0700,iso,lojban/2019_04/2019_04_15.txt,,,,1
2019-04-16,19,19,9,-0700,iso,lojban/2019_04/2019_04_16.txt,,,,1
2019-04-17,23,23,4,-0700,iso,lojban/2019_04/2019_04_17.txt,,,,1
2019-04-18,10,10,3,-0700,iso,lojban/2019_04/2019_04_18.txt,,,,1
2019-04-19,5,5,5,-0700,iso,lojban/2019_04/2019_04_19.txt,,,,1
2019-04-20,78,78,10,-0700,iso,lojban/2019_04/2019_04_20.txt,,,,1
2019-04-21,11,11,7,-0700,iso,lojban/2019_04/2019_04_21.txt,,,,1
2019-04-22,30,30,9,-0700,iso,lojban/2019_04/2019_04_22.txt,,,,1
2019-04-23,23,23,7,-0700,iso,lojban/2019_04/2019_04_23.txt,,,,1
2019-04-24,8,8,2,-0700,iso,lojban/2019_04/2019_04_24.txt,,,,1
2019-04-25,12,12,5,-0700,iso,lojban/2019_04/2019_04_25.txt,,,,1
2019-04-26,13,13,3,-0700,iso,lojban/2019_04/2019_04_26.txt,,,,1
2019-04-27,2,2,2,-0700,iso,lojban/2019_04/2019_04_27.txt,,,,1
2019-04-28,6,6,4,-0700,iso,lojban/2019_04/2019_04_28.txt,,,,1
2019-04-30,1,1,1,-0700,iso,lojban/2019_04/2019_04_30.txt,,,,1
2019-05-01,33,33,11,-0700,iso,lojban/2019_05/2019_05_01.txt,,,,1
2019-05-02,39,39,11,-0700,iso,lojban/2019_05/2019_05_02.txt,,,,1
2019-05-03,14,14,6,-0700,iso,lojban/2019_05/2019_05_03.txt,,,,1
2019-05-04,18,18,5,-0700,iso,lojban/2019_05/2019_05_04.txt,,,,1
2019-05-05,4,4,3,-0700,iso,lojban/2019_05/2019_05_05.txt,,,,1
2019-05-06,10,10,4,-0700,iso,lojban/2019_05/2019_05_06.txt,,,,1
2019-05-07,49,49,9,-0700,iso,lojban/2019_05/2019_05_07.txt,,,,1
2019-05-08,3,3,3,-0700,iso,lojban/2019_05/2019_05_08.txt,,,,1
2019-05-09,7,7,5,-0700,iso,lojban/2019_05/2019_05_09.txt,,,,1
2019-05-10,16,16,7,-0700,iso,lojban/2019_05/2019_05_10.txt,,,,1
2019-05-11,39,39,8,-0700,iso,lojban/2019_05/2019_05_11.txt,,,,1
2019-05-12,8,8,4,-0700,iso,lojban/2019_05/2019_05_12.txt,,,,1
2019-05-13,11,11,4,-0700,iso,lojban/2019_05/2019_05_13.txt,,,,1
2019-05-14,20,20,7,-0700,iso,lojban/2019_05/2019_05_14.txt,,,,1
2019-05-15,7,7,3,-0700,iso,lojban/2019_05/2019_05_15.txt,,,,1
2019-05-16,5,5,4,-0700,iso,lojban/2019_05/2019_05_16.txt,,,,1
2019-05-17,1,1,1,-0700,iso,lojban/2019_05/2019_05_17.txt,,,,1
2019-05-18,4,4,3,-0700,iso,lojban/2019_05/2019_05_18.txt,,,,1
2019-05-19,16,16,6,-0700,iso,lojban/2019_05/2019_05_19.txt,,,,1
2019-05-20,4,4,3,-0700,iso,lojban/2019_05/2019_05_20.txt,,,,1
2019-05-21,9,9,4,-0700,iso,lojban/2019_05/2019_05_21.txt,,,,1
2019-05-22,2,2,1,-0700,iso,lojban/2019_05/2019_05_22.txt,,,,1
2019-05-23,12,12,5,-0700,iso,lojban/2019_05/2019_05_23.txt,,,,1
2019-05-25,2,2,2,-0700,iso,lojban/2019_05/2019_05_25.txt,,,,1
2019-05-27,6,6,3,-0700,iso,lojban/2019_05/2019_05_27.txt,,,,1
2019-05-28,2,2,2,-0700,iso,lojban/2019_05/2019_05_28.txt,,,,1
2019-05-29,20,20,4,-0700,iso,lojban/2019_05/2019_05_29.txt,,,,1
2019-05-30,9,9,4,-0700,iso,lojban/2019_05/2019_05_30.txt,,,,1
2019-05-31,9,9,4,-0700,iso,lojban/2019_05/2019_05_31.txt,,,,1
2019-06-01,13,13,7,-0700,iso,lojban/2019_06/2019_06_01.txt,,,,1
2019-06-02,19,19,7,-0700,iso,lojban/2019_06/2019_06_02.txt,,,,1
2019-06-03,5,5,3,-0700,iso,lojban/2019_06/2019_06_03.txt,,,,1
2019-06-04,1,1,1,-0700,iso,lojban/2019_06/2019_06_04.txt,,,,1
2019-06-05,24,24,5,-0700,iso,lojban/2019_06/2019_06_05.txt,,,,1
2019-06-06,7,7,5,-0700,iso,lojban/2019_06/2019_06_06.txt,,,,1
2019-06-07,14,14,3,-0700,iso,lojban/2019_06/2019_06_07.txt,,,,1
2019-06-08,1,1,1,-0700,iso,lojban/2019_06/2019_06_08.txt,,,,1
2019-06-09,6,6,4,-0700,iso,lojban/2019_06/2019_06_09.txt,,,,1
2019-06-10,7,7,3,-0700,iso,lojban/2019_06/2019_06_10.txt,,,,1
2019-06-11,36,36,7,-0700,iso,lojban/2019_06/2019_06_11.txt,,,,1
2019-06-12,37,37,10,-0700,iso,lojban/2019_06/2019_06_12.txt,,,,1
2019-06-13,40,40,6,-0700,iso,lojban/2019_06/2019_06_13.txt,,,,1
2019-06-14,65,65,5,-0700,iso,lojban/2019_06/2019_06_14.txt,,,,1
2019-06-15,15,15,7,-0700,iso,lojban/2019_06/2019_06_15.txt,,,,1
2019-06-16,31,31,8,-0700,iso,lojban/2019_06/2019_06_16.txt,,,,1
2019-06-17,8,8,5,-0700,iso,lojban/2019_06/2019_06_17.txt,,,,1
2019-06-18,5,5,4,-0700,iso,lojban/2019_06/2019_06_18.txt,,,,1
2019-06-19,26,26,6,-0700,iso,lojban/2019_06/2019_06_19.txt,,,,1
2019-06-20,102,102,9,-0700,iso,lojban/2019_06/2019_06_20.txt,,,,1
2019-06-21,198,198,10,-0700,iso,lojban/2019_06/2019_06_21.txt,,,,1
2019-06-22,9,9,3,-0700,iso,lojban/2019_06/2019_06_22.txt,,,,1
2019-06-23,5,5,3,-0700,iso,lojban/2019_06/2019_06_23.txt,,,,1
2019-06-24,108,108,8,-0700,iso,lojban/2019_06/2019_06_24.txt,,,,1
2019-06-25,9,9,2,-0700,iso,lojban/2019_06/2019_06_25.txt,,,,1
2019-06-26,38,38,6,-0700,iso,lojban/2019_06/2019_06_26.txt,,,,1
2019-06-27,12,12,4,-0700,iso,lojban/2019_06/2019_06_27.txt,,,,1
2019-06-28,38,38,6,-0700,iso,lojban/2019_06/2019_06_28.txt,,,,1
2019-06-29,3,3,2,-0700,iso,lojban/2019_06/2019_06_29.txt,,,,1
2019-06-30,12,12,4,-0700,iso,lojban/2019_06/2019_06_30.txt,,,,1
2019-07-01,13,13,4,-0700,iso,lojban/2019_07/2019_07_01.txt,,,,1
2019-07-02,104,104,12,-0700,iso,lojban/2019_07/2019_07_02.txt,,,,1
2019-07-03,17,17,7,-0700,iso,lojban/2019_07/2019_07_03.txt,,,,1
2019-07-06,3,3,3,-0700,iso,lojban/2019_07/2019_07_06.txt,,,,1
2019-07-07,5,5,5,-0700,iso,lojban/2019_07/2019_07_07.txt,,,,1
2019-07-08,10,10,6,-0700,iso,lojban/2019_07/2019_07_08.txt,,,,1
2019-07-09,87,87,8,-0700,iso,lojban/2019_07/2019_07_09.txt,,,,1
2019-07-10,8,8,4,-0700,iso,lojban/2019_07/2019_07_10.txt,,,,1
2019-07-11,41,41,5,-0700,iso,lojban/2019_07/2019_07_11.txt,,,,1
2019-07-12,32,32,9,-0700,iso,lojban/2019_07/2019_07_12.txt,,,,1
2019-07-13,6,6,4,-0700,iso,lojban/2019_07/2019_07_13.txt,,,,1
2019-07-14,5,5,3,-0700,iso,lojban/2019_07/2019_07_14.txt,,,,1
2019-07-15,9,9,5,-0700,iso,lojban/2019_07/2019_07_15.txt,,,,1
2019-07-16,50,50,7,-0700,iso,lojban/2019_07/2019_07_16.txt,,,,1
2019-07-17,28,28,11,-0700,iso,lojban/2019_07/2019_07_17.txt,,,,1
2019-07-18,4,4,4,-0700,iso,lojban/2019_07/2019_07_18.txt,,,,1
2019-07-19,15,15,6,-0700,iso,lojban/2019_07/2019_07_19.txt,,,,1
2019-07-20,1,1,1,-0700,iso,lojban/2019_07/2019_07_20.txt,,,,1
2019-07-21,12,12,4,-0700,iso,lojban/2019_07/2019_07_21.txt,,,,1
2019-07-22,35,35,7,-0700,iso,lojban/2019_07/2019_07_22.txt,,,,1
2019-07-23,26,26,6,-0700,iso,lojban/2019_07/2019_07_23.txt,,,,1
2019-07-24,56,56,13,-0700,iso,lojban/2019_07/2019_07_24.txt,,,,1
2019-07-25,47,47,10,-0700,iso,lojban/2019_07/2019_07_25.txt,,,,1
2019-07-26,25,25,6,-0700,iso,lojban/2019_07/2019_07_26.txt,,,,1
2019-07-27,1,1,1,-0700,iso,lojban/2019_07/2019_07_27.txt,,,,1
2019-07-28,2,2,2,-0700,iso,lojban/2019_07/2019_07_28.txt,,,,1
2019-07-29,8,8,5,-0700,iso,lojban/2019_07/2019_07_29.txt,,,,1
2019-07-30,15,15,7,-0700,iso,lojban/2019_07/2019_07_30.txt,,,,1
2019-07-31,2,2,2,-0700,iso,lojban/2019_07/2019_07_31.txt,,,,1
2019-08-01,9,9,4,-0700,iso,lojban/2019_08/2019_08_01.txt,,,,1
2019-08-02,5,5,3,-0700,iso,lojban/2019_08/2019_08_02.txt,,,,1
2019-08-03,9,9,3,-0700,iso,lojban/2019_08/2019_08_03.txt,,,,1
2019-08-04,19,19,8,-0700,iso,lojban/2019_08/2019_08_04.txt,,,,1
2019-08-05,80,80,10,-0700,iso,lojban/2019_08/2019_08_05.txt,,,,1
2019-08-06,70,70,13,-0700,iso,lojban/2019_08/2019_08_06.txt,,,,1
2019-08-07,15,15,4,-0700,iso,lojban/2019_08/2019_08_07.txt,,,,1
2019-08-08,60,60,12,-0700,iso,lojban/2019_08/2019_08_08.txt,,,,1
2019-08-09,24,24,11,-0700,iso,lojban/2019_08/2019_08_09.txt,,,,1
2019-08-10,152,152,10,-0700,iso,lojban/2019_08/2019_08_10.txt,,,,1
2019-08-11,18,18,5,-0700,iso,lojban/2019_08/2019_08_11.txt,,,,1
2019-08-12,32,32,11,-0700,iso,lojban/2019_08/2019_08_12.txt,,,,1
2019-08-13,15,15,4,-0700,iso,lojban/2019_08/2019_08_13.txt,,,,1
2019-08-14,17,17,9,-0700,iso,lojban/2019_08/2019_08_14.txt,,,,1
2019-08-15,10,10,6,-0700,iso,lojban/2019_08/2019_08_15.txt,,,,1
2019-08-16,18,18,6,-0700,iso,lojban/2019_08/2019_08_16.txt,,,,1
2019-08-17,31,31,5,-0700,iso,lojban/2019_08/2019_08_17.txt,,,,1
2019-08-18,15,15,6,-0700,iso,lojban/2019_08/2019_08_18.txt,,,,1
2019-08-19,15,15,6,-0700,iso,lojban/2019_08/2019_08_19.txt,,,,1
2019-08-20,13,13,5,-0700,iso,lojban/2019_08/2019_08_20.txt,,,,1
2019-08-21,26,26,4,-0700,iso,lojban/2019_08/2019_08_21.txt,,,,1
2019-08-22,13,13,4,-0700,iso,lojban/2019_08/2019_08_22.txt,,,,1
2019-08-23,18,18,6,-0700,iso,lojban/2019_08/2019_08_23.txt,,,,1
2019-08-24,10,10,4,-0700,iso,lojban/2019_08/2019_08_24.txt,,,,1
2019-08-25,13,13,5,-0700,iso,lojban/2019_08/2019_08_25.txt,,,,1
2019-08-26,5,5,3,-0700,iso,lojban/2019_08/2019_08_26.txt,,,,1
2019-08-27,7,7,5,-0700,iso,lojban/2019_08/2019_08_27.txt,,,,1
2019-08-28,29,29,7,-0700,iso,lojban/2019_08/2019_08_28.txt,,,,1
2019-08-29,15,15,5,-0700,iso,lojban/2019_08/2019_08_29.txt,,,,1
2019-08-30,15,15,7,-0700,iso,lojban/2019_08/2019_08_30.txt,,,,1
2019-08-31,85,85,9,-0700,iso,lojban/2019_08/2019_08_31.txt,,,,1
2019-09-01,9,9,5,-0700,iso,lojban/2019_09/2019_09_01.txt,,,,1
2019-09-02,6,6,4,-0700,iso,lojban/2019_09/2019_09_02.txt,,,,1
2019-09-03,41,41,17,-0700,iso,lojban/2019_09/2019_09_03.txt,,,,1
2019-09-04,11,11,4,-0700,iso,lojban/2019_09/2019_09_04.txt,,,,1
2019-09-05,6,6,6,-0700,iso,lojban/2019_09/2019_09_05.txt,,,,1
2019-09-06,9,9,4,-0700,iso,lojban/2019_09/2019_09_06.txt,,,,1
2019-09-07,27,27,9,-0700,iso,lojban/2019_09/2019_09_07.txt,,,,1
2019-09-08,27,27,10,-0700,iso,lojban/2019_09/2019_09_08.txt,,,,1
2019-09-09,53,53,15,-0700,iso,lojban/2019_09/2019_09_09.txt,,,,1
2019-09-10,48,48,11,-0700,iso,lojban/2019_09/2019_09_10.txt,,,,1
2019-09-11,10,10,4,-0700,iso,lojban/2019_09/2019_09_11.txt,,,,1
2019-09-12,30,30,10,-0700,iso,lojban/2019_09/2019_09_12.txt,,,,1
2019-09-13,26,26,4,-0700,iso,lojban/2019_09/2019_09_13.txt,,,,1
2019-09-14,15,15,5,-0700,iso,lojban/2019_09/2019_09_14.txt,,,,1
2019-09-15,3,3,2,-0700,iso,lojban/2019_09/2019_09_15.txt,,,,1
2019-09-16,45,45,11,-0700,iso,lojban/2019_09/2019_09_16.txt,,,,1
2019-09-17,5,5,3,-0700,iso,lojban/2019_09/2019_09_17.txt,,,,1
2019-09-18,23,23,7,-0700,iso,lojban/2019_09/2019_09_18.txt,,,,1
2019-09-19,49,49,9,-0700,iso,lojban/2019_09/2019_09_19.txt,,,,1
2019-09-20,16,16,7,-0700,iso,lojban/2019_09/2019_09_20.txt,,,,1
2019-09-21,12,12,4,-0700,iso,lojban/2019_09/2019_09_21.txt,,,,1
2019-09-22,16,16,4,-0700,iso,lojban/2019_09/2019_09_22.txt,,,,1
2019-09-23,34,34,7,-0700,iso,lojban/2019_09/2019_09_23.txt,,,,1
2019-09-24,36,36,6,-0700,iso,lojban/2019_09/2019_09_24.txt,,,,1
2019-09-25,28,28,5,-0700,iso,lojban/2019_09/2019_09_25.txt,,,,1
2019-09-26,63,63,6,-0700,iso,lojban/2019_09/2019_09_26.txt,,,,1
2019-09-27,5,5,3,-0700,iso,lojban/2019_09/2019_09_27.txt,,,,1
2019-09-28,21,21,10,-0700,iso,lojban/2019_09/2019_09_28.txt,,,,1
2019-09-29,44,44,7,-0700,iso,lojban/2019_09/2019_09_29.txt,,,,1
2019-09-30,12,12,5,-0700,iso,lojban/2019_09/2019_09_30.txt,,,,1
2019-10-01,22,22,6,-0700,iso,lojban/2019_10/2019_10_01.txt,,,,1
2019-10-02,112,112,7,-0700,iso,lojban/2019_10/2019_10_02.txt,,,,1
2019-10-03,29,29,5,-0700,iso,lojban/2019_10/2019_10_03.txt,,,,1
2019-10-04,10,10,6,-0700,iso,lojban/2019_10/2019_10_04.txt,,,,1
2019-10-05,4,4,3,-0700,iso,lojban/2019_10/2019_10_05.txt,,,,1
2019-10-06,37,37,5,-0700,iso,lojban/2019_10/2019_10_06.txt,,,,1
2019-10-07,15,15,7,-0700,iso,lojban/2019_10/2019_10_07.txt,,,,1
2019-10-08,49,49,5,-0700,iso,lojban/2019_10/2019_10_08.txt,,,,1
2019-10-09,12,12,8,-0700,iso,lojban/2019_10/2019_10_09.txt,,,,1
2019-10-10,69,69,9,-0700,iso,lojban/2019_10/2019_10_10.txt,,,,1
2019-10-11,33,33,6,-0700,iso,lojban/2019_10/2019_10_11.txt,,,,1
2019-10-12,31,31,10,-0700,iso,lojban/2019_10/2019_10_12.txt,,,,1
2019-10-13,6,6,4,-0700,iso,lojban/2019_10/2019_10_13.txt,,,,1
2019-10-14,29,29,8,-0700,iso,lojban/2019_10/2019_10_14.txt,,,,1
2019-10-15,52,52,5,-0700,iso,lojban/2019_10/2019_10_15.txt,,,,1
2019-10-16,22,22,6,-0700,iso,lojban/2019_10/2019_10_16.txt,,,,1
2019-10-17,29,29,9,-0700,iso,lojban/2019_10/2019_10_17.txt,,,,1
2019-10-18,18,18,7,-0700,iso,lojban/2019_10/2019_10_18.txt,,,,1
2019-10-19,2,2,1,-0700,iso,lojban/2019_10/2019_10_19.txt,,,,1
2019-10-21,15,15,4,-0700,iso,lojban/2019_10/2019_10_21.txt,,,,1
2019-10-22,11,11,5,-0700,iso,lojban/2019_10/2019_10_22.txt,,,,1
2019-10-23,39,39,8,-0700,iso,lojban/2019_10/2019_10_23.txt,,,,1
2019-10-24,44,44,7,-0700,iso,lojban/2019_10/2019_10_24.txt,,,,1
2019-10-25,19,19,10,-0700,iso,lojban/2019_10/2019_10_25.txt,,,,1
2019-10-26,7,7,3,-0700,iso,lojban/2019_10/2019_10_26.txt,,,,1
2019-10-27,21,21,4,-0700,iso,lojban/2019_10/2019_10_27.txt,,,,1
2019-10-28,214,214,12,-0700,iso,lojban/2019_10/2019_10_28.txt,,,,1
2019-10-29,33,33,3,-0700,iso,lojban/2019_10/2019_10_29.txt,,,,1
2019-10-31,167,167,9,-0700,iso,lojban/2019_10/2019_10_31.txt,,,,1
2019-11-01,20,20,5,-0700,iso,lojban/2019_11/2019_11_01.txt,,,,1
2019-11-02,2,2,2,-0700,iso,lojban/2019_11/2019_11_02.txt,,,,1
2019-11-03,71,71,3,-0800,iso,lojban/2019_11/2019_11_03.txt,,,,1
2019-11-04,102,102,7,-0800,iso,lojban/2019_11/2019_11_04.txt,,,,1
2019-11-05,344,344,11,-0800,iso,lojban/2019_11/2019_11_05.txt,,,,1
2019-11-06,163,163,7,-0800,iso,lojban/2019_11/2019_11_06.txt,,,,1
2019-11-07,43,43,11,-0800,iso,lojban/2019_11/2019_11_07.txt,,,,1
2019-11-08,18,18,5,-0800,iso,lojban/2019_11/2019_11_08.txt,,,,1
2019-11-09,5,5,2,-0800,iso,lojban/2019_11/2019_11_09.txt,,,,1
2019-11-10,35,35,9,-0800,iso,lojban/2019_11/2019_11_10.txt,,,,1
2019-11-11,5,5,4,-0800,iso,lojban/2019_11/2019_11_11.txt,,,,1
2019-11-12,28,28,8,-0800,iso,lojban/2019_11/2019_11_12.txt,,,,1
2019-11-14,1,1,1,-0800,iso,lojban/2019_11/2019_11_14.txt,,,,1
2019-11-15,2,2,1,-0800,iso,lojban/2019_11/2019_11_15.txt,,,,1
2019-11-16,10,10,6,-0800,iso,lojban/2019_11/2019_11_16.txt,,,,1
2019-11-17,25,25,6,-0800,iso,lojban/2019_11/2019_11_17.txt,,,,1
2019-11-18,115,115,7,-0800,iso,lojban/2019_11/2019_11_18.txt,,,,1
2019-11-19,56,56,11,-0800,iso,lojban/2019_11/2019_11_19.txt,,,,1
2019-11-20,33,33,6,-0800,iso,lojban/2019_11/2019_11_20.txt,,,,1
2019-11-21,14,14,6,-0800,iso,lojban/2019_11/2019_11_21.txt,,,,1
2019-11-22,29,29,6,-0800,iso,lojban/2019_11/2019_11_22.txt,,,,1
2019-11-23,7,7,4,-0800,iso,lojban/2019_11/2019_11_23.txt,,,,1
2019-11-24,14,14,4,-0800,iso,lojban/2019_11/2019_11_24.txt,,,,1
2019-11-25,25,25,11,-0800,iso,lojban/2019_11/2019_11_25.txt,,,,1
2019-11-26,12,12,4,-0800,iso,lojban/2019_11/2019_11_26.txt,,,,1
2019-11-27,15,15,7,-0800,iso,lojban/2019_11/2019_11_27.txt,,,,1
2019-11-28,71,71,8,-0800,iso,lojban/2019_11/2019_11_28.txt,,,,1
2019-11-29,4,4,4,-0800,iso,lojban/2019_11/2019_11_29.txt,,,,1
2019-11-30,7,7,3,-0800,iso,lojban/2019_11/2019_11_30.txt,,,,1
2019-12-01,22,22,7,-0800,iso,lojban/2019_12/2019_12_01.txt,,,,1
2019-12-02,11,11,5,-0800,iso,lojban/2019_12/2019_12_02.txt,,,,1
2019-12-03,62,62,9,-0800,iso,lojban/2019_12/2019_12_03.txt,,,,1
2019-12-04,22,22,8,-0800,iso,lojban/2019_12/2019_12_04.txt,,,,1
2019-12-05,31,31,7,-0800,iso,lojban/2019_12/2019_12_05.txt,,,,1
2019-12-07,48,48,13,-0800,iso,lojban/2019_12/2019_12_07.txt,,,,1
2019-12-08,12,12,9,-0800,iso,lojban/2019_12/2019_12_08.txt,,,,1
2019-12-09,80,80,13,-0800,iso,lojban/2019_12/2019_12_09.txt,,,,1
2019-12-10,112,112,11,-0800,iso,lojban/2019_12/2019_12_10.txt,,,,1
2019-12-11,116,116,12,-0800,iso,lojban/2019_12/2019_12_11.txt,,,,1
2019-12-12,93,93,12,-0800,iso,lojban/2019_12/2019_12_12.txt,,,,1
2019-12-13,140,140,10,-0800,iso,lojban/2019_12/2019_12_13.txt,,,,1
2019-12-14,111,111,9,-0800,iso,lojban/2019_12/2019_12_14.txt,,,,1
2019-12-15,35,35,8,-0800,iso,lojban/2019_12/2019_12_15.txt,,,,1
2019-12-16,203,203,10,-0800,iso,lojban/2019_12/2019_12_16.txt,,,,1
2019-12-17,61,61,9,-0800,iso,lojban/2019_12/2019_12_17.txt,,,,1
2019-12-18,30,30,6,-0800,iso,lojban/2019_12/2019_12_18.txt,,,,1
2019-12-19,57,57,5,-0800,iso,lojban/2019_12/2019_12_19.txt,,,,1
2019-12-20,80,80,8,-0800,iso,lojban/2019_12/2019_12_20.txt,,,,1
2019-12-21,29,29,4,-0800,iso,lojban/2019_12/2019_12_21.txt,,,,1
2019-12-22,53,53,7,-0800,iso,lojban/2019_12/2019_12_22.txt,,,,1
2019-12-23,90,90,2,-0800,iso,lojban/2019_12/2019_12_23.txt,,,,1
2019-12-24,9,9,4,-0800,iso,lojban/2019_12/2019_12_24.txt,,,,1
2019-12-25,4,4,2,-0800,iso,lojban/2019_12/2019_12_25.txt,,,,1
2019-12-26,5,5,2,-0800,iso,lojban/2019_12/2019_12_26.txt,,,,1
2019-12-27,5,5,3,-0800,iso,lojban/2019_12/2019_12_27.txt,,,,1
2019-12-28,5,5,3,-0800,iso,lojban/2019_12/2019_12_28.txt,,,,1
2019-12-29,62,62,8,-0800,iso,lojban/2019_12/2019_12_29.txt,,,,1
2019-12-30,5,5,3,-0800,iso,lojban/2019_12/2019_12_30.txt,,,,1
2019-12-31,63,63,10,-0800,iso,lojban/2019_12/2019_12_31.txt,,,,1
2020-01-01,1,1,1,-0800,iso,lojban/2020_01/2020_01_01.txt,,,,1
2020-01-02,11,11,4,-0800,iso,lojban/2020_01/2020_01_02.txt,,,,1
2020-01-03,10,10,4,-0800,iso,lojban/2020_01/2020_01_03.txt,,,,1
2020-01-04,11,11,4,-0800,iso,lojban/2020_01/2020_01_04.txt,,,,1
2020-01-06,16,16,5,-0800,iso,lojban/2020_01/2020_01_06.txt,,,,1
2020-01-07,14,14,4,-0800,iso,lojban/2020_01/2020_01_07.txt,,,,1
2020-01-08,2,2,2,-0800,iso,lojban/2020_01/2020_01_08.txt,,,,1
2020-01-09,11,11,6,-0800,iso,lojban/2020_01/2020_01_09.txt,,,,1
2020-01-10,5,5,3,-0800,iso,lojban/2020_01/2020_01_10.txt,,,,1
2020-01-11,2,2,2,-0800,iso,lojban/2020_01/2020_01_11.txt,,,,1
2020-01-12,15,15,6,-0800,iso,lojban/2020_01/2020_01_12.txt,,,,1
2020-01-13,60,60,10,-0800,iso,lojban/2020_01/2020_01_13.txt,,,,1
2020-01-14,30,30,9,-0800,iso,lojban/2020_01/2020_01_14.txt,,,,1
2020-01-15,110,110,9,-0800,iso,lojban/2020_01/2020_01_15.txt,,,,1
2020-01-16,156,156,15,-0800,iso,lojban/2020_01/2020_01_16.txt,,,,1
2020-01-17,57,57,7,-0800,iso,lojban/2020_01/2020_01_17.txt,,,,1
2020-01-18,34,34,6,-0800,iso,lojban/2020_01/2020_01_18.txt,,,,1
2020-01-19,145,145,11,-0800,iso,lojban/2020_01/2020_01_19.txt,,,,1
2020-01-20,30,30,8,-0800,iso,lojban/2020_01/2020_01_20.txt,,,,1
2020-01-21,88,88,10,-0800,iso,lojban/2020_01/2020_01_21.txt,,,,1
2020-01-22,121,121,13,-0800,iso,lojban/2020_01/2020_01_22.txt,,,,1
2020-01-23,113,113,10,-0800,iso,lojban/2020_01/2020_01_23.txt,,,,1
2020-01-24,156,156,13,-0800,iso,lojban/2020_01/2020_01_24.txt,,,,1
2020-01-25,31,31,7,-0800,iso,lojban/2020_01/2020_01_25.txt,,,,1
2020-01-26,49,49,11,-0800,iso,lojban/2020_01/2020_01_26.txt,,,,1
2020-01-27,22,22,6,-0800,iso,lojban/2020_01/2020_01_27.txt,,,,1
2020-01-28,12,12,7,-0800,iso,lojban/2020_01/2020_01_28.txt,,,,1
2020-01-29,7,7,2,-0800,iso,lojban/2020_01/2020_01_29.txt,,,,1
2020-01-30,36,36,11,-0800,iso,lojban/2020_01/2020_01_30.txt,,,,1
2020-01-31,40,40,11,-0800,iso,lojban/2020_01/2020_01_31.txt,,,,1
2020-02-01,51,51,6,-0800,iso,lojban/2020_02/2020_02_01.txt,,,,1
2020-02-02,26,26,7,-0800,iso,lojban/2020_02/2020_02_02.txt,,,,1
2020-02-03,98,98,15,-0800,iso,lojban/2020_02/2020_02_03.txt,,,,1
2020-02-04,40,40,10,-0800,iso,lojban/2020_02/2020_02_04.txt,,,,1
2020-02-05,3,3,1,-0800,iso,lojban/2020_02/2020_02_05.txt,,,,1
2020-02-06,9,9,5,-0800,iso,lojban/2020_02/2020_02_06.txt,,,,1
2020-02-07,13,13,7,-0800,iso,lojban/2020_02/2020_02_07.txt,,,,1
2020-02-08,93,93,8,-0800,iso,lojban/2020_02/2020_02_08.txt,,,,1
2020-02-09,2,2,1,-0800,iso,lojban/2020_02/2020_02_09.txt,,,,1
2020-02-10,41,41,7,-0800,iso,lojban/2020_02/2020_02_10.txt,,,,1
2020-02-11,5,5,4,-0800,iso,lojban/2020_02/2020_02_11.txt,,,,1
2020-02-12,7,7,4,-0800,iso,lojban/2020_02/2020_02_12.txt,,,,1
2020-02-13,33,33,5,-0800,iso,lojban/2020_02/2020_02_13.txt,,,,1
2020-02-14,123,123,9,-0800,iso,lojban/2020_02/2020_02_14.txt,,,,1
2020-02-15,253,253,10,-0800,iso,lojban/2020_02/2020_02_15.txt,,,,1
2020-02-16,54,54,9,-0800,iso,lojban/2020_02/2020_02_16.txt,,,,1
2020-02-17,62,62,6,-0800,iso,lojban/2020_02/2020_02_17.txt,,,,1
2020-02-18,206,206,12,-0800,iso,lojban/2020_02/2020_02_18.txt,,,,1
2020-02-19,98,98,7,-0800,iso,lojban/2020_02/2020_02_19.txt,,,,1
2020-02-20,116,116,11,-0800,iso,lojban/2020_02/2020_02_20.txt,,,,1
2020-02-21,21,21,8,-0800,iso,lojban/2020_02/2020_02_21.txt,,,,1
2020-02-22,26,26,7,-0800,iso,lojban/2020_02/2020_02_22.txt,,,,1
2020-02-23,49,49,11,-0800,iso,lojban/2020_02/2020_02_23.txt,,,,1
2020-02-24,24,24,6,-0800,iso,lojban/2020_02/2020_02_24.txt,,,,1
2020-02-25,62,62,10,-0800,iso,lojban/2020_02/2020_02_25.txt,,,,1
2020-02-26,8,8,4,-0800,iso,lojban/2020_02/2020_02_26.txt,,,,1
2020-02-27,6,6,4,-0800,iso,lojban/2020_02/2020_02_27.txt,,,,1
2020-02-28,43,43,9,-0800,iso,lojban/2020_02/2020_02_28.txt,,,,1
2020-02-29,12,12,5,-0800,iso,lojban/2020_02/2020_02_29.txt,,,,1
2020-03-01,19,19,8,-0800,iso,lojban/2020_03/2020_03_01.txt,,,,1
2020-03-02,22,22,6,-0800,iso,lojban/2020_03/2020_03_02.txt,,,,1
2020-03-03,78,78,12,-0800,iso,lojban/2020_03/2020_03_03.txt,,,,1
2020-03-04,56,56,9,-0800,iso,lojban/2020_03/2020_03_04.txt,,,,1
2020-03-05,31,31,8,-0800,iso,lojban/2020_03/2020_03_05.txt,,,,1
2020-03-06,26,26,8,-0800,iso,lojban/2020_03/2020_03_06.txt,,,,1
2020-03-07,43,43,9,-0800,iso,lojban/2020_03/2020_03_07.txt,,,,1
2020-03-08,4,4,4,-0800/-0700,iso,lojban/2020_03/2020_03_08.txt,,,,1
2020-03-09,26,26,7,-0700,iso,lojban/2020_03/2020_03_09.txt,,,,1
2020-03-10,2,2,2,-0700,iso,lojban/2020_03/2020_03_10.txt,,,,1
2020-03-11,22,22,8,-0700,iso,lojban/2020_03/2020_03_11.txt,,,,1
2020-03-12,12,12,5,-0700,iso,lojban/2020_03/2020_03_12.txt,,,,1
2020-03-13,53,53,7,-0700,iso,lojban/2020_03/2020_03_13.txt,,,,1
2020-03-14,82,82,7,-0700,iso,lojban/2020_03/2020_03_14.txt,,,,1
2020-03-15,10,10,7,-0700,iso,lojban/2020_03/2020_03_15.txt,,,,1
2020-03-16,5,5,4,-0700,iso,lojban/2020_03/2020_03_16.txt,,,,1
2020-03-17,79,79,6,-0700,iso,lojban/2020_03/2020_03_17.txt,,,,1
2020-03-18,17,17,4,-0700,iso,lojban/2020_03/2020_03_18.txt,,,,1
2020-03-19,20,20,6,-0700,iso,lojban/2020_03/2020_03_19.txt,,,,1
2020-03-20,4,4,2,-0700,iso,lojban/2020_03/2020_03_20.txt,,,,1
2020-03-21,6,6,4,-0700,iso,lojban/2020_03/2020_03_21.txt,,,,1
2020-03-22,12,12,3,-0700,iso,lojban/2020_03/2020_03_22.txt,,,,1
2020-03-23,3,3,2,-0700,iso,lojban/2020_03/2020_03_23.txt,,,,1
2020-03-24,6,6,2,-0700,iso,lojban/2020_03/2020_03_24.txt,,,,1
2020-03-25,18,18,5,-0700,iso,lojban/2020_03/2020_03_25.txt,,,,1
2020-03-27,12,12,3,-0700,iso,lojban/2020_03/2020_03_27.txt,,,,1
2020-03-28,5,5,3,-0700,iso,lojban/2020_03/2020_03_28.txt,,,,1
2020-03-29,13,13,6,-0700,iso,lojban/2020_03/2020_03_29.txt,,,,1
2020-03-30,13,13,6,-0700,iso,lojban/2020_03/2020_03_30.txt,,,,1
2020-03-31,11,11,4,-0700,iso,lojban/2020_03/2020_03_31.txt,,,,1
2020-04-01,7,7,5,-0700,iso,lojban/2020_04/2020_04_01.txt,,,,1
2020-04-02,3,3,2,-0700,iso,lojban/2020_04/2020_04_02.txt,,,,1
2020-04-03,14,14,5,-0700,iso,lojban/2020_04/2020_04_03.txt,,,,1
2020-04-04,19,19,6,-0700,iso,lojban/2020_04/2020_04_04.txt,,,,1
2020-04-05,16,16,5,-0700,iso,lojban/2020_04/2020_04_05.txt,,,,1
2020-04-06,6,6,6,-0700,iso,lojban/2020_04/2020_04_06.txt,,,,1
2020-04-07,6,6,3,-0700,iso,lojban/2020_04/2020_04_07.txt,,,,1
2020-04-09,13,13,6,-0700,iso,lojban/2020_04/2020_04_09.txt,,,,1
2020-04-10,22,22,7,-0700,iso,lojban/2020_04/2020_04_10.txt,,,,1
2020-04-11,4,4,2,-0700,iso,lojban/2020_04/2020_04_11.txt,,,,1
2020-04-12,8,8,3,-0700,iso,lojban/2020_04/2020_04_12.txt,,,,1
2020-04-14,90,90,9,-0700,iso,lojban/2020_04/2020_04_14.txt,,,,1
2020-04-15,49,49,9,-0700,iso,lojban/2020_04/2020_04_15.txt,,,,1
2020-04-16,7,7,4,-0700,iso,lojban/2020_04/2020_04_16.txt,,,,1
2020-04-17,32,32,5,-0700,iso,lojban/2020_04/2020_04_17.txt,,,,1
2020-04-18,60,60,7,-0700,iso,lojban/2020_04/2020_04_18.txt,,,,1
2020-04-19,7,7,4,-0700,iso,lojban/2020_04/2020_04_19.txt,,,,1
2020-04-20,2,2,2,-0700,iso,lojban/2020_04/2020_04_20.txt,,,,1
2020-04-21,6,6,3,-0700,iso,lojban/2020_04/2020_04_21.txt,,,,1
2020-04-22,5,5,2,-0700,iso,lojban/2020_04/2020_04_22.txt,,,,1
2020-04-25,2,2,2,-0700,iso,lojban/2020_04/2020_04_25.txt,,,,1
2020-04-26,6,6,5,-0700,iso,lojban/2020_04/2020_04_26.txt,,,,1
2020-04-27,8,8,4,-0700,iso,lojban/2020_04/2020_04_27.txt,,,,1
2020-04-28,3,3,2,-0700,iso,lojban/2020_04/2020_04_28.txt,,,,1
2020-04-29,2,2,2,-0700,iso,lojban/2020_04/2020_04_29.txt,,,,1
2020-04-30,10,10,8,-0700,iso,lojban/2020_04/2020_04_30.txt,,,,1
2020-05-01,2,2,2,-0700,iso,lojban/2020_05/2020_05_01.txt,,,,1
2020-05-02,26,26,7,-0700,iso,lojban/2020_05/2020_05_02.txt,,,,1
2020-05-03,22,22,5,-0700,iso,lojban/2020_05/2020_05_03.txt,,,,1
2020-05-04,14,14,6,-0700,iso,lojban/2020_05/2020_05_04.txt,,,,1
2020-05-05,18,18,7,-0700,iso,lojban/2020_05/2020_05_05.txt,,,,1
2020-05-06,13,13,5,-0700,iso,lojban/2020_05/2020_05_06.txt,,,,1
2020-05-07,6,6,4,-0700,iso,lojban/2020_05/2020_05_07.txt,,,,1
2020-05-08,17,17,9,-0700,iso,lojban/2020_05/2020_05_08.txt,,,,1
2020-05-09,42,42,9,-0700,iso,lojban/2020_05/2020_05_09.txt,,,,1
2020-05-10,31,31,10,-0700,iso,lojban/2020_05/2020_05_10.txt,,,,1
2020-05-11,38,38,9,-0700,iso,lojban/2020_05/2020_05_11.txt,,,,1
2020-05-12,133,133,13,-0700,iso,lojban/2020_05/2020_05_12.txt,,,,1
2020-05-13,81,81,13,-0700,iso,lojban/2020_05/2020_05_13.txt,,,,1
2020-05-14,196,196,13,-0700,iso,lojban/2020_05/2020_05_14.txt,,,,1
2020-05-15,86,86,10,-0700,iso,lojban/2020_05/2020_05_15.txt,,,,1
2020-05-16,18,18,4,-0700,iso,lojban/2020_05/2020_05_16.txt,,,,1
2020-05-17,28,28,8,-0700,iso,lojban/2020_05/2020_05_17.txt,,,,1
2020-05-18,8,8,6,-0700,iso,lojban/2020_05/2020_05_18.txt,,,,1
2020-05-19,5,5,3,-0700,iso,lojban/2020_05/2020_05_19.txt,,,,1
2020-05-20,50,50,8,-0700,iso,lojban/2020_05/2020_05_20.txt,,,,1
2020-05-21,28,28,8,-0700,iso,lojban/2020_05/2020_05_21.txt,,,,1
2020-05-22,49,49,8,-0700,iso,lojban/2020_05/2020_05_22.txt,,,,1
2020-05-23,20,20,3,-0700,iso,lojban/2020_05/2020_05_23.txt,,,,1
2020-05-24,23,23,8,-0700,iso,lojban/2020_05/2020_05_24.txt,,,,1
2020-05-25,72,72,9,-0700,iso,lojban/2020_05/2020_05_25.txt,,,,1
2020-05-26,14,14,7,-0700,iso,lojban/2020_05/2020_05_26.txt,,,,1
2020-05-27,46,46,8,-0700,iso,lojban/2020_05/2020_05_27.txt,,,,1
2020-05-28,54,54,4,-0700,iso,lojban/2020_05/2020_05_28.txt,,,,1
2020-05-29,16,16,6,-0700,iso,lojban/2020_05/2020_05_29.txt,,,,1
2020-05-30,42,42,6,-0700,iso,lojban/2020_05/2020_05_30.txt,,,,1
2020-05-31,20,20,9,-0700,iso,lojban/2020_05/2020_05_31.txt,,,,1
2020-06-01,42,42,9,-0700,iso,lojban/2020_06/2020_06_01.txt,,,,1
2020-06-02,102,102,7,-0700,iso,lojban/2020_06/2020_06_02.txt,,,,1
2020-06-03,25,25,11,-0700,iso,lojban/2020_06/2020_06_03.txt,,,,1
2020-06-04,31,31,7,-0700,iso,lojban/2020_06/2020_06_04.txt,,,,1
2020-06-05,53,53,10,-0700,iso,lojban/2020_06/2020_06_05.txt,,,,1
2020-06-06,93,93,9,-0700,iso,lojban/2020_06/2020_06_06.txt,,,,1
2020-06-07,28,28,7,-0700,iso,lojban/2020_06/2020_06_07.txt,,,,1
2020-06-08,17,17,8,-0700,iso,lojban/2020_06/2020_06_08.txt,,,,1
2020-06-09,44,44,10,-0700,iso,lojban/2020_06/2020_06_09.txt,,,,1
2020-06-10,6,6,3,-0700,iso,lojban/2020_06/2020_06_10.txt,,,,1
2020-06-11,82,82,11,-0700,iso,lojban/2020_06/2020_06_11.txt,,,,1
2020-06-12,4,4,3,-0700,iso,lojban/2020_06/2020_06_12.txt,,,,1
2020-06-13,10,10,6,-0700,iso,lojban/2020_06/2020_06_13.txt,,,,1
2020-06-14,77,77,8,-0700,iso,lojban/2020_06/2020_06_14.txt,,,,1
2020-06-15,21,21,8,-0700,iso,lojban/2020_06/2020_06_15.txt,,,,1
2020-06-16,4,4,2,-0700,iso,lojban/2020_06/2020_06_16.txt,,,,1
2020-06-17,120,120,7,-0700,iso,lojban/2020_06/2020_06_17.txt,,,,1
2020-06-18,30,30,6,-0700,iso,lojban/2020_06/2020_06_18.txt,,,,1
2020-06-19,41,41,7,-0700,iso,lojban/2020_06/2020_06_19.txt,,,,1
2020-06-21,16,16,5,-0700,iso,lojban/2020_06/2020_06_21.txt,,,,1
2020-06-22,72,72,7,-0700,iso,lojban/2020_06/2020_06_22.txt,,,,1
2020-06-23,49,49,8,-0700,iso,lojban/2020_06/2020_06_23.txt,,,,1
2020-06-24,32,32,9,-0700,iso,lojban/2020_06/2020_06_24.txt,,,,1
2020-06-25,19,19,5,-0700,iso,lojban/2020_06/2020_06_25.txt,,,,1
2020-06-26,2,2,2,-0700,iso,lojban/2020_06/2020_06_26.txt,,,,1
2020-06-27,16,16,6,-0700,iso,lojban/2020_06/2020_06_27.txt,,,,1
2020-06-28,62,62,12,-0700,iso,lojban/2020_06/2020_06_28.txt,,,,1
2020-06-29,42,42,8,-0700,iso,lojban/2020_06/2020_06_29.txt,,,,1
2020-06-30,26,26,6,-0700,iso,lojban/2020_06/2020_06_30.txt,,,,1
2020-07-01,32,32,5,-0700,iso,lojban/2020_07/2020_07_01.txt,,,,1
2020-07-02,19,19,5,-0700,iso,lojban/2020_07/2020_07_02.txt,,,,1
2020-07-04,2,2,1,-0700,iso,lojban/2020_07/2020_07_04.txt,,,,1
2020-07-06,1,1,1,-0700,iso,lojban/2020_07/2020_07_06.txt,,,,1
2020-07-07,24,24,5,-0700,iso,lojban/2020_07/2020_07_07.txt,,,,1
2020-07-08,60,60,10,-0700,iso,lojban/2020_07/2020_07_08.txt,,,,1
2020-07-09,34,34,7,-0700,iso,lojban/2020_07/2020_07_09.txt,,,,1
2020-07-10,5,5,3,-0700,iso,lojban/2020_07/2020_07_10.txt,,,,1
2020-07-11,12,12,6,-0700,iso,lojban/2020_07/2020_07_11.txt,,,,1
2020-07-12,50,50,14,-0700,iso,lojban/2020_07/2020_07_12.txt,,,,1
2020-07-13,16,16,6,-0700,iso,lojban/2020_07/2020_07_13.txt,,,,1
2020-07-14,16,16,7,-0700,iso,lojban/2020_07/2020_07_14.txt,,,,1
2020-07-15,4,4,3,-0700,iso,lojban/2020_07/2020_07_15.txt,,,,1
2020-07-16,27,27,6,-0700,iso,lojban/2020_07/2020_07_16.txt,,,,1
2020-07-17,24,24,7,-0700,iso,lojban/2020_07/2020_07_17.txt,,,,1
2020-07-18,18,18,4,-0700,iso,lojban/2020_07/2020_07_18.txt,,,,1
2020-07-19,61,61,9,-0700,iso,lojban/2020_07/2020_07_19.txt,,,,1
2020-07-20,31,31,9,-0700,iso,lojban/2020_07/2020_07_20.txt,,,,1
2020-07-21,39,39,5,-0700,iso,lojban/2020_07/2020_07_21.txt,,,,1
2020-07-22,42,42,9,-0700,iso,lojban/2020_07/2020_07_22.txt,,,,1
2020-07-23,150,150,10,-0700,iso,lojban/2020_07/2020_07_23.txt,,,,1
2020-07-24,169,169,11,-0700,iso,lojban/2020_07/2020_07_24.txt,,,,1
2020-07-25,7,7,5,-0700,iso,lojban/2020_07/2020_07_25.txt,,,,1
2020-07-26,23,23,8,-0700,iso,lojban/2020_07/2020_07_26.txt,,,,1
2020-07-27,6,6,4,-0700,iso,lojban/2020_07/2020_07_27.txt,,,,1
2020-07-28,17,17,6,-0700,iso,lojban/2020_07/2020_07_28.txt,,,,1
2020-07-29,16,16,4,-0700,iso,lojban/2020_07/2020_07_29.txt,,,,1
2020-07-30,23,23,6,-0700,iso,lojban/2020_07/2020_07_30.txt,,,,1
2020-07-31,24,24,6,-0700,iso,lojban/2020_07/2020_07_31.txt,,,,1
2020-08-01,27,27,4,-0700,iso,lojban/2020_08/2020_08_01.txt,,,,1
2020-08-02,26,26,5,-0700,iso,lojban/2020_08/2020_08_02.txt,,,,1
2020-08-03,12,12,4,-0700,iso,lojban/2020_08/2020_08_03.txt,,,,1
2020-08-04,82,82,10,-0700,iso,lojban/2020_08/2020_08_04.txt,,,,1
2020-08-05,24,24,6,-0700,iso,lojban/2020_08/2020_08_05.txt,,,,1
2020-08-06,40,40,9,-0700,iso,lojban/2020_08/2020_08_06.txt,,,,1
2020-08-07,58,58,10,-0700,iso,lojban/2020_08/2020_08_07.txt,,,,1
2020-08-08,29,29,7,-0700,iso,lojban/2020_08/2020_08_08.txt,,,,1
2020-08-09,20,20,5,-0700,iso,lojban/2020_08/2020_08_09.txt,,,,1
2020-08-10,61,61,8,-0700,iso,lojban/2020_08/2020_08_10.txt,,,,1
2020-08-11,10,10,4,-0700,iso,lojban/2020_08/2020_08_11.txt,,,,1
2020-08-12,65,65,8,-0700,iso,lojban/2020_08/2020_08_12.txt,,,,1
2020-08-13,32,32,5,-0700,iso,lojban/2020_08/2020_08_13.txt,,,,1
2020-08-14,29,29,9,-0700,iso,lojban/2020_08/2020_08_14.txt,,,,1
2020-08-15,8,8,3,-0700,iso,lojban/2020_08/2020_08_15.txt,,,,1
2020-08-16,116,116,13,-0700,iso,lojban/2020_08/2020_08_16.txt,,,,1
2020-08-17,53,53,9,-0700,iso,lojban/2020_08/2020_08_17.txt,,,,1
2020-08-18,18,18,3,-0700,iso,lojban/2020_08/2020_08_18.txt,,,,1
2020-08-19,26,26,4,-0700,iso,lojban/2020_08/2020_08_19.txt,,,,1
2020-08-20,27,27,8,-0700,iso,lojban/2020_08/2020_08_20.txt,,,,1
2020-08-21,9,9,3,-0700,iso,lojban/2020_08/2020_08_21.txt,,,,1
2020-08-22,3,3,3,-0700,iso,lojban/2020_08/2020_08_22.txt,,,,1
2020-08-23,2,2,2,-0700,iso,lojban/2020_08/2020_08_23.txt,,,,1
2020-08-24,2,2,2,-0700,iso,lojban/2020_08/2020_08_24.txt,,,,1
2020-08-25,9,9,6,-0700,iso,lojban/2020_08/2020_08_25.txt,,,,1
2020-08-26,54,54,7,-0700,iso,lojban/2020_08/2020_08_26.txt,,,,1
2020-08-27,64,64,8,-0700,iso,lojban/2020_08/2020_08_27.txt,,,,1
2020-08-28,42,42,8,-0700,iso,lojban/2020_08/2020_08_28.txt,,,,1
2020-08-29,20,20,7,-0700,iso,lojban/2020_08/2020_08_29.txt,,,,1
2020-08-30,27,27,9,-0700,iso,lojban/2020_08/2020_08_30.txt,,,,1
2020-08-31,6,6,3,-0700,iso,lojban/2020_08/2020_08_31.txt,,,,1
2020-09-01,19,19,5,-0700,iso,lojban/2020_09/2020_09_01.txt,,,,1
2020-09-02,30,30,8,-0700,iso,lojban/2020_09/2020_09_02.txt,,,,1
2020-09-03,17,17,6,-0700,iso,lojban/2020_09/2020_09_03.txt,,,,1
2020-09-04,84,84,11,-0700,iso,lojban/2020_09/2020_09_04.txt,,,,1
2020-09-05,19,19,6,-0700,iso,lojban/2020_09/2020_09_05.txt,,,,1
2020-09-06,5,5,3,-0700,iso,lojban/2020_09/2020_09_06.txt,,,,1
2020-09-08,20,20,7,-0700,iso,lojban/2020_09/2020_09_08.txt,,,,1
2020-09-09,7,7,3,-0700,iso,lojban/2020_09/2020_09_09.txt,,,,1
2020-09-10,29,29,9,-0700,iso,lojban/2020_09/2020_09_10.txt,,,,1
2020-09-11,138,138,6,-0700,iso,lojban/2020_09/2020_09_11.txt,,,,1
2020-09-12,51,51,11,-0700,iso,lojban/2020_09/2020_09_12.txt,,,,1
2020-09-13,45,45,6,-0700,iso,lojban/2020_09/2020_09_13.txt,,,,1
2020-09-14,59,59,11,-0700,iso,lojban/2020_09/2020_09_14.txt,,,,1
2020-09-15,36,36,4,-0700,iso,lojban/2020_09/2020_09_15.txt,,,,1
2020-09-16,92,92,7,-0700,iso,lojban/2020_09/2020_09_16.txt,,,,1
2020-09-17,30,30,5,-0700,iso,lojban/2020_09/2020_09_17.txt,,,,1
2020-09-18,8,8,3,-0700,iso,lojban/2020_09/2020_09_18.txt,,,,1
2020-09-19,18,18,5,-0700,iso,lojban/2020_09/2020_09_19.txt,,,,1
2020-09-20,9,9,5,-0700,iso,lojban/2020_09/2020_09_20.txt,,,,1
2020-09-21,29,29,4,-0700,iso,lojban/2020_09/2020_09_21.txt,,,,1
2020-09-22,49,49,8,-0700,iso,lojban/2020_09/2020_09_22.txt,,,,1
2020-09-23,109,109,11,-0700,iso,lojban/2020_09/2020_09_23.txt,,,,1
2020-09-24,21,21,7,-0700,iso,lojban/2020_09/2020_09_24.txt,,,,1
2020-09-25,67,67,8,-0700,iso,lojban/2020_09/2020_09_25.txt,,,,1
2020-09-26,56,56,7,-0700,iso,lojban/2020_09/2020_09_26.txt,,,,1
2020-09-27,26,26,5,-0700,iso,lojban/2020_09/2020_09_27.txt,,,,1
2020-09-28,105,105,10,-0700,iso,lojban/2020_09/2020_09_28.txt,,,,1
2020-09-29,318,318,11,-0700,iso,lojban/2020_09/2020_09_29.txt,,,,1
2020-09-30,84,84,4,-0700,iso,lojban/2020_09/2020_09_30.txt,,,,1
2020-10-01,134,134,13,-0700,iso,lojban/2020_10/2020_10_01.txt,,,,1
2020-10-02,111,111,12,-0700,iso,lojban/2020_10/2020_10_02.txt,,,,1
2020-10-03,93,93,12,-0700,iso,lojban/2020_10/2020_10_03.txt,,,,1
2020-10-04,75,75,11,-0700,iso,lojban/2020_10/2020_10_04.txt,,,,1
2020-10-05,24,24,7,-0700,iso,lojban/2020_10/2020_10_05.txt,,,,1
2020-10-06,41,41,6,-0700,iso,lojban/2020_10/2020_10_06.txt,,,,1
2020-10-07,48,48,12,-0700,iso,lojban/2020_10/2020_10_07.txt,,,,1
2020-10-08,148,148,8,-0700,iso,lojban/2020_10/2020_10_08.txt,,,,1
2020-10-09,12,12,4,-0700,iso,lojban/2020_10/2020_10_09.txt,,,,1
2020-10-10,14,14,7,-0700,iso,lojban/2020_10/2020_10_10.txt,,,,1
2020-10-11,23,23,3,-0700,iso,lojban/2020_10/2020_10_11.txt,,,,1
2020-10-12,38,38,4,-0700,iso,lojban/2020_10/2020_10_12.txt,,,,1
2020-10-13,240,240,9,-0700,iso,lojban/2020_10/2020_10_13.txt,,,,1
2020-10-14,57,57,9,-0700,iso,lojban/2020_10/2020_10_14.txt,,,,1
2020-10-15,55,55,13,-0700,iso,lojban/2020_10/2020_10_15.txt,,,,1
2020-10-16,26,26,8,-0700,iso,lojban/2020_10/2020_10_16.txt,,,,1
2020-10-17,26,26,9,-0700,iso,lojban/2020_10/2020_10_17.txt,,,,1
2020-10-18,34,34,10,-0700,iso,lojban/2020_10/2020_10_18.txt,,,,1
2020-10-19,19,19,6,-0700,iso,lojban/2020_10/2020_10_19.txt,,,,1
2020-10-20,12,12,7,-0700,iso,lojban/2020_10/2020_10_20.txt,,,,1
2020-10-21,6,6,5,-0700,iso,lojban/2020_10/2020_10_21.txt,,,,1
2020-10-22,78,78,11,-0700,iso,lojban/2020_10/2020_10_22.txt,,,,1
2020-10-23,8,8,5,-0700,iso,lojban/2020_10/2020_10_23.txt,,,,1
2020-10-24,39,39,8,-0700,iso,lojban/2020_10/2020_10_24.txt,,,,1
2020-10-25,12,12,6,-0700,iso,lojban/2020_10/2020_10_25.txt,,,,1
2020-10-26,25,25,6,-0700,iso,lojban/2020_10/2020_10_26.txt,,,,1
2020-10-27,25,25,7,-0700,iso,lojban/2020_10/2020_10_27.txt,,,,1
2020-10-28,15,15,3,-0700,iso,lojban/2020_10/2020_10_28.txt,,,,1
2020-10-29,6,6,5,-0700,iso,lojban/2020_10/2020_10_29.txt,,,,1
2020-10-30,59,59,7,-0700,iso,lojban/2020_10/2020_10_30.txt,,,,1
2020-10-31,19,19,5,-0700,iso,lojban/2020_10/2020_10_31.txt,,,,1
2020-11-01,12,12,6,-0800,iso,lojban/2020_11/2020_11_01.txt,,,,1
2020-11-02,2,2,1,-0800,iso,lojban/2020_11/2020_11_02.txt,,,,1
2020-11-03,2,2,2,-0800,iso,lojban/2020_11/2020_11_03.txt,,,,1
2020-11-05,6,6,2,-0800,iso,lojban/2020_11/2020_11_05.txt,,,,1
2020-11-06,8,8,5,-0800,iso,lojban/2020_11/2020_11_06.txt,,,,1
2020-11-07,10,10,5,-0800,iso,lojban/2020_11/2020_11_07.txt,,,,1
2020-11-08,12,12,2,-0800,iso,lojban/2020_11/2020_11_08.txt,,,,1
2020-11-09,20,20,9,-0800,iso,lojban/2020_11/2020_11_09.txt,,,,1
2020-11-10,16,16,5,-0800,iso,lojban/2020_11/2020_11_10.txt,,,,1
2020-11-11,21,21,7,-0800,iso,lojban/2020_11/2020_11_11.txt,,,,1
2020-11-13,13,13,6,-0800,iso,lojban/2020_11/2020_11_13.txt,,,,1
2020-11-14,3,3,1,-0800,iso,lojban/2020_11/2020_11_14.txt,,,,1
2020-11-15,2,2,1,-0800,iso,lojban/2020_11/2020_11_15.txt,,,,1
2020-11-16,14,14,3,-0800,iso,lojban/2020_11/2020_11_16.txt,,,,1
2020-11-17,3,3,2,-0800,iso,lojban/2020_11/2020_11_17.txt,,,,1
2020-11-18,1,1,1,-0800,iso,lojban/2020_11/2020_11_18.txt,,,,1
2020-11-19,39,39,7,-0800,iso,lojban/2020_11/2020_11_19.txt,,,,1
2020-11-20,44,44,2,-0800,iso,lojban/2020_11/2020_11_20.txt,,,,1
2020-11-21,38,38,4,-0800,iso,lojban/2020_11/2020_11_21.txt,,,,1
2020-11-22,21,21,5,-0800,iso,lojban/2020_11/2020_11_22.txt,,,,1
2020-11-23,17,17,6,-0800,iso,lojban/2020_11/2020_11_23.txt,,,,1
2020-11-24,1,1,1,-0800,iso,lojban/2020_11/2020_11_24.txt,,,,1
2020-11-25,19,19,2,-0800,iso,lojban/2020_11/2020_11_25.txt,,,,1
2020-11-26,15,15,5,-0800,iso,lojban/2020_11/2020_11_26.txt,,,,1
2020-11-27,3,3,3,-0800,iso,lojban/2020_11/2020_11_27.txt,,,,1
2020-11-28,2,2,1,-0800,iso,lojban/2020_11/2020_11_28.txt,,,,1
2020-11-29,9,9,3,-0800,iso,lojban/2020_11/2020_11_29.txt,,,,1
2020-11-30,28,28,6,-0800,iso,lojban/2020_11/2020_11_30.txt,,,,1
2020-12-01,5,5,1,-0800,iso,lojban/2020_12/2020_12_01.txt,,,,1
2020-12-02,43,43,9,-0800,iso,lojban/2020_12/2020_12_02.txt,,,,1
2020-12-03,4,4,3,-0800,iso,lojban/2020_12/2020_12_03.txt,,,,1
2020-12-04,9,9,7,-0800,iso,lojban/2020_12/2020_12_04.txt,,,,1
2020-12-05,18,18,5,-0800,iso,lojban/2020_12/2020_12_05.txt,,,,1
2020-12-06,103,103,6,-0800,iso,lojban/2020_12/2020_12_06.txt,,,,1
2020-12-07,9,9,3,-0800,iso,lojban/2020_12/2020_12_07.txt,,,,1
2020-12-08,4,4,3,-0800,iso,lojban/2020_12/2020_12_08.txt,,,,1
2020-12-10,6,6,3,-0800,iso,lojban/2020_12/2020_12_10.txt,,,,1
2020-12-12,4,4,4,-0800,iso,lojban/2020_12/2020_12_12.txt,,,,1
2020-12-13,7,7,3,-0800,iso,lojban/2020_12/2020_12_13.txt,,,,1
2020-12-14,14,14,5,-0800,iso,lojban/2020_12/2020_12_14.txt,,,,1
2020-12-15,2,2,2,-0800,iso,lojban/2020_12/2020_12_15.txt,,,,1
2020-12-16,15,15,5,-0800,iso,lojban/2020_12/2020_12_16.txt,,,,1
2020-12-17,23,23,6,-0800,iso,lojban/2020_12/2020_12_17.txt,,,,1
2020-12-18,8,8,4,-0800,iso,lojban/2020_12/2020_12_18.txt,,,,1
2020-12-20,18,18,3,-0800,iso,lojban/2020_12/2020_12_20.txt,,,,1
2020-12-21,13,13,5,-0800,iso,lojban/2020_12/2020_12_21.txt,,,,1
2020-12-22,5,5,2,-0800,iso,lojban/2020_12/2020_12_22.txt,,,,1
2020-12-23,6,6,2,-0800,iso,lojban/2020_12/2020_12_23.txt,,,,1
2020-12-24,49,49,7,-0800,iso,lojban/2020_12/2020_12_24.txt,,,,1
2020-12-25,5,5,4,-0800,iso,lojban/2020_12/2020_12_25.txt,,,,1
2020-12-26,12,12,4,-0800,iso,lojban/2020_12/2020_12_26.txt,,,,1
2020-12-27,29,29,11,-0800,iso,lojban/2020_12/2020_12_27.txt,,,,1
2020-12-28,39,39,9,-0800,iso,lojban/2020_12/2020_12_28.txt,,,,1
2020-12-29,67,67,7,-0800,iso,lojban/2020_12/2020_12_29.txt,,,,1
2020-12-30,2,2,2,-0800,iso,lojban/2020_12/2020_12_30.txt,,,,1
2020-12-31,36,36,8,-0800,iso,lojban/2020_12/2020_12_31.txt,,,,1
2021-01-01,54,54,8,-0800,iso,lojban/2021_01/2021_01_01.txt,,,,1
2021-01-02,32,32,6,-0800,iso,lojban/2021_01/2021_01_02.txt,,,,1
2021-01-03,26,26,5,-0800,iso,lojban/2021_01/2021_01_03.txt,,,,1
2021-01-04,24,24,6,-0800,iso,lojban/2021_01/2021_01_04.txt,,,,1
2021-01-05,69,69,7,-0800,iso,lojban/2021_01/2021_01_05.txt,,,,1
2021-01-06,13,13,7,-0800,iso,lojban/2021_01/2021_01_06.txt,,,,1
2021-01-07,1,1,1,-0800,iso,lojban/2021_01/2021_01_07.txt,,,,1
2021-01-08,9,9,4,-0800,iso,lojban/2021_01/2021_01_08.txt,,,,1
2021-01-09,7,7,3,-0800,iso,lojban/2021_01/2021_01_09.txt,,,,1
2021-01-10,16,16,6,-0800,iso,lojban/2021_01/2021_01_10.txt,,,,1
2021-01-11,58,58,8,-0800,iso,lojban/2021_01/2021_01_11.txt,,,,1
2021-01-12,9,9,4,-0800,iso,lojban/2021_01/2021_01_12.txt,,,,1
2021-01-13,27,27,11,-0800,iso,lojban/2021_01/2021_01_13.txt,,,,1
2021-01-14,46,46,12,-0800,iso,lojban/2021_01/2021_01_14.txt,,,,1
2021-01-15,56,56,10,-0800,iso,lojban/2021_01/2021_01_15.txt,,,,1
2021-01-16,68,68,8,-0800,iso,lojban/2021_01/2021_01_16.txt,,,,1
2021-01-17,43,43,8,-0800,iso,lojban/2021_01/2021_01_17.txt,,,,1
2021-01-18,1,1,1,-0800,iso,lojban/2021_01/2021_01_18.txt,,,,1
2021-01-19,4,4,3,-0800,iso,lojban/2021_01/2021_01_19.txt,,,,1
2021-01-20,15,15,5,-0800,iso,lojban/2021_01/2021_01_20.txt,,,,1
2021-01-21,13,13,3,-0800,iso,lojban/2021_01/2021_01_21.txt,,,,1
2021-01-22,4,4,3,-0800,iso,lojban/2021_01/2021_01_22.txt,,,,1
2021-01-23,1,1,1,-0800,iso,lojban/2021_01/2021_01_23.txt,,,,1
2021-01-24,12,12,7,-0800,iso,lojban/2021_01/2021_01_24.txt,,,,1
2021-01-25,29,29,9,-0800,iso,lojban/2021_01/2021_01_25.txt,,,,1
2021-01-26,13,13,4,-0800,iso,lojban/2021_01/2021_01_26.txt,,,,1
2021-01-27,18,18,3,-0800,iso,lojban/2021_01/2021_01_27.txt,,,,1
2021-01-28,1,1,1,-0800,iso,lojban/2021_01/2021_01_28.txt,,,,1
2021-02-01,2,2,2,-0800,iso,lojban/2021_02/2021_02_01.txt,,,,1
2021-02-02,20,20,4,-0800,iso,lojban/2021_02/2021_02_02.txt,,,,1
2021-02-03,41,41,7,-0800,iso,lojban/2021_02/2021_02_03.txt,,,,1
2021-02-05,2,2,2,-0800,iso,lojban/2021_02/2021_02_05.txt,,,,1
2021-02-06,10,10,3,-0800,iso,lojban/2021_02/2021_02_06.txt,,,,1
2021-02-07,16,16,6,-0800,iso,lojban/2021_02/2021_02_07.txt,,,,1
2021-02-10,8,8,4,-0800,iso,lojban/2021_02/2021_02_10.txt,,,,1
2021-02-11,67,67,8,-0800,iso,lojban/2021_02/2021_02_11.txt,,,,1
2021-02-12,16,16,5,-0800,iso,lojban/2021_02/2021_02_12.txt,,,,1
2021-02-13,24,24,6,-0800,iso,lojban/2021_02/2021_02_13.txt,,,,1
2021-02-15,35,35,6,-0800,iso,lojban/2021_02/2021_02_15.txt,,,,1
2021-02-16,12,12,4,-0800,iso,lojban/2021_02/2021_02_16.txt,,,,1
2021-02-17,16,16,4,-0800,iso,lojban/2021_02/2021_02_17.txt,,,,1
2021-02-18,34,34,6,-0800,iso,lojban/2021_02/2021_02_18.txt,,,,1
2021-02-19,21,21,7,-0800,iso,lojban/2021_02/2021_02_19.txt,,,,1
2021-02-20,2,2,2,-0800,iso,lojban/2021_02/2021_02_20.txt,,,,1
2021-02-21,35,35,6,-0800,iso,lojban/2021_02/2021_02_21.txt,,,,1
2021-02-22,23,23,6,-0800,iso,lojban/2021_02/2021_02_22.txt,,,,1
2021-02-23,22,22,7,-0800,iso,lojban/2021_02/2021_02_23.txt,,,,1
2021-02-24,34,34,5,-0800,iso,lojban/2021_02/2021_02_24.txt,,,,1
2021-02-25,17,17,6,-0800,iso,lojban/2021_02/2021_02_25.txt,,,,1
2021-02-26,3,3,3,-0800,iso,lojban/2021_02/2021_02_26.txt,,,,1
2021-02-27,10,10,7,-0800,iso,lojban/2021_02/2021_02_27.txt,,,,1
2021-02-28,22,22,7,-0800,iso,lojban/2021_02/2021_02_28.txt,,,,1
2021-03-03,1,1,1,-0800,iso,lojban/2021_03/2021_03_03.txt,,,,1
2021-03-04,18,18,6,-0800,iso,lojban/2021_03/2021_03_04.txt,,,,1
2021-03-05,1,1,1,-0800,iso,lojban/2021_03/2021_03_05.txt,,,,1
2021-03-06,14,14,3,-0800,iso,lojban/2021_03/2021_03_06.txt,,,,1
2021-03-07,57,57,3,-0800,iso,lojban/2021_03/2021_03_07.txt,,,,1
2021-03-08,2,2,1,-0800,iso,lojban/2021_03/2021_03_08.txt,,,,1
2021-03-09,6,6,5,-0800,iso,lojban/2021_03/2021_03_09.txt,,,,1
2021-03-10,11,11,4,-0800,iso,lojban/2021_03/2021_03_10.txt,,,,1
2021-03-11,7,7,4,-0800,iso,lojban/2021_03/2021_03_11.txt,,,,1
2021-03-12,1,1,1,-0800,iso,lojban/2021_03/2021_03_12.txt,,,,1
2021-03-13,5,5,3,-0800,iso,lojban/2021_03/2021_03_13.txt,,,,1
2021-03-14,10,10,2,-0800/-0700,iso,lojban/2021_03/2021_03_14.txt,,,,1
2021-03-15,9,9,2,-0700,iso,lojban/2021_03/2021_03_15.txt,,,,1
2021-03-16,24,24,4,-0700,iso,lojban/2021_03/2021_03_16.txt,,,,1
2021-03-17,4,4,2,-0700,iso,lojban/2021_03/2021_03_17.txt,,,,1
2021-03-19,1,1,1,-0700,iso,lojban/2021_03/2021_03_19.txt,,,,1
2021-03-20,11,11,7,-0700,iso,lojban/2021_03/2021_03_20.txt,,,,1
2021-03-21,4,4,3,-0700,iso,lojban/2021_03/2021_03_21.txt,,,,1
2021-03-22,54,54,5,-0700,iso,lojban/2021_03/2021_03_22.txt,,,,1
2021-03-24,13,13,5,-0700,iso,lojban/2021_03/2021_03_24.txt,,,,1
2021-03-25,2,2,2,-0700,iso,lojban/2021_03/2021_03_25.txt,,,,1
2021-03-26,4,4,4,-0700,iso,lojban/2021_03/2021_03_26.txt,,,,1
2021-03-30,1,1,1,-0700,iso,lojban/2021_03/2021_03_30.txt,,,,1
2021-03-31,5,5,5,-0700,iso,lojban/2021_03/2021_03_31.txt,,,,1
2021-04-01,5,5,3,-0700,iso,lojban/2021_04/2021_04_01.txt,,,,1
2021-04-02,3,3,2,-0700,iso,lojban/2021_04/2021_04_02.txt,,,,1
2021-04-06,14,14,5,-0700,iso,lojban/2021_04/2021_04_06.txt,,,,1
2021-04-07,9,9,6,-0700,iso,lojban/2021_04/2021_04_07.txt,,,,1
2021-04-08,1,1,1,-0700,iso,lojban/2021_04/2021_04_08.txt,,,,1
2021-04-09,4,4,3,-0700,iso,lojban/2021_04/2021_04_09.txt,,,,1
2021-04-10,3,3,3,-0700,iso,lojban/2021_04/2021_04_10.txt,,,,1
2021-04-11,2,2,2,-0700,iso,lojban/2021_04/2021_04_11.txt,,,,1
2021-04-12,28,28,7,-0700,iso,lojban/2021_04/2021_04_12.txt,,,,1
2021-04-14,11,11,3,-0700,iso,lojban/2021_04/2021_04_14.txt,,,,1
2021-04-15,13,13,5,-0700,iso,lojban/2021_04/2021_04_15.txt,,,,1
2021-04-16,2,2,1,-0700,iso,lojban/2021_04/2021_04_16.txt,,,,1
2021-04-17,4,4,3,-0700,iso,lojban/2021_04/2021_04_17.txt,,,,1
2021-04-18,13,13,3,-0700,iso,lojban/2021_04/2021_04_18.txt,,,,1
2021-04-19,23,23,5,-0700,iso,lojban/2021_04/2021_04_19.txt,,,,1
2021-04-20,3,3,2,-0700,iso,lojban/2021_04/2021_04_20.txt,,,,1
2021-04-21,3,3,2,-0700,iso,lojban/2021_04/2021_04_21.txt,,,,1
2021-04-22,4,4,3,-0700,iso,lojban/2021_04/2021_04_22.txt,,,,1
2021-04-23,5,5,3,-0700,iso,lojban/2021_04/2021_04_23.txt,,,,1
2021-04-25,1,1,1,-0700,iso,lojban/2021_04/2021_04_25.txt,,,,1
2021-04-26,1,1,1,-0700,iso,lojban/2021_04/2021_04_26.txt,,,,1
2021-04-28,2,2,1,-0700,iso,lojban/2021_04/2021_04_28.txt,,,,1
2021-04-30,1,1,1,-0700,iso,lojban/2021_04/2021_04_30.txt,,,,1
2021-05-01,12,12,5,-0700,iso,lojban/2021_05/2021_05_01.txt,,,,1
2021-05-02,6,6,3,-0700,iso,lojban/2021_05/2021_05_02.txt,,,,1
2021-05-03,4,4,2,-0700,iso,lojban/2021_05/2021_05_03.txt,,,,1
2021-05-04,2,2,1,-0700,iso,lojban/2021_05/2021_05_04.txt,,,,1
2021-05-06,1,1,1,-0700,iso,lojban/2021_05/2021_05_06.txt,,,,1
2021-05-07,1,1,1,-0700,iso,lojban/2021_05/2021_05_07.txt,,,,1
2021-05-08,13,13,3,-0700,iso,lojban/2021_05/2021_05_08.txt,,,,1
2021-05-09,10,10,4,-0700,iso,lojban/2021_05/2021_05_09.txt,,,,1
2021-05-10,11,11,4,-0700,iso,lojban/2021_05/2021_05_10.txt,,,,1
2021-05-11,5,5,3,-0700,iso,lojban/2021_05/2021_05_11.txt,,,,1
2021-05-12,9,9,6,-0700,iso,lojban/2021_05/2021_05_12.txt,,,,1
2021-05-13,2,2,2,-0700,iso,lojban/2021_05/2021_05_13.txt,,,,1
2021-05-14,5,5,3,-0700,iso,lojban/2021_05/2021_05_14.txt,,,,1
2021-05-15,19,19,6,-0700,iso,lojban/2021_05/2021_05_15.txt,,,,1
2021-05-16,24,24,4,-0700,iso,lojban/2021_05/2021_05_16.txt,,,,1
2021-05-17,47,47,7,-0700,iso,lojban/2021_05/2021_05_17.txt,,,,1
2021-05-18,19,19,5,-0700,iso,lojban/2021_05/2021_05_18.txt,,,,1
2021-05-19,28,28,3,-0700,iso,lojban/2021_05/2021_05_19.txt,,,,1
2021-05-20,6,6,3,-0700,iso,lojban/2021_05/2021_05_20.txt,,,,1
2021-05-21,3,3,2,-0700,iso,lojban/2021_05/2021_05_21.txt,,,,1
2021-05-23,11,11,3,-0700,iso,lojban/2021_05/2021_05_23.txt,,,,1
2021-05-25,2,2,2,-0700,iso,lojban/2021_05/2021_05_25.txt,,,,1
2021-05-26,2,2,2,-0700,iso,lojban/2021_05/2021_05_26.txt,,,,1
2021-05-27,1,1,1,-0700,iso,lojban/2021_05/2021_05_27.txt,,,,1
2021-05-28,10,10,4,-0700,iso,lojban/2021_05/2021_05_28.txt,,,,1
2021-05-29,9,9,3,-0700,iso,lojban/2021_05/2021_05_29.txt,,,,1
2021-05-30,15,15,5,-0700,iso,lojban/2021_05/2021_05_30.txt,,,,1
2021-06-01,5,5,3,-0700,iso,lojban/2021_06/2021_06_01.txt,,,,1
2021-06-02,12,12,4,-0700,iso,lojban/2021_06/2021_06_02.txt,,,,1
2021-06-03,1,1,1,-0700,iso,lojban/2021_06/2021_06_03.txt,,,,1
2021-06-04,27,27,6,-0700,iso,lojban/2021_06/2021_06_04.txt,,,,1
2021-06-05,23,23,6,-0700,iso,lojban/2021_06/2021_06_05.txt,,,,1
2021-06-06,2,2,2,-0700,iso,lojban/2021_06/2021_06_06.txt,,,,1
2021-06-07,11,11,2,-0700,iso,lojban/2021_06/2021_06_07.txt,,,,1
2021-06-08,24,24,7,-0700,iso,lojban/2021_06/2021_06_08.txt,,,,1
2021-06-09,3,3,1,-0700,iso,lojban/2021_06/2021_06_09.txt,,,,1
2021-06-12,2,2,2,-0700,iso,lojban/2021_06/2021_06_12.txt,,,,1
2021-06-14,9,9,5,-0700,iso,lojban/2021_06/2021_06_14.txt,,,,1
2021-06-16,4,4,3,-0700,iso,lojban/2021_06/2021_06_16.txt,,,,1
2021-06-17,3,3,1,-0700,iso,lojban/2021_06/2021_06_17.txt,,,,1
2021-06-19,18,18,6,-0700,iso,lojban/2021_06/2021_06_19.txt,,,,1
2021-06-20,1,1,1,-0700,iso,lojban/2021_06/2021_06_20.txt,,,,1
2021-06-21,10,10,5,-0700,iso,lojban/2021_06/2021_06_21.txt,,,,1
2021-06-22,7,7,5,-0700,iso,lojban/2021_06/2021_06_22.txt,,,,1
2021-06-23,34,34,4,-0700,iso,lojban/2021_06/2021_06_23.txt,,,,1
2021-06-24,15,15,3,-0700,iso,lojban/2021_06/2021_06_24.txt,,,,1
2021-06-25,2,2,1,-0700,iso,lojban/2021_06/2021_06_25.txt,,,,1
2021-06-26,6,6,4,-0700,iso,lojban/2021_06/2021_06_26.txt,,,,1
2021-06-27,11,11,4,-0700,iso,lojban/2021_06/2021_06_27.txt,,,,1
2021-06-28,36,36,7,-0700,iso,lojban/2021_06/2021_06_28.txt,,,,1
2021-06-29,35,35,8,-0700,iso,lojban/2021_06/2021_06_29.txt,,,,1
2021-06-30,5,5,3,-0700,iso,lojban/2021_06/2021_06_30.txt,,,,1
2021-07-01,2,2,1,-0700,iso,lojban/2021_07/2021_07_01.txt,,,,1
2021-07-02,1,1,1,-0700,iso,lojban/2021_07/2021_07_02.txt,,,,1
2021-07-03,3,3,1,-0700,iso,lojban/2021_07/2021_07_03.txt,,,,1
2021-07-05,4,4,2,-0700,iso,lojban/2021_07/2021_07_05.txt,,,,1
2021-07-06,2,2,2,-0700,iso,lojban/2021_07/2021_07_06.txt,,,,1
2021-07-07,1,1,1,-0700,iso,lojban/2021_07/2021_07_07.txt,,,,1
2021-07-10,73,73,7,-0700,iso,lojban/2021_07/2021_07_10.txt,,,,1
2021-07-11,48,48,6,-0700,iso,lojban/2021_07/2021_07_11.txt,,,,1
2021-07-12,6,6,3,-0700,iso,lojban/2021_07/2021_07_12.txt,,,,1
2021-07-14,4,4,3,-0700,iso,lojban/2021_07/2021_07_14.txt,,,,1
2021-07-15,10,10,4,-0700,iso,lojban/2021_07/2021_07_15.txt,,,,1
2021-07-16,1,1,1,-0700,iso,lojban/2021_07/2021_07_16.txt,,,,1
2021-07-17,15,15,4,-0700,iso,lojban/2021_07/2021_07_17.txt,,,,1
2021-07-19,63,63,6,-0700,iso,lojban/2021_07/2021_07_19.txt,,,,1
2021-07-20,25,25,5,-0700,iso,lojban/2021_07/2021_07_20.txt,,,,1
2021-07-23,1,1,1,-0700,iso,lojban/2021_07/2021_07_23.txt,,,,1
2021-07-24,6,6,3,-0700,iso,lojban/2021_07/2021_07_24.txt,,,,1
2021-07-25,2,2,2,-0700,iso,lojban/2021_07/2021_07_25.txt,,,,1
2021-07-27,2,2,1,-0700,iso,lojban/2021_07/2021_07_27.txt,,,,1
2021-07-28,1,1,1,-0700,iso,lojban/2021_07/2021_07_28.txt,,,,1
2021-07-29,20,20,5,-0700,iso,lojban/2021_07/2021_07_29.txt,,,,1
2021-07-30,7,7,5,-0700,iso,lojban/2021_07/2021_07_30.txt,,,,1
2021-07-31,2,2,1,-0700,iso,lojban/2021_07/2021_07_31.txt,,,,1
2021-08-01,1,1,1,-0700,iso,lojban/2021_08/2021_08_01.txt,,,,1
2021-08-02,2,2,2,-0700,iso,lojban/2021_08/2021_08_02.txt,,,,1
2021-08-03,4,4,2,-0700,iso,lojban/2021_08/2021_08_03.txt,,,,1
2021-08-04,1,1,1,-0700,iso,lojban/2021_08/2021_08_04.txt,,,,1
2021-08-05,22,22,3,-0700,iso,lojban/2021_08/2021_08_05.txt,,,,1
2021-08-06,11,11,6,-0700,iso,lojban/2021_08/2021_08_06.txt,,,,1
2021-08-07,2,2,2,-0700,iso,lojban/2021_08/2021_08_07.txt,,,,1
2021-08-09,4,4,2,-0700,iso,lojban/2021_08/2021_08_09.txt,,,,1
2021-08-10,23,23,3,-0700,iso,lojban/2021_08/2021_08_10.txt,,,,1
2021-08-11,17,17,3,-0700,iso,lojban/2021_08/2021_08_11.txt,,,,1
2021-08-12,1,1,1,-0700,iso,lojban/2021_08/2021_08_12.txt,,,,1
2021-08-13,2,2,1,-0700,iso,lojban/2021_08/2021_08_13.txt,,,,1
2021-08-14,22,22,5,-0700,iso,lojban/2021_08/2021_08_14.txt,,,,1
2021-08-15,11,11,5,-0700,iso,lojban/2021_08/2021_08_15.txt,,,,1
2021-08-16,3,3,1,-0700,iso,lojban/2021_08/2021_08_16.txt,,,,1
2021-08-17,9,9,1,-0700,iso,lojban/2021_08/2021_08_17.txt,,,,1
2021-08-18,299,299,12,-0700,iso,lojban/2021_08/2021_08_18.txt,,,,1
2021-08-19,3,3,3,-0700,iso,lojban/2021_08/2021_08_19.txt,,,,1
2021-08-20,3,3,3,-0700,iso,lojban/2021_08/2021_08_20.txt,,,,1
2021-08-21,1,1,1,-0700,iso,lojban/2021_08/2021_08_21.txt,,,,1
2021-08-22,11,11,5,-0700,iso,lojban/2021_08/2021_08_22.txt,,,,1
2021-08-23,47,47,7,-0700,iso,lojban/2021_08/2021_08_23.txt,,,,1
2021-08-24,23,23,5,-0700,iso,lojban/2021_08/2021_08_24.txt,,,,1
2021-08-25,2,2,2,-0700,iso,lojban/2021_08/2021_08_25.txt,,,,1
2021-08-26,21,21,4,-0700,iso,lojban/2021_08/2021_08_26.txt,,,,1
2021-08-27,73,73,6,-0700,iso,lojban/2021_08/2021_08_27.txt,,,,1
2021-08-28,9,9,5,-0700,iso,lojban/2021_08/2021_08_28.txt,,,,1
2021-08-29,4,4,2,-0700,iso,lojban/2021_08/2021_08_29.txt,,,,1
2021-08-30,7,7,4,-0700,iso,lojban/2021_08/2021_08_30.txt,,,,1
2021-08-31,27,27,6,-0700,iso,lojban/2021_08/2021_08_31.txt,,,,1
2021-09-01,3,3,2,-0700,iso,lojban/2021_09/2021_09_01.txt,,,,1
2021-09-02,3,3,2,-0700,iso,lojban/2021_09/2021_09_02.txt,,,,1
2021-09-03,1,1,1,-0700,iso,lojban/2021_09/2021_09_03.txt,,,,1
2021-09-04,4,4,2,-0700,iso,lojban/2021_09/2021_09_04.txt,,,,1
2021-09-05,23,23,1,-0700,iso,lojban/2021_09/2021_09_05.txt,,,,1
2021-09-06,18,18,5,-0700,iso,lojban/2021_09/2021_09_06.txt,,,,1
2021-09-07,5,5,2,-0700,iso,lojban/2021_09/2021_09_07.txt,,,,1
2021-09-08,3,3,2,-0700,iso,lojban/2021_09/2021_09_08.txt,,,,1
2021-09-09,11,11,3,-0700,iso,lojban/2021_09/2021_09_09.txt,,,,1
2021-09-10,17,17,3,-0700,iso,lojban/2021_09/2021_09_10.txt,,,,1
2021-09-11,28,28,3,-0700,iso,lojban/2021_09/2021_09_11.txt,,,,1
2021-09-12,17,17,1,-0700,iso,lojban/2021_09/2021_09_12.txt,,,,1
2021-09-13,2,2,2,-0700,iso,lojban/2021_09/2021_09_13.txt,,,,1
2021-09-14,2,2,1,-0700,iso,lojban/2021_09/2021_09_14.txt,,,,1
2021-09-15,1,1,1,-0700,iso,lojban/2021_09/2021_09_15.txt,,,,1
2021-09-16,5,5,3,-0700,iso,lojban/2021_09/2021_09_16.txt,,,,1
2021-09-17,2,2,1,-0700,iso,lojban/2021_09/2021_09_17.txt,,,,1
2021-09-18,14,14,4,-0700,iso,lojban/2021_09/2021_09_18.txt,,,,1
2021-09-19,12,12,3,-0700,iso,lojban/2021_09/2021_09_19.txt,,,,1
2021-09-20,19,19,7,-0700,iso,lojban/2021_09/2021_09_20.txt,,,,1
2021-09-21,19,19,5,-0700,iso,lojban/2021_09/2021_09_21.txt,,,,1
2021-09-22,2,2,1,-0700,iso,lojban/2021_09/2021_09_22.txt,,,,1
2021-09-23,69,69,11,-0700,iso,lojban/2021_09/2021_09_23.txt,,,,1
2021-09-24,5,5,3,-0700,iso,lojban/2021_09/2021_09_24.txt,,,,1
2021-09-25,8,8,3,-0700,iso,lojban/2021_09/2021_09_25.txt,,,,1
2021-09-26,6,6,5,-0700,iso,lojban/2021_09/2021_09_26.txt,,,,1
2021-09-27,1,1,1,-0700,iso,lojban/2021_09/2021_09_27.txt,,,,1
2021-09-28,11,11,3,-0700,iso,lojban/2021_09/2021_09_28.txt,,,,1
2021-09-29,12,12,4,-0700,iso,lojban/2021_09/2021_09_29.txt,,,,1
2021-09-30,2,2,2,-0700,iso,lojban/2021_09/2021_09_30.txt,,,,1
2021-10-01,6,6,3,-0700,iso,lojban/2021_10/2021_10_01.txt,,,,1
2021-10-02,19,19,4,-0700,iso,lojban/2021_10/2021_10_02.txt,,,,1
2021-10-03,2,2,2,-0700,iso,lojban/2021_10/2021_10_03.txt,,,,1
2021-10-06,76,76,6,-0700,iso,lojban/2021_10/2021_10_06.txt,,,,1
2021-10-07,8,8,5,-0700,iso,lojban/2021_10/2021_10_07.txt,,,,1
2021-10-08,4,4,2,-0700,iso,lojban/2021_10/2021_10_08.txt,,,,1
2021-10-09,16,16,3,-0700,iso,lojban/2021_10/2021_10_09.txt,,,,1
2021-10-10,3,3,3,-0700,iso,lojban/2021_10/2021_10_10.txt,,,,1
2021-10-11,2,2,2,-0700,iso,lojban/2021_10/2021_10_11.txt,,,,1
2021-10-12,16,16,4,-0700,iso,lojban/2021_10/2021_10_12.txt,,,,1
2021-10-13,8,8,4,-0700,iso,lojban/2021_10/2021_10_13.txt,,,,1
2021-10-14,6,6,5,-0700,iso,lojban/2021_10/2021_10_14.txt,,,,1
2021-10-16,25,25,6,-0700,iso,lojban/2021_10/2021_10_16.txt,,,,1
2021-10-17,2,2,2,-0700,iso,lojban/2021_10/2021_10_17.txt,,,,1
2021-10-18,2,2,2,-0700,iso,lojban/2021_10/2021_10_18.txt,,,,1
2021-10-19,4,4,2,-0700,iso,lojban/2021_10/2021_10_19.txt,,,,1
2021-10-20,9,9,6,-0700,iso,lojban/2021_10/2021_10_20.txt,,,,1
2021-10-21,19,19,5,-0700,iso,lojban/2021_10/2021_10_21.txt,,,,1
2021-10-22,8,8,5,-0700,iso,lojban/2021_10/2021_10_22.txt,,,,1
2021-10-23,6,6,2,-0700,iso,lojban/2021_10/2021_10_23.txt,,,,1
2021-10-24,2,2,2,-0700,iso,lojban/2021_10/2021_10_24.txt,,,,1
2021-10-25,2,2,1,-0700,iso,lojban/2021_10/2021_10_25.txt,,,,1
2021-10-26,17,17,4,-0700,iso,lojban/2021_10/2021_10_26.txt,,,,1
2021-10-27,31,31,4,-0700,iso,lojban/2021_10/2021_10_27.txt,,,,1
2021-10-28,7,7,2,-0700,iso,lojban/2021_10/2021_10_28.txt,,,,1
2021-10-29,1,1,1,-0700,iso,lojban/2021_10/2021_10_29.txt,,,,1
2021-10-30,15,15,3,-0700,iso,lojban/2021_10/2021_10_30.txt,,,,1
2021-10-31,13,13,5,-0700,iso,lojban/2021_10/2021_10_31.txt,,,,1
2021-11-01,1,1,1,-0700,iso,lojban/2021_11/2021_11_01.txt,,,,1
2021-11-02,1,1,1,-0700,iso,lojban/2021_11/2021_11_02.txt,,,,1
2021-11-03,2,2,2,-0700,iso,lojban/2021_11/2021_11_03.txt,,,,1
2021-11-04,8,8,3,-0700,iso,lojban/2021_11/2021_11_04.txt,,,,1
2021-11-05,3,3,2,-0700,iso,lojban/2021_11/2021_11_05.txt,,,,1
2021-11-06,24,24,2,-0700,iso,lojban/2021_11/2021_11_06.txt,,,,1
2021-11-07,7,7,5,-0800,iso,lojban/2021_11/2021_11_07.txt,,,,1
2021-11-08,38,38,7,-0800,iso,lojban/2021_11/2021_11_08.txt,,,,1
2021-11-09,2,2,1,-0800,iso,lojban/2021_11/2021_11_09.txt,,,,1
2021-11-11,1,1,1,-0800,iso,lojban/2021_11/2021_11_11.txt,,,,1
2021-11-12,8,8,4,-0800,iso,lojban/2021_11/2021_11_12.txt,,,,1
2021-11-13,5,5,2,-0800,iso,lojban/2021_11/2021_11_13.txt,,,,1
2021-11-14,32,32,6,-0800,iso,lojban/2021_11/2021_11_14.txt,,,,1
2021-11-15,1,1,1,-0800,iso,lojban/2021_11/2021_11_15.txt,,,,1
2021-11-16,2,2,2,-0800,iso,lojban/2021_11/2021_11_16.txt,,,,1
2021-11-17,6,6,3,-0800,iso,lojban/2021_11/2021_11_17.txt,,,,1
2021-11-18,27,27,4,-0800,iso,lojban/2021_11/2021_11_18.txt,,,,1
2021-11-19,2,2,2,-0800,iso,lojban/2021_11/2021_11_19.txt,,,,1
2021-11-20,4,4,1,-0800,iso,lojban/2021_11/2021_11_20.txt,,,,1
2021-11-21,9,9,4,-0800,iso,lojban/2021_11/2021_11_21.txt,,,,1
2021-11-22,1,1,1,-0800,iso,lojban/2021_11/2021_11_22.txt,,,,1
2021-11-23,1,1,1,-0800,iso,lojban/2021_11/2021_11_23.txt,,,,1
2021-11-24,2,2,1,-0800,iso,lojban/2021_11/2021_11_24.txt,,,,1
2021-11-25,1,1,1,-0800,iso,lojban/2021_11/2021_11_25.txt,,,,1
2021-11-27,2,2,1,-0800,iso,lojban/2021_11/2021_11_27.txt,,,,1
2021-11-28,1,1,1,-0800,iso,lojban/2021_11/2021_11_28.txt,,,,1
2021-11-29,7,7,2,-0800,iso,lojban/2021_11/2021_11_29.txt,,,,1
2021-11-30,4,4,2,-0800,iso,lojban/2021_11/2021_11_30.txt,,,,1
2021-12-01,5,5,3,-0800,iso,lojban/2021_12/2021_12_01.txt,,,,1
2021-12-02,9,9,2,-0800,iso,lojban/2021_12/2021_12_02.txt,,,,1
2021-12-03,22,22,3,-0800,iso,lojban/2021_12/2021_12_03.txt,,,,1
2021-12-04,4,4,3,-0800,iso,lojban/2021_12/2021_12_04.txt,,,,1
2021-12-05,29,29,4,-0800,iso,lojban/2021_12/2021_12_05.txt,,,,1
2021-12-06,29,29,4,-0800,iso,lojban/2021_12/2021_12_06.txt,,,,1
2021-12-07,21,21,7,-0800,iso,lojban/2021_12/2021_12_07.txt,,,,1
2021-12-09,17,17,3,-0800,iso,lojban/2021_12/2021_12_09.txt,,,,1
2021-12-10,32,32,4,-0800,iso,lojban/2021_12/2021_12_10.txt,,,,1
2021-12-11,4,4,2,-0800,iso,lojban/2021_12/2021_12_11.txt,,,,1
2021-12-12,137,137,5,-0800,iso,lojban/2021_12/2021_12_12.txt,,,,1
2021-12-13,130,130,5,-0800,iso,lojban/2021_12/2021_12_13.txt,,,,1
2021-12-14,179,179,5,-0800,iso,lojban/2021_12/2021_12_14.txt,,,,1
2021-12-15,14,14,3,-0800,iso,lojban/2021_12/2021_12_15.txt,,,,1
2021-12-16,81,81,4,-0800,iso,lojban/2021_12/2021_12_16.txt,,,,1
2021-12-17,100,100,7,-0800,iso,lojban/2021_12/2021_12_17.txt,,,,1
2021-12-18,146,146,4,-0800,iso,lojban/2021_12/2021_12_18.txt,,,,1
2021-12-19,56,56,2,-0800,iso,lojban/2021_12/2021_12_19.txt,,,,1
2021-12-20,47,47,4,-0800,iso,lojban/2021_12/2021_12_20.txt,,,,1
2021-12-21,8,8,4,-0800,iso,lojban/2021_12/2021_12_21.txt,,,,1
2021-12-22,27,27,5,-0800,iso,lojban/2021_12/2021_12_22.txt,,,,1
2021-12-23,69,69,5,-0800,iso,lojban/2021_12/2021_12_23.txt,,,,1
2021-12-24,15,15,4,-0800,iso,lojban/2021_12/2021_12_24.txt,,,,1
2021-12-25,24,24,4,-0800,iso,lojban/2021_12/2021_12_25.txt,,,,1
2021-12-26,37,37,3,-0800,iso,lojban/2021_12/2021_12_26.txt,,,,1
2021-12-27,51,51,3,-0800,iso,lojban/2021_12/2021_12_27.txt,,,,1
2021-12-28,90,90,2,-0800,iso,lojban/2021_12/2021_12_28.txt,,,,1
2021-12-29,73,73,2,-0800,iso,lojban/2021_12/2021_12_29.txt,,,,1
2021-12-30,3,3,2,-0800,iso,lojban/2021_12/2021_12_30.txt,,,,1
2021-12-31,49,49,3,-0800,iso,lojban/2021_12/2021_12_31.txt,,,,1
2022-01-01,3,3,2,-0800,iso,lojban/2022_01/2022_01_01.txt,,,,1
2022-01-03,7,7,5,-0800,iso,lojban/2022_01/2022_01_03.txt,,,,1
2022-01-04,48,48,5,-0800,iso,lojban/2022_01/2022_01_04.txt,,,,1
2022-01-05,10,10,2,-0800,iso,lojban/2022_01/2022_01_05.txt,,,,1
2022-01-06,103,103,4,-0800,iso,lojban/2022_01/2022_01_06.txt,,,,1
2022-01-07,82,82,3,-0800,iso,lojban/2022_01/2022_01_07.txt,,,,1
2022-01-08,12,12,5,-0800,iso,lojban/2022_01/2022_01_08.txt,,,,1
2022-01-09,125,125,5,-0800,iso,lojban/2022_01/2022_01_09.txt,,,,1
2022-01-10,36,36,3,-0800,iso,lojban/2022_01/2022_01_10.txt,,,,1
2022-01-12,4,4,3,-0800,iso,lojban/2022_01/2022_01_12.txt,,,,1
2022-01-13,31,31,3,-0800,iso,lojban/2022_01/2022_01_13.txt,,,,1
2022-01-14,5,5,3,-0800,iso,lojban/2022_01/2022_01_14.txt,,,,1
2022-01-15,44,44,3,-0800,iso,lojban/2022_01/2022_01_15.txt,,,,1
2022-01-16,11,11,3,-0800,iso,lojban/2022_01/2022_01_16.txt,,,,1
2022-01-17,2,2,2,-0800,iso,lojban/2022_01/2022_01_17.txt,,,,1
2022-01-19,5,5,2,-0800,iso,lojban/2022_01/2022_01_19.txt,,,,1
2022-01-20,1,1,1,-0800,iso,lojban/2022_01/2022_01_20.txt,,,,1
2022-01-21,15,15,3,-0800,iso,lojban/2022_01/2022_01_21.txt,,,,1
2022-01-22,8,8,2,-0800,iso,lojban/2022_01/2022_01_22.txt,,,,1
2022-01-23,15,15,5,-0800,iso,lojban/2022_01/2022_01_23.txt,,,,1
2022-01-24,7,7,2,-0800,iso,lojban/2022_01/2022_01_24.txt,,,,1
2022-01-25,3,3,1,-0800,iso,lojban/2022_01/2022_01_25.txt,,,,1
2022-01-26,26,26,5,-0800,iso,lojban/2022_01/2022_01_26.txt,,,,1
2022-01-27,96,96,7,-0800,iso,lojban/2022_01/2022_01_27.txt,,,,1
2022-01-28,2,2,1,-0800,iso,lojban/2022_01/2022_01_28.txt,,,,1
2022-01-29,98,98,4,-0800,iso,lojban/2022_01/2022_01_29.txt,,,,1
2022-01-30,2,2,1,-0800,iso,lojban/2022_01/2022_01_30.txt,,,,1
2022-01-31,5,5,2,-0800,iso,lojban/2022_01/2022_01_31.txt,,,,1
2022-02-01,1,1,1,-0800,iso,lojban/2022_02/2022_02_01.txt,,,,1
2022-02-02,8,8,3,-0800,iso,lojban/2022_02/2022_02_02.txt,,,,1
2022-02-03,6,6,3,-0800,iso,lojban/2022_02/2022_02_03.txt,,,,1
2022-02-04,3,3,2,-0800,iso,lojban/2022_02/2022_02_04.txt,,,,1
2022-02-05,4,4,2,-0800,iso,lojban/2022_02/2022_02_05.txt,,,,1
2022-02-06,1,1,1,-0800,iso,lojban/2022_02/2022_02_06.txt,,,,1
2022-02-07,5,5,3,-0800,iso,lojban/2022_02/2022_02_07.txt,,,,1
2022-02-08,67,67,8,-0800,iso,lojban/2022_02/2022_02_08.txt,,,,1
2022-02-09,44,44,8,-0800,iso,lojban/2022_02/2022_02_09.txt,,,,1
2022-02-10,29,29,8,-0800,iso,lojban/2022_02/2022_02_10.txt,,,,1
2022-02-11,16,16,7,-0800,iso,lojban/2022_02/2022_02_11.txt,,,,1
2022-02-12,33,33,4,-0800,iso,lojban/2022_02/2022_02_12.txt,,,,1
2022-02-13,7,7,4,-0800,iso,lojban/2022_02/2022_02_13.txt,,,,1
2022-02-14,77,77,5,-0800,iso,lojban/2022_02/2022_02_14.txt,,,,1
2022-02-15,168,168,8,-0800,iso,lojban/2022_02/2022_02_15.txt,,,,1
2022-02-16,213,213,7,-0800,iso,lojban/2022_02/2022_02_16.txt,,,,1
2022-02-17,3,3,2,-0800,iso,lojban/2022_02/2022_02_17.txt,,,,1
2022-02-19,72,72,4,-0800,iso,lojban/2022_02/2022_02_19.txt,,,,1
2022-02-20,128,128,7,-0800,iso,lojban/2022_02/2022_02_20.txt,,,,1
2022-02-21,12,12,3,-0800,iso,lojban/2022_02/2022_02_21.txt,,,,1
2022-02-22,6,6,4,-0800,iso,lojban/2022_02/2022_02_22.txt,,,,1
2022-02-23,4,4,2,-0800,iso,lojban/2022_02/2022_02_23.txt,,,,1
2022-02-24,5,5,1,-0800,iso,lojban/2022_02/2022_02_24.txt,,,,1
2022-02-27,6,6,2,-0800,iso,lojban/2022_02/2022_02_27.txt,,,,1
2022-02-28,22,22,2,-0800,iso,lojban/2022_02/2022_02_28.txt,,,,1
2022-03-01,11,11,2,-0800,iso,lojban/2022_03/2022_03_01.txt,,,,1
2022-03-02,14,14,6,-0800,iso,lojban/2022_03/2022_03_02.txt,,,,1
2022-03-03,2,2,1,-0800,iso,lojban/2022_03/2022_03_03.txt,,,,1
2022-03-04,36,36,4,-0800,iso,lojban/2022_03/2022_03_04.txt,,,,1
2022-03-05,27,27,4,-0800,iso,lojban/2022_03/2022_03_05.txt,,,,1
2022-03-07,9,9,4,-0800,iso,lojban/2022_03/2022_03_07.txt,,,,1
2022-03-08,10,10,3,-0800,iso,lojban/2022_03/2022_03_08.txt,,,,1
2022-03-09,1,1,1,-0800,iso,lojban/2022_03/2022_03_09.txt,,,,1
2022-03-10,111,111,7,-0800,iso,lojban/2022_03/2022_03_10.txt,,,,1
2022-03-12,14,14,2,-0800,iso,lojban/2022_03/2022_03_12.txt,,,,1
2022-03-14,31,31,3,-0700,iso,lojban/2022_03/2022_03_14.txt,,,,1
2022-03-15,16,16,3,-0700,iso,lojban/2022_03/2022_03_15.txt,,,,1
2022-03-16,14,14,4,-0700,iso,lojban/2022_03/2022_03_16.txt,,,,1
2022-03-17,11,11,4,-0700,iso,lojban/2022_03/2022_03_17.txt,,,,1
2022-03-18,2,2,2,-0700,iso,lojban/2022_03/2022_03_18.txt,,,,1
2022-03-19,14,14,5,-0700,iso,lojban/2022_03/2022_03_19.txt,,,,1
2022-03-20,17,17,3,-0700,iso,lojban/2022_03/2022_03_20.txt,,,,1
2022-03-21,11,11,5,-0700,iso,lojban/2022_03/2022_03_21.txt,,,,1
2022-03-22,18,18,5,-0700,iso,lojban/2022_03/2022_03_22.txt,,,,1
2022-03-23,7,7,3,-0700,iso,lojban/2022_03/2022_03_23.txt,,,,1
2022-03-24,12,12,5,-0700,iso,lojban/2022_03/2022_03_24.txt,,,,1
2022-03-25,44,44,7,-0700,iso,lojban/2022_03/2022_03_25.txt,,,,1
2022-03-26,17,17,7,-0700,iso,lojban/2022_03/2022_03_26.txt,,,,1
2022-03-27,42,42,8,-0700,iso,lojban/2022_03/2022_03_27.txt,,,,1
2022-03-28,59,59,5,-0700,iso,lojban/2022_03/2022_03_28.txt,,,,1
2022-03-29,56,56,8,-0700,iso,lojban/2022_03/2022_03_29.txt,,,,1
2022-03-30,23,23,5,-0700,iso,lojban/2022_03/2022_03_30.txt,,,,1
2022-03-31,21,21,9,-0700,iso,lojban/2022_03/2022_03_31.txt,,,,1
2022-04-01,41,41,8,-0700,iso,lojban/2022_04/2022_04_01.txt,,,,1
2022-04-02,2,2,2,-0700,iso,lojban/2022_04/2022_04_02.txt,,,,1
2022-04-03,4,4,3,-0700,iso,lojban/2022_04/2022_04_03.txt,,,,1
2022-04-04,6,6,5,-0700,iso,lojban/2022_04/2022_04_04.txt,,,,1
2022-04-05,12,12,2,-0700,iso,lojban/2022_04/2022_04_05.txt,,,,1
2022-04-06,39,39,7,-0700,iso,lojban/2022_04/2022_04_06.txt,,,,1
2022-04-07,1,1,1,-0700,iso,lojban/2022_04/2022_04_07.txt,,,,1
2022-04-08,13,13,5,-0700,iso,lojban/2022_04/2022_04_08.txt,,,,1
2022-04-09,16,16,4,-0700,iso,lojban/2022_04/2022_04_09.txt,,,,1
2022-04-10,5,5,3,-0700,iso,lojban/2022_04/2022_04_10.txt,,,,1
2022-04-11,9,9,4,-0700,iso,lojban/2022_04/2022_04_11.txt,,,,1
2022-04-12,15,15,4,-0700,iso,lojban/2022_04/2022_04_12.txt,,,,1
2022-04-13,39,39,5,-0700,iso,lojban/2022_04/2022_04_13.txt,,,,1
2022-04-14,21,21,5,-0700,iso,lojban/2022_04/2022_04_14.txt,,,,1
2022-04-15,11,11,5,-0700,iso,lojban/2022_04/2022_04_15.txt,,,,1
2022-04-16,9,9,4,-0700,iso,lojban/2022_04/2022_04_16.txt,,,,1
2022-04-17,15,15,4,-0700,iso,lojban/2022_04/2022_04_17.txt,,,,1
2022-04-18,9,9,5,-0700,iso,lojban/2022_04/2022_04_18.txt,,,,1
2022-04-19,7,7,3,-0700,iso,lojban/2022_04/2022_04_19.txt,,,,1
2022-04-20,9,9,2,-0700,iso,lojban/2022_04/2022_04_20.txt,,,,1
2022-04-21,9,9,3,-0700,iso,lojban/2022_04/2022_04_21.txt,,,,1
2022-04-22,2,2,1,-0700,iso,lojban/2022_04/2022_04_22.txt,,,,1
2022-04-23,20,20,4,-0700,iso,lojban/2022_04/2022_04_23.txt,,,,1
2022-04-24,4,4,3,-0700,iso,lojban/2022_04/2022_04_24.txt,,,,1
2022-04-25,12,12,3,-0700,iso,lojban/2022_04/2022_04_25.txt,,,,1
2022-04-26,24,24,5,-0700,iso,lojban/2022_04/2022_04_26.txt,,,,1
2022-04-27,14,14,4,-0700,iso,lojban/2022_04/2022_04_27.txt,,,,1
2022-04-28,1,1,1,-0700,iso,lojban/2022_04/2022_04_28.txt,,,,1
2022-04-29,2,2,1,-0700,iso,lojban/2022_04/2022_04_29.txt,,,,1
2022-04-30,56,56,5,-0700,iso,lojban/2022_04/2022_04_30.txt,,,,1
2022-05-01,18,18,6,-0700,iso,lojban/2022_05/2022_05_01.txt,,,,1
2022-05-02,63,63,8,-0700,iso,lojban/2022_05/2022_05_02.txt,,,,1
2022-05-03,4,4,2,-0700,iso,lojban/2022_05/2022_05_03.txt,,,,1
2022-05-04,16,16,4,-0700,iso,lojban/2022_05/2022_05_04.txt,,,,1
2022-05-06,71,71,7,-0700,iso,lojban/2022_05/2022_05_06.txt,,,,1
2022-05-07,2,2,2,-0700,iso,lojban/2022_05/2022_05_07.txt,,,,1
2022-05-08,1,1,1,-0700,iso,lojban/2022_05/2022_05_08.txt,,,,1
2022-05-09,17,17,5,-0700,iso,lojban/2022_05/2022_05_09.txt,,,,1
2022-05-10,12,12,4,-0700,iso,lojban/2022_05/2022_05_10.txt,,,,1
2022-05-11,4,4,2,-0700,iso,lojban/2022_05/2022_05_11.txt,,,,1
2022-05-12,18,18,4,-0700,iso,lojban/2022_05/2022_05_12.txt,,,,1
2022-05-13,20,20,5,-0700,iso,lojban/2022_05/2022_05_13.txt,,,,1
2022-05-14,8,8,4,-0700,iso,lojban/2022_05/2022_05_14.txt,,,,1
2022-05-15,54,54,6,-0700,iso,lojban/2022_05/2022_05_15.txt,,,,1
2022-05-16,16,16,3,-0700,iso,lojban/2022_05/2022_05_16.txt,,,,1
2022-05-17,13,13,5,-0700,iso,lojban/2022_05/2022_05_17.txt,,,,1
2022-05-18,3,3,2,-0700,iso,lojban/2022_05/2022_05_18.txt,,,,1
2022-05-19,4,4,3,-0700,iso,lojban/2022_05/2022_05_19.txt,,,,1
2022-05-20,2,2,2,-0700,iso,lojban/2022_05/2022_05_20.txt,,,,1
2022-05-21,20,20,5,-0700,iso,lojban/2022_05/2022_05_21.txt,,,,1
2022-05-22,11,11,4,-0700,iso,lojban/2022_05/2022_05_22.txt,,,,1
2022-05-23,11,11,4,-0700,iso,lojban/2022_05/2022_05_23.txt,,,,1
2022-05-24,29,29,6,-0700,iso,lojban/2022_05/2022_05_24.txt,,,,1
2022-05-25,7,7,3,-0700,iso,lojban/2022_05/2022_05_25.txt,,,,1
2022-05-26,8,8,4,-0700,iso,lojban/2022_05/2022_05_26.txt,,,,1
2022-05-28,10,10,6,-0700,iso,lojban/2022_05/2022_05_28.txt,,,,1
2022-05-30,54,54,7,-0700,iso,lojban/2022_05/2022_05_30.txt,,,,1
2022-05-31,7,7,4,-0700,iso,lojban/2022_05/2022_05_31.txt,,,,1
2022-06-01,18,18,4,-0700,iso,lojban/2022_06/2022_06_01.txt,,,,1
2022-06-02,24,24,7,-0700,iso,lojban/2022_06/2022_06_02.txt,,,,1
2022-06-03,3,3,1,-0700,iso,lojban/2022_06/2022_06_03.txt,,,,1
2022-06-04,8,8,4,-0700,iso,lojban/2022_06/2022_06_04.txt,,,,1
2022-06-06,3,3,2,-0700,iso,lojban/2022_06/2022_06_06.txt,,,,1
2022-06-07,3,3,2,-0700,iso,lojban/2022_06/2022_06_07.txt,,,,1
2022-06-08,1,1,1,-0700,iso,lojban/2022_06/2022_06_08.txt,,,,1
2022-06-09,3,3,2,-0700,iso,lojban/2022_06/2022_06_09.txt,,,,1
2022-06-10,9,9,3,-0700,iso,lojban/2022_06/2022_06_10.txt,,,,1
2022-06-11,1,1,1,-0700,iso,lojban/2022_06/2022_06_11.txt,,,,1
2022-06-12,12,12,7,-0700,iso,lojban/2022_06/2022_06_12.txt,,,,1
2022-06-13,11,11,4,-0700,iso,lojban/2022_06/2022_06_13.txt,,,,1
2022-06-14,6,6,2,-0700,iso,lojban/2022_06/2022_06_14.txt,,,,1
2022-06-15,2,2,2,-0700,iso,lojban/2022_06/2022_06_15.txt,,,,1
2022-06-16,4,4,3,-0700,iso,lojban/2022_06/2022_06_16.txt,,,,1
2022-06-18,13,13,5,-0700,iso,lojban/2022_06/2022_06_18.txt,,,,1
2022-06-19,20,20,3,-0700,iso,lojban/2022_06/2022_06_19.txt,,,,1
2022-06-20,1,1,1,-0700,iso,lojban/2022_06/2022_06_20.txt,,,,1
2022-06-21,10,10,3,-0700,iso,lojban/2022_06/2022_06_21.txt,,,,1
2022-06-22,38,38,5,-0700,iso,lojban/2022_06/2022_06_22.txt,,,,1
2022-06-23,1,1,1,-0700,iso,lojban/2022_06/2022_06_23.txt,,,,1
2022-06-24,34,34,4,-0700,iso,lojban/2022_06/2022_06_24.txt,,,,1
2022-06-25,1,1,1,-0700,iso,lojban/2022_06/2022_06_25.txt,,,,1
2022-06-26,13,13,6,-0700,iso,lojban/2022_06/2022_06_26.txt,,,,1
2022-06-27,1,1,1,-0700,iso,lojban/2022_06/2022_06_27.txt,,,,1
2022-06-28,3,3,2,-0700,iso,lojban/2022_06/2022_06_28.txt,,,,1
2022-06-29,6,6,4,-0700,iso,lojban/2022_06/2022_06_29.txt,,,,1
2022-06-30,5,5,2,-0700,iso,lojban/2022_06/2022_06_30.txt,,,,1
2022-07-02,17,17,4,-0700,iso,lojban/2022_07/2022_07_02.txt,,,,1
2022-07-03,11,11,5,-0700,iso,lojban/2022_07/2022_07_03.txt,,,,1
2022-07-04,29,29,7,-0700,iso,lojban/2022_07/2022_07_04.txt,,,,1
2022-07-06,11,11,4,-0700,iso,lojban/2022_07/2022_07_06.txt,,,,1
2022-07-07,11,11,2,-0700,iso,lojban/2022_07/2022_07_07.txt,,,,1
2022-07-08,19,19,5,-0700,iso,lojban/2022_07/2022_07_08.txt,,,,1
2022-07-09,11,11,3,-0700,iso,lojban/2022_07/2022_07_09.txt,,,,1
2022-07-10,9,9,4,-0700,iso,lojban/2022_07/2022_07_10.txt,,,,1
2022-07-11,12,12,3,-0700,iso,lojban/2022_07/2022_07_11.txt,,,,1
2022-07-13,4,4,1,-0700,iso,lojban/2022_07/2022_07_13.txt,,,,1
2022-07-14,1,1,1,-0700,iso,lojban/2022_07/2022_07_14.txt,,,,1
2022-07-15,3,3,2,-0700,iso,lojban/2022_07/2022_07_15.txt,,,,1
2022-07-16,7,7,4,-0700,iso,lojban/2022_07/2022_07_16.txt,,,,1
2022-07-17,5,5,3,-0700,iso,lojban/2022_07/2022_07_17.txt,,,,1
2022-07-18,3,3,2,-0700,iso,lojban/2022_07/2022_07_18.txt,,,,1
2022-07-19,12,12,5,-0700,iso,lojban/2022_07/2022_07_19.txt,,,,1
2022-07-21,9,9,3,-0700,iso,lojban/2022_07/2022_07_21.txt,,,,1
2022-07-23,3,3,2,-0700,iso,lojban/2022_07/2022_07_23.txt,,,,1
2022-07-24,1,1,1,-0700,iso,lojban/2022_07/2022_07_24.txt,,,,1
2022-07-26,47,47,7,-0700,iso,lojban/2022_07/2022_07_26.txt,,,,1
2022-07-28,1,1,1,-0700,iso,lojban/2022_07/2022_07_28.txt,,,,1
2022-07-29,17,17,4,-0700,iso,lojban/2022_07/2022_07_29.txt,,,,1
2022-07-30,6,6,2,-0700,iso,lojban/2022_07/2022_07_30.txt,,,,1
2022-07-31,3,3,3,-0700,iso,lojban/2022_07/2022_07_31.txt,,,,1
2022-08-01,24,24,2,-0700,iso,lojban/2022_08/2022_08_01.txt,,,,1
2022-08-03,4,4,2,-0700,iso,lojban/2022_08/2022_08_03.txt,,,,1
2022-08-04,41,41,4,-0700,iso,lojban/2022_08/2022_08_04.txt,,,,1
2022-08-05,8,8,4,-0700,iso,lojban/2022_08/2022_08_05.txt,,,,1
2022-08-06,13,13,3,-0700,iso,lojban/2022_08/2022_08_06.txt,,,,1
2022-08-07,22,22,4,-0700,iso,lojban/2022_08/2022_08_07.txt,,,,1
2022-08-08,59,59,7,-0700,iso,lojban/2022_08/2022_08_08.txt,,,,1
2022-08-09,29,29,4,-0700,iso,lojban/2022_08/2022_08_09.txt,,,,1
2022-08-10,17,17,3,-0700,iso,lojban/2022_08/2022_08_10.txt,,,,1
2022-08-11,48,48,2,-0700,iso,lojban/2022_08/2022_08_11.txt,,,,1
2022-08-12,20,20,4,-0700,iso,lojban/2022_08/2022_08_12.txt,,,,1
2022-08-13,31,31,4,-0700,iso,lojban/2022_08/2022_08_13.txt,,,,1
2022-08-14,3,3,2,-0700,iso,lojban/2022_08/2022_08_14.txt,,,,1
2022-08-15,6,6,2,-0700,iso,lojban/2022_08/2022_08_15.txt,,,,1
2022-08-16,2,2,1,-0700,iso,lojban/2022_08/2022_08_16.txt,,,,1
2022-08-19,5,5,4,-0700,iso,lojban/2022_08/2022_08_19.txt,,,,1
2022-08-20,16,16,3,-0700,iso,lojban/2022_08/2022_08_20.txt,,,,1
2022-08-21,2,2,1,-0700,iso,lojban/2022_08/2022_08_21.txt,,,,1
2022-08-23,1,1,1,-0700,iso,lojban/2022_08/2022_08_23.txt,,,,1
2022-08-25,2,2,2,-0700,iso,lojban/2022_08/2022_08_25.txt,,,,1
2022-08-26,2,2,2,-0700,iso,lojban/2022_08/2022_08_26.txt,,,,1
2022-08-27,22,22,5,-0700,iso,lojban/2022_08/2022_08_27.txt,,,,1
2022-08-30,43,43,9,-0700,iso,lojban/2022_08/2022_08_30.txt,,,,1
2022-08-31,16,16,4,-0700,iso,lojban/2022_08/2022_08_31.txt,,,,1
2022-09-01,2,2,1,-0700,iso,lojban/2022_09/2022_09_01.txt,,,,1
2022-09-02,6,6,2,-0700,iso,lojban/2022_09/2022_09_02.txt,,,,1
2022-09-03,13,13,5,-0700,iso,lojban/2022_09/2022_09_03.txt,,,,1
2022-09-04,9,9,3,-0700,iso,lojban/2022_09/2022_09_04.txt,,,,1
2022-09-05,3,3,2,-0700,iso,lojban/2022_09/2022_09_05.txt,,,,1
2022-09-06,1,1,1,-0700,iso,lojban/2022_09/2022_09_06.txt,,,,1
2022-09-08,8,8,3,-0700,iso,lojban/2022_09/2022_09_08.txt,,,,1
2022-09-09,14,14,3,-0700,iso,lojban/2022_09/2022_09_09.txt,,,,1
2022-09-10,10,10,5,-0700,iso,lojban/2022_09/2022_09_10.txt,,,,1
2022-09-11,19,19,8,-0700,iso,lojban/2022_09/2022_09_11.txt,,,,1
2022-09-12,9,9,5,-0700,iso,lojban/2022_09/2022_09_12.txt,,,,1
2022-09-13,2,2,2,-0700,iso,lojban/2022_09/2022_09_13.txt,,,,1
2022-09-14,54,54,4,-0700,iso,lojban/2022_09/2022_09_14.txt,,,,1
2022-09-15,1,1,1,-0700,iso,lojban/2022_09/2022_09_15.txt,,,,1
2022-09-16,2,2,2,-0700,iso,lojban/2022_09/2022_09_16.txt,,,,1
2022-09-17,22,22,5,-0700,iso,lojban/2022_09/2022_09_17.txt,,,,1
2022-09-18,5,5,2,-0700,iso,lojban/2022_09/2022_09_18.txt,,,,1
2022-09-20,8,8,3,-0700,iso,lojban/2022_09/2022_09_20.txt,,,,1
2022-09-21,24,24,6,-0700,iso,lojban/2022_09/2022_09_21.txt,,,,1
2022-09-22,28,28,6,-0700,iso,lojban/2022_09/2022_09_22.txt,,,,1
2022-09-23,78,78,6,-0700,iso,lojban/2022_09/2022_09_23.txt,,,,1
2022-09-24,95,95,7,-0700,iso,lojban/2022_09/2022_09_24.txt,,,,1
2022-09-25,11,11,3,-0700,iso,lojban/2022_09/2022_09_25.txt,,,,1
2022-09-26,20,20,7,-0700,iso,lojban/2022_09/2022_09_26.txt,,,,1
2022-09-27,39,39,6,-0700,iso,lojban/2022_09/2022_09_27.txt,,,,1
2022-09-28,19,19,7,-0700,iso,lojban/2022_09/2022_09_28.txt,,,,1
2022-09-29,13,13,3,-0700,iso,lojban/2022_09/2022_09_29.txt,,,,1
2022-09-30,1,1,1,-0700,iso,lojban/2022_09/2022_09_30.txt,,,,1
2022-10-01,12,12,3,-0700,iso,lojban/2022_10/2022_10_01.txt,,,,1
2022-10-02,67,67,5,-0700,iso,lojban/2022_10/2022_10_02.txt,,,,1
2022-10-03,23,23,6,-0700,iso,lojban/2022_10/2022_10_03.txt,,,,1
2022-10-04,6,6,3,-0700,iso,lojban/2022_10/2022_10_04.txt,,,,1
2022-10-05,14,14,4,-0700,iso,lojban/2022_10/2022_10_05.txt,,,,1
2022-10-06,7,7,6,-0700,iso,lojban/2022_10/2022_10_06.txt,,,,1
2022-10-07,44,44,6,-0700,iso,lojban/2022_10/2022_10_07.txt,,,,1
2022-10-08,27,27,7,-0700,iso,lojban/2022_10/2022_10_08.txt,,,,1
2022-10-09,3,3,2,-0700,iso,lojban/2022_10/2022_10_09.txt,,,,1
2022-10-10,1,1,1,-0700,iso,lojban/2022_10/2022_10_10.txt,,,,1
2022-10-13,1,1,1,-0700,iso,lojban/2022_10/2022_10_13.txt,,,,1
2022-10-14,5,5,4,-0700,iso,lojban/2022_10/2022_10_14.txt,,,,1
2022-10-15,6,6,3,-0700,iso,lojban/2022_10/2022_10_15.txt,,,,1
2022-10-16,37,37,6,-0700,iso,lojban/2022_10/2022_10_16.txt,,,,1
2022-10-17,9,9,3,-0700,iso,lojban/2022_10/2022_10_17.txt,,,,1
2022-10-18,28,28,7,-0700,iso,lojban/2022_10/2022_10_18.txt,,,,1
2022-10-19,13,13,4,-0700,iso,lojban/2022_10/2022_10_19.txt,,,,1
2022-10-20,35,35,8,-0700,iso,lojban/2022_10/2022_10_20.txt,,,,1
2022-10-21,13,13,5,-0700,iso,lojban/2022_10/2022_10_21.txt,,,,1
2022-10-22,22,22,5,-0700,iso,lojban/2022_10/2022_10_22.txt,,,,1
2022-10-23,48,48,9,-0700,iso,lojban/2022_10/2022_10_23.txt,,,,1
2022-10-24,55,55,8,-0700,iso,lojban/2022_10/2022_10_24.txt,,,,1
2022-10-25,54,54,8,-0700,iso,lojban/2022_10/2022_10_25.txt,,,,1
2022-10-26,10,10,5,-0700,iso,lojban/2022_10/2022_10_26.txt,,,,1
2022-10-27,1,1,1,-0700,iso,lojban/2022_10/2022_10_27.txt,,,,1
2022-10-28,17,17,4,-0700,iso,lojban/2022_10/2022_10_28.txt,,,,1
2022-10-29,5,5,4,-0700,iso,lojban/2022_10/2022_10_29.txt,,,,1
2022-10-30,12,12,2,-0700,iso,lojban/2022_10/2022_10_30.txt,,,,1
2022-10-31,4,4,2,-0700,iso,lojban/2022_10/2022_10_31.txt,,,,1
2022-11-01,34,34,5,-0700,iso,lojban/2022_11/2022_11_01.txt,,,,1
2022-11-03,7,7,4,-0700,iso,lojban/2022_11/2022_11_03.txt,,,,1
2022-11-04,4,4,1,-0700,iso,lojban/2022_11/2022_11_04.txt,,,,1
2022-11-05,5,5,2,-0700,iso,lojban/2022_11/2022_11_05.txt,,,,1
2022-11-06,1,1,1,-0800,iso,lojban/2022_11/2022_11_06.txt,,,,1
2022-11-07,9,9,7,-0800,iso,lojban/2022_11/2022_11_07.txt,,,,1
2022-11-08,4,4,3,-0800,iso,lojban/2022_11/2022_11_08.txt,,,,1
2022-11-09,66,66,7,-0800,iso,lojban/2022_11/2022_11_09.txt,,,,1
2022-11-10,1,1,1,-0800,iso,lojban/2022_11/2022_11_10.txt,,,,1
2022-11-11,9,9,6,-0800,iso,lojban/2022_11/2022_11_11.txt,,,,1
2022-11-12,20,20,5,-0800,iso,lojban/2022_11/2022_11_12.txt,,,,1
2022-11-13,18,18,4,-0800,iso,lojban/2022_11/2022_11_13.txt,,,,1
2022-11-14,10,10,4,-0800,iso,lojban/2022_11/2022_11_14.txt,,,,1
2022-11-15,17,17,9,-0800,iso,lojban/2022_11/2022_11_15.txt,,,,1
2022-11-16,32,32,8,-0800,iso,lojban/2022_11/2022_11_16.txt,,,,1
2022-11-17,8,8,3,-0800,iso,lojban/2022_11/2022_11_17.txt,,,,1
2022-11-18,2,2,2,-0800,iso,lojban/2022_11/2022_11_18.txt,,,,1
2022-11-19,44,44,4,-0800,iso,lojban/2022_11/2022_11_19.txt,,,,1
2022-11-20,3,3,2,-0800,iso,lojban/2022_11/2022_11_20.txt,,,,1
2022-11-21,52,52,6,-0800,iso,lojban/2022_11/2022_11_21.txt,,,,1
2022-11-22,12,12,6,-0800,iso,lojban/2022_11/2022_11_22.txt,,,,1
2022-11-23,12,12,3,-0800,iso,lojban/2022_11/2022_11_23.txt,,,,1
2022-11-24,4,4,2,-0800,iso,lojban/2022_11/2022_11_24.txt,,,,1
2022-11-25,34,34,6,-0800,iso,lojban/2022_11/2022_11_25.txt,,,,1
2022-11-26,13,13,3,-0800,iso,lojban/2022_11/2022_11_26.txt,,,,1
2022-11-27,14,14,2,-0800,iso,lojban/2022_11/2022_11_27.txt,,,,1
2022-11-28,6,6,3,-0800,iso,lojban/2022_11/2022_11_28.txt,,,,1
2022-11-29,2,2,2,-0800,iso,lojban/2022_11/2022_11_29.txt,,,,1
2022-11-30,12,12,6,-0800,iso,lojban/2022_11/2022_11_30.txt,,,,1
2022-12-01,7,7,5,-0800,iso,lojban/2022_12/2022_12_01.txt,,,,1
2022-12-02,2,2,2,-0800,iso,lojban/2022_12/2022_12_02.txt,,,,1
2022-12-03,6,6,2,-0800,iso,lojban/2022_12/2022_12_03.txt,,,,1
2022-12-07,4,4,4,-0800,iso,lojban/2022_12/2022_12_07.txt,,,,1
2022-12-08,1,1,1,-0800,iso,lojban/2022_12/2022_12_08.txt,,,,1
2022-12-09,1,1,1,-0800,iso,lojban/2022_12/2022_12_09.txt,,,,1
2022-12-10,3,3,2,-0800,iso,lojban/2022_12/2022_12_10.txt,,,,1
2022-12-11,7,7,5,-0800,iso,lojban/2022_12/2022_12_11.txt,,,,1
2022-12-12,14,14,4,-0800,iso,lojban/2022_12/2022_12_12.txt,,,,1
2022-12-14,7,7,4,-0800,iso,lojban/2022_12/2022_12_14.txt,,,,1
2022-12-16,1,1,1,-0800,iso,lojban/2022_12/2022_12_16.txt,,,,1
2022-12-17,1,1,1,-0800,iso,lojban/2022_12/2022_12_17.txt,,,,1
2022-12-18,4,4,3,-0800,iso,lojban/2022_12/2022_12_18.txt,,,,1
2022-12-22,6,6,3,-0800,iso,lojban/2022_12/2022_12_22.txt,,,,1
2022-12-23,14,14,3,-0800,iso,lojban/2022_12/2022_12_23.txt,,,,1
2022-12-26,3,3,2,-0800,iso,lojban/2022_12/2022_12_26.txt,,,,1
2022-12-27,1,1,1,-0800,iso,lojban/2022_12/2022_12_27.txt,,,,1
2022-12-28,5,5,2,-0800,iso,lojban/2022_12/2022_12_28.txt,,,,1
2022-12-29,2,2,2,-0800,iso,lojban/2022_12/2022_12_29.txt,,,,1
2022-12-30,10,10,6,-0800,iso,lojban/2022_12/2022_12_30.txt,,,,1
2022-12-31,5,5,3,-0800,iso,lojban/2022_12/2022_12_31.txt,,,,1
2023-01-03,5,5,2,-0800,iso,lojban/2023_01/2023_01_03.txt,,,,1
2023-01-04,12,12,3,-0800,iso,lojban/2023_01/2023_01_04.txt,,,,1
2023-01-05,4,4,2,-0800,iso,lojban/2023_01/2023_01_05.txt,,,,1
2023-01-06,2,2,2,-0800,iso,lojban/2023_01/2023_01_06.txt,,,,1
2023-01-07,5,5,2,-0800,iso,lojban/2023_01/2023_01_07.txt,,,,1
2023-01-11,1,1,1,-0800,iso,lojban/2023_01/2023_01_11.txt,,,,1
2023-01-12,6,6,4,-0800,iso,lojban/2023_01/2023_01_12.txt,,,,1
2023-01-13,8,8,2,-0800,iso,lojban/2023_01/2023_01_13.txt,,,,1
2023-01-14,2,2,2,-0800,iso,lojban/2023_01/2023_01_14.txt,,,,1
2023-01-15,3,3,2,-0800,iso,lojban/2023_01/2023_01_15.txt,,,,1
2023-01-16,2,2,2,-0800,iso,lojban/2023_01/2023_01_16.txt,,,,1
2023-01-17,22,22,10,-0800,iso,lojban/2023_01/2023_01_17.txt,,,,1
2023-01-19,1,1,1,-0800,iso,lojban/2023_01/2023_01_19.txt,,,,1
2023-01-20,2,2,2,-0800,iso,lojban/2023_01/2023_01_20.txt,,,,1
2023-01-21,5,5,2,-0800,iso,lojban/2023_01/2023_01_21.txt,,,,1
2023-01-23,4,4,3,-0800,iso,lojban/2023_01/2023_01_23.txt,,,,1
2023-01-25,9,9,5,-0800,iso,lojban/2023_01/2023_01_25.txt,,,,1
2023-01-26,15,15,5,-0800,iso,lojban/2023_01/2023_01_26.txt,,,,1
2023-01-27,6,6,2,-0800,iso,lojban/2023_01/2023_01_27.txt,,,,1
2023-01-30,1,1,1,-0800,iso,lojban/2023_01/2023_01_30.txt,,,,1
2023-01-31,4,4,2,-0800,iso,lojban/2023_01/2023_01_31.txt,,,,1
2023-02-03,1,1,1,-0800,iso,lojban/2023_02/2023_02_03.txt,,,,1
2023-02-04,5,5,3,-0800,iso,lojban/2023_02/2023_02_04.txt,,,,1
2023-02-06,5,5,3,-0800,iso,lojban/2023_02/2023_02_06.txt,,,,1
2023-02-07,3,3,2,-0800,iso,lojban/2023_02/2023_02_07.txt,,,,1
2023-02-08,9,9,4,-0800,iso,lojban/2023_02/2023_02_08.txt,,,,1
2023-02-09,28,28,6,-0800,iso,lojban/2023_02/2023_02_09.txt,,,,1
2023-02-11,64,64,6,-0800,iso,lojban/2023_02/2023_02_11.txt,,,,1
2023-02-12,1,1,1,-0800,iso,lojban/2023_02/2023_02_12.txt,,,,1
2023-02-13,5,5,2,-0800,iso,lojban/2023_02/2023_02_13.txt,,,,1
2023-02-14,10,10,4,-0800,iso,lojban/2023_02/2023_02_14.txt,,,,1
2023-02-15,9,9,2,-0800,iso,lojban/2023_02/2023_02_15.txt,,,,1
2023-02-16,9,9,2,-0800,iso,lojban/2023_02/2023_02_16.txt,,,,1
2023-02-17,5,5,3,-0800,iso,lojban/2023_02/2023_02_17.txt,,,,1
2023-02-19,4,4,4,-0800,iso,lojban/2023_02/2023_02_19.txt,,,,1
2023-02-20,24,24,5,-0800,iso,lojban/2023_02/2023_02_20.txt,,,,1
2023-02-21,1,1,1,-0800,iso,lojban/2023_02/2023_02_21.txt,,,,1
2023-02-22,17,17,6,-0800,iso,lojban/2023_02/2023_02_22.txt,,,,1
2023-02-23,1,1,1,-0800,iso,lojban/2023_02/2023_02_23.txt,,,,1
2023-02-27,2,2,2,-0800,iso,lojban/2023_02/2023_02_27.txt,,,,1
2023-02-28,5,5,2,-0800,iso,lojban/2023_02/2023_02_28.txt,,,,1
2023-03-01,15,15,5,-0800,iso,lojban/2023_03/2023_03_01.txt,,,,1
2023-03-02,143,143,7,-0800,iso,lojban/2023_03/2023_03_02.txt,,,,1
2023-03-03,16,16,4,-0800,iso,lojban/2023_03/2023_03_03.txt,,,,1
2023-03-04,23,23,4,-0800,iso,lojban/2023_03/2023_03_04.txt,,,,1
2023-03-06,6,6,3,-0800,iso,lojban/2023_03/2023_03_06.txt,,,,1
2023-03-07,10,10,4,-0800,iso,lojban/2023_03/2023_03_07.txt,,,,1
2023-03-08,10,10,5,-0800,iso,lojban/2023_03/2023_03_08.txt,,,,1
2023-03-11,27,27,6,-0800,iso,lojban/2023_03/2023_03_11.txt,,,,1
2023-03-12,4,4,3,-0700,iso,lojban/2023_03/2023_03_12.txt,,,,1
2023-03-14,10,10,3,-0700,iso,lojban/2023_03/2023_03_14.txt,,,,1
2023-03-15,1,1,1,-0700,iso,lojban/2023_03/2023_03_15.txt,,,,1
2023-03-16,18,18,5,-0700,iso,lojban/2023_03/2023_03_16.txt,,,,1
2023-03-17,12,12,5,-0700,iso,lojban/2023_03/2023_03_17.txt,,,,1
2023-03-18,1,1,1,-0700,iso,lojban/2023_03/2023_03_18.txt,,,,1
2023-03-19,16,16,3,-0700,iso,lojban/2023_03/2023_03_19.txt,,,,1
2023-03-20,7,7,3,-0700,iso,lojban/2023_03/2023_03_20.txt,,,,1
2023-03-21,264,264,6,-0700,iso,lojban/2023_03/2023_03_21.txt,,,,1
2023-03-22,3,3,3,-0700,iso,lojban/2023_03/2023_03_22.txt,,,,1
2023-03-23,14,14,4,-0700,iso,lojban/2023_03/2023_03_23.txt,,,,1
2023-03-24,15,15,6,-0700,iso,lojban/2023_03/2023_03_24.txt,,,,1
2023-03-25,3,3,2,-0700,iso,lojban/2023_03/2023_03_25.txt,,,,1
2023-03-26,7,7,3,-0700,iso,lojban/2023_03/2023_03_26.txt,,,,1
2023-03-28,18,18,6,-0700,iso,lojban/2023_03/2023_03_28.txt,,,,1
2023-03-29,50,50,3,-0700,iso,lojban/2023_03/2023_03_29.txt,,,,1
2023-03-30,7,7,2,-0700,iso,lojban/2023_03/2023_03_30.txt,,,,1
2023-03-31,13,13,5,-0700,iso,lojban/2023_03/2023_03_31.txt,,,,1
2023-04-01,9,9,5,-0700,iso,lojban/2023_04/2023_04_01.txt,,,,1
2023-04-02,7,7,3,-0700,iso,lojban/2023_04/2023_04_02.txt,,,,1
2023-04-03,21,21,6,-0700,iso,lojban/2023_04/2023_04_03.txt,,,,1
2023-04-04,9,9,4,-0700,iso,lojban/2023_04/2023_04_04.txt,,,,1
2023-04-05,1,1,1,-0700,iso,lojban/2023_04/2023_04_05.txt,,,,1
2023-04-07,4,4,4,-0700,iso,lojban/2023_04/2023_04_07.txt,,,,1
2023-04-08,2,2,1,-0700,iso,lojban/2023_04/2023_04_08.txt,,,,1
2023-04-09,47,47,8,-0700,iso,lojban/2023_04/2023_04_09.txt,,,,1
2023-04-10,1,1,1,-0700,iso,lojban/2023_04/2023_04_10.txt,,,,1
2023-04-12,2,2,2,-0700,iso,lojban/2023_04/2023_04_12.txt,,,,1
2023-04-13,48,48,9,-0700,iso,lojban/2023_04/2023_04_13.txt,,,,1
2023-04-15,17,17,7,-0700,iso,lojban/2023_04/2023_04_15.txt,,,,1
2023-04-16,1,1,1,-0700,iso,lojban/2023_04/2023_04_16.txt,,,,1
2023-04-17,11,11,3,-0700,iso,lojban/2023_04/2023_04_17.txt,,,,1
2023-04-18,34,34,6,-0700,iso,lojban/2023_04/2023_04_18.txt,,,,1
2023-04-19,6,6,4,-0700,iso,lojban/2023_04/2023_04_19.txt,,,,1
2023-04-20,5,5,3,-0700,iso,lojban/2023_04/2023_04_20.txt,,,,1
2023-04-21,15,15,7,-0700,iso,lojban/2023_04/2023_04_21.txt,,,,1
2023-04-22,3,3,2,-0700,iso,lojban/2023_04/2023_04_22.txt,,,,1
2023-04-24,1,1,1,-0700,iso,lojban/2023_04/2023_04_24.txt,,,,1
2023-04-26,157,157,5,-0700,iso,lojban/2023_04/2023_04_26.txt,,,,1
2023-04-27,1,1,1,-0700,iso,lojban/2023_04/2023_04_27.txt,,,,1
2023-04-28,2,2,1,-0700,iso,lojban/2023_04/2023_04_28.txt,,,,1
2023-04-29,33,33,6,-0700,iso,lojban/2023_04/2023_04_29.txt,,,,1
2023-04-30,30,30,4,-0700,iso,lojban/2023_04/2023_04_30.txt,,,,1
2023-05-01,2,2,2,-0700,iso,lojban/2023_05/2023_05_01.txt,,,,1
2023-05-02,12,12,4,-0700,iso,lojban/2023_05/2023_05_02.txt,,,,1
2023-05-03,8,8,3,-0700,iso,lojban/2023_05/2023_05_03.txt,,,,1
2023-05-05,19,19,3,-0700,iso,lojban/2023_05/2023_05_05.txt,,,,1
2023-05-06,22,22,5,-0700,iso,lojban/2023_05/2023_05_06.txt,,,,1
2023-05-07,16,16,6,-0700,iso,lojban/2023_05/2023_05_07.txt,,,,1
2023-05-10,9,9,5,-0700,iso,lojban/2023_05/2023_05_10.txt,,,,1
2023-05-11,4,4,3,-0700,iso,lojban/2023_05/2023_05_11.txt,,,,1
2023-05-12,53,53,7,-0700,iso,lojban/2023_05/2023_05_12.txt,,,,1
2023-05-13,11,11,4,-0700,iso,lojban/2023_05/2023_05_13.txt,,,,1
2023-05-14,2,2,2,-0700,iso,lojban/2023_05/2023_05_14.txt,,,,1
2023-05-15,3,3,2,-0700,iso,lojban/2023_05/2023_05_15.txt,,,,1
2023-05-18,6,6,2,-0700,iso,lojban/2023_05/2023_05_18.txt,,,,1
2023-05-19,77,77,7,-0700,iso,lojban/2023_05/2023_05_19.txt,,,,1
2023-05-20,6,6,5,-0700,iso,lojban/2023_05/2023_05_20.txt,,,,1
2023-05-21,1,1,1,-0700,iso,lojban/2023_05/2023_05_21.txt,,,,1
2023-05-22,1,1,1,-0700,iso,lojban/2023_05/2023_05_22.txt,,,,1
2023-05-23,5,5,3,-0700,iso,lojban/2023_05/2023_05_23.txt,,,,1
2023-05-24,1,1,1,-0700,iso,lojban/2023_05/2023_05_24.txt,,,,1
2023-05-25,7,7,3,-0700,iso,lojban/2023_05/2023_05_25.txt,,,,1
2023-05-26,9,9,6,-0700,iso,lojban/2023_05/2023_05_26.txt,,,,1
2023-05-27,1,1,1,-0700,iso,lojban/2023_05/2023_05_27.txt,,,,1
2023-05-28,13,13,3,-0700,iso,lojban/2023_05/2023_05_28.txt,,,,1
2023-05-29,1,1,1,-0700,iso,lojban/2023_05/2023_05_29.txt,,,,1
2023-06-01,2,2,1,-0700,iso,lojban/2023_06/2023_06_01.txt,,,,1
2023-06-02,1,1,1,-0700,iso,lojban/2023_06/2023_06_02.txt,,,,1
2023-06-03,2,2,2,-0700,iso,lojban/2023_06/2023_06_03.txt,,,,1
2023-06-04,3,3,2,-0700,iso,lojban/2023_06/2023_06_04.txt,,,,1
2023-06-07,8,8,2,-0700,iso,lojban/2023_06/2023_06_07.txt,,,,1
2023-06-09,6,6,4,-0700,iso,lojban/2023_06/2023_06_09.txt,,,,1
2023-06-10,7,7,3,-0700,iso,lojban/2023_06/2023_06_10.txt,,,,1
2023-06-12,1,1,1,-0700,iso,lojban/2023_06/2023_06_12.txt,,,,1
2023-06-15,3,3,2,-0700,iso,lojban/2023_06/2023_06_15.txt,,,,1
2023-06-17,1,1,1,-0700,iso,lojban/2023_06/2023_06_17.txt,,,,1
2023-06-19,8,8,3,-0700,iso,lojban/2023_06/2023_06_19.txt,,,,1
2023-06-20,3,3,2,-0700,iso,lojban/2023_06/2023_06_20.txt,,,,1
2023-06-21,14,14,4,-0700,iso,lojban/2023_06/2023_06_21.txt,,,,1
2023-06-23,4,4,4,-0700,iso,lojban/2023_06/2023_06_23.txt,,,,1
2023-06-28,4,4,4,-0700,iso,lojban/2023_06/2023_06_28.txt,,,,1
2023-06-29,4,4,2,-0700,iso,lojban/2023_06/2023_06_29.txt,,,,1
2023-06-30,1,1,1,-0700,iso,lojban/2023_06/2023_06_30.txt,,,,1
2023-07-01,4,4,2,-0700,iso,lojban/2023_07/2023_07_01.txt,,,,1
2023-07-02,5,5,3,-0700,iso,lojban/2023_07/2023_07_02.txt,,,,1
2023-07-05,5,5,3,-0700,iso,lojban/2023_07/2023_07_05.txt,,,,1
2023-07-07,32,32,5,-0700,iso,lojban/2023_07/2023_07_07.txt,,,,1
2023-07-09,6,6,3,-0700,iso,lojban/2023_07/2023_07_09.txt,,,,1
2023-07-10,2,2,2,-0700,iso,lojban/2023_07/2023_07_10.txt,,,,1
2023-07-11,2,2,2,-0700,iso,lojban/2023_07/2023_07_11.txt,,,,1
2023-07-12,14,14,2,-0700,iso,lojban/2023_07/2023_07_12.txt,,,,1
2023-07-14,7,7,3,-0700,iso,lojban/2023_07/2023_07_14.txt,,,,1
2023-07-15,4,4,4,-0700,iso,lojban/2023_07/2023_07_15.txt,,,,1
2023-07-16,2,2,2,-0700,iso,lojban/2023_07/2023_07_16.txt,,,,1
2023-07-17,1,1,1,-0700,iso,lojban/2023_07/2023_07_17.txt,,,,1
2023-07-18,2,2,2,-0700,iso,lojban/2023_07/2023_07_18.txt,,,,1
2023-07-20,3,3,3,-0700,iso,lojban/2023_07/2023_07_20.txt,,,,1
2023-07-21,4,4,2,-0700,iso,lojban/2023_07/2023_07_21.txt,,,,1
2023-07-22,8,8,3,-0700,iso,lojban/2023_07/2023_07_22.txt,,,,1
2023-07-23,2,2,2,-0700,iso,lojban/2023_07/2023_07_23.txt,,,,1
2023-07-24,16,16,5,-0700,iso,lojban/2023_07/2023_07_24.txt,,,,1
2023-07-25,47,47,5,-0700,iso,lojban/2023_07/2023_07_25.txt,,,,1
2023-07-26,17,17,5,-0700,iso,lojban/2023_07/2023_07_26.txt,,,,1
2023-07-27,26,26,8,-0700,iso,lojban/2023_07/2023_07_27.txt,,,,1
2023-07-28,7,7,5,-0700,iso,lojban/2023_07/2023_07_28.txt,,,,1
2023-07-29,5,5,5,-0700,iso,lojban/2023_07/2023_07_29.txt,,,,1
2023-07-30,18,18,7,-0700,iso,lojban/2023_07/2023_07_30.txt,,,,1
2023-08-02,5,5,3,-0700,iso,lojban/2023_08/2023_08_02.txt,,,,1
2023-08-03,14,14,4,-0700,iso,lojban/2023_08/2023_08_03.txt,,,,1
2023-08-04,4,4,3,-0700,iso,lojban/2023_08/2023_08_04.txt,,,,1
2023-08-05,9,9,2,-0700,iso,lojban/2023_08/2023_08_05.txt,,,,1
2023-08-06,7,7,4,-0700,iso,lojban/2023_08/2023_08_06.txt,,,,1
2023-08-07,5,5,3,-0700,iso,lojban/2023_08/2023_08_07.txt,,,,1
2023-08-08,6,6,3,-0700,iso,lojban/2023_08/2023_08_08.txt,,,,1
2023-08-10,2,2,2,-0700,iso,lojban/2023_08/2023_08_10.txt,,,,1
2023-08-11,3,3,2,-0700,iso,lojban/2023_08/2023_08_11.txt,,,,1
2023-08-12,2,2,2,-0700,iso,lojban/2023_08/2023_08_12.txt,,,,1
2023-08-13,11,11,5,-0700,iso,lojban/2023_08/2023_08_13.txt,,,,1
2023-08-14,13,13,5,-0700,iso,lojban/2023_08/2023_08_14.txt,,,,1
2023-08-15,12,12,7,-0700,iso,lojban/2023_08/2023_08_15.txt,,,,1
2023-08-16,3,3,1,-0700,iso,lojban/2023_08/2023_08_16.txt,,,,1
2023-08-17,9,9,4,-0700,iso,lojban/2023_08/2023_08_17.txt,,,,1
2023-08-18,5,5,3,-0700,iso,lojban/2023_08/2023_08_18.txt,,,,1
2023-08-19,4,4,4,-0700,iso,lojban/2023_08/2023_08_19.txt,,,,1
2023-08-20,15,15,4,-0700,iso,lojban/2023_08/2023_08_20.txt,,,,1
2023-08-23,14,14,6,-0700,iso,lojban/2023_08/2023_08_23.txt,,,,1
2023-08-24,21,21,3,-0700,iso,lojban/2023_08/2023_08_24.txt,,,,1
2023-08-25,16,16,4,-0700,iso,lojban/2023_08/2023_08_25.txt,,,,1
2023-08-26,4,4,2,-0700,iso,lojban/2023_08/2023_08_26.txt,,,,1
2023-08-27,4,4,4,-0700,iso,lojban/2023_08/2023_08_27.txt,,,,1
2023-08-28,8,8,3,-0700,iso,lojban/2023_08/2023_08_28.txt,,,,1
2023-08-29,7,7,3,-0700,iso,lojban/2023_08/2023_08_29.txt,,,,1
2023-08-30,1,1,1,-0700,iso,lojban/2023_08/2023_08_30.txt,,,,1
2023-09-01,1,1,1,-0700,iso,lojban/2023_09/2023_09_01.txt,,,,1
2023-09-02,3,3,3,-0700,iso,lojban/2023_09/2023_09_02.txt,,,,1
2023-09-03,10,10,3,-0700,iso,lojban/2023_09/2023_09_03.txt,,,,1
2023-09-09,16,16,5,-0700,iso,lojban/2023_09/2023_09_09.txt,,,,1
2023-09-10,3,3,3,-0700,iso,lojban/2023_09/2023_09_10.txt,,,,1
2023-09-12,1,1,1,-0700,iso,lojban/2023_09/2023_09_12.txt,,,,1
2023-09-15,3,3,3,-0700,iso,lojban/2023_09/2023_09_15.txt,,,,1
2023-09-17,5,5,2,-0700,iso,lojban/2023_09/2023_09_17.txt,,,,1
2023-09-18,4,4,3,-0700,iso,lojban/2023_09/2023_09_18.txt,,,,1
2023-09-19,1,1,1,-0700,iso,lojban/2023_09/2023_09_19.txt,,,,1
2023-09-24,4,4,3,-0700,iso,lojban/2023_09/2023_09_24.txt,,,,1
2023-09-28,2,2,2,-0700,iso,lojban/2023_09/2023_09_28.txt,,,,1
2023-09-29,1,1,1,-0700,iso,lojban/2023_09/2023_09_29.txt,,,,1
2023-09-30,4,4,2,-0700,iso,lojban/2023_09/2023_09_30.txt,,,,1
2023-10-01,1,1,1,-0700,iso,lojban/2023_10/2023_10_01.txt,,,,1
2023-10-02,1,1,1,-0700,iso,lojban/2023_10/2023_10_02.txt,,,,1
2023-10-03,12,12,4,-0700,iso,lojban/2023_10/2023_10_03.txt,,,,1
2023-10-04,7,7,4,-0700,iso,lojban/2023_10/2023_10_04.txt,,,,1
2023-10-05,4,4,4,-0700,iso,lojban/2023_10/2023_10_05.txt,,,,1
2023-10-07,1,1,1,-0700,iso,lojban/2023_10/2023_10_07.txt,,,,1
2023-10-08,16,16,7,-0700,iso,lojban/2023_10/2023_10_08.txt,,,,1
2023-10-09,5,5,1,-0700,iso,lojban/2023_10/2023_10_09.txt,,,,1
2023-10-10,5,5,3,-0700,iso,lojban/2023_10/2023_10_10.txt,,,,1
2023-10-13,11,11,6,-0700,iso,lojban/2023_10/2023_10_13.txt,,,,1
2023-10-14,9,9,4,-0700,iso,lojban/2023_10/2023_10_14.txt,,,,1
2023-10-15,14,14,6,-0700,iso,lojban/2023_10/2023_10_15.txt,,,,1
2023-10-16,8,8,5,-0700,iso,lojban/2023_10/2023_10_16.txt,,,,1
2023-10-18,2,2,1,-0700,iso,lojban/2023_10/2023_10_18.txt,,,,1
2023-10-20,4,4,3,-0700,iso,lojban/2023_10/2023_10_20.txt,,,,1
2023-10-21,6,6,1,-0700,iso,lojban/2023_10/2023_10_21.txt,,,,1
2023-10-22,4,4,2,-0700,iso,lojban/2023_10/2023_10_22.txt,,,,1
2023-10-23,1,1,1,-0700,iso,lojban/2023_10/2023_10_23.txt,,,,1
2023-10-24,3,3,2,-0700,iso,lojban/2023_10/2023_10_24.txt,,,,1
2023-10-27,27,27,6,-0700,iso,lojban/2023_10/2023_10_27.txt,,,,1
2023-10-28,3,3,3,-0700,iso,lojban/2023_10/2023_10_28.txt,,,,1
2023-10-29,3,3,3,-0700,iso,lojban/2023_10/2023_10_29.txt,,,,1
2023-11-03,8,8,2,-0700,iso,lojban/2023_11/2023_11_03.txt,,,,1
2023-11-04,5,5,4,-0700,iso,lojban/2023_11/2023_11_04.txt,,,,1
2023-11-05,2,2,1,-0800,iso,lojban/2023_11/2023_11_05.txt,,,,1
2023-11-08,2,2,2,-0800,iso,lojban/2023_11/2023_11_08.txt,,,,1
2023-11-10,26,26,8,-0800,iso,lojban/2023_11/2023_11_10.txt,,,,1
2023-11-11,6,6,3,-0800,iso,lojban/2023_11/2023_11_11.txt,,,,1
2023-11-12,168,168,12,-0800,iso,lojban/2023_11/2023_11_12.txt,,,,1
2023-11-13,22,22,9,-0800,iso,lojban/2023_11/2023_11_13.txt,,,,1
2023-11-14,7,7,2,-0800,iso,lojban/2023_11/2023_11_14.txt,,,,1
2023-11-15,18,18,5,-0800,iso,lojban/2023_11/2023_11_15.txt,,,,1
2023-11-16,10,10,4,-0800,iso,lojban/2023_11/2023_11_16.txt,,,,1
2023-11-17,3,3,1,-0800,iso,lojban/2023_11/2023_11_17.txt,,,,1
2023-11-18,32,32,7,-0800,iso,lojban/2023_11/2023_11_18.txt,,,,1
2023-11-19,7,7,2,-0800,iso,lojban/2023_11/2023_11_19.txt,,,,1
2023-11-20,9,9,5,-0800,iso,lojban/2023_11/2023_11_20.txt,,,,1
2023-11-21,1,1,1,-0800,iso,lojban/2023_11/2023_11_21.txt,,,,1
2023-11-22,4,4,4,-0800,iso,lojban/2023_11/2023_11_22.txt,,,,1
2023-11-24,1,1,1,-0800,iso,lojban/2023_11/2023_11_24.txt,,,,1
2023-11-26,1,1,1,-0800,iso,lojban/2023_11/2023_11_26.txt,,,,1
2023-11-28,3,3,3,-0800,iso,lojban/2023_11/2023_11_28.txt,,,,1
2023-11-29,2,2,2,-0800,iso,lojban/2023_11/2023_11_29.txt,,,,1
2023-11-30,1,1,1,-0800,iso,lojban/2023_11/2023_11_30.txt,,,,1
2023-12-01,14,14,4,-0800,iso,lojban/2023_12/2023_12_01.txt,,,,1
2023-12-02,2,2,1,-0800,iso,lojban/2023_12/2023_12_02.txt,,,,1
2023-12-03,1,1,1,-0800,iso,lojban/2023_12/2023_12_03.txt,,,,1
2023-12-08,7,7,6,-0800,iso,lojban/2023_12/2023_12_08.txt,,,,1
2023-12-09,3,3,2,-0800,iso,lojban/2023_12/2023_12_09.txt,,,,1
2023-12-13,7,7,2,-0800,iso,lojban/2023_12/2023_12_13.txt,,,,1
2023-12-14,50,50,3,-0800,iso,lojban/2023_12/2023_12_14.txt,,,,1
2023-12-15,6,6,3,-0800,iso,lojban/2023_12/2023_12_15.txt,,,,1
2023-12-17,6,6,4,-0800,iso,lojban/2023_12/2023_12_17.txt,,,,1
2023-12-18,5,5,1,-0800,iso,lojban/2023_12/2023_12_18.txt,,,,1
2023-12-19,2,2,1,-0800,iso,lojban/2023_12/2023_12_19.txt,,,,1
2023-12-22,1,1,1,-0800,iso,lojban/2023_12/2023_12_22.txt,,,,1
2023-12-25,2,2,2,-0800,iso,lojban/2023_12/2023_12_25.txt,,,,1
2023-12-26,17,17,6,-0800,iso,lojban/2023_12/2023_12_26.txt,,,,1
2023-12-27,1,1,1,-0800,iso,lojban/2023_12/2023_12_27.txt,,,,1
2023-12-28,29,29,11,-0800,iso,lojban/2023_12/2023_12_28.txt,,,,1
2023-12-29,8,8,4,-0800,iso,lojban/2023_12/2023_12_29.txt,,,,1
2023-12-30,1,1,1,-0800,iso,lojban/2023_12/2023_12_30.txt,,,,1
2023-12-31,8,8,4,-0800,iso,lojban/2023_12/2023_12_31.txt,,,,1
2024-01-02,4,4,2,-0800,iso,lojban/2024_01/2024_01_02.txt,,,,1
2024-01-04,8,8,4,-0800,iso,lojban/2024_01/2024_01_04.txt,,,,1
2024-01-05,8,8,4,-0800,iso,lojban/2024_01/2024_01_05.txt,,,,1
2024-01-06,9,9,6,-0800,iso,lojban/2024_01/2024_01_06.txt,,,,1
2024-01-07,3,3,2,-0800,iso,lojban/2024_01/2024_01_07.txt,,,,1
2024-01-08,9,9,2,-0800,iso,lojban/2024_01/2024_01_08.txt,,,,1
2024-01-09,13,13,4,-0800,iso,lojban/2024_01/2024_01_09.txt,,,,1
2024-01-12,4,4,2,-0800,iso,lojban/2024_01/2024_01_12.txt,,,,1
2024-01-13,7,7,4,-0800,iso,lojban/2024_01/2024_01_13.txt,,,,1
2024-01-15,8,8,5,-0800,iso,lojban/2024_01/2024_01_15.txt,,,,1
2024-01-19,2,2,1,-0800,iso,lojban/2024_01/2024_01_19.txt,,,,1
2024-01-20,1,1,1,-0800,iso,lojban/2024_01/2024_01_20.txt,,,,1
2024-01-21,1,1,1,-0800,iso,lojban/2024_01/2024_01_21.txt,,,,1
2024-01-22,1,1,1,-0800,iso,lojban/2024_01/2024_01_22.txt,,,,1
2024-01-25,7,7,2,-0800,iso,lojban/2024_01/2024_01_25.txt,,,,1
2024-01-26,5,5,4,-0800,iso,lojban/2024_01/2024_01_26.txt,,,,1
2024-01-27,12,12,6,-0800,iso,lojban/2024_01/2024_01_27.txt,,,,1
2024-01-28,25,25,4,-0800,iso,lojban/2024_01/2024_01_28.txt,,,,1
2024-01-29,1,1,1,-0800,iso,lojban/2024_01/2024_01_29.txt,,,,1
2024-01-30,5,5,3,-0800,iso,lojban/2024_01/2024_01_30.txt,,,,1
2024-02-01,14,14,5,-0800,iso,lojban/2024_02/2024_02_01.txt,,,,1
2024-02-02,9,9,4,-0800,iso,lojban/2024_02/2024_02_02.txt,,,,1
2024-02-03,6,6,2,-0800,iso,lojban/2024_02/2024_02_03.txt,,,,1
2024-02-04,7,7,4,-0800,iso,lojban/2024_02/2024_02_04.txt,,,,1
2024-02-05,7,7,4,-0800,iso,lojban/2024_02/2024_02_05.txt,,,,1
2024-02-06,9,9,6,-0800,iso,lojban/2024_02/2024_02_06.txt,,,,1
2024-02-08,16,16,2,-0800,iso,lojban/2024_02/2024_02_08.txt,,,,1
2024-02-09,1,1,1,-0800,iso,lojban/2024_02/2024_02_09.txt,,,,1
2024-02-10,4,4,4,-0800,iso,lojban/2024_02/2024_02_10.txt,,,,1
2024-02-11,8,8,6,-0800,iso,lojban/2024_02/2024_02_11.txt,,,,1
2024-02-12,1,1,1,-0800,iso,lojban/2024_02/2024_02_12.txt,,,,1
2024-02-14,5,5,3,-0800,iso,lojban/2024_02/2024_02_14.txt,,,,1
2024-02-15,8,8,4,-0800,iso,lojban/2024_02/2024_02_15.txt,,,,1
2024-02-16,1,1,1,-0800,iso,lojban/2024_02/2024_02_16.txt,,,,1
2024-02-17,3,3,3,-0800,iso,lojban/2024_02/2024_02_17.txt,,,,1
2024-02-19,13,13,4,-0800,iso,lojban/2024_02/2024_02_19.txt,,,,1
2024-02-20,2,2,1,-0800,iso,lojban/2024_02/2024_02_20.txt,,,,1
2024-02-21,1,1,1,-0800,iso,lojban/2024_02/2024_02_21.txt,,,,1
2024-02-22,6,6,4,-0800,iso,lojban/2024_02/2024_02_22.txt,,,,1
2024-02-23,1,1,1,-0800,iso,lojban/2024_02/2024_02_23.txt,,,,1
2024-02-25,2,2,2,-0800,iso,lojban/2024_02/2024_02_25.txt,,,,1
2024-02-28,2,2,2,-0800,iso,lojban/2024_02/2024_02_28.txt,,,,1
2024-03-01,4,4,3,-0800,iso,lojban/2024_03/2024_03_01.txt,,,,1
2024-03-02,3,3,2,-0800,iso,lojban/2024_03/2024_03_02.txt,,,,1
2024-03-03,2,2,1,-0800,iso,lojban/2024_03/2024_03_03.txt,,,,1
2024-03-04,2,2,2,-0800,iso,lojban/2024_03/2024_03_04.txt,,,,1
2024-03-06,1,1,1,-0800,iso,lojban/2024_03/2024_03_06.txt,,,,1
2024-03-07,1,1,1,-0800,iso,lojban/2024_03/2024_03_07.txt,,,,1
2024-03-08,2,2,2,-0800,iso,lojban/2024_03/2024_03_08.txt,,,,1
2024-03-09,33,33,5,-0800,iso,lojban/2024_03/2024_03_09.txt,,,,1
2024-03-10,3,3,3,-0700,iso,lojban/2024_03/2024_03_10.txt,,,,1
2024-03-12,2,2,2,-0700,iso,lojban/2024_03/2024_03_12.txt,,,,1
2024-03-13,5,5,3,-0700,iso,lojban/2024_03/2024_03_13.txt,,,,1
2024-03-16,2,2,1,-0700,iso,lojban/2024_03/2024_03_16.txt,,,,1
2024-03-17,4,4,4,-0700,iso,lojban/2024_03/2024_03_17.txt,,,,1
2024-03-19,5,5,2,-0700,iso,lojban/2024_03/2024_03_19.txt,,,,1
2024-03-20,6,6,2,-0700,iso,lojban/2024_03/2024_03_20.txt,,,,1
2024-03-21,18,18,5,-0700,iso,lojban/2024_03/2024_03_21.txt,,,,1
2024-03-22,7,7,4,-0700,iso,lojban/2024_03/2024_03_22.txt,,,,1
2024-03-23,8,8,3,-0700,iso,lojban/2024_03/2024_03_23.txt,,,,1
2024-03-24,7,7,4,-0700,iso,lojban/2024_03/2024_03_24.txt,,,,1
2024-03-25,7,7,3,-0700,iso,lojban/2024_03/2024_03_25.txt,,,,1
2024-03-26,9,9,4,-0700,iso,lojban/2024_03/2024_03_26.txt,,,,1
2024-03-27,4,4,3,-0700,iso,lojban/2024_03/2024_03_27.txt,,,,1
2024-03-29,34,34,4,-0700,iso,lojban/2024_03/2024_03_29.txt,,,,1
2024-03-30,2,2,2,-0700,iso,lojban/2024_03/2024_03_30.txt,,,,1
2024-03-31,7,7,4,-0700,iso,lojban/2024_03/2024_03_31.txt,,,,1
2024-04-01,3,3,2,-0700,iso,lojban/2024_04/2024_04_01.txt,,,,1
2024-04-02,3,3,2,-0700,iso,lojban/2024_04/2024_04_02.txt,,,,1
2024-04-03,2,2,2,-0700,iso,lojban/2024_04/2024_04_03.txt,,,,1
2024-04-07,3,3,2,-0700,iso,lojban/2024_04/2024_04_07.txt,,,,1
2024-04-08,2,2,2,-0700,iso,lojban/2024_04/2024_04_08.txt,,,,1
2024-04-11,7,7,4,-0700,iso,lojban/2024_04/2024_04_11.txt,,,,1
2024-04-12,4,4,2,-0700,iso,lojban/2024_04/2024_04_12.txt,,,,1
2024-04-13,1,1,1,-0700,iso,lojban/2024_04/2024_04_13.txt,,,,1
2024-04-14,2,2,1,-0700,iso,lojban/2024_04/2024_04_14.txt,,,,1
2024-04-16,2,2,2,-0700,iso,lojban/2024_04/2024_04_16.txt,,,,1
2024-04-17,4,4,3,-0700,iso,lojban/2024_04/2024_04_17.txt,,,,1
2024-04-19,9,9,4,-0700,iso,lojban/2024_04/2024_04_19.txt,,,,1
2024-04-20,2,2,2,-0700,iso,lojban/2024_04/2024_04_20.txt,,,,1
2024-04-21,16,16,5,-0700,iso,lojban/2024_04/2024_04_21.txt,,,,1
2024-04-24,6,6,2,-0700,iso,lojban/2024_04/2024_04_24.txt,,,,1
2024-04-25,2,2,2,-0700,iso,lojban/2024_04/2024_04_25.txt,,,,1
2024-04-26,1,1,1,-0700,iso,lojban/2024_04/2024_04_26.txt,,,,1
2024-04-27,4,4,2,-0700,iso,lojban/2024_04/2024_04_27.txt,,,,1
2024-04-28,2,2,2,-0700,iso,lojban/2024_04/2024_04_28.txt,,,,1
2024-05-01,3,3,2,-0700,iso,lojban/2024_05/2024_05_01.txt,,,,1
2024-05-04,2,2,2,-0700,iso,lojban/2024_05/2024_05_04.txt,,,,1
2024-05-05,6,6,3,-0700,iso,lojban/2024_05/2024_05_05.txt,,,,1
2024-05-06,3,3,3,-0700,iso,lojban/2024_05/2024_05_06.txt,,,,1
2024-05-10,2,2,2,-0700,iso,lojban/2024_05/2024_05_10.txt,,,,1
2024-05-11,2,2,1,-0700,iso,lojban/2024_05/2024_05_11.txt,,,,1
2024-05-12,3,3,1,-0700,iso,lojban/2024_05/2024_05_12.txt,,,,1
2024-05-15,1,1,1,-0700,iso,lojban/2024_05/2024_05_15.txt,,,,1
2024-05-16,4,4,2,-0700,iso,lojban/2024_05/2024_05_16.txt,,,,1
2024-05-20,2,2,2,-0700,iso,lojban/2024_05/2024_05_20.txt,,,,1
2024-05-28,18,18,4,-0700,iso,lojban/2024_05/2024_05_28.txt,,,,1
2024-05-30,2,2,2,-0700,iso,lojban/2024_05/2024_05_30.txt,,,,1
2024-05-31,7,7,3,-0700,iso,lojban/2024_05/2024_05_31.txt,,,,1
2024-06-01,2,2,1,-0700,iso,lojban/2024_06/2024_06_01.txt,,,,1
2024-06-02,4,4,3,-0700,iso,lojban/2024_06/2024_06_02.txt,,,,1
2024-06-03,4,4,2,-0700,iso,lojban/2024_06/2024_06_03.txt,,,,1
2024-06-04,16,16,7,-0700,iso,lojban/2024_06/2024_06_04.txt,,,,1
2024-06-05,12,12,6,-0700,iso,lojban/2024_06/2024_06_05.txt,,,,1
2024-06-06,6,6,2,-0700,iso,lojban/2024_06/2024_06_06.txt,,,,1
2024-06-07,4,4,2,-0700,iso,lojban/2024_06/2024_06_07.txt,,,,1
2024-06-09,5,5,4,-0700,iso,lojban/2024_06/2024_06_09.txt,,,,1
2024-06-10,1,1,1,-0700,iso,lojban/2024_06/2024_06_10.txt,,,,1
2024-06-11,9,9,4,-0700,iso,lojban/2024_06/2024_06_11.txt,,,,1
2024-06-13,9,9,4,-0700,iso,lojban/2024_06/2024_06_13.txt,,,,1
2024-06-14,5,5,3,-0700,iso,lojban/2024_06/2024_06_14.txt,,,,1
2024-06-15,8,8,3,-0700,iso,lojban/2024_06/2024_06_15.txt,,,,1
2024-06-16,18,18,7,-0700,iso,lojban/2024_06/2024_06_16.txt,,,,1
2024-06-18,29,29,6,-0700,iso,lojban/2024_06/2024_06_18.txt,,,,1
2024-06-19,2,2,2,-0700,iso,lojban/2024_06/2024_06_19.txt,,,,1
2024-06-20,2,2,2,-0700,iso,lojban/2024_06/2024_06_20.txt,,,,1
2024-06-22,2,2,2,-0700,iso,lojban/2024_06/2024_06_22.txt,,,,1
2024-06-23,11,11,5,-0700,iso,lojban/2024_06/2024_06_23.txt,,,,1
2024-06-24,26,26,5,-0700,iso,lojban/2024_06/2024_06_24.txt,,,,1
2024-06-25,19,19,6,-0700,iso,lojban/2024_06/2024_06_25.txt,,,,1
2024-06-26,10,10,7,-0700,iso,lojban/2024_06/2024_06_26.txt,,,,1
2024-06-27,17,17,6,-0700,iso,lojban/2024_06/2024_06_27.txt,,,,1
2024-06-28,23,23,3,-0700,iso,lojban/2024_06/2024_06_28.txt,,,,1
2024-06-29,24,24,8,-0700,iso,lojban/2024_06/2024_06_29.txt,,,,1
2024-06-30,6,6,3,-0700,iso,lojban/2024_06/2024_06_30.txt,,,,1
2024-07-01,10,10,3,-0700,iso,lojban/2024_07/2024_07_01.txt,,,,1
2024-07-02,3,3,3,-0700,iso,lojban/2024_07/2024_07_02.txt,,,,1
2024-07-03,6,6,4,-0700,iso,lojban/2024_07/2024_07_03.txt,,,,1
2024-07-04,5,5,3,-0700,iso,lojban/2024_07/2024_07_04.txt,,,,1
2024-07-07,9,9,6,-0700,iso,lojban/2024_07/2024_07_07.txt,,,,1
2024-07-08,5,5,4,-0700,iso,lojban/2024_07/2024_07_08.txt,,,,1
2024-07-10,13,13,5,-0700,iso,lojban/2024_07/2024_07_10.txt,,,,1
2024-07-11,9,9,3,-0700,iso,lojban/2024_07/2024_07_11.txt,,,,1
2024-07-13,2,2,2,-0700,iso,lojban/2024_07/2024_07_13.txt,,,,1
2024-07-15,3,3,1,-0700,iso,lojban/2024_07/2024_07_15.txt,,,,1
2024-07-16,4,4,3,-0700,iso,lojban/2024_07/2024_07_16.txt,,,,1
2024-07-18,2,2,2,-0700,iso,lojban/2024_07/2024_07_18.txt,,,,1
2024-07-19,6,6,3,-0700,iso,lojban/2024_07/2024_07_19.txt,,,,1
2024-07-20,9,9,4,-0700,iso,lojban/2024_07/2024_07_20.txt,,,,1
2024-07-21,14,14,4,-0700,iso,lojban/2024_07/2024_07_21.txt,,,,1
2024-07-22,3,3,3,-0700,iso,lojban/2024_07/2024_07_22.txt,,,,1
2024-07-24,2,2,2,-0700,iso,lojban/2024_07/2024_07_24.txt,,,,1
2024-07-25,2,2,1,-0700,iso,lojban/2024_07/2024_07_25.txt,,,,1
2024-07-28,2,2,2,-0700,iso,lojban/2024_07/2024_07_28.txt,,,,1
2024-07-29,4,4,3,-0700,iso,lojban/2024_07/2024_07_29.txt,,,,1
2024-07-30,2,2,2,-0700,iso,lojban/2024_07/2024_07_30.txt,,,,1
2024-08-05,5,5,4,-0700,iso,lojban/2024_08/2024_08_05.txt,,,,1
2024-08-06,8,8,4,-0700,iso,lojban/2024_08/2024_08_06.txt,,,,1
2024-08-07,2,2,2,-0700,iso,lojban/2024_08/2024_08_07.txt,,,,1
2024-08-09,1,1,1,-0700,iso,lojban/2024_08/2024_08_09.txt,,,,1
2024-08-11,1,1,1,-0700,iso,lojban/2024_08/2024_08_11.txt,,,,1
2024-08-12,20,20,5,-0700,iso,lojban/2024_08/2024_08_12.txt,,,,1
2024-08-13,6,6,3,-0700,iso,lojban/2024_08/2024_08_13.txt,,,,1
2024-08-14,8,8,4,-0700,iso,lojban/2024_08/2024_08_14.txt,,,,1
2024-08-15,18,18,7,-0700,iso,lojban/2024_08/2024_08_15.txt,,,,1
2024-08-19,1,1,1,-0700,iso,lojban/2024_08/2024_08_19.txt,,,,1
2024-08-20,3,3,2,-0700,iso,lojban/2024_08/2024_08_20.txt,,,,1
2024-08-21,8,8,3,-0700,iso,lojban/2024_08/2024_08_21.txt,,,,1
2024-08-22,8,8,2,-0700,iso,lojban/2024_08/2024_08_22.txt,,,,1
2024-08-23,1,1,1,-0700,iso,lojban/2024_08/2024_08_23.txt,,,,1
2024-08-24,2,2,2,-0700,iso,lojban/2024_08/2024_08_24.txt,,,,1
2024-08-25,4,4,3,-0700,iso,lojban/2024_08/2024_08_25.txt,,,,1
2024-08-26,3,3,2,-0700,iso,lojban/2024_08/2024_08_26.txt,,,,1
2024-08-27,2,2,1,-0700,iso,lojban/2024_08/2024_08_27.txt,,,,1
2024-08-29,1,1,1,-0700,iso,lojban/2024_08/2024_08_29.txt,,,,1
2024-08-30,4,4,2,-0700,iso,lojban/2024_08/2024_08_30.txt,,,,1
2024-09-04,1,1,1,-0700,iso,lojban/2024_09/2024_09_04.txt,,,,1
2024-09-05,2,2,2,-0700,iso,lojban/2024_09/2024_09_05.txt,,,,1
2024-09-06,5,5,4,-0700,iso,lojban/2024_09/2024_09_06.txt,,,,1
2024-09-07,2,2,2,-0700,iso,lojban/2024_09/2024_09_07.txt,,,,1
2024-09-08,4,4,4,-0700,iso,lojban/2024_09/2024_09_08.txt,,,,1
2024-09-10,3,3,3,-0700,iso,lojban/2024_09/2024_09_10.txt,,,,1
2024-09-11,3,3,2,-0700,iso,lojban/2024_09/2024_09_11.txt,,,,1
2024-09-12,4,4,2,-0700,iso,lojban/2024_09/2024_09_12.txt,,,,1
2024-09-13,13,13,5,-0700,iso,lojban/2024_09/2024_09_13.txt,,,,1
2024-09-14,9,9,4,-0700,iso,lojban/2024_09/2024_09_14.txt,,,,1
2024-09-15,35,35,7,-0700,iso,lojban/2024_09/2024_09_15.txt,,,,1
2024-09-16,24,24,8,-0700,iso,lojban/2024_09/2024_09_16.txt,,,,1
2024-09-17,4,4,2,-0700,iso,lojban/2024_09/2024_09_17.txt,,,,1
2024-09-18,29,29,6,-0700,iso,lojban/2024_09/2024_09_18.txt,,,,1
2024-09-19,8,8,6,-0700,iso,lojban/2024_09/2024_09_19.txt,,,,1
2024-09-20,1,1,1,-0700,iso,lojban/2024_09/2024_09_20.txt,,,,1
2024-09-21,10,10,5,-0700,iso,lojban/2024_09/2024_09_21.txt,,,,1
2024-09-22,4,4,1,-0700,iso,lojban/2024_09/2024_09_22.txt,,,,1
2024-09-23,3,3,3,-0700,iso,lojban/2024_09/2024_09_23.txt,,,,1
2024-09-25,1,1,1,-0700,iso,lojban/2024_09/2024_09_25.txt,,,,1
2024-09-26,1,1,1,-0700,iso,lojban/2024_09/2024_09_26.txt,,,,1
2024-09-29,4,4,3,-0700,iso,lojban/2024_09/2024_09_29.txt,,,,1
2024-10-03,9,9,3,-0700,iso,lojban/2024_10/2024_10_03.txt,,,,1
2024-10-04,12,12,3,-0700,iso,lojban/2024_10/2024_10_04.txt,,,,1
2024-10-05,9,9,3,-0700,iso,lojban/2024_10/2024_10_05.txt,,,,1
2024-10-06,15,15,3,-0700,iso,lojban/2024_10/2024_10_06.txt,,,,1
2024-10-07,3,3,2,-0700,iso,lojban/2024_10/2024_10_07.txt,,,,1
2024-10-09,5,5,3,-0700,iso,lojban/2024_10/2024_10_09.txt,,,,1
2024-10-11,2,2,2,-0700,iso,lojban/2024_10/2024_10_11.txt,,,,1
2024-10-12,1,1,1,-0700,iso,lojban/2024_10/2024_10_12.txt,,,,1
2024-10-13,2,2,2,-0700,iso,lojban/2024_10/2024_10_13.txt,,,,1
2024-10-14,7,7,4,-0700,iso,lojban/2024_10/2024_10_14.txt,,,,1
2024-10-15,6,6,3,-0700,iso,lojban/2024_10/2024_10_15.txt,,,,1
2024-10-18,1,1,1,-0700,iso,lojban/2024_10/2024_10_18.txt,,,,1
2024-10-19,1,1,1,-0700,iso,lojban/2024_10/2024_10_19.txt,,,,1
2024-10-20,5,5,2,-0700,iso,lojban/2024_10/2024_10_20.txt,,,,1
2024-10-21,3,3,2,-0700,iso,lojban/2024_10/2024_10_21.txt,,,,1
2024-10-22,39,39,5,-0700,iso,lojban/2024_10/2024_10_22.txt,,,,1
2024-10-27,5,5,2,-0700,iso,lojban/2024_10/2024_10_27.txt,,,,1
2024-10-28,27,27,5,-0700,iso,lojban/2024_10/2024_10_28.txt,,,,1
2024-11-01,1,1,1,-0700,iso,lojban/2024_11/2024_11_01.txt,,,,1
2024-11-02,8,8,3,-0700,iso,lojban/2024_11/2024_11_02.txt,,,,1
2024-11-03,9,9,4,-0700/-0800,iso,lojban/2024_11/2024_11_03.txt,,,,1
2024-11-04,2,2,2,-0800,iso,lojban/2024_11/2024_11_04.txt,,,,1
2024-11-05,4,4,3,-0800,iso,lojban/2024_11/2024_11_05.txt,,,,1
2024-11-06,14,14,2,-0800,iso,lojban/2024_11/2024_11_06.txt,,,,1
2024-11-07,20,20,6,-0800,iso,lojban/2024_11/2024_11_07.txt,,,,1
2024-11-08,10,10,6,-0800,iso,lojban/2024_11/2024_11_08.txt,,,,1
2024-11-09,31,31,5,-0800,iso,lojban/2024_11/2024_11_09.txt,,,,1
2024-11-10,2,2,2,-0800,iso,lojban/2024_11/2024_11_10.txt,,,,1
2024-11-13,1,1,1,-0800,iso,lojban/2024_11/2024_11_13.txt,,,,1
2024-11-14,5,5,3,-0800,iso,lojban/2024_11/2024_11_14.txt,,,,1
2024-11-15,1,1,1,-0800,iso,lojban/2024_11/2024_11_15.txt,,,,1
2024-11-16,4,4,3,-0800,iso,lojban/2024_11/2024_11_16.txt,,,,1
2024-11-18,3,3,3,-0800,iso,lojban/2024_11/2024_11_18.txt,,,,1
2024-11-22,1,1,1,-0800,iso,lojban/2024_11/2024_11_22.txt,,,,1
2024-11-24,8,8,3,-0800,iso,lojban/2024_11/2024_11_24.txt,,,,1
2024-11-27,1,1,1,-0800,iso,lojban/2024_11/2024_11_27.txt,,,,1
2024-11-28,5,5,4,-0800,iso,lojban/2024_11/2024_11_28.txt,,,,1
2024-11-30,4,4,3,-0800,iso,lojban/2024_11/2024_11_30.txt,,,,1
2024-12-03,2,2,2,-0800,iso,lojban/2024_12/2024_12_03.txt,,,,1
2024-12-04,2,2,1,-0800,iso,lojban/2024_12/2024_12_04.txt,,,,1
2024-12-12,1,1,1,-0800,iso,lojban/2024_12/2024_12_12.txt,,,,1
2024-12-15,2,2,1,-0800,iso,lojban/2024_12/2024_12_15.txt,,,,1
2024-12-20,4,4,2,-0800,iso,lojban/2024_12/2024_12_20.txt,,,,1
2024-12-23,2,2,1,-0800,iso,lojban/2024_12/2024_12_23.txt,,,,1
2024-12-24,26,26,10,-0800,iso,lojban/2024_12/2024_12_24.txt,,,,1
2024-12-25,3,3,3,-0800,iso,lojban/2024_12/2024_12_25.txt,,,,1
2024-12-27,13,13,7,-0800,iso,lojban/2024_12/2024_12_27.txt,,,,1
2024-12-28,9,9,4,-0800,iso,lojban/2024_12/2024_12_28.txt,,,,1
2024-12-29,5,5,4,-0800,iso,lojban/2024_12/2024_12_29.txt,,,,1
2024-12-31,2,2,2,-0800,iso,lojban/2024_12/2024_12_31.txt,,,,1
2025-01-01,2,2,1,-0800,iso,lojban/2025_01/2025_01_01.txt,,,,1
2025-01-02,5,5,3,-0800,iso,lojban/2025_01/2025_01_02.txt,,,,1
2025-01-04,1,1,1,-0800,iso,lojban/2025_01/2025_01_04.txt,,,,1
2025-01-05,5,5,3,-0800,iso,lojban/2025_01/2025_01_05.txt,,,,1
2025-01-07,17,17,4,-0800,iso,lojban/2025_01/2025_01_07.txt,,,,1
2025-01-08,6,6,3,-0800,iso,lojban/2025_01/2025_01_08.txt,,,,1
2025-01-09,21,21,6,-0800,iso,lojban/2025_01/2025_01_09.txt,,,,1
2025-01-10,2,2,2,-0800,iso,lojban/2025_01/2025_01_10.txt,,,,1
2025-01-11,16,16,4,-0800,iso,lojban/2025_01/2025_01_11.txt,,,,1
2025-01-16,12,12,1,-0800,iso,lojban/2025_01/2025_01_16.txt,,,,1
2025-01-17,56,56,5,-0800,iso,lojban/2025_01/2025_01_17.txt,,,,1
2025-01-18,4,4,2,-0800,iso,lojban/2025_01/2025_01_18.txt,,,,1
2025-01-19,104,104,3,-0800,iso,lojban/2025_01/2025_01_19.txt,,,,1
2025-01-21,13,13,5,-0800,iso,lojban/2025_01/2025_01_21.txt,,,,1
2025-01-22,65,65,7,-0800,iso,lojban/2025_01/2025_01_22.txt,,,,1
2025-01-23,10,10,3,-0800,iso,lojban/2025_01/2025_01_23.txt,,,,1
2025-01-24,41,41,5,-0800,iso,lojban/2025_01/2025_01_24.txt,,,,1
2025-01-25,5,5,3,-0800,iso,lojban/2025_01/2025_01_25.txt,,,,1
2025-01-26,6,6,5,-0800,iso,lojban/2025_01/2025_01_26.txt,,,,1
2025-01-27,1,1,1,-0800,iso,lojban/2025_01/2025_01_27.txt,,,,1
2025-01-28,4,4,1,-0800,iso,lojban/2025_01/2025_01_28.txt,,,,1
2025-01-30,3,3,3,-0800,iso,lojban/2025_01/2025_01_30.txt,,,,1
2025-01-31,31,31,5,-0800,iso,lojban/2025_01/2025_01_31.txt,,,,1
2025-02-01,1,1,1,-0800,iso,lojban/2025_02/2025_02_01.txt,,,,1
2025-02-02,1,1,1,-0800,iso,lojban/2025_02/2025_02_02.txt,,,,1
2025-02-03,12,12,2,-0800,iso,lojban/2025_02/2025_02_03.txt,,,,1
2025-02-04,6,6,3,-0800,iso,lojban/2025_02/2025_02_04.txt,,,,1
2025-02-05,6,6,1,-0800,iso,lojban/2025_02/2025_02_05.txt,,,,1
2025-02-08,1,1,1,-0800,iso,lojban/2025_02/2025_02_08.txt,,,,1
2025-02-10,13,13,3,-0800,iso,lojban/2025_02/2025_02_10.txt,,,,1
2025-02-11,3,3,2,-0800,iso,lojban/2025_02/2025_02_11.txt,,,,1
2025-02-14,3,3,2,-0800,iso,lojban/2025_02/2025_02_14.txt,,,,1
2025-02-16,1,1,1,-0800,iso,lojban/2025_02/2025_02_16.txt,,,,1
2025-02-19,1,1,1,-0800,iso,lojban/2025_02/2025_02_19.txt,,,,1
2025-02-20,1,1,1,-0800,iso,lojban/2025_02/2025_02_20.txt,,,,1
2025-02-21,1,1,1,-0800,iso,lojban/2025_02/2025_02_21.txt,,,,1
2025-02-23,2,2,1,-0800,iso,lojban/2025_02/2025_02_23.txt,,,,1
2025-02-24,17,17,3,-0800,iso,lojban/2025_02/2025_02_24.txt,,,,1
2025-02-25,24,24,5,-0800,iso,lojban/2025_02/2025_02_25.txt,,,,1
2025-02-26,9,9,4,-0800,iso,lojban/2025_02/2025_02_26.txt,,,,1
2025-02-27,11,11,4,-0800,iso,lojban/2025_02/2025_02_27.txt,,,,1
2025-02-28,3,3,2,-0800,iso,lojban/2025_02/2025_02_28.txt,,,,1
2025-03-01,5,5,3,-0800,iso,lojban/2025_03/2025_03_01.txt,,,,1
2025-03-02,3,3,3,-0800,iso,lojban/2025_03/2025_03_02.txt,,,,1
2025-03-03,10,10,4,-0800,iso,lojban/2025_03/2025_03_03.txt,,,,1
2025-03-04,26,26,5,-0800,iso,lojban/2025_03/2025_03_04.txt,,,,1
2025-03-05,7,7,4,-0800,iso,lojban/2025_03/2025_03_05.txt,,,,1
2025-03-06,5,5,3,-0800,iso,lojban/2025_03/2025_03_06.txt,,,,1
2025-03-07,1,1,1,-0800,iso,lojban/2025_03/2025_03_07.txt,,,,1
2025-03-08,13,13,4,-0800,iso,lojban/2025_03/2025_03_08.txt,,,,1
2025-03-09,1,1,1,-0700,iso,lojban/2025_03/2025_03_09.txt,,,,1
2025-03-12,2,2,2,-0700,iso,lojban/2025_03/2025_03_12.txt,,,,1
2025-03-13,3,3,3,-0700,iso,lojban/2025_03/2025_03_13.txt,,,,1
2025-03-15,42,42,6,-0700,iso,lojban/2025_03/2025_03_15.txt,,,,1
2025-03-16,9,9,4,-0700,iso,lojban/2025_03/2025_03_16.txt,,,,1
2025-03-18,43,43,6,-0700,iso,lojban/2025_03/2025_03_18.txt,,,,1
2025-03-19,4,4,2,-0700,iso,lojban/2025_03/2025_03_19.txt,,,,1
2025-03-24,6,6,4,-0700,iso,lojban/2025_03/2025_03_24.txt,,,,1
2025-03-25,1,1,1,-0700,iso,lojban/2025_03/2025_03_25.txt,,,,1
2025-03-26,5,5,3,-0700,iso,lojban/2025_03/2025_03_26.txt,,,,1
2025-03-29,1,1,1,-0700,iso,lojban/2025_03/2025_03_29.txt,,,,1
2025-04-01,4,4,2,-0700,iso,lojban/2025_04/2025_04_01.txt,,,,1
2025-04-03,4,4,2,-0700,iso,lojban/2025_04/2025_04_03.txt,,,,1
2025-04-04,13,13,4,-0700,iso,lojban/2025_04/2025_04_04.txt,,,,1
2025-04-06,6,6,4,-0700,iso,lojban/2025_04/2025_04_06.txt,,,,1
2025-04-13,7,7,4,-0700,iso,lojban/2025_04/2025_04_13.txt,,,,1
2025-04-17,2,2,2,-0700,iso,lojban/2025_04/2025_04_17.txt,,,,1
2025-04-19,4,4,3,-0700,iso,lojban/2025_04/2025_04_19.txt,,,,1
2025-04-23,10,10,4,-0700,iso,lojban/2025_04/2025_04_23.txt,,,,1
2025-04-25,4,4,2,-0700,iso,lojban/2025_04/2025_04_25.txt,,,,1
2025-04-27,3,3,2,-0700,iso,lojban/2025_04/2025_04_27.txt,,,,1
2025-05-02,2,2,2,-0700,iso,lojban/2025_05/2025_05_02.txt,,,,1
2025-05-03,3,3,3,-0700,iso,lojban/2025_05/2025_05_03.txt,,,,1
2025-05-04,1,1,1,-0700,iso,lojban/2025_05/2025_05_04.txt,,,,1
2025-05-06,1,1,1,-0700,iso,lojban/2025_05/2025_05_06.txt,,,,1
2025-05-07,4,4,3,-0700,iso,lojban/2025_05/2025_05_07.txt,,,,1
2025-05-08,2,2,2,-0700,iso,lojban/2025_05/2025_05_08.txt,,,,1
2025-05-11,3,3,3,-0700,iso,lojban/2025_05/2025_05_11.txt,,,,1
2025-05-15,3,3,2,-0700,iso,lojban/2025_05/2025_05_15.txt,,,,1
2025-05-18,1,1,1,-0700,iso,lojban/2025_05/2025_05_18.txt,,,,1
2025-05-21,5,5,4,-0700,iso,lojban/2025_05/2025_05_21.txt,,,,1
2025-05-22,1,1,1,-0700,iso,lojban/2025_05/2025_05_22.txt,,,,1
2025-05-28,4,4,3,-0700,iso,lojban/2025_05/2025_05_28.txt,,,,1
2025-05-29,6,6,3,-0700,iso,lojban/2025_05/2025_05_29.txt,,,,1
2025-05-30,4,4,2,-0700,iso,lojban/2025_05/2025_05_30.txt,,,,1
2025-05-31,13,13,3,-0700,iso,lojban/2025_05/2025_05_31.txt,,,,1
2025-06-01,5,5,2,-0700,iso,lojban/2025_06/2025_06_01.txt,,,,1
2025-06-02,24,24,5,-0700,iso,lojban/2025_06/2025_06_02.txt,,,,1
2025-06-04,2,2,1,-0700,iso,lojban/2025_06/2025_06_04.txt,,,,1
2025-06-06,3,3,2,-0700,iso,lojban/2025_06/2025_06_06.txt,,,,1
2025-06-07,8,8,4,-0700,iso,lojban/2025_06/2025_06_07.txt,,,,1
2025-06-09,2,2,2,-0700,iso,lojban/2025_06/2025_06_09.txt,,,,1
2025-06-11,10,10,3,-0700,iso,lojban/2025_06/2025_06_11.txt,,,,1
2025-06-12,11,11,6,-0700,iso,lojban/2025_06/2025_06_12.txt,,,,1
2025-06-13,27,27,3,-0700,iso,lojban/2025_06/2025_06_13.txt,,,,1
2025-06-14,2,2,2,-0700,iso,lojban/2025_06/2025_06_14.txt,,,,1
2025-06-15,6,6,4,-0700,iso,lojban/2025_06/2025_06_15.txt,,,,1
2025-06-16,2,2,2,-0700,iso,lojban/2025_06/2025_06_16.txt,,,,1
2025-06-17,2,2,1,-0700,iso,lojban/2025_06/2025_06_17.txt,,,,1
2025-06-18,21,21,4,-0700,iso,lojban/2025_06/2025_06_18.txt,,,,1
2025-06-19,7,7,4,-0700,iso,lojban/2025_06/2025_06_19.txt,,,,1
2025-06-21,4,4,3,-0700,iso,lojban/2025_06/2025_06_21.txt,,,,1
2025-06-22,4,4,4,-0700,iso,lojban/2025_06/2025_06_22.txt,,,,1
2025-06-23,8,8,5,-0700,iso,lojban/2025_06/2025_06_23.txt,,,,1
2025-06-24,3,3,2,-0700,iso,lojban/2025_06/2025_06_24.txt,,,,1
2025-07-01,6,6,4,-0700,iso,lojban/2025_07/2025_07_01.txt,,,,1
2025-07-03,3,3,2,-0700,iso,lojban/2025_07/2025_07_03.txt,,,,1
2025-07-05,2,2,2,-0700,iso,lojban/2025_07/2025_07_05.txt,,,,1
2025-07-06,7,7,3,-0700,iso,lojban/2025_07/2025_07_06.txt,,,,1
2025-07-07,5,5,2,-0700,iso,lojban/2025_07/2025_07_07.txt,,,,1
2025-07-08,24,24,7,-0700,iso,lojban/2025_07/2025_07_08.txt,,,,1
2025-07-11,1,1,1,-0700,iso,lojban/2025_07/2025_07_11.txt,,,,1
2025-07-12,1,1,1,-0700,iso,lojban/2025_07/2025_07_12.txt,,,,1
2025-07-14,12,12,5,-0700,iso,lojban/2025_07/2025_07_14.txt,,,,1
2025-07-15,1,1,1,-0700,iso,lojban/2025_07/2025_07_15.txt,,,,1
2025-07-17,4,4,3,-0700,iso,lojban/2025_07/2025_07_17.txt,,,,1
2025-07-20,2,2,2,-0700,iso,lojban/2025_07/2025_07_20.txt,,,,1
2025-07-21,4,4,2,-0700,iso,lojban/2025_07/2025_07_21.txt,,,,1
2025-07-22,1,1,1,-0700,iso,lojban/2025_07/2025_07_22.txt,,,,1
2025-07-24,8,8,3,-0700,iso,lojban/2025_07/2025_07_24.txt,,,,1
2025-07-27,1,1,1,-0700,iso,lojban/2025_07/2025_07_27.txt,,,,1
2025-07-28,5,5,3,-0700,iso,lojban/2025_07/2025_07_28.txt,,,,1
2025-07-29,1,1,1,-0700,iso,lojban/2025_07/2025_07_29.txt,,,,1
2025-07-30,11,11,6,-0700,iso,lojban/2025_07/2025_07_30.txt,,,,1
2025-08-01,1,1,1,-0700,iso,lojban/2025_08/2025_08_01.txt,,,,1
2025-08-03,1,1,1,-0700,iso,lojban/2025_08/2025_08_03.txt,,,,1
2025-08-06,1,1,1,-0700,iso,lojban/2025_08/2025_08_06.txt,,,,1
2025-08-09,20,20,2,-0700,iso,lojban/2025_08/2025_08_09.txt,,,,1
2025-08-14,11,11,1,-0700,iso,lojban/2025_08/2025_08_14.txt,,,,1
2025-08-16,3,3,3,-0700,iso,lojban/2025_08/2025_08_16.txt,,,,1
2025-08-20,12,12,4,-0700,iso,lojban/2025_08/2025_08_20.txt,,,,1
2025-08-21,7,7,4,-0700,iso,lojban/2025_08/2025_08_21.txt,,,,1
2025-08-22,4,4,4,-0700,iso,lojban/2025_08/2025_08_22.txt,,,,1
2025-08-25,1,1,1,-0700,iso,lojban/2025_08/2025_08_25.txt,,,,1
2025-08-29,1,1,1,-0700,iso,lojban/2025_08/2025_08_29.txt,,,,1
2025-08-30,8,8,5,-0700,iso,lojban/2025_08/2025_08_30.txt,,,,1
2025-08-31,2,2,2,-0700,iso,lojban/2025_08/2025_08_31.txt,,,,1
2025-09-02,3,3,2,-0700,iso,lojban/2025_09/2025_09_02.txt,,,,1
2025-09-03,1,1,1,-0700,iso,lojban/2025_09/2025_09_03.txt,,,,1
2025-09-04,2,2,2,-0700,iso,lojban/2025_09/2025_09_04.txt,,,,1
2025-09-12,7,7,5,-0700,iso,lojban/2025_09/2025_09_12.txt,,,,1
2025-09-15,1,1,1,-0700,iso,lojban/2025_09/2025_09_15.txt,,,,1
2025-09-16,1,1,1,-0700,iso,lojban/2025_09/2025_09_16.txt,,,,1
2025-09-18,2,2,1,-0700,iso,lojban/2025_09/2025_09_18.txt,,,,1
2025-09-19,2,2,2,-0700,iso,lojban/2025_09/2025_09_19.txt,,,,1
2025-09-26,3,3,2,-0700,iso,lojban/2025_09/2025_09_26.txt,,,,1
2025-10-05,25,25,5,-0700,iso,lojban/2025_10/2025_10_05.txt,,,,1
2025-10-08,5,5,2,-0700,iso,lojban/2025_10/2025_10_08.txt,,,,1
2025-10-13,2,2,2,-0700,iso,lojban/2025_10/2025_10_13.txt,,,,1
2025-10-14,2,2,2,-0700,iso,lojban/2025_10/2025_10_14.txt,,,,1
2025-10-26,6,6,3,-0700,iso,lojban/2025_10/2025_10_26.txt,,,,1
2025-11-02,2,2,1,-0800,iso,lojban/2025_11/2025_11_02.txt,,,,1
2025-11-08,26,26,5,-0800,iso,lojban/2025_11/2025_11_08.txt,,,,1
2025-11-09,4,4,3,-0800,iso,lojban/2025_11/2025_11_09.txt,,,,1
2025-11-10,2,2,2,-0800,iso,lojban/2025_11/2025_11_10.txt,,,,1
2025-11-13,4,4,3,-0800,iso,lojban/2025_11/2025_11_13.txt,,,,1
2025-11-14,35,35,5,-0800,iso,lojban/2025_11/2025_11_14.txt,,,,1
2025-11-15,2,2,1,-0800,iso,lojban/2025_11/2025_11_15.txt,,,,1
2025-11-16,1,1,1,-0800,iso,lojban/2025_11/2025_11_16.txt,,,,1
2025-11-17,5,5,4,-0800,iso,lojban/2025_11/2025_11_17.txt,,,,1
2025-11-22,1,1,1,-0800,iso,lojban/2025_11/2025_11_22.txt,,,,1
2025-11-24,2,2,2,-0800,iso,lojban/2025_11/2025_11_24.txt,,,,1
2025-11-25,3,3,2,-0800,iso,lojban/2025_11/2025_11_25.txt,,,,1
2025-11-27,10,10,6,-0800,iso,lojban/2025_11/2025_11_27.txt,,,,1
2025-11-28,3,3,3,-0800,iso,lojban/2025_11/2025_11_28.txt,,,,1
2025-11-29,10,10,4,-0800,iso,lojban/2025_11/2025_11_29.txt,,,,1
2025-11-30,2,2,2,-0800,iso,lojban/2025_11/2025_11_30.txt,,,,1
2025-12-02,4,4,1,-0800,iso,lojban/2025_12/2025_12_02.txt,,,,1
2025-12-03,9,9,3,-0800,iso,lojban/2025_12/2025_12_03.txt,,,,1
2025-12-05,1,1,1,-0800,iso,lojban/2025_12/2025_12_05.txt,,,,1
2025-12-06,2,2,1,-0800,iso,lojban/2025_12/2025_12_06.txt,,,,1
2025-12-07,6,6,5,-0800,iso,lojban/2025_12/2025_12_07.txt,,,,1
2025-12-08,5,5,3,-0800,iso,lojban/2025_12/2025_12_08.txt,,,,1
2025-12-11,5,5,1,-0800,iso,lojban/2025_12/2025_12_11.txt,,,,1
2025-12-12,2,2,2,-0800,iso,lojban/2025_12/2025_12_12.txt,,,,1
2025-12-14,3,3,2,-0800,iso,lojban/2025_12/2025_12_14.txt,,,,1
2025-12-15,30,30,6,-0800,iso,lojban/2025_12/2025_12_15.txt,,,,1
2025-12-16,4,4,2,-0800,iso,lojban/2025_12/2025_12_16.txt,,,,1
2025-12-17,8,8,3,-0800,iso,lojban/2025_12/2025_12_17.txt,,,,1
2025-12-20,2,2,1,-0800,iso,lojban/2025_12/2025_12_20.txt,,,,1
2025-12-22,24,24,5,-0800,iso,lojban/2025_12/2025_12_22.txt,,,,1
2025-12-24,1,1,1,-0800,iso,lojban/2025_12/2025_12_24.txt,,,,1
2025-12-26,1,1,1,-0800,iso,lojban/2025_12/2025_12_26.txt,,,,1
2025-12-27,1,1,1,-0800,iso,lojban/2025_12/2025_12_27.txt,,,,1
2025-12-28,1,1,1,-0800,iso,lojban/2025_12/2025_12_28.txt,,,,1
2025-12-29,1,1,1,-0800,iso,lojban/2025_12/2025_12_29.txt,,,,1
2025-12-30,1,1,1,-0800,iso,lojban/2025_12/2025_12_30.txt,,,,1
2025-12-31,11,11,4,-0800,iso,lojban/2025_12/2025_12_31.txt,,,,1
2026-01-01,1,1,1,-0800,iso,lojban/2026_01/2026_01_01.txt,,,,1
2026-01-05,2,2,2,-0800,iso,lojban/2026_01/2026_01_05.txt,,,,1
2026-01-06,5,5,3,-0800,iso,lojban/2026_01/2026_01_06.txt,,,,1
2026-01-08,3,3,3,-0800,iso,lojban/2026_01/2026_01_08.txt,,,,1
2026-01-10,8,8,5,-0800,iso,lojban/2026_01/2026_01_10.txt,,,,1
2026-01-11,3,3,2,-0800,iso,lojban/2026_01/2026_01_11.txt,,,,1
2026-01-12,12,12,6,-0800,iso,lojban/2026_01/2026_01_12.txt,,,,1
2026-01-13,1,1,1,-0800,iso,lojban/2026_01/2026_01_13.txt,,,,1
2026-01-14,6,6,3,-0800,iso,lojban/2026_01/2026_01_14.txt,,,,1
2026-01-15,1,1,1,-0800,iso,lojban/2026_01/2026_01_15.txt,,,,1
2026-01-17,4,4,2,-0800,iso,lojban/2026_01/2026_01_17.txt,,,,1
2026-01-18,2,2,2,-0800,iso,lojban/2026_01/2026_01_18.txt,,,,1
2026-01-19,18,18,4,-0800,iso,lojban/2026_01/2026_01_19.txt,,,,1
2026-01-20,1,1,1,-0800,iso,lojban/2026_01/2026_01_20.txt,,,,1
2026-01-22,7,7,2,-0800,iso,lojban/2026_01/2026_01_22.txt,,,,1
2026-01-23,2,2,2,-0800,iso,lojban/2026_01/2026_01_23.txt,,,,1
2026-01-25,2,2,1,-0800,iso,lojban/2026_01/2026_01_25.txt,,,,1
2026-01-29,12,12,5,-0800,iso,lojban/2026_01/2026_01_29.txt,,,,1
2026-01-30,17,17,7,-0800,iso,lojban/2026_01/2026_01_30.txt,,,,1
2026-01-31,1,1,1,-0800,iso,lojban/2026_01/2026_01_31.txt,,,,1
2026-02-02,10,10,3,-0800,iso,lojban/2026_02/2026_02_02.txt,,,,1
2026-02-03,1,1,1,-0800,iso,lojban/2026_02/2026_02_03.txt,,,,1
2026-02-04,3,3,2,-0800,iso,lojban/2026_02/2026_02_04.txt,,,,1
2026-02-05,6,6,4,-0800,iso,lojban/2026_02/2026_02_05.txt,,,,1
2026-02-06,6,6,3,-0800,iso,lojban/2026_02/2026_02_06.txt,,,,1
2026-02-07,10,10,3,-0800,iso,lojban/2026_02/2026_02_07.txt,,,,1
2026-02-09,5,5,3,-0800,iso,lojban/2026_02/2026_02_09.txt,,,,1
2026-02-10,13,13,4,-0800,iso,lojban/2026_02/2026_02_10.txt,,,,1
2026-02-13,6,6,4,-0800,iso,lojban/2026_02/2026_02_13.txt,,,,1
2026-02-14,1,1,1,-0800,iso,lojban/2026_02/2026_02_14.txt,,,,1
2026-02-16,14,14,5,-0800,iso,lojban/2026_02/2026_02_16.txt,,,,1
2026-02-17,12,12,3,-0800,iso,lojban/2026_02/2026_02_17.txt,,,,1
2026-02-21,20,20,7,-0800,iso,lojban/2026_02/2026_02_21.txt,,,,1
2026-02-22,14,14,3,-0800,iso,lojban/2026_02/2026_02_22.txt,,,,1
2026-02-23,3,3,2,-0800,iso,lojban/2026_02/2026_02_23.txt,,,,1
2026-02-24,3,3,2,-0800,iso,lojban/2026_02/2026_02_24.txt,,,,1
2026-02-25,14,14,3,-0800,iso,lojban/2026_02/2026_02_25.txt,,,,1
2026-02-26,15,15,4,-0800,iso,lojban/2026_02/2026_02_26.txt,,,,1
2026-02-27,8,8,4,-0800,iso,lojban/2026_02/2026_02_27.txt,,,,1
2026-03-01,3,3,1,-0800,iso,lojban/2026_03/2026_03_01.txt,,,,1
2026-03-02,5,5,2,-0800,iso,lojban/2026_03/2026_03_02.txt,,,,1
2026-03-04,2,2,1,-0800,iso,lojban/2026_03/2026_03_04.txt,,,,1
2026-03-05,6,6,2,-0800,iso,lojban/2026_03/2026_03_05.txt,,,,1
2026-03-06,3,3,1,-0800,iso,lojban/2026_03/2026_03_06.txt,,,,1
2026-03-07,4,4,2,-0800,iso,lojban/2026_03/2026_03_07.txt,,,,1
2026-03-08,4,4,3,-0700,iso,lojban/2026_03/2026_03_08.txt,,,,1
2026-03-09,10,10,3,-0700,iso,lojban/2026_03/2026_03_09.txt,,,,1
2026-03-10,9,9,5,-0700,iso,lojban/2026_03/2026_03_10.txt,,,,1
2026-03-11,3,3,2,-0700,iso,lojban/2026_03/2026_03_11.txt,,,,1
2026-03-15,10,10,5,-0700,iso,lojban/2026_03/2026_03_15.txt,,,,1
2026-03-16,17,17,7,-0700,iso,lojban/2026_03/2026_03_16.txt,,,,1
2026-03-17,2,2,1,-0700,iso,lojban/2026_03/2026_03_17.txt,,,,1
2026-03-19,4,4,2,-0700,iso,lojban/2026_03/2026_03_19.txt,,,,1
2026-03-20,19,19,6,-0700,iso,lojban/2026_03/2026_03_20.txt,,,,1
2026-03-21,12,12,5,-0700,iso,lojban/2026_03/2026_03_21.txt,,,,1
2026-03-22,13,13,3,-0700,iso,lojban/2026_03/2026_03_22.txt,,,,1
2026-03-25,4,4,2,-0700,iso,lojban/2026_03/2026_03_25.txt,,,,1
2026-03-26,3,3,2,-0700,iso,lojban/2026_03/2026_03_26.txt,,,,1
2026-03-27,2,2,1,-0700,iso,lojban/2026_03/2026_03_27.txt,,,,1
2026-03-28,1,1,1,-0700,iso,lojban/2026_03/2026_03_28.txt,,,,1
2026-03-29,2,2,1,-0700,iso,lojban/2026_03/2026_03_29.txt,,,,1
2026-04-01,1,1,1,-0700,iso,lojban/2026_04/2026_04_01.txt,,,,1
2026-04-04,2,2,2,-0700,iso,lojban/2026_04/2026_04_04.txt,,,,1
2026-04-05,1,1,1,-0700,iso,lojban/2026_04/2026_04_05.txt,,,,1
2026-04-10,3,3,3,-0700,iso,lojban/2026_04/2026_04_10.txt,,,,1
2026-04-12,1,1,1,-0700,iso,lojban/2026_04/2026_04_12.txt,,,,1
2026-04-14,5,5,2,-0700,iso,lojban/2026_04/2026_04_14.txt,,,,1
2026-04-18,3,3,1,-0700,iso,lojban/2026_04/2026_04_18.txt,,,,1
2026-04-19,1,1,1,-0700,iso,lojban/2026_04/2026_04_19.txt,,,,1
2026-04-26,6,6,3,-0700,iso,lojban/2026_04/2026_04_26.txt,,,,1
2026-04-27,2,2,1,-0700,iso,lojban/2026_04/2026_04_27.txt,,,,1
2026-04-28,40,40,5,-0700,iso,lojban/2026_04/2026_04_28.txt,,,,1
2026-04-29,1,1,1,-0700,iso,lojban/2026_04/2026_04_29.txt,,,,1
2026-05-01,1,1,1,-0700,iso,lojban/2026_05/2026_05_01.txt,,,,1
2026-05-02,3,3,3,-0700,iso,lojban/2026_05/2026_05_02.txt,,,,1
2026-05-03,1,1,1,-0700,iso,lojban/2026_05/2026_05_03.txt,,,,1
2026-05-06,13,13,3,-0700,iso,lojban/2026_05/2026_05_06.txt,,,,1
2026-05-09,2,2,2,-0700,iso,lojban/2026_05/2026_05_09.txt,,,,1
2026-05-10,10,10,3,-0700,iso,lojban/2026_05/2026_05_10.txt,,,,1
2026-05-19,1,1,1,-0700,iso,lojban/2026_05/2026_05_19.txt,,,,1
2026-05-21,1,1,1,-0700,iso,lojban/2026_05/2026_05_21.txt,,,,1
2026-05-24,6,6,4,-0700,iso,lojban/2026_05/2026_05_24.txt,,,,1
2026-05-25,4,4,2,-0700,iso,lojban/2026_05/2026_05_25.txt,,,,1
2026-05-27,2,2,2,-0700,iso,lojban/2026_05/2026_05_27.txt,,,,1
2026-05-28,2,2,2,-0700,iso,lojban/2026_05/2026_05_28.txt,,,,1
2026-05-29,1,1,1,-0700,iso,lojban/2026_05/2026_05_29.txt,,,,1
2026-05-31,1,1,1,-0700,iso,lojban/2026_05/2026_05_31.txt,,,,1
2026-06-01,3,3,2,-0700,iso,lojban/2026_06/2026_06_01.txt,,,,1
2026-06-04,2,2,2,-0700,iso,lojban/2026_06/2026_06_04.txt,,,,1
2026-06-05,1,1,1,-0700,iso,lojban/2026_06/2026_06_05.txt,,,,1
2026-06-06,4,4,2,-0700,iso,lojban/2026_06/2026_06_06.txt,,,,1
2026-06-12,1,1,1,-0700,iso,lojban/2026_06/2026_06_12.txt,,,,1
2026-06-15,1,1,1,-0700,iso,lojban/2026_06/2026_06_15.txt,,,,1
2026-06-18,1,1,1,-0700,iso,lojban/2026_06/2026_06_18.txt,,,,1
2026-06-19,6,6,4,-0700,iso,lojban/2026_06/2026_06_19.txt,,,,1
2026-06-22,5,5,2,-0700,iso,lojban/2026_06/2026_06_22.txt,,,,1
2026-06-23,1,1,1,-0700,iso,lojban/2026_06/2026_06_23.txt,,,,1
2026-06-26,7,7,3,-0700,iso,lojban/2026_06/2026_06_26.txt,,,,1
2026-06-28,1,1,1,-0700,iso,lojban/2026_06/2026_06_28.txt,,,,1
2026-06-29,4,4,4,-0700,iso,lojban/2026_06/2026_06_29.txt,,,,1
2026-06-30,1,1,1,-0700,iso,lojban/2026_06/2026_06_30.txt,,,,1
2026-07-03,1,1,1,-0700,iso,lojban/2026_07/2026_07_03.txt,,,,1
2026-07-04,5,5,2,-0700,iso,lojban/2026_07/2026_07_04.txt,,,,1
2026-07-05,3,3,2,-0700,iso,lojban/2026_07/2026_07_05.txt,,,,1
2026-07-08,4,4,3,-0700,iso,lojban/2026_07/2026_07_08.txt,,,,1
2026-07-09,13,13,3,-0700,iso,lojban/2026_07/2026_07_09.txt,,,,1
2026-07-10,2,2,2,-0700,iso,lojban/2026_07/2026_07_10.txt,,,,1
2026-07-12,12,12,5,-0700,iso,lojban/2026_07/2026_07_12.txt,,,,1
2026-07-13,3,3,1,-0700,iso,lojban/2026_07/2026_07_13.txt,,,,1
2026-07-15,15,15,4,-0700,iso,lojban/2026_07/2026_07_15.txt,,,,1
2026-07-17,5,5,2,-0700,iso,lojban/2026_07/2026_07_17.txt,,,,1
2026-07-18,35,35,6,-0700,iso,lojban/2026_07/2026_07_18.txt,,,,1
2026-07-20,10,10,3,-0700,iso,lojban/2026_07/2026_07_20.txt,,,,1
2026-07-21,60,60,6,-0700,iso,lojban/2026_07/2026_07_21.txt,,,,1
2026-07-22,19,19,4,-0700,iso,lojban/2026_07/2026_07_22.txt,,,,1
2026-07-23,1,1,1,-0700,iso,lojban/2026_07/2026_07_23.txt,,,,1
2026-07-24,11,11,5,-0700,iso,lojban/2026_07/2026_07_24.txt,,,,1
2026-07-25,12,12,5,-0700,iso,lojban/2026_07/2026_07_25.txt,,,,1
2026-07-27,4,4,2,-0700,iso,lojban/2026_07/2026_07_27.txt,,,,1
2026-07-28,14,14,4,-0700,iso,lojban/2026_07/2026_07_28.txt,,,,1
2026-07-29,4,4,3,-0700,iso,lojban/2026_07/2026_07_29.txt,,,,1
2026-07-30,4,4,3,-0700,iso,lojban/2026_07/2026_07_30.txt,,,,1
2026-07-31,2,2,2,-0700,iso,lojban/2026_07/2026_07_31.txt,,,,1
2026-08-01,1,1,1,-0700,iso,lojban/2026_08/2026_08_01.txt,,,,1
2026-08-02,3,3,2,-0700,iso,lojban/2026_08/2026_08_02.txt,,,,1
2026-08-03,6,6,3,-0700,iso,lojban/2026_08/2026_08_03.txt,,,,1
2026-08-04,2,2,2,-0700,iso,lojban/2026_08/2026_08_04.txt,,,,1
2026-08-05,1,1,1,-0700,iso,lojban/2026_08/2026_08_05.txt,,,,1
2026-08-08,10,10,4,-0700,iso,lojban/2026_08/2026_08_08.txt,,,,1
2026-08-09,19,19,3,-0700,iso,lojban/2026_08/2026_08_09.txt,,,,1
2026-08-11,5,5,3,-0700,iso,lojban/2026_08/2026_08_11.txt,,,,1
2026-08-14,7,7,3,-0700,iso,lojban/2026_08/2026_08_14.txt,,,,1
2026-08-15,5,5,5,-0700,iso,lojban/2026_08/2026_08_15.txt,,,,1
2026-08-16,13,13,6,-0700,iso,lojban/2026_08/2026_08_16.txt,,,,1
2026-08-17,10,10,3,-0700,iso,lojban/2026_08/2026_08_17.txt,,,,1
2026-08-21,4,4,2,-0700,iso,lojban/2026_08/2026_08_21.txt,,,,1
2026-08-25,2,2,2,-0700,iso,lojban/2026_08/2026_08_25.txt,,,,1
2026-08-26,11,11,3,-0700,iso,lojban/2026_08/2026_08_26.txt,,,,1
2026-08-29,1,1,1,-0700,iso,lojban/2026_08/2026_08_29.txt,,,,1
2026-08-30,37,37,4,-0700,iso,lojban/2026_08/2026_08_30.txt,,,,1
2026-09-01,6,6,3,-0700,iso,lojban/2026_09/2026_09_01.txt,,,,1
2026-09-06,2,2,2,-0700,iso,lojban/2026_09/2026_09_06.txt,,,,1
2026-09-09,2,2,1,-0700,iso,lojban/2026_09/2026_09_09.txt,,,,1
2026-09-12,3,3,3,-0700,iso,lojban/2026_09/2026_09_12.txt,,,,1
