date,lines,messages,nicks,tz,format,source,days_observed,days_in_range,undated_lines,fragments
2004-04-04,37,0,0,unknown,undated,jbosnu/2004_04/jbosnu-robins_history_04_Apr_2004.txt,,,37,1
2004-04-08,5,3,2,unknown,undated,jbosnu/2004_04/2004_04_08-14_29.txt,,,5,1
2004-04-09,6,3,2,unknown,undated,jbosnu/2004_04/2004_04_09-02_21.txt,,,6,1
2004-04-10,13,7,2,unknown,undated,jbosnu/2004_04/2004_04_10-02_21.txt,,,13,1
2004-04-11,19,3,2,unknown,undated,jbosnu/2004_04/2004_04_11-02_21.txt,,,19,1
2004-04-12,17,2,2,unknown,undated,jbosnu/2004_04/2004_04_12-02_21.txt,,,17,1
2004-04-13,7,0,0,unknown,undated,jbosnu/2004_04/2004_04_13-02_21.txt,,,7,1
2004-04-14,11,0,0,unknown,undated,jbosnu/2004_04/2004_04_14-02_21.txt,,,11,1
2004-04-15,6,0,0,unknown,undated,jbosnu/2004_04/2004_04_15-02_21.txt,,,6,1
2004-04-16,11,0,0,unknown,undated,jbosnu/2004_04/2004_04_16-02_21.txt,,,11,1
2004-04-17,5,0,0,unknown,undated,jbosnu/2004_04/2004_04_17-02_21.txt,,,5,1
2004-04-18,12,0,0,unknown,undated,jbosnu/2004_04/2004_04_18-02_21.txt,,,12,1
2004-04-19,11,0,0,unknown,undated,jbosnu/2004_04/2004_04_19-02_21.txt,,,11,1
2004-04-20,7,0,0,unknown,undated,jbosnu/2004_04/2004_04_20-02_21.txt,,,7,1
2004-04-21,10,4,2,unknown,undated,jbosnu/2004_04/2004_04_21-02_21.txt,,,10,1
2004-04-22,6,0,0,unknown,undated,jbosnu/2004_04/2004_04_22-02_21.txt,,,6,1
2004-04-23,5,0,0,unknown,undated,jbosnu/2004_04/2004_04_23-02_21.txt,,,5,1
2004-04-24,9,0,0,unknown,undated,jbosnu/2004_04/2004_04_24-02_21.txt,,,9,1
2004-04-25,6,0,0,unknown,undated,jbosnu/2004_04/2004_04_25-02_21.txt,,,6,1
2004-04-26,11,0,0,unknown,undated,jbosnu/2004_04/2004_04_26-02_21.txt,,,11,1
2004-04-27,7,0,0,unknown,undated,jbosnu/2004_04/2004_04_27-02_21.txt,,,7,1
2004-04-28,4,0,0,unknown,undated,jbosnu/2004_04/2004_04_28-02_21.txt,,,4,1
2004-04-29,5,0,0,unknown,undated,jbosnu/2004_04/2004_04_29-02_21.txt,,,5,1
2004-04-30,7,1,1,unknown,undated,jbosnu/2004_04/2004_04_30-02_21.txt,,,7,1
2004-05-01,10,0,0,unknown,undated,jbosnu/2004_05/2004_05_01-02_21.txt,,,10,1
2004-05-02,7,0,0,unknown,undated,jbosnu/2004_05/2004_05_02-02_21.txt,,,7,1
2004-05-03,4,0,0,unknown,undated,jbosnu/2004_05/2004_05_03-02_21.txt,,,4,1
2004-05-04,4,0,0,unknown,undated,jbosnu/2004_05/2004_05_04-02_21.txt,,,4,1
2004-05-05,6,0,0,unknown,undated,jbosnu/2004_05/2004_05_05-02_21.txt,,,6,1
2004-05-06,9,0,0,unknown,undated,jbosnu/2004_05/2004_05_06-02_21.txt,,,9,1
2004-05-07,6,0,0,unknown,undated,jbosnu/2004_05/2004_05_07-02_21.txt,,,6,1
2004-05-08,7,0,0,unknown,undated,jbosnu/2004_05/2004_05_08-02_21.txt,,,7,1
2004-05-09,4,0,0,unknown,undated,jbosnu/2004_05/2004_05_09-02_21.txt,,,4,1
2004-05-10,9,0,0,unknown,undated,jbosnu/2004_05/2004_05_10-02_21.txt,,,9,1
2004-05-11,12,0,0,unknown,undated,jbosnu/2004_05/2004_05_11-02_21.txt,,,12,1
2004-05-12,4,0,0,unknown,undated,jbosnu/2004_05/2004_05_12-02_21.txt,,,4,1
2004-05-13,6,0,0,unknown,undated,jbosnu/2004_05/2004_05_13-02_21.txt,,,6,1
2004-05-14,7,0,0,unknown,undated,jbosnu/2004_05/2004_05_14-02_21.txt,,,7,1
2004-05-15,5,0,0,unknown,undated,jbosnu/2004_05/2004_05_15-02_21.txt,,,5,1
2004-05-16,7,3,2,unknown,undated,jbosnu/2004_05/2004_05_16-02_21.txt,,,7,1
2004-05-17,3,0,0,unknown,undated,jbosnu/2004_05/2004_05_17-02_21.txt,,,3,1
2004-05-18,8,0,0,unknown,undated,jbosnu/2004_05/2004_05_18-02_21.txt,,,8,1
2004-05-19,3,0,0,unknown,undated,jbosnu/2004_05/2004_05_19-02_21.txt,,,3,1
2004-05-20,4,0,0,unknown,undated,jbosnu/2004_05/2004_05_20-02_21.txt,,,4,1
2004-05-21,10,0,0,unknown,undated,jbosnu/2004_05/2004_05_21-02_21.txt,,,10,1
2004-05-22,6,0,0,unknown,undated,jbosnu/2004_05/2004_05_22-02_21.txt,,,6,1
2004-05-23,15,0,0,unknown,undated,jbosnu/2004_05/2004_05_23-02_21.txt,,,15,1
2004-05-24,18,0,0,unknown,undated,jbosnu/2004_05/2004_05_24-02_21.txt,,,18,1
2004-05-25,12,0,0,unknown,undated,jbosnu/2004_05/2004_05_25-02_21.txt,,,12,1
2004-05-26,8,0,0,unknown,undated,jbosnu/2004_05/2004_05_26-02_22.txt,,,8,1
2004-05-27,12,0,0,unknown,undated,jbosnu/2004_05/2004_05_27-02_21.txt,,,12,1
2004-05-28,5,0,0,unknown,undated,jbosnu/2004_05/2004_05_28-02_21.txt,,,5,1
2004-05-29,7,0,0,unknown,undated,jbosnu/2004_05/2004_05_29-02_21.txt,,,7,1
2004-05-30,10,0,0,unknown,undated,jbosnu/2004_05/2004_05_30-02_21.txt,,,10,1
2004-05-31,7,0,0,unknown,undated,jbosnu/2004_05/2004_05_31-02_21.txt,,,7,1
2004-06-01,21,0,0,unknown,undated,jbosnu/2004_06/2004_06_01-02_21.txt,,,21,1
2004-06-02,9,0,0,unknown,undated,jbosnu/2004_06/2004_06_02-02_21.txt,,,9,1
2004-06-03,6,0,0,unknown,undated,jbosnu/2004_06/2004_06_03-02_21.txt,,,6,1
2004-06-04,12,0,0,unknown,undated,jbosnu/2004_06/2004_06_04-02_21.txt,,,12,1
2004-06-05,3,0,0,unknown,undated,jbosnu/2004_06/2004_06_05-02_21.txt,,,3,1
2004-06-06,6,0,0,unknown,undated,jbosnu/2004_06/2004_06_06-02_21.txt,,,6,1
2004-06-07,32,0,0,unknown,undated,jbosnu/2004_06/2004_06_07-02_21.txt,,,32,1
2004-06-08,7,0,0,unknown,undated,jbosnu/2004_06/2004_06_08-02_21.txt,,,7,1
2004-06-09,19,0,0,unknown,undated,jbosnu/2004_06/2004_06_09-02_21.txt,,,19,1
2004-06-10,15,0,0,unknown,undated,jbosnu/2004_06/2004_06_10-02_21.txt,,,15,1
2004-06-11,7,0,0,unknown,undated,jbosnu/2004_06/2004_06_11-02_21.txt,,,7,1
2004-06-12,11,0,0,unknown,undated,jbosnu/2004_06/2004_06_12-02_21.txt,,,11,1
2004-06-13,5,0,0,unknown,undated,jbosnu/2004_06/2004_06_13-02_21.txt,,,5,1
2004-06-14,8,0,0,unknown,undated,jbosnu/2004_06/2004_06_14-02_21.txt,,,8,1
2004-06-15,6,0,0,unknown,undated,jbosnu/2004_06/2004_06_15-02_22.txt,,,6,1
2004-06-16,16,6,3,unknown,undated,jbosnu/2004_06/2004_06_16-02_21.txt,,,16,1
2004-06-17,5,0,0,unknown,undated,jbosnu/2004_06/2004_06_17-02_21.txt,,,5,1
2004-06-18,7,0,0,unknown,undated,jbosnu/2004_06/2004_06_18-02_22.txt,,,7,1
2004-06-19,6,0,0,unknown,undated,jbosnu/2004_06/2004_06_19-02_21.txt,,,6,1
2004-06-20,7,0,0,unknown,undated,jbosnu/2004_06/2004_06_20-02_21.txt,,,7,1
2004-06-21,5,0,0,unknown,undated,jbosnu/2004_06/2004_06_21-02_21.txt,,,5,1
2004-06-22,11,0,0,unknown,undated,jbosnu/2004_06/2004_06_22-02_22.txt,,,11,1
2004-06-23,4,0,0,unknown,undated,jbosnu/2004_06/2004_06_23-02_21.txt,,,4,1
2004-06-24,23,0,0,unknown,undated,jbosnu/2004_06/2004_06_24-02_21.txt,,,23,1
2004-06-25,7,0,0,unknown,undated,jbosnu/2004_06/2004_06_25-02_21.txt,,,7,1
2004-06-26,6,0,0,unknown,undated,jbosnu/2004_06/2004_06_26-02_21.txt,,,6,1
2004-06-27,13,0,0,unknown,undated,jbosnu/2004_06/2004_06_27-02_21.txt,,,13,1
2004-06-28,8,0,0,unknown,undated,jbosnu/2004_06/2004_06_28-02_21.txt,,,8,1
2004-06-29,9,0,0,unknown,undated,jbosnu/2004_06/2004_06_29-02_21.txt,,,9,1
2004-06-30,10,0,0,unknown,undated,jbosnu/2004_06/2004_06_30-02_21.txt,,,10,1
2004-07-01,10,0,0,unknown,undated,jbosnu/2004_07/2004_07_01-02_21.txt,,,10,1
2004-07-02,6,0,0,unknown,undated,jbosnu/2004_07/2004_07_02-02_21.txt,,,6,1
2004-07-03,11,0,0,unknown,undated,jbosnu/2004_07/2004_07_03-02_21.txt,,,11,1
2004-07-04,9,0,0,unknown,undated,jbosnu/2004_07/2004_07_04-02_21.txt,,,9,1
2004-07-05,15,0,0,unknown,undated,jbosnu/2004_07/2004_07_05-02_21.txt,,,15,1
2004-07-06,11,0,0,unknown,undated,jbosnu/2004_07/2004_07_06-02_21.txt,,,11,1
2004-07-07,15,0,0,unknown,undated,jbosnu/2004_07/2004_07_07-02_21.txt,,,15,1
2004-07-08,27,0,0,unknown,undated,jbosnu/2004_07/2004_07_08-02_21.txt,,,27,1
2004-07-09,11,0,0,unknown,undated,jbosnu/2004_07/2004_07_09-02_22.txt,,,11,1
2004-07-10,8,0,0,unknown,undated,jbosnu/2004_07/2004_07_10-02_21.txt,,,8,1
2004-07-11,8,0,0,unknown,undated,jbosnu/2004_07/2004_07_11-02_21.txt,,,8,1
2004-07-12,13,0,0,unknown,undated,jbosnu/2004_07/2004_07_12-02_21.txt,,,13,1
2004-07-13,10,0,0,unknown,undated,jbosnu/2004_07/2004_07_13-02_21.txt,,,10,1
2004-07-14,14,0,0,unknown,undated,jbosnu/2004_07/2004_07_14-02_21.txt,,,14,1
2004-07-15,8,0,0,unknown,undated,jbosnu/2004_07/2004_07_15-02_21.txt,,,8,1
2004-07-16,5,0,0,unknown,undated,jbosnu/2004_07/2004_07_16-02_21.txt,,,5,1
2004-07-17,8,0,0,unknown,undated,jbosnu/2004_07/2004_07_17-02_21.txt,,,8,1
2004-07-18,9,0,0,unknown,undated,jbosnu/2004_07/2004_07_18-02_21.txt,,,9,1
2004-07-19,6,0,0,unknown,undated,jbosnu/2004_07/2004_07_19-02_21.txt,,,6,1
2004-07-20,6,0,0,unknown,undated,jbosnu/2004_07/2004_07_20-02_21.txt,,,6,1
2004-07-21,10,0,0,unknown,undated,jbosnu/2004_07/2004_07_21-02_21.txt,,,10,1
2004-07-22,9,0,0,unknown,undated,jbosnu/2004_07/2004_07_22-02_21.txt,,,9,1
2004-07-23,12,0,0,unknown,undated,jbosnu/2004_07/2004_07_23-02_21.txt,,,12,1
2004-07-24,2,0,0,unknown,undated,jbosnu/2004_07/2004_07_24-02_21.txt,,,2,1
2004-07-25,4,0,0,unknown,undated,jbosnu/2004_07/2004_07_25-02_21.txt,,,4,1
2004-07-26,7,0,0,unknown,undated,jbosnu/2004_07/2004_07_26-02_21.txt,,,7,1
2004-07-27,8,0,0,unknown,undated,jbosnu/2004_07/2004_07_27-02_21.txt,,,8,1
2004-07-28,6,0,0,unknown,undated,jbosnu/2004_07/2004_07_28-02_21.txt,,,6,1
2004-07-29,7,0,0,unknown,undated,jbosnu/2004_07/2004_07_29-02_22.txt,,,7,1
2004-07-30,6,0,0,unknown,undated,jbosnu/2004_07/2004_07_30-02_21.txt,,,6,1
2004-07-31,5,0,0,unknown,undated,jbosnu/2004_07/2004_07_31-02_21.txt,,,5,1
2004-08-01,5,0,0,unknown,undated,jbosnu/2004_08/2004_08_01-02_21.txt,,,5,1
2004-08-02,6,0,0,unknown,undated,jbosnu/2004_08/2004_08_02-02_21.txt,,,6,1
2004-08-03,8,0,0,unknown,undated,jbosnu/2004_08/2004_08_03-02_21.txt,,,8,1
2004-08-04,7,0,0,unknown,undated,jbosnu/2004_08/2004_08_04-02_21.txt,,,7,1
2004-08-06,7,0,0,unknown,undated,jbosnu/2004_08/2004_08_06-02_21.txt,,,7,1
2004-08-07,7,0,0,unknown,undated,jbosnu/2004_08/2004_08_07-02_21.txt,,,7,1
2004-08-08,7,0,0,unknown,undated,jbosnu/2004_08/2004_08_08-02_21.txt,,,7,1
2004-08-09,5,0,0,unknown,undated,jbosnu/2004_08/2004_08_09-02_21.txt,,,5,1
2004-08-10,2,0,0,unknown,undated,jbosnu/2004_08/2004_08_10-02_21.txt,,,2,1
2004-08-11,6,0,0,unknown,undated,jbosnu/2004_08/2004_08_11-02_21.txt,,,6,1
2004-08-12,10,0,0,unknown,undated,jbosnu/2004_08/2004_08_12-02_21.txt,,,10,1
2004-08-13,11,0,0,unknown,undated,jbosnu/2004_08/2004_08_13-02_21.txt,,,11,1
2004-08-14,7,0,0,unknown,undated,jbosnu/2004_08/2004_08_14-02_21.txt,,,7,1
2004-08-15,6,0,0,unknown,undated,jbosnu/2004_08/2004_08_15-02_21.txt,,,6,1
2004-08-16,6,0,0,unknown,undated,jbosnu/2004_08/2004_08_16-02_21.txt,,,6,1
2004-08-17,6,0,0,unknown,undated,jbosnu/2004_08/2004_08_17-02_21.txt,,,6,1
2004-08-18,12,0,0,unknown,undated,jbosnu/2004_08/2004_08_18-02_21.txt,,,12,1
2004-08-19,15,0,0,unknown,undated,jbosnu/2004_08/2004_08_19-02_21.txt,,,15,1
2004-08-20,9,0,0,unknown,undated,jbosnu/2004_08/2004_08_20-02_21.txt,,,9,1
2004-08-21,6,0,0,unknown,undated,jbosnu/2004_08/2004_08_21-02_21.txt,,,6,1
2004-08-22,5,0,0,unknown,undated,jbosnu/2004_08/2004_08_22-02_21.txt,,,5,1
2004-08-24,8,0,0,unknown,undated,jbosnu/2004_08/2004_08_24-02_21.txt,,,8,1
2004-08-25,7,0,0,unknown,undated,jbosnu/2004_08/2004_08_25-02_21.txt,,,7,1
2004-08-26,7,0,0,unknown,undated,jbosnu/2004_08/2004_08_26-02_21.txt,,,7,1
2004-08-27,8,0,0,unknown,undated,jbosnu/2004_08/2004_08_27-02_21.txt,,,8,1
2004-08-28,12,0,0,unknown,undated,jbosnu/2004_08/2004_08_28-02_21.txt,,,12,1
2004-08-29,6,0,0,unknown,undated,jbosnu/2004_08/2004_08_29-02_21.txt,,,6,1
2004-08-30,6,0,0,unknown,undated,jbosnu/2004_08/2004_08_30-02_21.txt,,,6,1
2004-08-31,8,0,0,unknown,undated,jbosnu/2004_08/2004_08_31-02_21.txt,,,8,1
2004-09-01,7,0,0,unknown,undated,jbosnu/2004_09/2004_09_01-02_21.txt,,,7,1
2004-09-02,16,0,0,unknown,undated,jbosnu/2004_09/2004_09_02-02_21.txt,,,16,1
2004-09-03,5,0,0,unknown,undated,jbosnu/2004_09/2004_09_03-02_21.txt,,,5,1
2004-09-08,6,0,0,unknown,undated,jbosnu/2004_09/2004_09_08-02_21.txt,,,6,1
2004-09-09,8,0,0,unknown,undated,jbosnu/2004_09/2004_09_09-02_21.txt,,,8,1
2004-09-10,7,0,0,unknown,undated,jbosnu/2004_09/2004_09_10-02_21.txt,,,7,1
2004-09-11,7,0,0,unknown,undated,jbosnu/2004_09/2004_09_11-02_21.txt,,,7,1
2004-09-12,2,0,0,unknown,undated,jbosnu/2004_09/2004_09_12-02_21.txt,,,2,1
2004-09-13,4,0,0,unknown,undated,jbosnu/2004_09/2004_09_13-02_21.txt,,,4,1
2004-09-14,5,0,0,unknown,undated,jbosnu/2004_09/2004_09_14-02_21.txt,,,5,1
2004-09-15,5,0,0,unknown,undated,jbosnu/2004_09/2004_09_15-02_21.txt,,,5,1
2004-09-16,8,0,0,unknown,undated,jbosnu/2004_09/2004_09_16-02_21.txt,,,8,1
2004-09-17,6,0,0,unknown,undated,jbosnu/2004_09/2004_09_17-02_21.txt,,,6,1
2004-09-18,4,0,0,unknown,undated,jbosnu/2004_09/2004_09_18-02_21.txt,,,4,1
2004-09-19,1,0,0,unknown,undated,jbosnu/2004_09/2004_09_19-02_21.txt,,,1,1
2004-09-20,5,0,0,unknown,undated,jbosnu/2004_09/2004_09_20-02_21.txt,,,5,1
2004-09-21,2,0,0,unknown,undated,jbosnu/2004_09/2004_09_21-02_21.txt,,,2,1
2004-09-22,4,0,0,unknown,undated,jbosnu/2004_09/2004_09_22-02_21.txt,,,4,1
2004-09-23,6,0,0,unknown,undated,jbosnu/2004_09/2004_09_23-02_21.txt,,,6,1
2004-09-24,3,0,0,unknown,undated,jbosnu/2004_09/2004_09_24-02_21.txt,,,3,1
2004-09-25,6,0,0,unknown,undated,jbosnu/2004_09/2004_09_25-02_21.txt,,,6,1
2004-09-26,2,0,0,unknown,undated,jbosnu/2004_09/2004_09_26-02_21.txt,,,2,1
2004-09-27,3,0,0,unknown,undated,jbosnu/2004_09/2004_09_27-02_21.txt,,,3,1
2004-09-28,2,0,0,unknown,undated,jbosnu/2004_09/2004_09_28-02_21.txt,,,2,1
2004-09-29,6,0,0,unknown,undated,jbosnu/2004_09/2004_09_29-02_21.txt,,,6,1
2004-09-30,9,0,0,unknown,undated,jbosnu/2004_09/2004_09_30-02_21.txt,,,9,1
2004-10-01,3,0,0,unknown,undated,jbosnu/2004_10/2004_10_01-02_21.txt,,,3,1
2004-10-02,8,0,0,unknown,undated,jbosnu/2004_10/2004_10_02-02_21.txt,,,8,1
2004-10-03,8,0,0,unknown,undated,jbosnu/2004_10/2004_10_03-02_21.txt,,,8,1
2004-10-04,7,0,0,unknown,undated,jbosnu/2004_10/2004_10_04-02_21.txt,,,7,1
2004-10-05,3,0,0,unknown,undated,jbosnu/2004_10/2004_10_05-02_21.txt,,,3,1
2004-10-06,7,0,0,unknown,undated,jbosnu/2004_10/2004_10_06-02_21.txt,,,7,1
2004-10-07,2,0,0,unknown,undated,jbosnu/2004_10/2004_10_07-02_21.txt,,,2,1
2004-10-08,4,0,0,unknown,undated,jbosnu/2004_10/2004_10_08-02_21.txt,,,4,1
2004-10-09,5,0,0,unknown,undated,jbosnu/2004_10/2004_10_09-02_21.txt,,,5,1
2004-10-10,4,0,0,unknown,undated,jbosnu/2004_10/2004_10_10-02_29.txt,,,4,1
2004-10-12,3,0,0,unknown,undated,jbosnu/2004_10/2004_10_12-02_21.txt,,,3,1
2004-10-13,16,0,0,unknown,undated,jbosnu/2004_10/2004_10_13-02_21.txt,,,16,1
2004-10-14,10,0,0,unknown,undated,jbosnu/2004_10/2004_10_14-02_21.txt,,,10,1
2004-10-15,8,0,0,unknown,undated,jbosnu/2004_10/2004_10_15-02_21.txt,,,8,1
2004-10-16,6,0,0,unknown,undated,jbosnu/2004_10/2004_10_16-02_21.txt,,,6,1
2004-10-17,2,0,0,unknown,undated,jbosnu/2004_10/2004_10_17-02_21.txt,,,2,1
2004-10-18,1,0,0,unknown,undated,jbosnu/2004_10/2004_10_18-02_21.txt,,,1,1
2004-10-19,9,0,0,unknown,undated,jbosnu/2004_10/2004_10_19-02_21.txt,,,9,1
2004-10-20,1,0,0,unknown,undated,jbosnu/2004_10/2004_10_20-02_21.txt,,,1,1
2004-10-21,5,0,0,unknown,undated,jbosnu/2004_10/2004_10_21-02_21.txt,,,5,1
2004-10-22,4,0,0,unknown,undated,jbosnu/2004_10/2004_10_22-02_21.txt,,,4,1
2004-10-23,4,0,0,unknown,undated,jbosnu/2004_10/2004_10_23-02_21.txt,,,4,1
2004-10-24,3,0,0,unknown,undated,jbosnu/2004_10/2004_10_24-02_21.txt,,,3,1
2004-10-25,5,0,0,unknown,undated,jbosnu/2004_10/2004_10_25-02_21.txt,,,5,1
2004-10-26,1,0,0,unknown,undated,jbosnu/2004_10/2004_10_26-02_21.txt,,,1,1
2004-10-27,6,0,0,unknown,undated,jbosnu/2004_10/2004_10_27-02_21.txt,,,6,1
2004-10-28,10,0,0,unknown,undated,jbosnu/2004_10/2004_10_28-02_29.txt,,,10,1
2004-10-30,7,0,0,unknown,undated,jbosnu/2004_10/2004_10_30-02_21.txt,,,7,1
2004-10-31,5,0,0,unknown,undated,jbosnu/2004_10/2004_10_31-02_21.txt,,,5,1
2004-11-01,3,0,0,unknown,undated,jbosnu/2004_11/2004_11_01-02_21.txt,,,3,1
2004-11-02,9,0,0,unknown,undated,jbosnu/2004_11/2004_11_02-02_21.txt,,,9,1
2004-11-03,1,0,0,unknown,undated,jbosnu/2004_11/2004_11_03-02_21.txt,,,1,1
2004-11-04,3,0,0,unknown,undated,jbosnu/2004_11/2004_11_04-02_21.txt,,,3,1
2004-11-05,3,0,0,unknown,undated,jbosnu/2004_11/2004_11_05-02_21.txt,,,3,1
2004-11-06,4,0,0,unknown,undated,jbosnu/2004_11/2004_11_06-02_21.txt,,,4,1
2004-11-07,4,0,0,unknown,undated,jbosnu/2004_11/2004_11_07-02_21.txt,,,4,1
2004-11-08,1,0,0,unknown,undated,jbosnu/2004_11/2004_11_08-02_22.txt,,,1,1
2004-11-09,3,0,0,unknown,undated,jbosnu/2004_11/2004_11_09-02_22.txt,,,3,1
2004-11-10,4,0,0,unknown,undated,jbosnu/2004_11/2004_11_10-02_22.txt,,,4,1
2004-11-11,6,0,0,unknown,undated,jbosnu/2004_11/2004_11_11-02_22.txt,,,6,1
2004-11-12,10,0,0,unknown,undated,jbosnu/2004_11/2004_11_12-02_22.txt,,,10,1
2004-11-13,8,0,0,unknown,undated,jbosnu/2004_11/2004_11_13-02_21.txt,,,8,1
2004-11-14,9,0,0,unknown,undated,jbosnu/2004_11/2004_11_14-02_21.txt,,,9,1
2004-11-15,3,0,0,unknown,undated,jbosnu/2004_11/2004_11_15-02_21.txt,,,3,1
2004-11-16,5,0,0,unknown,undated,jbosnu/2004_11/2004_11_16-02_21.txt,,,5,1
2004-11-17,4,0,0,unknown,undated,jbosnu/2004_11/2004_11_17-02_21.txt,,,4,1
2004-11-18,4,0,0,unknown,undated,jbosnu/2004_11/2004_11_18-02_21.txt,,,4,1
2004-11-19,5,0,0,unknown,undated,jbosnu/2004_11/2004_11_19-02_22.txt,,,5,1
2004-11-20,8,0,0,unknown,undated,jbosnu/2004_11/2004_11_20-02_21.txt,,,8,1
2004-11-21,4,0,0,unknown,undated,jbosnu/2004_11/2004_11_21-02_21.txt,,,4,1
2004-11-22,6,0,0,unknown,undated,jbosnu/2004_11/2004_11_22-02_21.txt,,,6,1
2004-11-23,5,0,0,unknown,undated,jbosnu/2004_11/2004_11_23-02_22.txt,,,5,1
2004-11-24,6,0,0,unknown,undated,jbosnu/2004_11/2004_11_24-02_21.txt,,,6,1
2004-11-25,10,0,0,unknown,undated,jbosnu/2004_11/2004_11_25-02_21.txt,,,10,1
2004-11-26,4,0,0,unknown,undated,jbosnu/2004_11/2004_11_26-02_21.txt,,,4,1
2004-11-27,3,0,0,unknown,undated,jbosnu/2004_11/2004_11_27-02_21.txt,,,3,1
2004-11-28,6,0,0,unknown,undated,jbosnu/2004_11/2004_11_28-02_21.txt,,,6,1
2004-11-29,2,0,0,unknown,undated,jbosnu/2004_11/2004_11_29-02_21.txt,,,2,1
2004-11-30,4,0,0,unknown,undated,jbosnu/2004_11/2004_11_30-02_21.txt,,,4,1
2004-12-01,5,0,0,unknown,undated,jbosnu/2004_12/2004_12_01-02_22.txt,,,5,1
2004-12-02,7,0,0,unknown,undated,jbosnu/2004_12/2004_12_02-02_21.txt,,,7,1
2004-12-03,5,0,0,unknown,undated,jbosnu/2004_12/2004_12_03-02_21.txt,,,5,1
2004-12-04,7,0,0,unknown,undated,jbosnu/2004_12/2004_12_04-02_21.txt,,,7,1
2004-12-05,4,0,0,unknown,undated,jbosnu/2004_12/2004_12_05-02_21.txt,,,4,1
2004-12-06,2,0,0,unknown,undated,jbosnu/2004_12/2004_12_06-02_21.txt,,,2,1
2004-12-08,5,0,0,unknown,undated,jbosnu/2004_12/2004_12_08-02_21.txt,,,5,1
2004-12-09,10,0,0,unknown,undated,jbosnu/2004_12/2004_12_09-02_21.txt,,,10,1
2004-12-10,8,0,0,unknown,undated,jbosnu/2004_12/2004_12_10-02_22.txt,,,8,1
2004-12-11,4,0,0,unknown,undated,jbosnu/2004_12/2004_12_11-02_21.txt,,,4,1
2004-12-12,5,0,0,unknown,undated,jbosnu/2004_12/2004_12_12-02_21.txt,,,5,1
2004-12-13,3,0,0,unknown,undated,jbosnu/2004_12/2004_12_13-02_21.txt,,,3,1
2004-12-14,1,0,0,unknown,undated,jbosnu/2004_12/2004_12_14-02_21.txt,,,1,1
2004-12-15,5,0,0,unknown,undated,jbosnu/2004_12/2004_12_15-02_21.txt,,,5,1
2004-12-16,7,0,0,unknown,undated,jbosnu/2004_12/2004_12_16-02_21.txt,,,7,1
2004-12-17,10,0,0,unknown,undated,jbosnu/2004_12/2004_12_17-02_21.txt,,,10,1
2004-12-18,5,0,0,unknown,undated,jbosnu/2004_12/2004_12_18-02_21.txt,,,5,1
2004-12-19,9,0,0,unknown,undated,jbosnu/2004_12/2004_12_19-02_21.txt,,,9,1
2004-12-20,3,0,0,unknown,undated,jbosnu/2004_12/2004_12_20-02_21.txt,,,3,1
2004-12-21,4,0,0,unknown,undated,jbosnu/2004_12/2004_12_21-02_21.txt,,,4,1
2004-12-22,4,0,0,unknown,undated,jbosnu/2004_12/2004_12_22-02_22.txt,,,4,1
2004-12-23,5,0,0,unknown,undated,jbosnu/2004_12/2004_12_23-02_21.txt,,,5,1
2004-12-24,5,0,0,unknown,undated,jbosnu/2004_12/2004_12_24-02_21.txt,,,5,1
2004-12-25,2,0,0,unknown,undated,jbosnu/2004_12/2004_12_25-02_21.txt,,,2,1
2004-12-26,3,0,0,unknown,undated,jbosnu/2004_12/2004_12_26-02_21.txt,,,3,1
2004-12-27,6,0,0,unknown,undated,jbosnu/2004_12/2004_12_27-02_21.txt,,,6,1
2004-12-28,8,0,0,unknown,undated,jbosnu/2004_12/2004_12_28-02_21.txt,,,8,1
2004-12-29,2,0,0,unknown,undated,jbosnu/2004_12/2004_12_29-02_21.txt,,,2,1
2004-12-30,2,0,0,unknown,undated,jbosnu/2004_12/2004_12_30-02_21.txt,,,2,1
2004-12-31,2,0,0,unknown,undated,jbosnu/2004_12/2004_12_31-02_21.txt,,,2,1
2005-01-01,5,0,0,unknown,undated,jbosnu/2005_01/2005_01_01-02_21.txt,,,5,1
2005-01-02,2,0,0,unknown,undated,jbosnu/2005_01/2005_01_02-02_21.txt,,,2,1
2005-01-03,3,0,0,unknown,undated,jbosnu/2005_01/2005_01_03-02_21.txt,,,3,1
2005-01-04,10,0,0,unknown,undated,jbosnu/2005_01/2005_01_04-02_22.txt,,,10,1
2005-01-05,7,0,0,unknown,undated,jbosnu/2005_01/2005_01_05-02_22.txt,,,7,1
2005-01-06,2,0,0,unknown,undated,jbosnu/2005_01/2005_01_06-02_22.txt,,,2,1
2005-01-07,2,0,0,unknown,undated,jbosnu/2005_01/2005_01_07-02_22.txt,,,2,1
2005-01-08,2,0,0,unknown,undated,jbosnu/2005_01/2005_01_08-02_22.txt,,,2,1
2005-01-09,4,0,0,unknown,undated,jbosnu/2005_01/2005_01_09-02_23.txt,,,4,1
2005-01-10,3,0,0,unknown,undated,jbosnu/2005_01/2005_01_10-02_22.txt,,,3,1
2005-01-11,7,0,0,unknown,undated,jbosnu/2005_01/2005_01_11-02_22.txt,,,7,1
2005-01-12,4,0,0,unknown,undated,jbosnu/2005_01/2005_01_12-02_21.txt,,,4,1
2005-01-13,3,0,0,unknown,undated,jbosnu/2005_01/2005_01_13-02_21.txt,,,3,1
2005-01-14,9,0,0,unknown,undated,jbosnu/2005_01/2005_01_14-02_21.txt,,,9,1
2005-01-15,7,0,0,unknown,undated,jbosnu/2005_01/2005_01_15-02_21.txt,,,7,1
2005-01-16,5,0,0,unknown,undated,jbosnu/2005_01/2005_01_16-02_21.txt,,,5,1
2005-01-17,3,0,0,unknown,undated,jbosnu/2005_01/2005_01_17-02_21.txt,,,3,1
2005-01-18,3,0,0,unknown,undated,jbosnu/2005_01/2005_01_18-02_21.txt,,,3,1
2005-01-19,2,0,0,unknown,undated,jbosnu/2005_01/2005_01_19-02_21.txt,,,2,1
2005-01-20,3,0,0,unknown,undated,jbosnu/2005_01/2005_01_20-02_21.txt,,,3,1
2005-01-21,3,0,0,unknown,undated,jbosnu/2005_01/2005_01_21-02_21.txt,,,3,1
2005-01-22,3,0,0,unknown,undated,jbosnu/2005_01/2005_01_22-02_21.txt,,,3,1
2005-01-23,7,0,0,unknown,undated,jbosnu/2005_01/2005_01_23-02_21.txt,,,7,1
2005-01-24,1,0,0,unknown,undated,jbosnu/2005_01/2005_01_24-02_21.txt,,,1,1
2005-01-25,3,0,0,unknown,undated,jbosnu/2005_01/2005_01_25-02_21.txt,,,3,1
2005-01-26,2,0,0,unknown,undated,jbosnu/2005_01/2005_01_26-02_22.txt,,,2,1
2005-01-27,3,0,0,unknown,undated,jbosnu/2005_01/2005_01_27-02_21.txt,,,3,1
2005-01-28,3,0,0,unknown,undated,jbosnu/2005_01/2005_01_28-02_21.txt,,,3,1
2005-01-29,8,0,0,unknown,undated,jbosnu/2005_01/2005_01_29-02_21.txt,,,8,1
2005-01-30,7,0,0,unknown,undated,jbosnu/2005_01/2005_01_30-02_21.txt,,,7,1
2005-01-31,5,0,0,unknown,undated,jbosnu/2005_01/2005_01_31-02_21.txt,,,5,1
2005-02-01,4,0,0,unknown,undated,jbosnu/2005_02/2005_02_01-02_21.txt,,,4,1
2005-02-02,6,0,0,unknown,undated,jbosnu/2005_02/2005_02_02-02_21.txt,,,6,1
2005-02-03,2,0,0,unknown,undated,jbosnu/2005_02/2005_02_03-02_21.txt,,,2,1
2005-02-04,8,0,0,unknown,undated,jbosnu/2005_02/2005_02_04-02_22.txt,,,8,1
2005-02-05,5,0,0,unknown,undated,jbosnu/2005_02/2005_02_05-02_21.txt,,,5,1
2005-02-06,3,0,0,unknown,undated,jbosnu/2005_02/2005_02_06-02_21.txt,,,3,1
2005-02-07,3,0,0,unknown,undated,jbosnu/2005_02/2005_02_07-02_21.txt,,,3,1
2005-02-08,11,0,0,unknown,undated,jbosnu/2005_02/2005_02_08-02_21.txt,,,11,1
2005-02-09,4,0,0,unknown,undated,jbosnu/2005_02/2005_02_09-02_21.txt,,,4,1
2005-02-10,7,0,0,unknown,undated,jbosnu/2005_02/2005_02_10-02_21.txt,,,7,1
2005-02-11,1,0,0,unknown,undated,jbosnu/2005_02/2005_02_11-02_21.txt,,,1,1
2005-02-12,4,0,0,unknown,undated,jbosnu/2005_02/2005_02_12-02_21.txt,,,4,1
2005-02-13,5,0,0,unknown,undated,jbosnu/2005_02/2005_02_13-02_21.txt,,,5,1
2005-02-14,2,0,0,unknown,undated,jbosnu/2005_02/2005_02_14-02_21.txt,,,2,1
2005-02-15,4,0,0,unknown,undated,jbosnu/2005_02/2005_02_15-02_22.txt,,,4,1
2005-02-16,8,0,0,unknown,undated,jbosnu/2005_02/2005_02_16-02_22.txt,,,8,1
2005-02-17,3,0,0,unknown,undated,jbosnu/2005_02/2005_02_17-02_21.txt,,,3,1
2005-02-18,2,0,0,unknown,undated,jbosnu/2005_02/2005_02_18-02_21.txt,,,2,1
2005-02-19,4,0,0,unknown,undated,jbosnu/2005_02/2005_02_19-02_21.txt,,,4,1
2005-02-20,4,0,0,unknown,undated,jbosnu/2005_02/2005_02_20-02_21.txt,,,4,1
2005-02-21,5,0,0,unknown,undated,jbosnu/2005_02/2005_02_21-02_21.txt,,,5,1
2005-02-22,3,0,0,unknown,undated,jbosnu/2005_02/2005_02_22-02_21.txt,,,3,1
2005-02-23,4,0,0,unknown,undated,jbosnu/2005_02/2005_02_23-02_21.txt,,,4,1
2005-02-24,3,0,0,unknown,undated,jbosnu/2005_02/2005_02_24-02_22.txt,,,3,1
2005-02-25,5,0,0,unknown,undated,jbosnu/2005_02/2005_02_25-02_21.txt,,,5,1
2005-02-26,2,0,0,unknown,undated,jbosnu/2005_02/2005_02_26-02_21.txt,,,2,1
2005-02-27,3,0,0,unknown,undated,jbosnu/2005_02/2005_02_27-02_21.txt,,,3,1
2005-02-28,3,0,0,unknown,undated,jbosnu/2005_02/2005_02_28-02_21.txt,,,3,1
2005-03-01,3,0,0,unknown,undated,jbosnu/2005_03/2005_03_01-02_21.txt,,,3,1
2005-03-02,1,0,0,unknown,undated,jbosnu/2005_03/2005_03_02-02_21.txt,,,1,1
2005-03-03,2,0,0,unknown,undated,jbosnu/2005_03/2005_03_03-02_28.txt,,,2,1
2005-03-04,10,1,1,unknown,undated,jbosnu/2005_03/2005_03_04-02_21.txt,,,10,1
2005-03-05,5,0,0,unknown,undated,jbosnu/2005_03/2005_03_05-02_21.txt,,,5,1
2005-03-06,1,0,0,unknown,undated,jbosnu/2005_03/2005_03_06-02_21.txt,,,1,1
2005-03-07,3,0,0,unknown,undated,jbosnu/2005_03/2005_03_07-02_21.txt,,,3,1
2005-03-08,5,0,0,unknown,undated,jbosnu/2005_03/2005_03_08-02_21.txt,,,5,1
2005-03-09,6,1,1,unknown,undated,jbosnu/2005_03/2005_03_09-02_21.txt,,,6,1
2005-03-10,4,3,2,unknown,undated,jbosnu/2005_03/2005_03_10-02_21.txt,,,4,1
2005-03-11,2,0,0,unknown,undated,jbosnu/2005_03/2005_03_11-02_21.txt,,,2,1
2005-03-12,2,0,0,unknown,undated,jbosnu/2005_03/2005_03_12-02_21.txt,,,2,1
2005-03-13,4,0,0,unknown,undated,jbosnu/2005_03/2005_03_13-02_21.txt,,,4,1
2005-03-14,2,0,0,unknown,undated,jbosnu/2005_03/2005_03_14-02_21.txt,,,2,1
2005-03-15,5,0,0,unknown,undated,jbosnu/2005_03/2005_03_15-02_21.txt,,,5,1
2005-03-16,2,0,0,unknown,undated,jbosnu/2005_03/2005_03_16-02_21.txt,,,2,1
2005-03-17,9,1,1,unknown,undated,jbosnu/2005_03/2005_03_17-02_22.txt,,,9,1
2005-03-18,2,0,0,unknown,undated,jbosnu/2005_03/2005_03_18-02_21.txt,,,2,1
2005-03-19,2,0,0,unknown,undated,jbosnu/2005_03/2005_03_19-02_21.txt,,,2,1
2005-03-20,4,0,0,unknown,undated,jbosnu/2005_03/2005_03_20-02_21.txt,,,4,1
2005-03-21,4,0,0,unknown,undated,jbosnu/2005_03/2005_03_21-02_21.txt,,,4,1
2005-03-22,2,0,0,unknown,undated,jbosnu/2005_03/2005_03_22-02_21.txt,,,2,1
2005-03-23,1,0,0,unknown,undated,jbosnu/2005_03/2005_03_23-02_21.txt,,,1,1
2005-03-24,2,0,0,unknown,undated,jbosnu/2005_03/2005_03_24-02_21.txt,,,2,1
2005-03-25,4,0,0,unknown,undated,jbosnu/2005_03/2005_03_25-02_21.txt,,,4,1
2005-03-26,1,0,0,unknown,undated,jbosnu/2005_03/2005_03_26-02_21.txt,,,1,1
2005-03-27,3,0,0,unknown,undated,jbosnu/2005_03/2005_03_27-02_21.txt,,,3,1
2005-03-28,4,0,0,unknown,undated,jbosnu/2005_03/2005_03_28-02_21.txt,,,4,1
2005-03-29,6,0,0,unknown,undated,jbosnu/2005_03/2005_03_29-02_21.txt,,,6,1
2005-03-30,3,0,0,unknown,undated,jbosnu/2005_03/2005_03_30-02_21.txt,,,3,1
2005-03-31,7,0,0,unknown,undated,jbosnu/2005_03/2005_03_31-02_21.txt,,,7,1
2005-04-01,5,0,0,unknown,undated,jbosnu/2005_04/2005_04_01-02_21.txt,,,5,1
2005-04-02,3,0,0,unknown,undated,jbosnu/2005_04/2005_04_02-02_21.txt,,,3,1
2005-04-04,3,0,0,unknown,undated,jbosnu/2005_04/2005_04_04-02_22.txt,,,3,1
2005-04-05,5,0,0,unknown,undated,jbosnu/2005_04/2005_04_05-02_22.txt,,,5,1
2005-04-06,4,0,0,unknown,undated,jbosnu/2005_04/2005_04_06-02_21.txt,,,4,1
2005-04-07,7,0,0,unknown,undated,jbosnu/2005_04/2005_04_07-02_22.txt,,,7,1
2005-04-08,9,0,0,unknown,undated,jbosnu/2005_04/2005_04_08-02_22.txt,,,9,1
2005-04-09,15,0,0,unknown,undated,jbosnu/2005_04/2005_04_09-02_21.txt,,,15,1
2005-04-10,4,0,0,unknown,undated,jbosnu/2005_04/2005_04_10-02_21.txt,,,4,1
2005-04-11,8,0,0,unknown,undated,jbosnu/2005_04/2005_04_11-02_21.txt,,,8,1
2005-04-12,12,0,0,unknown,undated,jbosnu/2005_04/2005_04_12-02_21.txt,,,12,1
2005-04-13,8,0,0,unknown,undated,jbosnu/2005_04/2005_04_13-02_21.txt,,,8,1
2005-04-14,4,0,0,unknown,undated,jbosnu/2005_04/2005_04_14-02_21.txt,,,4,1
2005-04-15,8,0,0,unknown,undated,jbosnu/2005_04/2005_04_15-02_21.txt,,,8,1
2005-04-16,1,0,0,unknown,undated,jbosnu/2005_04/2005_04_16-02_21.txt,,,1,1
2005-04-17,1,0,0,unknown,undated,jbosnu/2005_04/2005_04_17-02_21.txt,,,1,1
2005-04-18,2,0,0,unknown,undated,jbosnu/2005_04/2005_04_18-02_21.txt,,,2,1
2005-04-19,2,0,0,unknown,undated,jbosnu/2005_04/2005_04_19-02_21.txt,,,2,1
2005-04-20,7,0,0,unknown,undated,jbosnu/2005_04/2005_04_20-02_21.txt,,,7,1
2005-04-21,4,0,0,unknown,undated,jbosnu/2005_04/2005_04_21-02_21.txt,,,4,1
2005-04-22,1,0,0,unknown,undated,jbosnu/2005_04/2005_04_22-02_21.txt,,,1,1
2005-04-23,3,0,0,unknown,undated,jbosnu/2005_04/2005_04_23-02_21.txt,,,3,1
2005-04-24,4,0,0,unknown,undated,jbosnu/2005_04/2005_04_24-02_21.txt,,,4,1
2005-04-25,4,0,0,unknown,undated,jbosnu/2005_04/2005_04_25-02_21.txt,,,4,1
2005-04-26,1,0,0,unknown,undated,jbosnu/2005_04/2005_04_26-02_21.txt,,,1,1
2005-04-27,4,0,0,unknown,undated,jbosnu/2005_04/2005_04_27-02_21.txt,,,4,1
2005-04-28,4,0,0,unknown,undated,jbosnu/2005_04/2005_04_28-02_21.txt,,,4,1
2005-04-29,1,0,0,unknown,undated,jbosnu/2005_04/2005_04_29-02_21.txt,,,1,1
2005-04-30,6,0,0,unknown,undated,jbosnu/2005_04/2005_04_30-02_21.txt,,,6,1
2005-05-01,4,0,0,unknown,undated,jbosnu/2005_05/2005_05_01-02_21.txt,,,4,1
2005-05-02,2,0,0,unknown,undated,jbosnu/2005_05/2005_05_02-02_21.txt,,,2,1
2005-05-03,1,0,0,unknown,undated,jbosnu/2005_05/2005_05_03-02_21.txt,,,1,1
2005-05-04,13,0,0,unknown,undated,jbosnu/2005_05/2005_05_04-02_21.txt,,,13,1
2005-05-05,2,0,0,unknown,undated,jbosnu/2005_05/2005_05_05-02_21.txt,,,2,1
2005-05-06,5,0,0,unknown,undated,jbosnu/2005_05/2005_05_06-02_21.txt,,,5,1
2005-05-07,3,0,0,unknown,undated,jbosnu/2005_05/2005_05_07-02_21.txt,,,3,1
2005-05-08,1,0,0,unknown,undated,jbosnu/2005_05/2005_05_08-02_21.txt,,,1,1
2005-05-09,3,0,0,unknown,undated,jbosnu/2005_05/2005_05_09-02_21.txt,,,3,1
2005-05-10,4,0,0,unknown,undated,jbosnu/2005_05/2005_05_10-02_21.txt,,,4,1
2005-05-11,3,0,0,unknown,undated,jbosnu/2005_05/2005_05_11-02_21.txt,,,3,1
2005-05-12,5,0,0,unknown,undated,jbosnu/2005_05/2005_05_12-02_21.txt,,,5,1
2005-05-13,6,0,0,unknown,undated,jbosnu/2005_05/2005_05_13-02_22.txt,,,6,1
2005-05-14,6,0,0,unknown,undated,jbosnu/2005_05/2005_05_14-02_21.txt,,,6,1
2005-05-15,6,0,0,unknown,undated,jbosnu/2005_05/2005_05_15-02_22.txt,,,6,1
2005-05-16,5,0,0,unknown,undated,jbosnu/2005_05/2005_05_16-02_21.txt,,,5,1
2005-05-17,8,0,0,unknown,undated,jbosnu/2005_05/2005_05_17-02_21.txt,,,8,1
2005-05-18,14,0,0,unknown,undated,jbosnu/2005_05/2005_05_18-02_22.txt,,,14,1
2005-05-19,7,0,0,unknown,undated,jbosnu/2005_05/2005_05_19-02_21.txt,,,7,1
2005-05-20,9,0,0,unknown,undated,jbosnu/2005_05/2005_05_20-02_21.txt,,,9,1
2005-05-21,2,0,0,unknown,undated,jbosnu/2005_05/2005_05_21-02_21.txt,,,2,1
2005-05-22,4,0,0,unknown,undated,jbosnu/2005_05/2005_05_22-02_21.txt,,,4,1
2005-05-23,4,0,0,unknown,undated,jbosnu/2005_05/2005_05_23-02_21.txt,,,4,1
2005-05-24,7,0,0,unknown,undated,jbosnu/2005_05/2005_05_24-02_22.txt,,,7,1
2005-05-25,5,0,0,unknown,undated,jbosnu/2005_05/2005_05_25-02_22.txt,,,5,1
2005-05-26,2,0,0,unknown,undated,jbosnu/2005_05/2005_05_26-02_21.txt,,,2,1
2005-05-27,3,0,0,unknown,undated,jbosnu/2005_05/2005_05_27-02_21.txt,,,3,1
2005-05-28,3,0,0,unknown,undated,jbosnu/2005_05/2005_05_28-02_21.txt,,,3,1
2005-05-29,2,0,0,unknown,undated,jbosnu/2005_05/2005_05_29-02_21.txt,,,2,1
2005-05-30,1,0,0,unknown,undated,jbosnu/2005_05/2005_05_30-02_21.txt,,,1,1
2005-05-31,5,0,0,unknown,undated,jbosnu/2005_05/2005_05_31-02_21.txt,,,5,1
2005-06-01,3,0,0,unknown,undated,jbosnu/2005_06/2005_06_01-02_22.txt,,,3,1
2005-06-02,11,0,0,unknown,undated,jbosnu/2005_06/2005_06_02-02_22.txt,,,11,1
2005-06-03,2,0,0,unknown,undated,jbosnu/2005_06/2005_06_03-02_22.txt,,,2,1
2005-06-04,2,0,0,unknown,undated,jbosnu/2005_06/2005_06_04-02_21.txt,,,2,1
2005-06-05,2,0,0,unknown,undated,jbosnu/2005_06/2005_06_05-02_21.txt,,,2,1
2005-06-06,3,0,0,unknown,undated,jbosnu/2005_06/2005_06_06-02_21.txt,,,3,1
2005-06-07,2,0,0,unknown,undated,jbosnu/2005_06/2005_06_07-02_21.txt,,,2,1
2005-06-08,5,0,0,unknown,undated,jbosnu/2005_06/2005_06_08-02_22.txt,,,5,1
2005-06-09,3,0,0,unknown,undated,jbosnu/2005_06/2005_06_09-02_21.txt,,,3,1
2005-06-10,1,0,0,unknown,undated,jbosnu/2005_06/2005_06_10-02_21.txt,,,1,1
2005-06-11,3,0,0,unknown,undated,jbosnu/2005_06/2005_06_11-02_21.txt,,,3,1
2005-06-12,3,0,0,unknown,undated,jbosnu/2005_06/2005_06_12-02_21.txt,,,3,1
2005-06-13,1,0,0,unknown,undated,jbosnu/2005_06/2005_06_13-02_21.txt,,,1,1
2005-06-14,5,0,0,unknown,undated,jbosnu/2005_06/2005_06_14-02_22.txt,,,5,1
2005-06-15,3,0,0,unknown,undated,jbosnu/2005_06/2005_06_15-02_21.txt,,,3,1
2005-06-16,2,0,0,unknown,undated,jbosnu/2005_06/2005_06_16-02_21.txt,,,2,1
2005-06-17,6,0,0,unknown,undated,jbosnu/2005_06/2005_06_17-02_22.txt,,,6,1
2005-06-18,3,0,0,unknown,undated,jbosnu/2005_06/2005_06_18-02_21.txt,,,3,1
2005-06-19,4,0,0,unknown,undated,jbosnu/2005_06/2005_06_19-02_21.txt,,,4,1
2005-06-20,3,0,0,unknown,undated,jbosnu/2005_06/2005_06_20-02_21.txt,,,3,1
2005-06-21,3,0,0,unknown,undated,jbosnu/2005_06/2005_06_21-02_22.txt,,,3,1
2005-06-22,4,0,0,unknown,undated,jbosnu/2005_06/2005_06_22-02_21.txt,,,4,1
2005-06-23,3,0,0,unknown,undated,jbosnu/2005_06/2005_06_23-02_22.txt,,,3,1
2005-06-24,2,0,0,unknown,undated,jbosnu/2005_06/2005_06_24-02_21.txt,,,2,1
2005-06-25,5,0,0,unknown,undated,jbosnu/2005_06/2005_06_25-02_21.txt,,,5,1
2005-06-26,2,0,0,unknown,undated,jbosnu/2005_06/2005_06_26-02_21.txt,,,2,1
2005-06-27,3,0,0,unknown,undated,jbosnu/2005_06/2005_06_27-02_21.txt,,,3,1
2005-06-28,3,0,0,unknown,undated,jbosnu/2005_06/2005_06_28-02_21.txt,,,3,1
2005-06-29,2,0,0,unknown,undated,jbosnu/2005_06/2005_06_29-02_22.txt,,,2,1
2005-06-30,3,0,0,unknown,undated,jbosnu/2005_06/2005_06_30-02_22.txt,,,3,1
2005-07-01,6,0,0,unknown,undated,jbosnu/2005_07/2005_07_01-02_22.txt,,,6,1
2005-07-02,8,0,0,unknown,undated,jbosnu/2005_07/2005_07_02-02_21.txt,,,8,1
2005-07-03,4,0,0,unknown,undated,jbosnu/2005_07/2005_07_03-02_21.txt,,,4,1
2005-07-04,10,0,0,unknown,undated,jbosnu/2005_07/2005_07_04-02_22.txt,,,10,1
2005-07-05,7,0,0,unknown,undated,jbosnu/2005_07/2005_07_05-02_21.txt,,,7,1
2005-07-06,9,0,0,unknown,undated,jbosnu/2005_07/2005_07_06-02_21.txt,,,9,1
2005-07-07,6,0,0,unknown,undated,jbosnu/2005_07/2005_07_07-02_22.txt,,,6,1
2005-07-09,4,0,0,unknown,undated,jbosnu/2005_07/2005_07_09-02_21.txt,,,4,1
2005-07-10,4,0,0,unknown,undated,jbosnu/2005_07/2005_07_10-02_21.txt,,,4,1
2005-07-11,6,0,0,unknown,undated,jbosnu/2005_07/2005_07_11-02_21.txt,,,6,1
2005-07-12,3,0,0,unknown,undated,jbosnu/2005_07/2005_07_12-02_21.txt,,,3,1
2005-07-13,2,0,0,unknown,undated,jbosnu/2005_07/2005_07_13-02_21.txt,,,2,1
2005-07-14,1,0,0,unknown,undated,jbosnu/2005_07/2005_07_14-02_21.txt,,,1,1
2005-07-15,4,0,0,unknown,undated,jbosnu/2005_07/2005_07_15-02_21.txt,,,4,1
2005-07-16,5,0,0,unknown,undated,jbosnu/2005_07/2005_07_16-02_21.txt,,,5,1
2005-07-17,2,0,0,unknown,undated,jbosnu/2005_07/2005_07_17-02_21.txt,,,2,1
2005-07-18,2,0,0,unknown,undated,jbosnu/2005_07/2005_07_18-02_21.txt,,,2,1
2005-07-19,3,0,0,unknown,undated,jbosnu/2005_07/2005_07_19-02_21.txt,,,3,1
2005-07-20,5,0,0,unknown,undated,jbosnu/2005_07/2005_07_20-02_21.txt,,,5,1
2005-07-21,6,0,0,unknown,undated,jbosnu/2005_07/2005_07_21-02_21.txt,,,6,1
2005-07-22,3,0,0,unknown,undated,jbosnu/2005_07/2005_07_22-02_21.txt,,,3,1
2005-07-23,4,0,0,unknown,undated,jbosnu/2005_07/2005_07_23-02_21.txt,,,4,1
2005-07-24,4,0,0,unknown,undated,jbosnu/2005_07/2005_07_24-02_21.txt,,,4,1
2005-07-25,6,0,0,unknown,undated,jbosnu/2005_07/2005_07_25-02_21.txt,,,6,1
2005-07-26,4,0,0,unknown,undated,jbosnu/2005_07/2005_07_26-02_22.txt,,,4,1
2005-07-27,6,0,0,unknown,undated,jbosnu/2005_07/2005_07_27-02_21.txt,,,6,1
2005-07-28,4,0,0,unknown,undated,jbosnu/2005_07/2005_07_28-02_21.txt,,,4,1
2005-07-29,5,0,0,unknown,undated,jbosnu/2005_07/2005_07_29-02_21.txt,,,5,1
2005-07-30,2,0,0,unknown,undated,jbosnu/2005_07/2005_07_30-02_21.txt,,,2,1
2005-07-31,3,0,0,unknown,undated,jbosnu/2005_07/2005_07_31-02_21.txt,,,3,1
2005-08-01,3,0,0,unknown,undated,jbosnu/2005_08/2005_08_01-02_21.txt,,,3,1
2005-08-02,3,0,0,unknown,undated,jbosnu/2005_08/2005_08_02-02_21.txt,,,3,1
2005-08-03,3,0,0,unknown,undated,jbosnu/2005_08/2005_08_03-02_21.txt,,,3,1
2005-08-04,2,0,0,unknown,undated,jbosnu/2005_08/2005_08_04-02_21.txt,,,2,1
2005-08-05,3,0,0,unknown,undated,jbosnu/2005_08/2005_08_05-02_21.txt,,,3,1
2005-08-06,3,0,0,unknown,undated,jbosnu/2005_08/2005_08_06-02_21.txt,,,3,1
2005-08-07,5,0,0,unknown,undated,jbosnu/2005_08/2005_08_07-02_21.txt,,,5,1
2005-08-08,8,0,0,unknown,undated,jbosnu/2005_08/2005_08_08-02_21.txt,,,8,1
2005-08-09,7,0,0,unknown,undated,jbosnu/2005_08/2005_08_09-02_21.txt,,,7,1
2005-08-10,4,0,0,unknown,undated,jbosnu/2005_08/2005_08_10-02_21.txt,,,4,1
2005-08-11,3,0,0,unknown,undated,jbosnu/2005_08/2005_08_11-02_21.txt,,,3,1
2005-08-12,3,0,0,unknown,undated,jbosnu/2005_08/2005_08_12-02_21.txt,,,3,1
2005-08-13,4,0,0,unknown,undated,jbosnu/2005_08/2005_08_13-02_21.txt,,,4,1
2005-08-14,3,0,0,unknown,undated,jbosnu/2005_08/2005_08_14-02_21.txt,,,3,1
2005-08-15,12,0,0,unknown,undated,jbosnu/2005_08/2005_08_15-02_21.txt,,,12,1
2005-08-16,3,0,0,unknown,undated,jbosnu/2005_08/2005_08_16-02_21.txt,,,3,1
2005-08-17,1,0,0,unknown,undated,jbosnu/2005_08/2005_08_17-02_21.txt,,,1,1
2005-08-18,3,0,0,unknown,undated,jbosnu/2005_08/2005_08_18-02_21.txt,,,3,1
2005-08-19,5,0,0,unknown,undated,jbosnu/2005_08/2005_08_19-02_21.txt,,,5,1
2005-08-20,3,0,0,unknown,undated,jbosnu/2005_08/2005_08_20-02_21.txt,,,3,1
2005-08-21,3,0,0,unknown,undated,jbosnu/2005_08/2005_08_21-02_21.txt,,,3,1
2005-08-22,1,0,0,unknown,undated,jbosnu/2005_08/2005_08_22-02_21.txt,,,1,1
2005-08-23,4,0,0,unknown,undated,jbosnu/2005_08/2005_08_23-02_21.txt,,,4,1
2005-08-24,4,0,0,unknown,undated,jbosnu/2005_08/2005_08_24-02_21.txt,,,4,1
2005-08-25,4,0,0,unknown,undated,jbosnu/2005_08/2005_08_25-02_21.txt,,,4,1
2005-08-26,5,0,0,unknown,undated,jbosnu/2005_08/2005_08_26-02_21.txt,,,5,1
2005-08-27,4,0,0,unknown,undated,jbosnu/2005_08/2005_08_27-02_21.txt,,,4,1
2005-08-28,5,0,0,unknown,undated,jbosnu/2005_08/2005_08_28-02_21.txt,,,5,1
2005-08-29,3,0,0,unknown,undated,jbosnu/2005_08/2005_08_29-02_21.txt,,,3,1
2005-08-30,8,0,0,unknown,undated,jbosnu/2005_08/2005_08_30-02_21.txt,,,8,1
2005-08-31,8,0,0,unknown,undated,jbosnu/2005_08/2005_08_31-02_21.txt,,,8,1
2005-09-01,5,0,0,unknown,undated,jbosnu/2005_09/2005_09_01-02_21.txt,,,5,1
2005-09-02,1,0,0,unknown,undated,jbosnu/2005_09/2005_09_02-02_21.txt,,,1,1
2005-09-03,9,0,0,unknown,undated,jbosnu/2005_09/2005_09_03-02_21.txt,,,9,1
2005-09-04,4,0,0,unknown,undated,jbosnu/2005_09/2005_09_04-02_21.txt,,,4,1
2005-09-05,3,0,0,unknown,undated,jbosnu/2005_09/2005_09_05-02_21.txt,,,3,1
2005-09-06,3,0,0,unknown,undated,jbosnu/2005_09/2005_09_06-02_21.txt,,,3,1
2005-09-07,2,0,0,unknown,undated,jbosnu/2005_09/2005_09_07-02_21.txt,,,2,1
2005-09-08,5,0,0,unknown,undated,jbosnu/2005_09/2005_09_08-02_21.txt,,,5,1
2005-09-09,2,0,0,unknown,undated,jbosnu/2005_09/2005_09_09-02_21.txt,,,2,1
2005-09-10,3,0,0,unknown,undated,jbosnu/2005_09/2005_09_10-02_21.txt,,,3,1
2005-09-11,7,0,0,unknown,undated,jbosnu/2005_09/2005_09_11-02_21.txt,,,7,1
2005-09-12,3,0,0,unknown,undated,jbosnu/2005_09/2005_09_12-02_21.txt,,,3,1
2005-09-13,3,0,0,unknown,undated,jbosnu/2005_09/2005_09_13-02_21.txt,,,3,1
2005-09-14,2,0,0,unknown,undated,jbosnu/2005_09/2005_09_14-02_21.txt,,,2,1
2005-09-15,7,0,0,unknown,undated,jbosnu/2005_09/2005_09_15-02_21.txt,,,7,1
2005-09-16,7,0,0,unknown,undated,jbosnu/2005_09/2005_09_16-02_21.txt,,,7,1
2005-09-17,5,0,0,unknown,undated,jbosnu/2005_09/2005_09_17-02_21.txt,,,5,1
2005-09-18,2,0,0,unknown,undated,jbosnu/2005_09/2005_09_18-02_21.txt,,,2,1
2005-09-19,6,0,0,unknown,undated,jbosnu/2005_09/2005_09_19-02_21.txt,,,6,1
2005-09-20,3,0,0,unknown,undated,jbosnu/2005_09/2005_09_20-02_22.txt,,,3,1
2005-09-21,4,0,0,unknown,undated,jbosnu/2005_09/2005_09_21-02_21.txt,,,4,1
2005-09-22,3,0,0,unknown,undated,jbosnu/2005_09/2005_09_22-02_21.txt,,,3,1
2005-09-23,4,0,0,unknown,undated,jbosnu/2005_09/2005_09_23-02_21.txt,,,4,1
2005-09-24,3,0,0,unknown,undated,jbosnu/2005_09/2005_09_24-02_21.txt,,,3,1
2005-09-25,12,0,0,unknown,undated,jbosnu/2005_09/2005_09_25-02_21.txt,,,12,1
2005-09-26,7,0,0,unknown,undated,jbosnu/2005_09/2005_09_26-02_21.txt,,,7,1
2005-09-27,5,0,0,unknown,undated,jbosnu/2005_09/2005_09_27-02_21.txt,,,5,1
2005-09-28,3,0,0,unknown,undated,jbosnu/2005_09/2005_09_28-02_21.txt,,,3,1
2005-09-29,3,0,0,unknown,undated,jbosnu/2005_09/2005_09_29-02_21.txt,,,3,1
2005-09-30,3,0,0,unknown,undated,jbosnu/2005_09/2005_09_30-02_21.txt,,,3,1
2005-10-01,2,0,0,unknown,undated,jbosnu/2005_10/2005_10_01-02_21.txt,,,2,1
2005-10-02,3,0,0,unknown,undated,jbosnu/2005_10/2005_10_02-02_21.txt,,,3,1
2005-10-03,2,0,0,unknown,undated,jbosnu/2005_10/2005_10_03-02_21.txt,,,2,1
2005-10-04,5,0,0,unknown,undated,jbosnu/2005_10/2005_10_04-02_23.txt,,,5,1
2005-10-05,3,0,0,unknown,undated,jbosnu/2005_10/2005_10_05-02_22.txt,,,3,1
2005-10-06,3,0,0,unknown,undated,jbosnu/2005_10/2005_10_06-02_21.txt,,,3,1
2005-10-07,2,0,0,unknown,undated,jbosnu/2005_10/2005_10_07-02_22.txt,,,2,1
2005-10-08,3,0,0,unknown,undated,jbosnu/2005_10/2005_10_08-02_22.txt,,,3,1
2005-10-09,2,0,0,unknown,undated,jbosnu/2005_10/2005_10_09-02_22.txt,,,2,1
2005-10-10,3,0,0,unknown,undated,jbosnu/2005_10/2005_10_10-02_21.txt,,,3,1
2005-10-11,4,0,0,unknown,undated,jbosnu/2005_10/2005_10_11-02_21.txt,,,4,1
2005-10-12,6,0,0,unknown,undated,jbosnu/2005_10/2005_10_12-02_23.txt,,,6,1
2005-10-13,3,0,0,unknown,undated,jbosnu/2005_10/2005_10_13-02_21.txt,,,3,1
2005-10-14,4,0,0,unknown,undated,jbosnu/2005_10/2005_10_14-02_21.txt,,,4,1
2005-10-15,2,0,0,unknown,undated,jbosnu/2005_10/2005_10_15-02_21.txt,,,2,1
2005-10-16,4,0,0,unknown,undated,jbosnu/2005_10/2005_10_16-02_21.txt,,,4,1
2005-10-17,3,0,0,unknown,undated,jbosnu/2005_10/2005_10_17-02_21.txt,,,3,1
2005-10-18,2,0,0,unknown,undated,jbosnu/2005_10/2005_10_18-02_21.txt,,,2,1
2005-10-19,4,0,0,unknown,undated,jbosnu/2005_10/2005_10_19-02_22.txt,,,4,1
2005-10-20,2,0,0,unknown,undated,jbosnu/2005_10/2005_10_20-02_21.txt,,,2,1
2005-10-21,3,0,0,unknown,undated,jbosnu/2005_10/2005_10_21-02_21.txt,,,3,1
2005-10-22,4,0,0,unknown,undated,jbosnu/2005_10/2005_10_22-02_21.txt,,,4,1
2005-10-23,3,0,0,unknown,undated,jbosnu/2005_10/2005_10_23-02_21.txt,,,3,1
2005-10-24,12,0,0,unknown,undated,jbosnu/2005_10/2005_10_24-02_24.txt,,,12,1
2005-10-25,6,0,0,unknown,undated,jbosnu/2005_10/2005_10_25-02_21.txt,,,6,1
2005-10-26,3,0,0,unknown,undated,jbosnu/2005_10/2005_10_26-02_21.txt,,,3,1
2005-10-27,4,0,0,unknown,undated,jbosnu/2005_10/2005_10_27-02_22.txt,,,4,1
2005-10-28,5,0,0,unknown,undated,jbosnu/2005_10/2005_10_28-02_22.txt,,,5,1
2005-10-29,4,0,0,unknown,undated,jbosnu/2005_10/2005_10_29-02_21.txt,,,4,1
2005-10-30,3,0,0,unknown,undated,jbosnu/2005_10/2005_10_30-02_21.txt,,,3,1
2005-10-31,4,0,0,unknown,undated,jbosnu/2005_10/2005_10_31-02_21.txt,,,4,1
2005-11-01,3,0,0,unknown,undated,jbosnu/2005_11/2005_11_01-02_21.txt,,,3,1
2005-11-02,5,0,0,unknown,undated,jbosnu/2005_11/2005_11_02-02_22.txt,,,5,1
2005-11-03,4,0,0,unknown,undated,jbosnu/2005_11/2005_11_03-02_22.txt,,,4,1
2005-11-04,5,0,0,unknown,undated,jbosnu/2005_11/2005_11_04-02_22.txt,,,5,1
2005-11-05,7,0,0,unknown,undated,jbosnu/2005_11/2005_11_05-02_22.txt,,,7,1
2005-11-06,3,0,0,unknown,undated,jbosnu/2005_11/2005_11_06-02_22.txt,,,3,1
2005-11-07,4,0,0,unknown,undated,jbosnu/2005_11/2005_11_07-02_22.txt,,,4,1
2005-11-08,4,0,0,unknown,undated,jbosnu/2005_11/2005_11_08-02_22.txt,,,4,1
2005-11-09,5,0,0,unknown,undated,jbosnu/2005_11/2005_11_09-02_22.txt,,,5,1
2005-11-10,2,0,0,unknown,undated,jbosnu/2005_11/2005_11_10-02_22.txt,,,2,1
2005-11-11,3,0,0,unknown,undated,jbosnu/2005_11/2005_11_11-02_23.txt,,,3,1
2005-11-12,4,0,0,unknown,undated,jbosnu/2005_11/2005_11_12-02_22.txt,,,4,1
2005-11-13,2,0,0,unknown,undated,jbosnu/2005_11/2005_11_13-02_21.txt,,,2,1
2005-11-14,2,0,0,unknown,undated,jbosnu/2005_11/2005_11_14-02_21.txt,,,2,1
2005-11-15,4,0,0,unknown,undated,jbosnu/2005_11/2005_11_15-02_23.txt,,,4,1
2005-11-16,5,0,0,unknown,undated,jbosnu/2005_11/2005_11_16-02_23.txt,,,5,1
2005-11-17,3,0,0,unknown,undated,jbosnu/2005_11/2005_11_17-02_23.txt,,,3,1
2005-11-18,3,0,0,unknown,undated,jbosnu/2005_11/2005_11_18-02_23.txt,,,3,1
2005-11-19,2,0,0,unknown,undated,jbosnu/2005_11/2005_11_19-02_22.txt,,,2,1
2005-11-20,4,0,0,unknown,undated,jbosnu/2005_11/2005_11_20-02_22.txt,,,4,1
2005-11-21,3,0,0,unknown,undated,jbosnu/2005_11/2005_11_21-02_23.txt,,,3,1
2005-11-22,3,0,0,unknown,undated,jbosnu/2005_11/2005_11_22-02_24.txt,,,3,1
2005-11-23,9,0,0,unknown,undated,jbosnu/2005_11/2005_11_23-02_24.txt,,,9,1
2005-11-24,3,0,0,unknown,undated,jbosnu/2005_11/2005_11_24-02_23.txt,,,3,1
2005-11-25,4,0,0,unknown,undated,jbosnu/2005_11/2005_11_25-02_21.txt,,,4,1
2005-11-26,7,0,0,unknown,undated,jbosnu/2005_11/2005_11_26-02_24.txt,,,7,1
2005-11-27,5,0,0,unknown,undated,jbosnu/2005_11/2005_11_27-02_22.txt,,,5,1
2005-11-28,3,0,0,unknown,undated,jbosnu/2005_11/2005_11_28-02_22.txt,,,3,1
2005-11-29,5,0,0,unknown,undated,jbosnu/2005_11/2005_11_29-02_23.txt,,,5,1
2005-11-30,3,0,0,unknown,undated,jbosnu/2005_11/2005_11_30-02_23.txt,,,3,1
2005-12-01,5,0,0,unknown,undated,jbosnu/2005_12/2005_12_01-02_21.txt,,,5,1
2005-12-02,1,0,0,unknown,undated,jbosnu/2005_12/2005_12_02-02_21.txt,,,1,1
2005-12-03,7,0,0,unknown,undated,jbosnu/2005_12/2005_12_03-02_22.txt,,,7,1
2005-12-04,3,0,0,unknown,undated,jbosnu/2005_12/2005_12_04-02_21.txt,,,3,1
2005-12-05,4,0,0,unknown,undated,jbosnu/2005_12/2005_12_05-02_22.txt,,,4,1
2005-12-06,6,0,0,unknown,undated,jbosnu/2005_12/2005_12_06-02_23.txt,,,6,1
2005-12-07,11,0,0,unknown,undated,jbosnu/2005_12/2005_12_07-02_22.txt,,,11,1
2005-12-08,7,0,0,unknown,undated,"jbosnu/2005_12/2005_12_08-02_22.txt,jbosnu/2005_12/2005_12_08-12_46.txt",,,7,2
2005-12-09,6,0,0,unknown,undated,jbosnu/2005_12/2005_12_09-02_21.txt,,,6,1
2005-12-10,5,0,0,unknown,undated,jbosnu/2005_12/2005_12_10-02_21.txt,,,5,1
2005-12-11,6,0,0,unknown,undated,jbosnu/2005_12/2005_12_11-02_21.txt,,,6,1
2005-12-12,6,0,0,unknown,undated,jbosnu/2005_12/2005_12_12-02_21.txt,,,6,1
2005-12-13,5,0,0,unknown,undated,jbosnu/2005_12/2005_12_13-02_22.txt,,,5,1
2005-12-14,4,0,0,unknown,undated,jbosnu/2005_12/2005_12_14-02_22.txt,,,4,1
2005-12-15,4,0,0,unknown,undated,jbosnu/2005_12/2005_12_15-02_22.txt,,,4,1
2005-12-16,4,0,0,unknown,undated,jbosnu/2005_12/2005_12_16-02_22.txt,,,4,1
2005-12-17,6,0,0,unknown,undated,jbosnu/2005_12/2005_12_17-02_21.txt,,,6,1
2005-12-19,3,0,0,unknown,undated,jbosnu/2005_12/2005_12_19-02_22.txt,,,3,1
2005-12-20,7,0,0,unknown,undated,jbosnu/2005_12/2005_12_20-02_22.txt,,,7,1
2005-12-21,7,0,0,unknown,undated,jbosnu/2005_12/2005_12_21-02_24.txt,,,7,1
2005-12-22,8,0,0,unknown,undated,jbosnu/2005_12/2005_12_22-02_22.txt,,,8,1
2005-12-23,3,0,0,unknown,undated,jbosnu/2005_12/2005_12_23-02_22.txt,,,3,1
2005-12-24,7,0,0,unknown,undated,jbosnu/2005_12/2005_12_24-02_22.txt,,,7,1
2005-12-25,10,0,0,unknown,undated,jbosnu/2005_12/2005_12_25-02_21.txt,,,10,1
2005-12-26,5,0,0,unknown,undated,jbosnu/2005_12/2005_12_26-02_22.txt,,,5,1
2005-12-27,8,0,0,unknown,undated,jbosnu/2005_12/2005_12_27-02_22.txt,,,8,1
2005-12-28,5,0,0,unknown,undated,jbosnu/2005_12/2005_12_28-02_23.txt,,,5,1
2005-12-29,3,0,0,unknown,undated,jbosnu/2005_12/2005_12_29-02_23.txt,,,3,1
2005-12-30,7,0,0,unknown,undated,jbosnu/2005_12/2005_12_30-02_22.txt,,,7,1
2005-12-31,8,0,0,unknown,undated,"jbosnu/2005_12/2005_12_31-02_21.txt,jbosnu/2005_12/2005_12_31-11_34.txt",,,8,2
2006-01-01,5,0,0,unknown,undated,jbosnu/2006_01/2006_01_01-02_21.txt,,,5,1
2006-01-02,2,0,0,unknown,undated,jbosnu/2006_01/2006_01_02-02_22.txt,,,2,1
2006-01-03,5,0,0,unknown,undated,jbosnu/2006_01/2006_01_03-02_22.txt,,,5,1
2006-01-04,16,0,0,unknown,undated,jbosnu/2006_01/2006_01_04-02_25.txt,,,16,1
2006-01-05,25,0,0,unknown,undated,jbosnu/2006_01/2006_01_05-02_22.txt,,,25,1
2006-01-06,16,0,0,unknown,undated,jbosnu/2006_01/2006_01_06-02_23.txt,,,16,1
2006-01-07,7,0,0,unknown,undated,jbosnu/2006_01/2006_01_07-02_22.txt,,,7,1
2006-01-08,4,0,0,unknown,undated,jbosnu/2006_01/2006_01_08-02_22.txt,,,4,1
2006-01-09,17,0,0,unknown,undated,jbosnu/2006_01/2006_01_09-02_25.txt,,,17,1
2006-01-10,13,0,0,unknown,undated,jbosnu/2006_01/2006_01_10-02_24.txt,,,13,1
2006-01-11,6,0,0,unknown,undated,jbosnu/2006_01/2006_01_11-02_23.txt,,,6,1
2006-01-12,9,0,0,unknown,undated,jbosnu/2006_01/2006_01_12-02_23.txt,,,9,1
2006-01-13,7,0,0,unknown,undated,jbosnu/2006_01/2006_01_13-02_22.txt,,,7,1
2006-01-14,6,0,0,unknown,undated,jbosnu/2006_01/2006_01_14-02_22.txt,,,6,1
2006-01-15,5,0,0,unknown,undated,jbosnu/2006_01/2006_01_15-02_21.txt,,,5,1
2006-01-16,2,0,0,unknown,undated,jbosnu/2006_01/2006_01_16-02_22.txt,,,2,1
2006-01-17,3,0,0,unknown,undated,jbosnu/2006_01/2006_01_17-02_23.txt,,,3,1
2006-01-18,8,0,0,unknown,undated,jbosnu/2006_01/2006_01_18-02_23.txt,,,8,1
2006-01-19,10,0,0,unknown,undated,jbosnu/2006_01/2006_01_19-02_26.txt,,,10,1
2006-01-21,5,0,0,unknown,undated,jbosnu/2006_01/2006_01_21-02_21.txt,,,5,1
2006-01-22,4,0,0,unknown,undated,jbosnu/2006_01/2006_01_22-02_21.txt,,,4,1
2006-01-23,4,0,0,unknown,undated,jbosnu/2006_01/2006_01_23-02_22.txt,,,4,1
2006-01-24,7,0,0,unknown,undated,jbosnu/2006_01/2006_01_24-02_22.txt,,,7,1
2006-01-25,13,0,0,unknown,undated,jbosnu/2006_01/2006_01_25-02_23.txt,,,13,1
2006-01-26,2,0,0,unknown,undated,jbosnu/2006_01/2006_01_26-02_23.txt,,,2,1
2006-01-27,5,0,0,unknown,undated,jbosnu/2006_01/2006_01_27-02_22.txt,,,5,1
2006-01-28,8,0,0,unknown,undated,jbosnu/2006_01/2006_01_28-02_21.txt,,,8,1
2006-01-29,10,0,0,unknown,undated,jbosnu/2006_01/2006_01_29-02_22.txt,,,10,1
2006-01-30,6,0,0,unknown,undated,jbosnu/2006_01/2006_01_30-02_21.txt,,,6,1
2006-01-31,4,0,0,unknown,undated,jbosnu/2006_01/2006_01_31-02_21.txt,,,4,1
2006-02-01,9,0,0,unknown,undated,jbosnu/2006_02/2006_02_01-02_22.txt,,,9,1
2006-02-02,7,0,0,unknown,undated,jbosnu/2006_02/2006_02_02-02_22.txt,,,7,1
2006-02-03,6,0,0,unknown,undated,jbosnu/2006_02/2006_02_03-02_23.txt,,,6,1
2006-02-04,7,0,0,unknown,undated,jbosnu/2006_02/2006_02_04-02_21.txt,,,7,1
2006-02-05,2,0,0,unknown,undated,jbosnu/2006_02/2006_02_05-02_21.txt,,,2,1
2006-02-06,2,0,0,unknown,undated,jbosnu/2006_02/2006_02_06-02_22.txt,,,2,1
2006-02-07,5,0,0,unknown,undated,jbosnu/2006_02/2006_02_07-02_23.txt,,,5,1
2006-02-08,4,0,0,unknown,undated,jbosnu/2006_02/2006_02_08-02_23.txt,,,4,1
2006-02-09,11,0,0,unknown,undated,jbosnu/2006_02/2006_02_09-02_22.txt,,,11,1
2006-02-10,7,0,0,unknown,undated,jbosnu/2006_02/2006_02_10-02_22.txt,,,7,1
2006-02-11,4,0,0,unknown,undated,jbosnu/2006_02/2006_02_11-02_22.txt,,,4,1
2006-02-12,5,0,0,unknown,undated,jbosnu/2006_02/2006_02_12-02_21.txt,,,5,1
2006-02-13,8,0,0,unknown,undated,jbosnu/2006_02/2006_02_13-02_23.txt,,,8,1
2006-02-14,13,0,0,unknown,undated,jbosnu/2006_02/2006_02_14-02_21.txt,,,13,1
2006-02-15,8,0,0,unknown,undated,jbosnu/2006_02/2006_02_15-02_23.txt,,,8,1
2006-02-16,10,0,0,unknown,undated,jbosnu/2006_02/2006_02_16-02_21.txt,,,10,1
2006-02-17,7,0,0,unknown,undated,jbosnu/2006_02/2006_02_17-02_23.txt,,,7,1
2006-02-18,6,0,0,unknown,undated,jbosnu/2006_02/2006_02_18-02_22.txt,,,6,1
2006-02-19,5,0,0,unknown,undated,jbosnu/2006_02/2006_02_19-02_21.txt,,,5,1
2006-02-20,4,0,0,unknown,undated,jbosnu/2006_02/2006_02_20-02_21.txt,,,4,1
2006-02-21,12,0,0,unknown,undated,jbosnu/2006_02/2006_02_21-02_22.txt,,,12,1
2006-02-22,3,0,0,unknown,undated,jbosnu/2006_02/2006_02_22-02_21.txt,,,3,1
2006-02-23,4,0,0,unknown,undated,jbosnu/2006_02/2006_02_23-02_22.txt,,,4,1
2006-02-24,5,0,0,unknown,undated,jbosnu/2006_02/2006_02_24-02_22.txt,,,5,1
2006-02-25,14,0,0,unknown,undated,jbosnu/2006_02/2006_02_25-02_21.txt,,,14,1
2006-02-26,12,0,0,unknown,undated,jbosnu/2006_02/2006_02_26-02_21.txt,,,12,1
2006-02-27,5,0,0,unknown,undated,jbosnu/2006_02/2006_02_27-02_22.txt,,,5,1
2006-02-28,4,0,0,unknown,undated,jbosnu/2006_02/2006_02_28-02_21.txt,,,4,1
2006-03-01,4,0,0,unknown,undated,jbosnu/2006_03/2006_03_01-02_21.txt,,,4,1
2006-03-02,8,0,0,unknown,undated,jbosnu/2006_03/2006_03_02-02_21.txt,,,8,1
2006-03-03,5,0,0,unknown,undated,jbosnu/2006_03/2006_03_03-02_21.txt,,,5,1
2006-03-04,5,0,0,unknown,undated,jbosnu/2006_03/2006_03_04-02_21.txt,,,5,1
2006-03-05,3,0,0,unknown,undated,jbosnu/2006_03/2006_03_05-02_21.txt,,,3,1
2006-03-06,3,0,0,unknown,undated,jbosnu/2006_03/2006_03_06-02_21.txt,,,3,1
2006-03-07,10,0,0,unknown,undated,jbosnu/2006_03/2006_03_07-02_22.txt,,,10,1
2006-03-08,4,0,0,unknown,undated,jbosnu/2006_03/2006_03_08-02_22.txt,,,4,1
2006-03-09,5,0,0,unknown,undated,jbosnu/2006_03/2006_03_09-02_22.txt,,,5,1
2006-03-10,6,0,0,unknown,undated,jbosnu/2006_03/2006_03_10-02_21.txt,,,6,1
2006-03-11,5,0,0,unknown,undated,jbosnu/2006_03/2006_03_11-02_21.txt,,,5,1
2006-03-12,5,0,0,unknown,undated,jbosnu/2006_03/2006_03_12-02_21.txt,,,5,1
2006-03-13,5,0,0,unknown,undated,jbosnu/2006_03/2006_03_13-02_21.txt,,,5,1
2006-03-14,5,0,0,unknown,undated,jbosnu/2006_03/2006_03_14-02_22.txt,,,5,1
2006-03-15,10,0,0,unknown,undated,jbosnu/2006_03/2006_03_15-02_23.txt,,,10,1
2006-03-16,7,0,0,unknown,undated,jbosnu/2006_03/2006_03_16-02_22.txt,,,7,1
2006-03-17,7,0,0,unknown,undated,jbosnu/2006_03/2006_03_17-02_21.txt,,,7,1
2006-03-18,5,0,0,unknown,undated,jbosnu/2006_03/2006_03_18-02_21.txt,,,5,1
2006-03-19,7,0,0,unknown,undated,jbosnu/2006_03/2006_03_19-02_21.txt,,,7,1
2006-03-20,3,0,0,unknown,undated,jbosnu/2006_03/2006_03_20-02_21.txt,,,3,1
2006-03-21,7,0,0,unknown,undated,jbosnu/2006_03/2006_03_21-02_22.txt,,,7,1
2006-03-22,3,0,0,unknown,undated,jbosnu/2006_03/2006_03_22-02_22.txt,,,3,1
2006-03-23,4,0,0,unknown,undated,jbosnu/2006_03/2006_03_23-02_21.txt,,,4,1
2006-03-24,3,0,0,unknown,undated,jbosnu/2006_03/2006_03_24-02_21.txt,,,3,1
2006-03-25,2,0,0,unknown,undated,jbosnu/2006_03/2006_03_25-02_22.txt,,,2,1
2006-03-26,2,0,0,unknown,undated,jbosnu/2006_03/2006_03_26-02_21.txt,,,2,1
2006-03-27,1,0,0,unknown,undated,jbosnu/2006_03/2006_03_27-02_21.txt,,,1,1
2006-03-28,3,0,0,unknown,undated,jbosnu/2006_03/2006_03_28-02_21.txt,,,3,1
2006-03-29,3,0,0,unknown,undated,jbosnu/2006_03/2006_03_29-02_21.txt,,,3,1
2006-03-30,4,0,0,unknown,undated,jbosnu/2006_03/2006_03_30-02_23.txt,,,4,1
2006-03-31,6,0,0,unknown,undated,jbosnu/2006_03/2006_03_31-02_22.txt,,,6,1
2006-04-01,11,0,0,unknown,undated,jbosnu/2006_04/2006_04_01-02_22.txt,,,11,1
2006-04-03,16,0,0,unknown,undated,jbosnu/2006_04/2006_04_03-02_23.txt,,,16,1
2006-04-04,7,0,0,unknown,undated,jbosnu/2006_04/2006_04_04-02_21.txt,,,7,1
2006-04-05,9,0,0,unknown,undated,jbosnu/2006_04/2006_04_05-02_22.txt,,,9,1
2006-04-06,10,0,0,unknown,undated,jbosnu/2006_04/2006_04_06-02_22.txt,,,10,1
2006-04-07,7,0,0,unknown,undated,jbosnu/2006_04/2006_04_07-02_22.txt,,,7,1
2006-04-08,2,0,0,unknown,undated,jbosnu/2006_04/2006_04_08-02_21.txt,,,2,1
2006-04-09,8,0,0,unknown,undated,jbosnu/2006_04/2006_04_09-02_21.txt,,,8,1
2006-04-10,6,0,0,unknown,undated,jbosnu/2006_04/2006_04_10-02_21.txt,,,6,1
2006-04-11,8,0,0,unknown,undated,jbosnu/2006_04/2006_04_11-02_21.txt,,,8,1
2006-04-12,2,0,0,unknown,undated,jbosnu/2006_04/2006_04_12-02_21.txt,,,2,1
2006-04-13,4,0,0,unknown,undated,jbosnu/2006_04/2006_04_13-02_21.txt,,,4,1
2006-04-14,10,0,0,unknown,undated,jbosnu/2006_04/2006_04_14-02_22.txt,,,10,1
2006-04-15,4,0,0,unknown,undated,jbosnu/2006_04/2006_04_15-02_21.txt,,,4,1
2006-04-16,5,0,0,unknown,undated,jbosnu/2006_04/2006_04_16-02_21.txt,,,5,1
2006-04-17,3,0,0,unknown,undated,jbosnu/2006_04/2006_04_17-02_21.txt,,,3,1
2006-04-18,4,0,0,unknown,undated,jbosnu/2006_04/2006_04_18-02_22.txt,,,4,1
2006-04-19,6,0,0,unknown,undated,jbosnu/2006_04/2006_04_19-02_21.txt,,,6,1
2006-04-20,2,0,0,unknown,undated,jbosnu/2006_04/2006_04_20-02_22.txt,,,2,1
2006-04-21,4,0,0,unknown,undated,jbosnu/2006_04/2006_04_21-02_21.txt,,,4,1
2006-04-22,6,0,0,unknown,undated,jbosnu/2006_04/2006_04_22-02_22.txt,,,6,1
2006-04-23,7,0,0,unknown,undated,jbosnu/2006_04/2006_04_23-02_22.txt,,,7,1
2006-04-24,3,0,0,unknown,undated,jbosnu/2006_04/2006_04_24-02_22.txt,,,3,1
2006-04-25,4,0,0,unknown,undated,jbosnu/2006_04/2006_04_25-02_24.txt,,,4,1
2006-04-26,7,0,0,unknown,undated,jbosnu/2006_04/2006_04_26-02_21.txt,,,7,1
2006-04-27,4,0,0,unknown,undated,jbosnu/2006_04/2006_04_27-02_22.txt,,,4,1
2006-04-28,5,0,0,unknown,undated,jbosnu/2006_04/2006_04_28-02_22.txt,,,5,1
2006-04-29,3,0,0,unknown,undated,jbosnu/2006_04/2006_04_29-02_21.txt,,,3,1
2006-04-30,8,0,0,unknown,undated,jbosnu/2006_04/2006_04_30-02_22.txt,,,8,1
2006-05-01,2,0,0,unknown,undated,jbosnu/2006_05/2006_05_01-02_22.txt,,,2,1
2006-05-02,3,0,0,unknown,undated,jbosnu/2006_05/2006_05_02-02_23.txt,,,3,1
2006-05-03,3,0,0,unknown,undated,jbosnu/2006_05/2006_05_03-02_21.txt,,,3,1
2006-05-04,5,0,0,unknown,undated,jbosnu/2006_05/2006_05_04-02_23.txt,,,5,1
2006-05-05,6,0,0,unknown,undated,jbosnu/2006_05/2006_05_05-02_22.txt,,,6,1
2006-05-06,4,0,0,unknown,undated,jbosnu/2006_05/2006_05_06-02_22.txt,,,4,1
2006-05-07,3,0,0,unknown,undated,jbosnu/2006_05/2006_05_07-02_22.txt,,,3,1
2006-05-08,3,0,0,unknown,undated,jbosnu/2006_05/2006_05_08-02_21.txt,,,3,1
2006-05-09,7,0,0,unknown,undated,jbosnu/2006_05/2006_05_09-02_21.txt,,,7,1
2006-05-10,3,0,0,unknown,undated,jbosnu/2006_05/2006_05_10-02_22.txt,,,3,1
2006-05-11,5,0,0,unknown,undated,jbosnu/2006_05/2006_05_11-02_22.txt,,,5,1
2006-05-12,6,0,0,unknown,undated,jbosnu/2006_05/2006_05_12-02_22.txt,,,6,1
2006-05-13,3,0,0,unknown,undated,jbosnu/2006_05/2006_05_13-02_21.txt,,,3,1
2006-05-14,5,0,0,unknown,undated,jbosnu/2006_05/2006_05_14-02_21.txt,,,5,1
2006-05-15,7,0,0,unknown,undated,jbosnu/2006_05/2006_05_15-02_22.txt,,,7,1
2006-05-16,5,0,0,unknown,undated,jbosnu/2006_05/2006_05_16-02_22.txt,,,5,1
2006-05-17,7,0,0,unknown,undated,jbosnu/2006_05/2006_05_17-02_22.txt,,,7,1
2006-05-18,7,0,0,unknown,undated,jbosnu/2006_05/2006_05_18-02_26.txt,,,7,1
2006-05-19,5,0,0,unknown,undated,jbosnu/2006_05/2006_05_19-02_23.txt,,,5,1
2006-05-20,8,0,0,unknown,undated,jbosnu/2006_05/2006_05_20-02_22.txt,,,8,1
2006-05-21,9,0,0,unknown,undated,jbosnu/2006_05/2006_05_21-02_21.txt,,,9,1
2006-05-22,6,0,0,unknown,undated,jbosnu/2006_05/2006_05_22-02_21.txt,,,6,1
2006-05-23,3,0,0,unknown,undated,jbosnu/2006_05/2006_05_23-02_21.txt,,,3,1
2006-05-24,8,0,0,unknown,undated,jbosnu/2006_05/2006_05_24-02_22.txt,,,8,1
2006-05-25,5,0,0,unknown,undated,jbosnu/2006_05/2006_05_25-02_21.txt,,,5,1
2006-05-26,7,0,0,unknown,undated,jbosnu/2006_05/2006_05_26-02_21.txt,,,7,1
2006-05-27,9,0,0,unknown,undated,jbosnu/2006_05/2006_05_27-02_21.txt,,,9,1
2006-05-28,7,0,0,unknown,undated,jbosnu/2006_05/2006_05_28-02_21.txt,,,7,1
2006-05-29,3,0,0,unknown,undated,jbosnu/2006_05/2006_05_29-02_21.txt,,,3,1
2006-05-30,8,0,0,unknown,undated,jbosnu/2006_05/2006_05_30-02_21.txt,,,8,1
2006-05-31,5,0,0,unknown,undated,jbosnu/2006_05/2006_05_31-02_21.txt,,,5,1
2006-06-01,9,0,0,unknown,undated,jbosnu/2006_06/2006_06_01-02_21.txt,,,9,1
2006-06-02,10,0,0,unknown,undated,jbosnu/2006_06/2006_06_02-02_21.txt,,,10,1
2006-06-03,6,0,0,unknown,undated,jbosnu/2006_06/2006_06_03-02_21.txt,,,6,1
2006-06-04,3,0,0,unknown,undated,jbosnu/2006_06/2006_06_04-02_21.txt,,,3,1
2006-06-05,7,0,0,unknown,undated,jbosnu/2006_06/2006_06_05-02_21.txt,,,7,1
2006-06-06,4,0,0,unknown,undated,jbosnu/2006_06/2006_06_06-02_22.txt,,,4,1
2006-06-07,3,0,0,unknown,undated,jbosnu/2006_06/2006_06_07-02_21.txt,,,3,1
2006-06-08,2,0,0,unknown,undated,jbosnu/2006_06/2006_06_08-02_21.txt,,,2,1
2006-06-09,8,0,0,unknown,undated,jbosnu/2006_06/2006_06_09-02_22.txt,,,8,1
2006-06-10,2,0,0,unknown,undated,jbosnu/2006_06/2006_06_10-02_22.txt,,,2,1
2006-06-11,3,0,0,unknown,undated,jbosnu/2006_06/2006_06_11-02_21.txt,,,3,1
2006-06-12,4,0,0,unknown,undated,jbosnu/2006_06/2006_06_12-02_22.txt,,,4,1
2006-06-13,2,0,0,unknown,undated,jbosnu/2006_06/2006_06_13-02_21.txt,,,2,1
2006-06-14,7,0,0,unknown,undated,jbosnu/2006_06/2006_06_14-02_22.txt,,,7,1
2006-06-15,5,0,0,unknown,undated,jbosnu/2006_06/2006_06_15-02_22.txt,,,5,1
2006-06-16,6,0,0,unknown,undated,jbosnu/2006_06/2006_06_16-02_22.txt,,,6,1
2006-06-17,11,0,0,unknown,undated,jbosnu/2006_06/2006_06_17-02_22.txt,,,11,1
2006-06-18,8,0,0,unknown,undated,jbosnu/2006_06/2006_06_18-02_21.txt,,,8,1
2006-06-19,2,0,0,unknown,undated,jbosnu/2006_06/2006_06_19-02_21.txt,,,2,1
2006-06-20,4,0,0,unknown,undated,jbosnu/2006_06/2006_06_20-02_22.txt,,,4,1
2006-06-21,6,0,0,unknown,undated,jbosnu/2006_06/2006_06_21-02_21.txt,,,6,1
2006-06-22,4,0,0,unknown,undated,jbosnu/2006_06/2006_06_22-02_21.txt,,,4,1
2006-06-23,4,0,0,unknown,undated,jbosnu/2006_06/2006_06_23-02_21.txt,,,4,1
2006-06-24,7,0,0,unknown,undated,jbosnu/2006_06/2006_06_24-02_21.txt,,,7,1
2006-06-25,4,0,0,unknown,undated,jbosnu/2006_06/2006_06_25-02_21.txt,,,4,1
2006-06-26,4,0,0,unknown,undated,jbosnu/2006_06/2006_06_26-02_21.txt,,,4,1
2006-06-27,2,0,0,unknown,undated,jbosnu/2006_06/2006_06_27-02_23.txt,,,2,1
2006-06-28,3,0,0,unknown,undated,jbosnu/2006_06/2006_06_28-02_22.txt,,,3,1
2006-06-29,3,0,0,unknown,undated,jbosnu/2006_06/2006_06_29-02_21.txt,,,3,1
2006-06-30,7,0,0,unknown,undated,jbosnu/2006_06/2006_06_30-02_22.txt,,,7,1
2006-07-01,3,0,0,unknown,undated,jbosnu/2006_07/2006_07_01-02_21.txt,,,3,1
2006-07-02,3,0,0,unknown,undated,jbosnu/2006_07/2006_07_02-02_21.txt,,,3,1
2006-07-03,5,0,0,unknown,undated,jbosnu/2006_07/2006_07_03-02_21.txt,,,5,1
2006-07-04,8,0,0,unknown,undated,jbosnu/2006_07/2006_07_04-02_22.txt,,,8,1
2006-07-05,6,0,0,unknown,undated,jbosnu/2006_07/2006_07_05-02_22.txt,,,6,1
2006-07-06,9,0,0,unknown,undated,jbosnu/2006_07/2006_07_06-02_23.txt,,,9,1
2006-07-07,5,0,0,unknown,undated,jbosnu/2006_07/2006_07_07-02_22.txt,,,5,1
2006-07-08,5,0,0,unknown,undated,jbosnu/2006_07/2006_07_08-02_21.txt,,,5,1
2006-07-09,6,0,0,unknown,undated,jbosnu/2006_07/2006_07_09-02_22.txt,,,6,1
2006-07-10,5,0,0,unknown,undated,jbosnu/2006_07/2006_07_10-02_22.txt,,,5,1
2006-07-11,7,0,0,unknown,undated,jbosnu/2006_07/2006_07_11-02_23.txt,,,7,1
2006-07-12,6,0,0,unknown,undated,jbosnu/2006_07/2006_07_12-02_22.txt,,,6,1
2006-07-13,8,0,0,unknown,undated,jbosnu/2006_07/2006_07_13-02_23.txt,,,8,1
2006-07-14,4,0,0,unknown,undated,jbosnu/2006_07/2006_07_14-02_22.txt,,,4,1
2006-07-15,7,0,0,unknown,undated,jbosnu/2006_07/2006_07_15-02_22.txt,,,7,1
2006-07-16,10,0,0,unknown,undated,jbosnu/2006_07/2006_07_16-02_21.txt,,,10,1
2006-07-17,5,0,0,unknown,undated,jbosnu/2006_07/2006_07_17-02_21.txt,,,5,1
2006-07-18,12,0,0,unknown,undated,jbosnu/2006_07/2006_07_18-02_23.txt,,,12,1
2006-07-19,9,0,0,unknown,undated,jbosnu/2006_07/2006_07_19-02_24.txt,,,9,1
2006-07-20,9,0,0,unknown,undated,jbosnu/2006_07/2006_07_20-02_22.txt,,,9,1
2006-07-21,2,0,0,unknown,undated,jbosnu/2006_07/2006_07_21-02_22.txt,,,2,1
2006-07-22,7,0,0,unknown,undated,jbosnu/2006_07/2006_07_22-02_21.txt,,,7,1
2006-07-23,4,0,0,unknown,undated,jbosnu/2006_07/2006_07_23-02_22.txt,,,4,1
2006-07-24,8,0,0,unknown,undated,jbosnu/2006_07/2006_07_24-02_23.txt,,,8,1
2006-07-25,11,0,0,unknown,undated,jbosnu/2006_07/2006_07_25-02_22.txt,,,11,1
2006-07-26,4,0,0,unknown,undated,jbosnu/2006_07/2006_07_26-02_23.txt,,,4,1
2006-07-27,12,0,0,unknown,undated,jbosnu/2006_07/2006_07_27-02_24.txt,,,12,1
2006-07-28,5,0,0,unknown,undated,jbosnu/2006_07/2006_07_28-02_24.txt,,,5,1
2006-07-29,8,0,0,unknown,undated,jbosnu/2006_07/2006_07_29-02_22.txt,,,8,1
2006-07-30,7,0,0,unknown,undated,jbosnu/2006_07/2006_07_30-02_21.txt,,,7,1
2006-07-31,5,0,0,unknown,undated,jbosnu/2006_07/2006_07_31-02_22.txt,,,5,1
2006-08-01,4,0,0,unknown,undated,jbosnu/2006_08/2006_08_01-02_24.txt,,,4,1
2006-08-02,21,0,0,unknown,undated,jbosnu/2006_08/2006_08_02-02_23.txt,,,21,1
2006-08-03,14,0,0,unknown,undated,jbosnu/2006_08/2006_08_03-02_23.txt,,,14,1
2006-08-04,3,0,0,unknown,undated,jbosnu/2006_08/2006_08_04-02_23.txt,,,3,1
2006-08-05,5,0,0,unknown,undated,jbosnu/2006_08/2006_08_05-02_23.txt,,,5,1
2006-08-06,9,0,0,unknown,undated,jbosnu/2006_08/2006_08_06-02_22.txt,,,9,1
2006-08-07,6,0,0,unknown,undated,jbosnu/2006_08/2006_08_07-02_22.txt,,,6,1
2006-08-08,15,0,0,unknown,undated,jbosnu/2006_08/2006_08_08-02_22.txt,,,15,1
2006-08-09,9,0,0,unknown,undated,jbosnu/2006_08/2006_08_09-02_22.txt,,,9,1
2006-08-10,6,0,0,unknown,undated,jbosnu/2006_08/2006_08_10-02_22.txt,,,6,1
2006-08-11,3,0,0,unknown,undated,jbosnu/2006_08/2006_08_11-02_22.txt,,,3,1
2006-08-12,5,0,0,unknown,undated,jbosnu/2006_08/2006_08_12-02_22.txt,,,5,1
2006-08-13,3,0,0,unknown,undated,jbosnu/2006_08/2006_08_13-02_21.txt,,,3,1
2006-08-14,2,0,0,unknown,undated,jbosnu/2006_08/2006_08_14-02_23.txt,,,2,1
2006-08-15,21,0,0,unknown,undated,jbosnu/2006_08/2006_08_15-02_24.txt,,,21,1
2006-08-16,2,0,0,unknown,undated,jbosnu/2006_08/2006_08_16-02_22.txt,,,2,1
2006-08-17,10,0,0,unknown,undated,jbosnu/2006_08/2006_08_17-02_23.txt,,,10,1
2006-08-18,12,0,0,unknown,undated,jbosnu/2006_08/2006_08_18-02_22.txt,,,12,1
2006-08-19,8,0,0,unknown,undated,jbosnu/2006_08/2006_08_19-02_21.txt,,,8,1
2006-08-20,10,0,0,unknown,undated,jbosnu/2006_08/2006_08_20-02_22.txt,,,10,1
2006-08-21,14,0,0,unknown,undated,jbosnu/2006_08/2006_08_21-02_22.txt,,,14,1
2006-08-22,6,0,0,unknown,undated,jbosnu/2006_08/2006_08_22-02_21.txt,,,6,1
2006-08-23,9,0,0,unknown,undated,jbosnu/2006_08/2006_08_23-02_22.txt,,,9,1
2006-08-24,3,0,0,unknown,undated,jbosnu/2006_08/2006_08_24-02_23.txt,,,3,1
2006-08-25,9,0,0,unknown,undated,jbosnu/2006_08/2006_08_25-02_22.txt,,,9,1
2006-08-26,5,0,0,unknown,undated,jbosnu/2006_08/2006_08_26-02_21.txt,,,5,1
2006-08-27,7,0,0,unknown,undated,jbosnu/2006_08/2006_08_27-02_21.txt,,,7,1
2006-08-28,10,0,0,unknown,undated,jbosnu/2006_08/2006_08_28-02_21.txt,,,10,1
2006-08-29,9,0,0,unknown,undated,jbosnu/2006_08/2006_08_29-02_22.txt,,,9,1
2006-08-30,5,0,0,unknown,undated,jbosnu/2006_08/2006_08_30-02_22.txt,,,5,1
2006-08-31,13,0,0,unknown,undated,jbosnu/2006_08/2006_08_31-02_21.txt,,,13,1
2006-09-01,15,0,0,unknown,undated,jbosnu/2006_09/2006_09_01-02_22.txt,,,15,1
2006-09-02,16,0,0,unknown,undated,jbosnu/2006_09/2006_09_02-02_21.txt,,,16,1
2006-09-03,3,0,0,unknown,undated,jbosnu/2006_09/2006_09_03-02_21.txt,,,3,1
2006-09-04,4,0,0,unknown,undated,jbosnu/2006_09/2006_09_04-02_22.txt,,,4,1
2006-09-05,4,0,0,unknown,undated,jbosnu/2006_09/2006_09_05-02_22.txt,,,4,1
2006-09-06,5,0,0,unknown,undated,jbosnu/2006_09/2006_09_06-02_22.txt,,,5,1
2006-09-07,5,0,0,unknown,undated,jbosnu/2006_09/2006_09_07-02_21.txt,,,5,1
2006-09-08,5,0,0,unknown,undated,jbosnu/2006_09/2006_09_08-02_21.txt,,,5,1
2006-09-09,10,0,0,unknown,undated,jbosnu/2006_09/2006_09_09-02_27.txt,,,10,1
2006-09-11,6,0,0,unknown,undated,jbosnu/2006_09/2006_09_11-02_22.txt,,,6,1
2006-09-12,6,0,0,unknown,undated,jbosnu/2006_09/2006_09_12-02_21.txt,,,6,1
2006-09-13,7,0,0,unknown,undated,jbosnu/2006_09/2006_09_13-02_22.txt,,,7,1
2006-09-14,9,0,0,unknown,undated,jbosnu/2006_09/2006_09_14-02_22.txt,,,9,1
2006-09-15,8,0,0,unknown,undated,jbosnu/2006_09/2006_09_15-02_21.txt,,,8,1
2006-09-16,6,0,0,unknown,undated,jbosnu/2006_09/2006_09_16-02_22.txt,,,6,1
2006-09-17,5,0,0,unknown,undated,jbosnu/2006_09/2006_09_17-02_21.txt,,,5,1
2006-09-18,4,0,0,unknown,undated,jbosnu/2006_09/2006_09_18-02_21.txt,,,4,1
2006-09-19,8,0,0,unknown,undated,jbosnu/2006_09/2006_09_19-02_21.txt,,,8,1
2006-09-20,3,0,0,unknown,undated,jbosnu/2006_09/2006_09_20-02_22.txt,,,3,1
2006-09-21,2,0,0,unknown,undated,jbosnu/2006_09/2006_09_21-02_21.txt,,,2,1
2006-09-22,4,0,0,unknown,undated,jbosnu/2006_09/2006_09_22-02_21.txt,,,4,1
2006-09-23,15,0,0,unknown,undated,jbosnu/2006_09/2006_09_23-02_22.txt,,,15,1
2006-09-24,11,0,0,unknown,undated,jbosnu/2006_09/2006_09_24-02_21.txt,,,11,1
2006-09-25,7,0,0,unknown,undated,jbosnu/2006_09/2006_09_25-02_23.txt,,,7,1
2006-09-26,6,0,0,unknown,undated,jbosnu/2006_09/2006_09_26-02_22.txt,,,6,1
2006-09-27,14,0,0,unknown,undated,jbosnu/2006_09/2006_09_27-02_23.txt,,,14,1
2006-09-28,11,0,0,unknown,undated,jbosnu/2006_09/2006_09_28-02_22.txt,,,11,1
2006-09-29,10,0,0,unknown,undated,jbosnu/2006_09/2006_09_29-02_21.txt,,,10,1
2006-09-30,11,0,0,unknown,undated,jbosnu/2006_09/2006_09_30-02_22.txt,,,11,1
2006-10-01,11,0,0,unknown,undated,jbosnu/2006_10/2006_10_01-02_21.txt,,,11,1
2006-10-06,28,21,5,unknown,undated,jbosnu/2006_10/2006_10_06-02_22.txt,,,28,1
2006-10-07,30,4,2,unknown,undated,jbosnu/2006_10/2006_10_07-02_23.txt,,,30,1
2006-10-08,23,1,1,unknown,undated,jbosnu/2006_10/2006_10_08-02_21.txt,,,23,1
2006-10-09,24,9,4,unknown,undated,jbosnu/2006_10/2006_10_09-02_21.txt,,,24,1
2006-10-10,45,26,6,unknown,undated,jbosnu/2006_10/2006_10_10-02_24.txt,,,45,1
2006-10-11,34,7,4,unknown,undated,jbosnu/2006_10/2006_10_11-02_24.txt,,,34,1
2006-10-12,42,25,6,unknown,undated,jbosnu/2006_10/2006_10_12-02_24.txt,,,42,1
2006-10-13,60,37,7,unknown,undated,jbosnu/2006_10/2006_10_13-02_25.txt,,,60,1
2006-10-14,40,10,4,unknown,undated,jbosnu/2006_10/2006_10_14-02_23.txt,,,40,1
2006-10-15,43,27,4,unknown,undated,jbosnu/2006_10/2006_10_15-02_21.txt,,,43,1
2006-10-16,29,8,2,unknown,undated,jbosnu/2006_10/2006_10_16-02_22.txt,,,29,1
2006-10-17,20,0,0,unknown,undated,jbosnu/2006_10/2006_10_17-02_23.txt,,,20,1
2006-10-18,31,12,3,unknown,undated,jbosnu/2006_10/2006_10_18-02_25.txt,,,31,1
2006-10-19,32,5,3,unknown,undated,jbosnu/2006_10/2006_10_19-02_23.txt,,,32,1
2006-10-20,18,3,2,unknown,undated,jbosnu/2006_10/2006_10_20-02_25.txt,,,18,1
2006-10-21,22,0,0,unknown,undated,jbosnu/2006_10/2006_10_21-02_22.txt,,,22,1
2006-10-22,21,0,0,unknown,undated,jbosnu/2006_10/2006_10_22-02_21.txt,,,21,1
2006-10-23,18,0,0,unknown,undated,jbosnu/2006_10/2006_10_23-02_22.txt,,,18,1
2006-10-24,36,9,1,unknown,undated,jbosnu/2006_10/2006_10_24-02_23.txt,,,36,1
2006-10-25,15,0,0,unknown,undated,jbosnu/2006_10/2006_10_25-02_25.txt,,,15,1
2006-10-26,34,9,3,unknown,undated,jbosnu/2006_10/2006_10_26-02_25.txt,,,34,1
2006-10-27,24,1,1,unknown,undated,jbosnu/2006_10/2006_10_27-02_24.txt,,,24,1
2006-10-28,52,19,4,unknown,undated,jbosnu/2006_10/2006_10_28-02_23.txt,,,52,1
2006-10-29,34,6,2,unknown,undated,jbosnu/2006_10/2006_10_29-02_21.txt,,,34,1
2006-10-30,25,3,1,unknown,undated,jbosnu/2006_10/2006_10_30-02_22.txt,,,25,1
2006-10-31,36,4,2,unknown,undated,jbosnu/2006_10/2006_10_31-02_23.txt,,,36,1
2006-11-01,25,9,3,unknown,undated,jbosnu/2006_11/2006_11_01-02_23.txt,,,25,1
2006-11-02,24,1,1,unknown,undated,jbosnu/2006_11/2006_11_02-02_23.txt,,,24,1
2006-11-04,18,0,0,unknown,undated,jbosnu/2006_11/2006_11_04-02_23.txt,,,18,1
2006-11-05,51,7,4,unknown,undated,jbosnu/2006_11/2006_11_05-02_21.txt,,,51,1
2006-11-06,18,0,0,unknown,undated,jbosnu/2006_11/2006_11_06-02_21.txt,,,18,1
2006-11-07,22,1,1,unknown,undated,jbosnu/2006_11/2006_11_07-02_23.txt,,,22,1
2006-11-08,34,7,3,unknown,undated,jbosnu/2006_11/2006_11_08-02_24.txt,,,34,1
2006-11-09,31,8,3,unknown,undated,jbosnu/2006_11/2006_11_09-02_22.txt,,,31,1
2006-11-10,40,2,1,unknown,undated,jbosnu/2006_11/2006_11_10-02_24.txt,,,40,1
2006-11-11,30,0,0,unknown,undated,jbosnu/2006_11/2006_11_11-02_23.txt,,,30,1
2006-11-12,56,31,4,unknown,undated,jbosnu/2006_11/2006_11_12-02_22.txt,,,56,1
2006-11-13,27,0,0,unknown,undated,jbosnu/2006_11/2006_11_13-02_25.txt,,,27,1
2006-11-14,49,13,5,unknown,undated,jbosnu/2006_11/2006_11_14-02_23.txt,,,49,1
2006-11-15,36,7,3,unknown,undated,jbosnu/2006_11/2006_11_15-02_23.txt,,,36,1
2006-11-16,17,0,0,unknown,undated,jbosnu/2006_11/2006_11_16-02_22.txt,,,17,1
2006-11-17,3,0,0,unknown,undated,jbosnu/2006_11/2006_11_17-02_21.txt,,,3,1
2006-11-18,26,0,0,unknown,undated,jbosnu/2006_11/2006_11_18-02_22.txt,,,26,1
2006-11-19,25,11,2,unknown,undated,jbosnu/2006_11/2006_11_19-02_22.txt,,,25,1
2006-11-20,16,1,1,unknown,undated,jbosnu/2006_11/2006_11_20-02_22.txt,,,16,1
2006-11-21,22,4,2,unknown,undated,jbosnu/2006_11/2006_11_21-02_23.txt,,,22,1
2006-11-22,22,0,0,unknown,undated,jbosnu/2006_11/2006_11_22-02_23.txt,,,22,1
2006-11-23,25,0,0,unknown,undated,jbosnu/2006_11/2006_11_23-02_25.txt,,,25,1
2006-11-24,21,0,0,unknown,undated,jbosnu/2006_11/2006_11_24-02_22.txt,,,21,1
2006-11-25,18,0,0,unknown,undated,jbosnu/2006_11/2006_11_25-02_22.txt,,,18,1
2006-11-26,33,10,4,unknown,undated,jbosnu/2006_11/2006_11_26-02_22.txt,,,33,1
2006-11-27,18,1,1,unknown,undated,jbosnu/2006_11/2006_11_27-02_22.txt,,,18,1
2006-11-28,23,0,0,unknown,undated,jbosnu/2006_11/2006_11_28-02_22.txt,,,23,1
2006-11-29,22,0,0,unknown,undated,jbosnu/2006_11/2006_11_29-02_23.txt,,,22,1
2006-11-30,26,2,1,unknown,undated,jbosnu/2006_11/2006_11_30-02_23.txt,,,26,1
2006-12-01,38,4,3,unknown,undated,jbosnu/2006_12/2006_12_01-02_23.txt,,,38,1
2006-12-02,30,1,1,unknown,undated,jbosnu/2006_12/2006_12_02-02_23.txt,,,30,1
2006-12-03,46,0,0,unknown,undated,jbosnu/2006_12/2006_12_03-02_25.txt,,,46,1
2006-12-04,31,0,0,unknown,undated,jbosnu/2006_12/2006_12_04-02_24.txt,,,31,1
2006-12-05,26,0,0,unknown,undated,jbosnu/2006_12/2006_12_05-02_23.txt,,,26,1
2006-12-06,41,6,4,unknown,undated,jbosnu/2006_12/2006_12_06-02_24.txt,,,41,1
2006-12-07,39,8,6,unknown,undated,jbosnu/2006_12/2006_12_07-02_23.txt,,,39,1
2006-12-08,2,0,0,unknown,undated,jbosnu/2006_12/2006_12_08-02_22.txt,,,2,1
2006-12-09,22,0,0,unknown,undated,jbosnu/2006_12/2006_12_09-02_22.txt,,,22,1
2006-12-10,25,0,0,unknown,undated,jbosnu/2006_12/2006_12_10-02_22.txt,,,25,1
2006-12-11,28,2,2,unknown,undated,jbosnu/2006_12/2006_12_11-02_22.txt,,,28,1
2006-12-12,47,0,0,unknown,undated,jbosnu/2006_12/2006_12_12-02_23.txt,,,47,1
2006-12-13,31,0,0,unknown,undated,jbosnu/2006_12/2006_12_13-02_23.txt,,,31,1
2006-12-14,34,0,0,unknown,undated,jbosnu/2006_12/2006_12_14-02_24.txt,,,34,1
2006-12-15,33,10,5,unknown,undated,jbosnu/2006_12/2006_12_15-02_22.txt,,,33,1
2006-12-16,20,1,1,unknown,undated,jbosnu/2006_12/2006_12_16-02_23.txt,,,20,1
2006-12-17,22,0,0,unknown,undated,jbosnu/2006_12/2006_12_17-02_22.txt,,,22,1
2006-12-18,20,0,0,unknown,undated,jbosnu/2006_12/2006_12_18-02_22.txt,,,20,1
2006-12-19,45,16,3,unknown,undated,jbosnu/2006_12/2006_12_19-02_23.txt,,,45,1
2006-12-20,42,12,3,unknown,undated,jbosnu/2006_12/2006_12_20-02_24.txt,,,42,1
2006-12-21,82,68,4,unknown,undated,jbosnu/2006_12/2006_12_21-02_25.txt,,,82,1
2006-12-22,24,0,0,unknown,undated,jbosnu/2006_12/2006_12_22-02_24.txt,,,24,1
2006-12-23,26,0,0,unknown,undated,jbosnu/2006_12/2006_12_23-02_22.txt,,,26,1
2006-12-24,21,4,2,unknown,undated,jbosnu/2006_12/2006_12_24-02_22.txt,,,21,1
2006-12-25,16,0,0,unknown,undated,jbosnu/2006_12/2006_12_25-02_21.txt,,,16,1
2006-12-26,26,0,0,unknown,undated,jbosnu/2006_12/2006_12_26-02_22.txt,,,26,1
2006-12-27,20,2,2,unknown,undated,jbosnu/2006_12/2006_12_27-02_21.txt,,,20,1
2006-12-28,22,0,0,unknown,undated,jbosnu/2006_12/2006_12_28-02_22.txt,,,22,1
2006-12-29,331,293,13,unknown,undated,jbosnu/2006_12/2006_12_29-02_23.txt,,,331,1
2006-12-30,59,14,5,unknown,undated,jbosnu/2006_12/2006_12_30-02_22.txt,,,59,1
2006-12-31,27,0,0,unknown,undated,jbosnu/2006_12/2006_12_31-02_23.txt,,,27,1
2007-01-01,43,17,4,unknown,undated,jbosnu/2007_01/2007_01_01-02_22.txt,,,43,1
2007-01-02,47,29,2,unknown,undated,jbosnu/2007_01/2007_01_02-02_22.txt,,,47,1
2007-01-03,42,0,0,unknown,undated,jbosnu/2007_01/2007_01_03-02_24.txt,,,42,1
2007-01-04,26,0,0,unknown,undated,jbosnu/2007_01/2007_01_04-02_26.txt,,,26,1
2007-01-05,25,7,3,unknown,undated,jbosnu/2007_01/2007_01_05-02_24.txt,,,25,1
2007-01-06,45,18,5,unknown,undated,jbosnu/2007_01/2007_01_06-02_22.txt,,,45,1
2007-01-07,20,0,0,unknown,undated,jbosnu/2007_01/2007_01_07-02_22.txt,,,20,1
2007-01-08,26,0,0,unknown,undated,jbosnu/2007_01/2007_01_08-02_22.txt,,,26,1
2007-01-09,27,0,0,unknown,undated,jbosnu/2007_01/2007_01_09-02_24.txt,,,27,1
2007-01-10,43,0,0,unknown,undated,jbosnu/2007_01/2007_01_10-02_22.txt,,,43,1
2007-01-11,22,0,0,unknown,undated,jbosnu/2007_01/2007_01_11-02_22.txt,,,22,1
2007-01-12,26,0,0,unknown,undated,jbosnu/2007_01/2007_01_12-02_22.txt,,,26,1
2007-01-13,13,0,0,unknown,undated,jbosnu/2007_01/2007_01_13-02_22.txt,,,13,1
2007-01-14,17,0,0,unknown,undated,jbosnu/2007_01/2007_01_14-02_21.txt,,,17,1
2007-01-15,11,0,0,unknown,undated,jbosnu/2007_01/2007_01_15-02_22.txt,,,11,1
2007-01-16,24,0,0,unknown,undated,jbosnu/2007_01/2007_01_16-02_22.txt,,,24,1
2007-01-17,16,0,0,unknown,undated,jbosnu/2007_01/2007_01_17-02_22.txt,,,16,1
2007-01-18,26,0,0,unknown,undated,jbosnu/2007_01/2007_01_18-02_23.txt,,,26,1
2007-01-19,20,0,0,unknown,undated,jbosnu/2007_01/2007_01_19-02_23.txt,,,20,1
2007-01-20,15,0,0,unknown,undated,jbosnu/2007_01/2007_01_20-02_22.txt,,,15,1
2007-01-21,21,0,0,unknown,undated,jbosnu/2007_01/2007_01_21-02_22.txt,,,21,1
2007-01-22,91,72,3,unknown,undated,jbosnu/2007_01/2007_01_22-02_21.txt,,,91,1
2007-01-23,28,3,2,unknown,undated,jbosnu/2007_01/2007_01_23-02_24.txt,,,28,1
2007-01-24,37,1,1,unknown,undated,jbosnu/2007_01/2007_01_24-02_22.txt,,,37,1
2007-01-25,33,0,0,unknown,undated,jbosnu/2007_01/2007_01_25-02_22.txt,,,33,1
2007-01-26,34,0,0,unknown,undated,jbosnu/2007_01/2007_01_26-02_22.txt,,,34,1
2007-01-27,16,0,0,unknown,undated,jbosnu/2007_01/2007_01_27-02_23.txt,,,16,1
2007-01-28,38,12,2,unknown,undated,jbosnu/2007_01/2007_01_28-02_22.txt,,,38,1
2007-01-29,120,91,5,unknown,undated,jbosnu/2007_01/2007_01_29-02_22.txt,,,120,1
2007-01-30,39,12,4,unknown,undated,jbosnu/2007_01/2007_01_30-02_23.txt,,,39,1
2007-01-31,20,5,3,unknown,undated,jbosnu/2007_01/2007_01_31-02_22.txt,,,20,1
2007-02-01,24,2,1,unknown,undated,jbosnu/2007_02/2007_02_01-02_22.txt,,,24,1
2007-02-02,22,0,0,unknown,undated,jbosnu/2007_02/2007_02_02-02_22.txt,,,22,1
2007-02-03,23,3,1,unknown,undated,jbosnu/2007_02/2007_02_03-02_23.txt,,,23,1
2007-02-04,19,0,0,unknown,undated,jbosnu/2007_02/2007_02_04-02_23.txt,,,19,1
2007-02-05,26,0,0,unknown,undated,jbosnu/2007_02/2007_02_05-02_22.txt,,,26,1
2007-02-06,21,0,0,unknown,undated,jbosnu/2007_02/2007_02_06-02_23.txt,,,21,1
2007-02-07,25,8,3,unknown,undated,jbosnu/2007_02/2007_02_07-02_24.txt,,,25,1
2007-02-08,21,0,0,unknown,undated,jbosnu/2007_02/2007_02_08-02_22.txt,,,21,1
2007-02-09,15,0,0,unknown,undated,jbosnu/2007_02/2007_02_09-02_22.txt,,,15,1
2007-02-10,21,0,0,unknown,undated,jbosnu/2007_02/2007_02_10-02_22.txt,,,21,1
2007-02-11,37,0,0,unknown,undated,jbosnu/2007_02/2007_02_11-02_21.txt,,,37,1
2007-02-12,18,0,0,unknown,undated,jbosnu/2007_02/2007_02_12-02_23.txt,,,18,1
2007-02-13,21,0,0,unknown,undated,jbosnu/2007_02/2007_02_13-02_22.txt,,,21,1
2007-02-14,15,0,0,unknown,undated,jbosnu/2007_02/2007_02_14-02_22.txt,,,15,1
2007-02-15,30,9,2,unknown,undated,jbosnu/2007_02/2007_02_15-02_22.txt,,,30,1
2007-02-16,18,0,0,unknown,undated,jbosnu/2007_02/2007_02_16-02_22.txt,,,18,1
2007-02-17,19,0,0,unknown,undated,jbosnu/2007_02/2007_02_17-02_21.txt,,,19,1
2007-02-18,22,0,0,unknown,undated,jbosnu/2007_02/2007_02_18-02_22.txt,,,22,1
2007-02-19,33,0,0,unknown,undated,jbosnu/2007_02/2007_02_19-02_21.txt,,,33,1
2007-02-20,35,0,0,unknown,undated,jbosnu/2007_02/2007_02_20-02_23.txt,,,35,1
2007-02-21,45,0,0,unknown,undated,jbosnu/2007_02/2007_02_21-02_22.txt,,,45,1
2007-02-22,52,15,4,unknown,undated,jbosnu/2007_02/2007_02_22-02_24.txt,,,52,1
2007-02-23,39,9,2,unknown,undated,jbosnu/2007_02/2007_02_23-02_23.txt,,,39,1
2007-02-24,20,0,0,unknown,undated,jbosnu/2007_02/2007_02_24-02_22.txt,,,20,1
2007-02-25,19,0,0,unknown,undated,jbosnu/2007_02/2007_02_25-02_22.txt,,,19,1
2007-02-26,24,0,0,unknown,undated,jbosnu/2007_02/2007_02_26-02_21.txt,,,24,1
2007-02-27,44,0,0,unknown,undated,jbosnu/2007_02/2007_02_27-02_22.txt,,,44,1
2007-02-28,52,0,0,unknown,undated,jbosnu/2007_02/2007_02_28-02_22.txt,,,52,1
2007-03-01,28,0,0,unknown,undated,jbosnu/2007_03/2007_03_01-02_22.txt,,,28,1
2007-03-02,25,0,0,unknown,undated,jbosnu/2007_03/2007_03_02-02_23.txt,,,25,1
2007-03-03,40,0,0,unknown,undated,jbosnu/2007_03/2007_03_03-02_22.txt,,,40,1
2007-03-04,33,3,2,unknown,undated,jbosnu/2007_03/2007_03_04-02_22.txt,,,33,1
2007-03-05,27,0,0,unknown,undated,jbosnu/2007_03/2007_03_05-02_22.txt,,,27,1
2007-03-07,22,0,0,unknown,undated,jbosnu/2007_03/2007_03_07-02_23.txt,,,22,1
2007-03-08,28,0,0,unknown,undated,jbosnu/2007_03/2007_03_08-02_22.txt,,,28,1
2007-03-09,25,0,0,unknown,undated,jbosnu/2007_03/2007_03_09-02_21.txt,,,25,1
2007-03-10,20,0,0,unknown,undated,jbosnu/2007_03/2007_03_10-02_22.txt,,,20,1
2007-03-12,27,0,0,unknown,undated,jbosnu/2007_03/2007_03_12-02_22.txt,,,27,1
2007-03-13,24,0,0,unknown,undated,jbosnu/2007_03/2007_03_13-02_21.txt,,,24,1
2007-03-14,14,0,0,unknown,undated,jbosnu/2007_03/2007_03_14-02_22.txt,,,14,1
2007-03-15,15,0,0,unknown,undated,jbosnu/2007_03/2007_03_15-02_24.txt,,,15,1
2007-03-16,14,0,0,unknown,undated,jbosnu/2007_03/2007_03_16-02_23.txt,,,14,1
2007-03-17,17,0,0,unknown,undated,jbosnu/2007_03/2007_03_17-02_22.txt,,,17,1
2007-03-18,18,0,0,unknown,undated,jbosnu/2007_03/2007_03_18-02_22.txt,,,18,1
2007-03-19,36,2,2,unknown,undated,jbosnu/2007_03/2007_03_19-02_22.txt,,,36,1
2007-03-20,29,0,0,unknown,undated,jbosnu/2007_03/2007_03_20-02_21.txt,,,29,1
2007-03-21,32,0,0,unknown,undated,jbosnu/2007_03/2007_03_21-02_21.txt,,,32,1
2007-03-22,29,0,0,unknown,undated,jbosnu/2007_03/2007_03_22-02_21.txt,,,29,1
2007-03-23,19,0,0,unknown,undated,jbosnu/2007_03/2007_03_23-02_22.txt,,,19,1
2007-03-24,22,0,0,unknown,undated,jbosnu/2007_03/2007_03_24-02_22.txt,,,22,1
2007-03-25,17,1,1,unknown,undated,jbosnu/2007_03/2007_03_25-02_22.txt,,,17,1
2007-03-26,16,0,0,unknown,undated,jbosnu/2007_03/2007_03_26-02_23.txt,,,16,1
2007-03-27,19,0,0,unknown,undated,jbosnu/2007_03/2007_03_27-02_21.txt,,,19,1
2007-03-28,31,0,0,unknown,undated,jbosnu/2007_03/2007_03_28-02_22.txt,,,31,1
2007-03-29,20,0,0,unknown,undated,jbosnu/2007_03/2007_03_29-02_22.txt,,,20,1
2007-03-30,17,0,0,unknown,undated,jbosnu/2007_03/2007_03_30-02_23.txt,,,17,1
2007-03-31,17,0,0,unknown,undated,jbosnu/2007_03/2007_03_31-02_23.txt,,,17,1
2007-04-01,14,0,0,unknown,undated,jbosnu/2007_04/2007_04_01-02_22.txt,,,14,1
2007-04-02,35,0,0,unknown,undated,jbosnu/2007_04/2007_04_02-02_21.txt,,,35,1
2007-04-03,19,0,0,unknown,undated,jbosnu/2007_04/2007_04_03-02_24.txt,,,19,1
2007-04-04,10,0,0,unknown,undated,jbosnu/2007_04/2007_04_04-02_22.txt,,,10,1
2007-04-05,18,0,0,unknown,undated,jbosnu/2007_04/2007_04_05-02_21.txt,,,18,1
2007-04-06,16,0,0,unknown,undated,jbosnu/2007_04/2007_04_06-02_23.txt,,,16,1
2007-04-07,21,0,0,unknown,undated,jbosnu/2007_04/2007_04_07-02_22.txt,,,21,1
2007-04-08,25,0,0,unknown,undated,jbosnu/2007_04/2007_04_08-02_21.txt,,,25,1
2007-04-09,17,0,0,unknown,undated,jbosnu/2007_04/2007_04_09-02_23.txt,,,17,1
2007-04-10,15,0,0,unknown,undated,jbosnu/2007_04/2007_04_10-02_22.txt,,,15,1
2007-04-11,40,5,3,unknown,undated,jbosnu/2007_04/2007_04_11-02_24.txt,,,40,1
2007-04-13,29,1,1,unknown,undated,jbosnu/2007_04/2007_04_13-02_24.txt,,,29,1
2007-04-14,19,0,0,unknown,undated,jbosnu/2007_04/2007_04_14-02_22.txt,,,19,1
2007-04-15,15,0,0,unknown,undated,jbosnu/2007_04/2007_04_15-02_21.txt,,,15,1
2007-04-16,18,0,0,unknown,undated,jbosnu/2007_04/2007_04_16-02_22.txt,,,18,1
2007-04-17,31,0,0,unknown,undated,jbosnu/2007_04/2007_04_17-02_21.txt,,,31,1
2007-04-18,44,0,0,unknown,undated,jbosnu/2007_04/2007_04_18-02_21.txt,,,44,1
2007-04-19,26,1,1,unknown,undated,jbosnu/2007_04/2007_04_19-02_23.txt,,,26,1
2007-04-20,30,0,0,unknown,undated,jbosnu/2007_04/2007_04_20-02_22.txt,,,30,1
2007-04-21,47,24,3,unknown,undated,jbosnu/2007_04/2007_04_21-02_22.txt,,,47,1
2007-04-22,25,0,0,unknown,undated,jbosnu/2007_04/2007_04_22-02_21.txt,,,25,1
2007-04-23,17,0,0,unknown,undated,jbosnu/2007_04/2007_04_23-02_21.txt,,,17,1
2007-04-24,16,0,0,unknown,undated,jbosnu/2007_04/2007_04_24-02_21.txt,,,16,1
2007-04-25,30,0,0,unknown,undated,jbosnu/2007_04/2007_04_25-02_21.txt,,,30,1
2007-04-26,35,0,0,unknown,undated,jbosnu/2007_04/2007_04_26-02_21.txt,,,35,1
2007-04-27,24,2,2,unknown,undated,jbosnu/2007_04/2007_04_27-02_21.txt,,,24,1
2007-04-28,18,0,0,unknown,undated,jbosnu/2007_04/2007_04_28-02_21.txt,,,18,1
2007-04-29,19,0,0,unknown,undated,jbosnu/2007_04/2007_04_29-02_22.txt,,,19,1
2007-04-30,12,0,0,unknown,undated,jbosnu/2007_04/2007_04_30-02_21.txt,,,12,1
2007-05-01,11,0,0,unknown,undated,jbosnu/2007_05/2007_05_01-02_21.txt,,,11,1
2007-05-02,17,0,0,unknown,undated,jbosnu/2007_05/2007_05_02-02_21.txt,,,17,1
2007-05-03,17,0,0,unknown,undated,jbosnu/2007_05/2007_05_03-02_22.txt,,,17,1
2007-05-04,17,0,0,unknown,undated,jbosnu/2007_05/2007_05_04-02_21.txt,,,17,1
2007-05-05,25,0,0,unknown,undated,jbosnu/2007_05/2007_05_05-02_21.txt,,,25,1
2007-05-06,17,0,0,unknown,undated,jbosnu/2007_05/2007_05_06-02_21.txt,,,17,1
2007-05-07,12,0,0,unknown,undated,jbosnu/2007_05/2007_05_07-02_23.txt,,,12,1
2007-05-08,13,0,0,unknown,undated,jbosnu/2007_05/2007_05_08-02_21.txt,,,13,1
2007-05-09,24,0,0,unknown,undated,jbosnu/2007_05/2007_05_09-02_21.txt,,,24,1
2007-05-10,30,0,0,unknown,undated,jbosnu/2007_05/2007_05_10-02_21.txt,,,30,1
2007-05-11,29,0,0,unknown,undated,jbosnu/2007_05/2007_05_11-02_22.txt,,,29,1
2007-05-12,23,0,0,unknown,undated,jbosnu/2007_05/2007_05_12-02_21.txt,,,23,1
2007-05-13,32,0,0,unknown,undated,jbosnu/2007_05/2007_05_13-02_21.txt,,,32,1
2007-05-14,15,0,0,unknown,undated,jbosnu/2007_05/2007_05_14-02_21.txt,,,15,1
2007-05-15,13,0,0,unknown,undated,jbosnu/2007_05/2007_05_15-02_23.txt,,,13,1
2007-05-16,13,0,0,unknown,undated,jbosnu/2007_05/2007_05_16-02_23.txt,,,13,1
2007-05-17,14,0,0,unknown,undated,jbosnu/2007_05/2007_05_17-02_24.txt,,,14,1
2007-05-18,20,0,0,unknown,undated,jbosnu/2007_05/2007_05_18-02_23.txt,,,20,1
2007-05-19,21,0,0,unknown,undated,jbosnu/2007_05/2007_05_19-02_22.txt,,,21,1
2007-05-20,31,1,1,unknown,undated,jbosnu/2007_05/2007_05_20-02_22.txt,,,31,1
2007-05-21,41,4,2,unknown,undated,jbosnu/2007_05/2007_05_21-02_22.txt,,,41,1
2007-05-22,33,6,2,unknown,undated,jbosnu/2007_05/2007_05_22-02_22.txt,,,33,1
2007-05-23,15,0,0,unknown,undated,jbosnu/2007_05/2007_05_23-02_22.txt,,,15,1
2007-05-24,20,2,2,unknown,undated,jbosnu/2007_05/2007_05_24-02_23.txt,,,20,1
2007-05-25,26,0,0,unknown,undated,jbosnu/2007_05/2007_05_25-02_24.txt,,,26,1
2007-05-26,19,0,0,unknown,undated,jbosnu/2007_05/2007_05_26-02_22.txt,,,19,1
2007-05-27,17,0,0,unknown,undated,jbosnu/2007_05/2007_05_27-02_21.txt,,,17,1
2007-05-28,22,0,0,unknown,undated,jbosnu/2007_05/2007_05_28-02_22.txt,,,22,1
2007-05-29,18,0,0,unknown,undated,jbosnu/2007_05/2007_05_29-02_23.txt,,,18,1
2007-05-30,26,0,0,unknown,undated,jbosnu/2007_05/2007_05_30-02_22.txt,,,26,1
2007-05-31,16,0,0,unknown,undated,jbosnu/2007_05/2007_05_31-02_21.txt,,,16,1
2007-06-01,22,0,0,unknown,undated,jbosnu/2007_06/2007_06_01-02_21.txt,,,22,1
2007-06-02,19,0,0,unknown,undated,jbosnu/2007_06/2007_06_02-02_22.txt,,,19,1
2007-06-03,12,0,0,unknown,undated,jbosnu/2007_06/2007_06_03-02_24.txt,,,12,1
2007-06-04,9,0,0,unknown,undated,jbosnu/2007_06/2007_06_04-02_24.txt,,,9,1
2007-06-05,14,0,0,unknown,undated,jbosnu/2007_06/2007_06_05-02_21.txt,,,14,1
2007-06-06,17,0,0,unknown,undated,jbosnu/2007_06/2007_06_06-02_21.txt,,,17,1
2007-06-07,11,1,1,unknown,undated,jbosnu/2007_06/2007_06_07-02_21.txt,,,11,1
2007-06-08,19,0,0,unknown,undated,jbosnu/2007_06/2007_06_08-02_21.txt,,,19,1
2007-06-09,14,0,0,unknown,undated,jbosnu/2007_06/2007_06_09-02_21.txt,,,14,1
2007-06-10,18,0,0,unknown,undated,jbosnu/2007_06/2007_06_10-02_21.txt,,,18,1
2007-06-11,11,0,0,unknown,undated,jbosnu/2007_06/2007_06_11-02_21.txt,,,11,1
2007-06-12,23,0,0,unknown,undated,jbosnu/2007_06/2007_06_12-02_21.txt,,,23,1
2007-06-13,28,0,0,unknown,undated,jbosnu/2007_06/2007_06_13-02_21.txt,,,28,1
2007-06-14,16,0,0,unknown,undated,jbosnu/2007_06/2007_06_14-02_21.txt,,,16,1
2007-06-15,27,0,0,unknown,undated,jbosnu/2007_06/2007_06_15-02_21.txt,,,27,1
2007-06-16,21,0,0,unknown,undated,jbosnu/2007_06/2007_06_16-02_21.txt,,,21,1
2007-06-17,9,0,0,unknown,undated,jbosnu/2007_06/2007_06_17-02_21.txt,,,9,1
2007-06-18,20,0,0,unknown,undated,jbosnu/2007_06/2007_06_18-02_21.txt,,,20,1
2007-06-19,56,0,0,unknown,undated,jbosnu/2007_06/2007_06_19-02_21.txt,,,56,1
2007-06-20,32,2,1,unknown,undated,jbosnu/2007_06/2007_06_20-02_21.txt,,,32,1
2007-06-21,20,0,0,unknown,undated,jbosnu/2007_06/2007_06_21-02_21.txt,,,20,1
2007-06-22,25,0,0,unknown,undated,jbosnu/2007_06/2007_06_22-02_21.txt,,,25,1
2007-06-23,21,0,0,unknown,undated,jbosnu/2007_06/2007_06_23-02_21.txt,,,21,1
2007-06-24,23,0,0,unknown,undated,jbosnu/2007_06/2007_06_24-02_21.txt,,,23,1
2007-06-26,9,0,0,unknown,undated,jbosnu/2007_06/2007_06_26-02_21.txt,,,9,1
2007-06-27,31,0,0,unknown,undated,jbosnu/2007_06/2007_06_27-02_23.txt,,,31,1
2007-06-28,12,0,0,unknown,undated,jbosnu/2007_06/2007_06_28-02_21.txt,,,12,1
2007-06-29,47,0,0,unknown,undated,jbosnu/2007_06/2007_06_29-02_21.txt,,,47,1
2007-06-30,21,0,0,unknown,undated,jbosnu/2007_06/2007_06_30-02_21.txt,,,21,1
2007-07-01,26,0,0,unknown,undated,jbosnu/2007_07/2007_07_01-02_21.txt,,,26,1
2007-07-02,23,0,0,unknown,undated,jbosnu/2007_07/2007_07_02-02_21.txt,,,23,1
2007-07-03,8,0,0,unknown,undated,jbosnu/2007_07/2007_07_03-02_21.txt,,,8,1
2007-07-04,33,0,0,unknown,undated,jbosnu/2007_07/2007_07_04-02_21.txt,,,33,1
2007-07-05,24,0,0,unknown,undated,jbosnu/2007_07/2007_07_05-02_21.txt,,,24,1
2007-07-06,22,0,0,unknown,undated,jbosnu/2007_07/2007_07_06-02_21.txt,,,22,1
2007-07-07,18,0,0,unknown,undated,jbosnu/2007_07/2007_07_07-02_21.txt,,,18,1
2007-07-08,10,0,0,unknown,undated,jbosnu/2007_07/2007_07_08-02_21.txt,,,10,1
2007-07-09,18,0,0,unknown,undated,jbosnu/2007_07/2007_07_09-02_21.txt,,,18,1
2007-07-10,21,0,0,unknown,undated,jbosnu/2007_07/2007_07_10-02_21.txt,,,21,1
2007-07-11,11,0,0,unknown,undated,jbosnu/2007_07/2007_07_11-02_21.txt,,,11,1
2007-07-12,11,0,0,unknown,undated,jbosnu/2007_07/2007_07_12-02_21.txt,,,11,1
2007-07-13,15,0,0,unknown,undated,jbosnu/2007_07/2007_07_13-02_21.txt,,,15,1
2007-07-14,11,0,0,unknown,undated,jbosnu/2007_07/2007_07_14-02_21.txt,,,11,1
2007-07-15,9,0,0,unknown,undated,jbosnu/2007_07/2007_07_15-02_21.txt,,,9,1
2007-07-16,15,0,0,unknown,undated,jbosnu/2007_07/2007_07_16-02_21.txt,,,15,1
2007-07-17,10,0,0,unknown,undated,jbosnu/2007_07/2007_07_17-02_21.txt,,,10,1
2007-07-18,12,0,0,unknown,undated,jbosnu/2007_07/2007_07_18-02_21.txt,,,12,1
2007-07-19,18,0,0,unknown,undated,jbosnu/2007_07/2007_07_19-02_21.txt,,,18,1
2007-07-20,18,0,0,unknown,undated,jbosnu/2007_07/2007_07_20-02_21.txt,,,18,1
2007-07-21,9,0,0,unknown,undated,jbosnu/2007_07/2007_07_21-02_21.txt,,,9,1
2007-07-22,12,0,0,unknown,undated,jbosnu/2007_07/2007_07_22-02_21.txt,,,12,1
2007-07-23,13,0,0,unknown,undated,jbosnu/2007_07/2007_07_23-02_21.txt,,,13,1
2007-07-24,23,0,0,unknown,undated,jbosnu/2007_07/2007_07_24-02_21.txt,,,23,1
2007-07-25,23,3,2,unknown,undated,jbosnu/2007_07/2007_07_25-02_21.txt,,,23,1
2007-07-26,10,0,0,unknown,undated,jbosnu/2007_07/2007_07_26-02_21.txt,,,10,1
2007-07-27,16,0,0,unknown,undated,jbosnu/2007_07/2007_07_27-02_21.txt,,,16,1
2007-07-28,19,0,0,unknown,undated,jbosnu/2007_07/2007_07_28-02_21.txt,,,19,1
2007-07-29,7,0,0,unknown,undated,jbosnu/2007_07/2007_07_29-02_21.txt,,,7,1
2007-07-30,11,0,0,unknown,undated,jbosnu/2007_07/2007_07_30-02_21.txt,,,11,1
2007-07-31,11,0,0,unknown,undated,jbosnu/2007_07/2007_07_31-02_21.txt,,,11,1
2007-08-01,12,0,0,unknown,undated,jbosnu/2007_08/2007_08_01-02_21.txt,,,12,1
2007-08-02,9,0,0,unknown,undated,jbosnu/2007_08/2007_08_02-02_22.txt,,,9,1
2007-08-03,10,0,0,unknown,undated,jbosnu/2007_08/2007_08_03-02_21.txt,,,10,1
2007-08-04,11,0,0,unknown,undated,jbosnu/2007_08/2007_08_04-02_21.txt,,,11,1
2007-08-05,10,0,0,unknown,undated,jbosnu/2007_08/2007_08_05-02_21.txt,,,10,1
2007-08-06,20,0,0,unknown,undated,jbosnu/2007_08/2007_08_06-02_21.txt,,,20,1
2007-08-07,7,0,0,unknown,undated,jbosnu/2007_08/2007_08_07-02_21.txt,,,7,1
2007-08-08,11,0,0,unknown,undated,jbosnu/2007_08/2007_08_08-02_21.txt,,,11,1
2007-08-09,15,0,0,unknown,undated,jbosnu/2007_08/2007_08_09-02_21.txt,,,15,1
2007-08-10,16,0,0,unknown,undated,jbosnu/2007_08/2007_08_10-02_21.txt,,,16,1
2007-08-11,57,37,4,unknown,undated,jbosnu/2007_08/2007_08_11-02_21.txt,,,57,1
2007-08-12,16,0,0,unknown,undated,jbosnu/2007_08/2007_08_12-02_21.txt,,,16,1
2007-08-13,15,0,0,unknown,undated,jbosnu/2007_08/2007_08_13-02_22.txt,,,15,1
2007-08-14,11,0,0,unknown,undated,jbosnu/2007_08/2007_08_14-02_22.txt,,,11,1
2007-08-15,17,0,0,unknown,undated,jbosnu/2007_08/2007_08_15-02_24.txt,,,17,1
2007-08-16,31,0,0,unknown,undated,jbosnu/2007_08/2007_08_16-02_24.txt,,,31,1
2007-08-17,14,0,0,unknown,undated,jbosnu/2007_08/2007_08_17-02_27.txt,,,14,1
2007-08-18,24,0,0,unknown,undated,jbosnu/2007_08/2007_08_18-02_24.txt,,,24,1
2007-08-19,2,0,0,unknown,undated,jbosnu/2007_08/2007_08_19-02_21.txt,,,2,1
2007-08-20,28,0,0,unknown,undated,jbosnu/2007_08/2007_08_20-02_21.txt,,,28,1
2007-08-21,24,0,0,unknown,undated,jbosnu/2007_08/2007_08_21-02_21.txt,,,24,1
2007-08-22,20,0,0,unknown,undated,jbosnu/2007_08/2007_08_22-02_21.txt,,,20,1
2007-08-23,7,0,0,unknown,undated,jbosnu/2007_08/2007_08_23-02_21.txt,,,7,1
2007-08-25,12,0,0,unknown,undated,jbosnu/2007_08/2007_08_25-02_21.txt,,,12,1
2007-08-26,9,0,0,unknown,undated,jbosnu/2007_08/2007_08_26-02_21.txt,,,9,1
2007-08-27,17,0,0,unknown,undated,jbosnu/2007_08/2007_08_27-02_21.txt,,,17,1
2007-08-28,21,0,0,unknown,undated,jbosnu/2007_08/2007_08_28-02_22.txt,,,21,1
2007-08-29,16,0,0,unknown,undated,jbosnu/2007_08/2007_08_29-02_22.txt,,,16,1
2007-08-30,14,0,0,unknown,undated,jbosnu/2007_08/2007_08_30-02_21.txt,,,14,1
2007-08-31,20,0,0,unknown,undated,jbosnu/2007_08/2007_08_31-02_21.txt,,,20,1
2007-09-01,14,0,0,unknown,undated,jbosnu/2007_09/2007_09_01-02_21.txt,,,14,1
2007-09-03,16,4,1,unknown,undated,jbosnu/2007_09/2007_09_03-02_22.txt,,,16,1
2007-09-04,17,0,0,unknown,undated,jbosnu/2007_09/2007_09_04-02_21.txt,,,17,1
2007-09-05,22,0,0,unknown,undated,jbosnu/2007_09/2007_09_05-02_22.txt,,,22,1
2007-09-06,10,0,0,unknown,undated,jbosnu/2007_09/2007_09_06-02_21.txt,,,10,1
2007-09-07,36,0,0,unknown,undated,jbosnu/2007_09/2007_09_07-02_21.txt,,,36,1
2007-09-08,12,0,0,unknown,undated,jbosnu/2007_09/2007_09_08-02_21.txt,,,12,1
2007-09-09,8,0,0,unknown,undated,jbosnu/2007_09/2007_09_09-02_21.txt,,,8,1
2007-09-10,12,0,0,unknown,undated,jbosnu/2007_09/2007_09_10-02_21.txt,,,12,1
2007-09-11,11,0,0,unknown,undated,jbosnu/2007_09/2007_09_11-02_22.txt,,,11,1
2007-09-12,9,0,0,unknown,undated,jbosnu/2007_09/2007_09_12-02_22.txt,,,9,1
2007-09-13,9,0,0,unknown,undated,jbosnu/2007_09/2007_09_13-02_22.txt,,,9,1
2007-09-14,11,0,0,unknown,undated,jbosnu/2007_09/2007_09_14-02_22.txt,,,11,1
2007-09-15,6,0,0,unknown,undated,jbosnu/2007_09/2007_09_15-02_22.txt,,,6,1
2007-09-16,8,0,0,unknown,undated,jbosnu/2007_09/2007_09_16-02_21.txt,,,8,1
2007-09-17,10,0,0,unknown,undated,jbosnu/2007_09/2007_09_17-02_22.txt,,,10,1
2007-09-18,16,0,0,unknown,undated,jbosnu/2007_09/2007_09_18-02_21.txt,,,16,1
2007-09-19,25,0,0,unknown,undated,jbosnu/2007_09/2007_09_19-02_22.txt,,,25,1
2007-09-20,24,0,0,unknown,undated,jbosnu/2007_09/2007_09_20-02_21.txt,,,24,1
2007-09-21,16,0,0,unknown,undated,jbosnu/2007_09/2007_09_21-02_22.txt,,,16,1
2007-09-22,12,0,0,unknown,undated,jbosnu/2007_09/2007_09_22-02_22.txt,,,12,1
2007-09-23,10,0,0,unknown,undated,jbosnu/2007_09/2007_09_23-02_22.txt,,,10,1
2007-09-24,15,0,0,unknown,undated,jbosnu/2007_09/2007_09_24-02_21.txt,,,15,1
2007-09-25,15,0,0,unknown,undated,jbosnu/2007_09/2007_09_25-02_22.txt,,,15,1
2007-09-26,18,0,0,unknown,undated,jbosnu/2007_09/2007_09_26-02_22.txt,,,18,1
2007-09-27,8,0,0,unknown,undated,jbosnu/2007_09/2007_09_27-02_22.txt,,,8,1
2007-09-28,11,0,0,unknown,undated,jbosnu/2007_09/2007_09_28-02_22.txt,,,11,1
2007-09-29,12,0,0,unknown,undated,jbosnu/2007_09/2007_09_29-02_22.txt,,,12,1
2007-09-30,20,0,0,unknown,undated,jbosnu/2007_09/2007_09_30-02_22.txt,,,20,1
2007-10-01,21,0,0,unknown,undated,jbosnu/2007_10/2007_10_01-02_22.txt,,,21,1
2007-10-02,14,0,0,unknown,undated,jbosnu/2007_10/2007_10_02-02_22.txt,,,14,1
2007-10-03,22,0,0,unknown,undated,jbosnu/2007_10/2007_10_03-02_21.txt,,,22,1
2007-10-04,31,0,0,unknown,undated,jbosnu/2007_10/2007_10_04-02_22.txt,,,31,1
2007-10-05,19,0,0,unknown,undated,jbosnu/2007_10/2007_10_05-02_22.txt,,,19,1
2007-10-06,14,0,0,unknown,undated,jbosnu/2007_10/2007_10_06-02_22.txt,,,14,1
2007-10-07,8,0,0,unknown,undated,jbosnu/2007_10/2007_10_07-02_22.txt,,,8,1
2007-10-08,14,0,0,unknown,undated,jbosnu/2007_10/2007_10_08-02_21.txt,,,14,1
2007-10-09,19,0,0,unknown,undated,jbosnu/2007_10/2007_10_09-02_22.txt,,,19,1
2007-10-10,15,0,0,unknown,undated,jbosnu/2007_10/2007_10_10-02_21.txt,,,15,1
2007-10-11,7,0,0,unknown,undated,jbosnu/2007_10/2007_10_11-02_22.txt,,,7,1
2007-10-12,9,0,0,unknown,undated,jbosnu/2007_10/2007_10_12-02_21.txt,,,9,1
2007-10-13,21,0,0,unknown,undated,jbosnu/2007_10/2007_10_13-02_21.txt,,,21,1
2007-10-14,14,0,0,unknown,undated,jbosnu/2007_10/2007_10_14-02_22.txt,,,14,1
2007-10-15,27,0,0,unknown,undated,jbosnu/2007_10/2007_10_15-02_22.txt,,,27,1
2007-10-16,25,0,0,unknown,undated,jbosnu/2007_10/2007_10_16-02_22.txt,,,25,1
2007-10-17,37,0,0,unknown,undated,jbosnu/2007_10/2007_10_17-02_22.txt,,,37,1
2007-10-18,42,0,0,unknown,undated,jbosnu/2007_10/2007_10_18-02_22.txt,,,42,1
2007-10-19,22,0,0,unknown,undated,jbosnu/2007_10/2007_10_19-02_22.txt,,,22,1
2007-10-20,27,0,0,unknown,undated,jbosnu/2007_10/2007_10_20-02_22.txt,,,27,1
2007-10-21,15,0,0,unknown,undated,jbosnu/2007_10/2007_10_21-02_22.txt,,,15,1
2007-10-22,24,0,0,unknown,undated,jbosnu/2007_10/2007_10_22-02_22.txt,,,24,1
2007-10-23,17,0,0,unknown,undated,jbosnu/2007_10/2007_10_23-02_21.txt,,,17,1
2007-10-24,19,0,0,unknown,undated,jbosnu/2007_10/2007_10_24-02_22.txt,,,19,1
2007-10-25,27,0,0,unknown,undated,jbosnu/2007_10/2007_10_25-02_21.txt,,,27,1
2007-10-26,17,0,0,unknown,undated,jbosnu/2007_10/2007_10_26-02_22.txt,,,17,1
2007-10-27,23,0,0,unknown,undated,jbosnu/2007_10/2007_10_27-02_21.txt,,,23,1
2007-10-28,37,0,0,unknown,undated,jbosnu/2007_10/2007_10_28-02_22.txt,,,37,1
2007-10-29,23,0,0,unknown,undated,jbosnu/2007_10/2007_10_29-02_21.txt,,,23,1
2007-10-30,18,0,0,unknown,undated,jbosnu/2007_10/2007_10_30-02_22.txt,,,18,1
2007-10-31,18,0,0,unknown,undated,jbosnu/2007_10/2007_10_31-02_22.txt,,,18,1
2007-11-01,8,0,0,unknown,undated,jbosnu/2007_11/2007_11_01-02_22.txt,,,8,1
2007-11-02,11,0,0,unknown,undated,jbosnu/2007_11/2007_11_02-02_21.txt,,,11,1
2007-11-03,10,0,0,unknown,undated,jbosnu/2007_11/2007_11_03-02_21.txt,,,10,1
2007-11-05,13,0,0,unknown,undated,jbosnu/2007_11/2007_11_05-02_21.txt,,,13,1
2007-11-06,28,0,0,unknown,undated,jbosnu/2007_11/2007_11_06-02_22.txt,,,28,1
2007-11-07,39,0,0,unknown,undated,jbosnu/2007_11/2007_11_07-02_22.txt,,,39,1
2007-11-08,24,0,0,unknown,undated,jbosnu/2007_11/2007_11_08-02_22.txt,,,24,1
2007-11-09,49,0,0,unknown,undated,jbosnu/2007_11/2007_11_09-02_22.txt,,,49,1
2007-11-10,11,0,0,unknown,undated,jbosnu/2007_11/2007_11_10-02_22.txt,,,11,1
2007-11-11,19,0,0,unknown,undated,jbosnu/2007_11/2007_11_11-02_22.txt,,,19,1
2007-11-12,20,0,0,unknown,undated,jbosnu/2007_11/2007_11_12-02_21.txt,,,20,1
2007-11-13,31,0,0,unknown,undated,jbosnu/2007_11/2007_11_13-02_22.txt,,,31,1
2007-11-14,26,0,0,unknown,undated,jbosnu/2007_11/2007_11_14-02_22.txt,,,26,1
2007-11-15,15,0,0,unknown,undated,jbosnu/2007_11/2007_11_15-02_22.txt,,,15,1
2007-11-16,17,0,0,unknown,undated,jbosnu/2007_11/2007_11_16-02_22.txt,,,17,1
2007-11-17,18,0,0,unknown,undated,jbosnu/2007_11/2007_11_17-02_21.txt,,,18,1
2007-11-18,23,0,0,unknown,undated,jbosnu/2007_11/2007_11_18-02_22.txt,,,23,1
2007-11-19,24,0,0,unknown,undated,jbosnu/2007_11/2007_11_19-02_22.txt,,,24,1
2007-11-20,29,0,0,unknown,undated,jbosnu/2007_11/2007_11_20-02_22.txt,,,29,1
2007-11-21,8,0,0,unknown,undated,jbosnu/2007_11/2007_11_21-02_21.txt,,,8,1
2007-11-22,24,0,0,unknown,undated,jbosnu/2007_11/2007_11_22-02_22.txt,,,24,1
2007-11-23,16,0,0,unknown,undated,jbosnu/2007_11/2007_11_23-02_22.txt,,,16,1
2007-11-24,23,0,0,unknown,undated,jbosnu/2007_11/2007_11_24-02_21.txt,,,23,1
2007-11-25,18,0,0,unknown,undated,jbosnu/2007_11/2007_11_25-02_22.txt,,,18,1
2007-11-26,23,0,0,unknown,undated,jbosnu/2007_11/2007_11_26-02_22.txt,,,23,1
2007-11-27,20,0,0,unknown,undated,jbosnu/2007_11/2007_11_27-02_22.txt,,,20,1
2007-11-28,30,0,0,unknown,undated,jbosnu/2007_11/2007_11_28-02_22.txt,,,30,1
2007-11-29,16,0,0,unknown,undated,jbosnu/2007_11/2007_11_29-02_22.txt,,,16,1
2007-11-30,27,0,0,unknown,undated,jbosnu/2007_11/2007_11_30-02_21.txt,,,27,1
2007-12-01,15,0,0,unknown,undated,jbosnu/2007_12/2007_12_01-02_21.txt,,,15,1
2007-12-04,19,0,0,unknown,undated,jbosnu/2007_12/2007_12_04-02_21.txt,,,19,1
2007-12-05,18,0,0,unknown,undated,jbosnu/2007_12/2007_12_05-02_21.txt,,,18,1
2007-12-06,15,0,0,unknown,undated,jbosnu/2007_12/2007_12_06-02_21.txt,,,15,1
2007-12-07,20,0,0,unknown,undated,jbosnu/2007_12/2007_12_07-02_21.txt,,,20,1
2007-12-09,11,0,0,unknown,undated,jbosnu/2007_12/2007_12_09-02_21.txt,,,11,1
2007-12-10,29,0,0,unknown,undated,jbosnu/2007_12/2007_12_10-02_21.txt,,,29,1
2007-12-11,20,0,0,unknown,undated,jbosnu/2007_12/2007_12_11-02_21.txt,,,20,1
2007-12-12,33,0,0,unknown,undated,jbosnu/2007_12/2007_12_12-02_21.txt,,,33,1
2007-12-13,32,0,0,unknown,undated,jbosnu/2007_12/2007_12_13-02_21.txt,,,32,1
2007-12-14,13,0,0,unknown,undated,jbosnu/2007_12/2007_12_14-02_21.txt,,,13,1
2007-12-15,18,0,0,unknown,undated,jbosnu/2007_12/2007_12_15-02_21.txt,,,18,1
2007-12-16,9,0,0,unknown,undated,jbosnu/2007_12/2007_12_16-02_21.txt,,,9,1
2007-12-17,24,0,0,unknown,undated,jbosnu/2007_12/2007_12_17-02_21.txt,,,24,1
2007-12-18,17,0,0,unknown,undated,jbosnu/2007_12/2007_12_18-02_21.txt,,,17,1
2007-12-19,12,0,0,unknown,undated,jbosnu/2007_12/2007_12_19-02_21.txt,,,12,1
2007-12-20,12,0,0,unknown,undated,jbosnu/2007_12/2007_12_20-02_21.txt,,,12,1
2007-12-21,15,0,0,unknown,undated,jbosnu/2007_12/2007_12_21-02_21.txt,,,15,1
2007-12-22,12,0,0,unknown,undated,jbosnu/2007_12/2007_12_22-02_21.txt,,,12,1
2007-12-23,11,0,0,unknown,undated,jbosnu/2007_12/2007_12_23-02_21.txt,,,11,1
2007-12-24,9,0,0,unknown,undated,jbosnu/2007_12/2007_12_24-02_21.txt,,,9,1
2007-12-25,7,0,0,unknown,undated,jbosnu/2007_12/2007_12_25-02_21.txt,,,7,1
2007-12-26,13,0,0,unknown,undated,jbosnu/2007_12/2007_12_26-02_21.txt,,,13,1
2007-12-27,7,0,0,unknown,undated,jbosnu/2007_12/2007_12_27-02_21.txt,,,7,1
2007-12-28,12,0,0,unknown,undated,jbosnu/2007_12/2007_12_28-02_22.txt,,,12,1
2007-12-30,17,0,0,unknown,undated,jbosnu/2007_12/2007_12_30-02_21.txt,,,17,1
2007-12-31,7,0,0,unknown,undated,jbosnu/2007_12/2007_12_31-02_21.txt,,,7,1
2008-01-01,10,0,0,unknown,undated,jbosnu/2008_01/2008_01_01-02_21.txt,,,10,1
2008-01-02,10,0,0,unknown,undated,jbosnu/2008_01/2008_01_02-02_21.txt,,,10,1
2008-01-03,9,0,0,unknown,undated,jbosnu/2008_01/2008_01_03-02_21.txt,,,9,1
2008-01-04,16,0,0,unknown,undated,jbosnu/2008_01/2008_01_04-02_21.txt,,,16,1
2008-01-05,7,0,0,unknown,undated,jbosnu/2008_01/2008_01_05-02_21.txt,,,7,1
2008-01-07,13,0,0,unknown,undated,jbosnu/2008_01/2008_01_07-02_21.txt,,,13,1
2008-01-08,13,0,0,unknown,undated,jbosnu/2008_01/2008_01_08-02_21.txt,,,13,1
2008-01-09,17,0,0,unknown,undated,jbosnu/2008_01/2008_01_09-02_22.txt,,,17,1
2008-01-10,17,0,0,unknown,undated,jbosnu/2008_01/2008_01_10-02_21.txt,,,17,1
2008-01-11,15,0,0,unknown,undated,jbosnu/2008_01/2008_01_11-02_21.txt,,,15,1
2008-01-12,10,0,0,unknown,undated,jbosnu/2008_01/2008_01_12-02_21.txt,,,10,1
2008-01-13,29,0,0,unknown,undated,jbosnu/2008_01/2008_01_13-02_21.txt,,,29,1
2008-01-14,24,0,0,unknown,undated,jbosnu/2008_01/2008_01_14-02_21.txt,,,24,1
2008-01-15,29,0,0,unknown,undated,jbosnu/2008_01/2008_01_15-02_21.txt,,,29,1
2008-01-16,27,0,0,unknown,undated,jbosnu/2008_01/2008_01_16-02_21.txt,,,27,1
2008-01-17,21,0,0,unknown,undated,jbosnu/2008_01/2008_01_17-02_21.txt,,,21,1
2008-01-18,69,0,0,unknown,undated,jbosnu/2008_01/2008_01_18-02_21.txt,,,69,1
2008-01-19,9,0,0,unknown,undated,jbosnu/2008_01/2008_01_19-02_21.txt,,,9,1
2008-01-20,25,0,0,unknown,undated,jbosnu/2008_01/2008_01_20-02_21.txt,,,25,1
2008-01-21,19,0,0,unknown,undated,jbosnu/2008_01/2008_01_21-02_21.txt,,,19,1
2008-01-22,15,0,0,unknown,undated,jbosnu/2008_01/2008_01_22-02_21.txt,,,15,1
2008-01-23,12,0,0,unknown,undated,jbosnu/2008_01/2008_01_23-02_21.txt,,,12,1
2008-01-24,15,0,0,unknown,undated,jbosnu/2008_01/2008_01_24-02_21.txt,,,15,1
2008-01-25,23,0,0,unknown,undated,jbosnu/2008_01/2008_01_25-02_21.txt,,,23,1
2008-01-26,9,0,0,unknown,undated,jbosnu/2008_01/2008_01_26-02_21.txt,,,9,1
2008-01-27,12,0,0,unknown,undated,jbosnu/2008_01/2008_01_27-02_21.txt,,,12,1
2008-01-28,7,0,0,unknown,undated,jbosnu/2008_01/2008_01_28-02_21.txt,,,7,1
2008-01-29,22,0,0,unknown,undated,jbosnu/2008_01/2008_01_29-02_21.txt,,,22,1
2008-01-30,18,0,0,unknown,undated,jbosnu/2008_01/2008_01_30-02_21.txt,,,18,1
2008-01-31,20,0,0,unknown,undated,jbosnu/2008_01/2008_01_31-02_21.txt,,,20,1
2008-02-01,15,0,0,unknown,undated,jbosnu/2008_02/2008_02_01-02_21.txt,,,15,1
2008-02-02,18,0,0,unknown,undated,jbosnu/2008_02/2008_02_02-02_21.txt,,,18,1
2008-02-05,23,0,0,unknown,undated,jbosnu/2008_02/2008_02_05-02_22.txt,,,23,1
2008-02-06,17,0,0,unknown,undated,jbosnu/2008_02/2008_02_06-02_21.txt,,,17,1
2008-02-07,41,0,0,unknown,undated,jbosnu/2008_02/2008_02_07-02_21.txt,,,41,1
2008-02-08,35,0,0,unknown,undated,jbosnu/2008_02/2008_02_08-02_21.txt,,,35,1
2008-02-09,24,0,0,unknown,undated,jbosnu/2008_02/2008_02_09-02_21.txt,,,24,1
2008-02-10,17,0,0,unknown,undated,jbosnu/2008_02/2008_02_10-02_21.txt,,,17,1
2008-02-11,37,2,2,unknown,undated,jbosnu/2008_02/2008_02_11-02_21.txt,,,37,1
2008-02-12,31,0,0,unknown,undated,jbosnu/2008_02/2008_02_12-02_21.txt,,,31,1
2008-02-13,26,0,0,unknown,undated,jbosnu/2008_02/2008_02_13-02_21.txt,,,26,1
2008-02-14,25,0,0,unknown,undated,jbosnu/2008_02/2008_02_14-02_21.txt,,,25,1
2008-02-15,18,0,0,unknown,undated,jbosnu/2008_02/2008_02_15-02_22.txt,,,18,1
2008-02-16,17,0,0,unknown,undated,jbosnu/2008_02/2008_02_16-02_22.txt,,,17,1
2008-02-17,22,0,0,unknown,undated,jbosnu/2008_02/2008_02_17-02_21.txt,,,22,1
2008-02-18,34,0,0,unknown,undated,jbosnu/2008_02/2008_02_18-02_21.txt,,,34,1
2008-02-19,27,0,0,unknown,undated,jbosnu/2008_02/2008_02_19-02_21.txt,,,27,1
2008-02-20,27,0,0,unknown,undated,jbosnu/2008_02/2008_02_20-02_21.txt,,,27,1
2008-02-21,22,0,0,unknown,undated,jbosnu/2008_02/2008_02_21-02_21.txt,,,22,1
2008-02-22,30,0,0,unknown,undated,jbosnu/2008_02/2008_02_22-02_21.txt,,,30,1
2008-02-23,16,0,0,unknown,undated,jbosnu/2008_02/2008_02_23-02_21.txt,,,16,1
2008-02-24,10,0,0,unknown,undated,jbosnu/2008_02/2008_02_24-02_21.txt,,,10,1
2008-02-25,23,0,0,unknown,undated,jbosnu/2008_02/2008_02_25-02_21.txt,,,23,1
2008-02-26,19,0,0,unknown,undated,jbosnu/2008_02/2008_02_26-02_21.txt,,,19,1
2008-02-27,10,0,0,unknown,undated,jbosnu/2008_02/2008_02_27-02_21.txt,,,10,1
2008-02-28,24,0,0,unknown,undated,jbosnu/2008_02/2008_02_28-02_21.txt,,,24,1
2008-02-29,9,0,0,unknown,undated,jbosnu/2008_02/2008_02_29-02_21.txt,,,9,1
2008-03-01,15,0,0,unknown,undated,jbosnu/2008_03/2008_03_01-02_21.txt,,,15,1
2008-03-02,14,0,0,unknown,undated,jbosnu/2008_03/2008_03_02-02_21.txt,,,14,1
2008-03-03,15,0,0,unknown,undated,jbosnu/2008_03/2008_03_03-02_21.txt,,,15,1
2008-03-04,15,0,0,unknown,undated,jbosnu/2008_03/2008_03_04-02_21.txt,,,15,1
2008-03-05,35,0,0,unknown,undated,jbosnu/2008_03/2008_03_05-02_21.txt,,,35,1
2008-03-06,22,0,0,unknown,undated,jbosnu/2008_03/2008_03_06-02_21.txt,,,22,1
2008-03-07,17,0,0,unknown,undated,jbosnu/2008_03/2008_03_07-02_21.txt,,,17,1
2008-03-08,15,0,0,unknown,undated,jbosnu/2008_03/2008_03_08-02_21.txt,,,15,1
2008-03-10,31,0,0,unknown,undated,jbosnu/2008_03/2008_03_10-02_21.txt,,,31,1
2008-03-11,9,0,0,unknown,undated,jbosnu/2008_03/2008_03_11-02_21.txt,,,9,1
2008-03-12,15,0,0,unknown,undated,jbosnu/2008_03/2008_03_12-02_21.txt,,,15,1
2008-03-13,5,0,0,unknown,undated,jbosnu/2008_03/2008_03_13-02_21.txt,,,5,1
2008-03-14,11,0,0,unknown,undated,jbosnu/2008_03/2008_03_14-02_21.txt,,,11,1
2008-03-15,8,0,0,unknown,undated,jbosnu/2008_03/2008_03_15-02_21.txt,,,8,1
2008-03-16,22,2,1,unknown,undated,jbosnu/2008_03/2008_03_16-02_21.txt,,,22,1
2008-03-17,18,0,0,unknown,undated,jbosnu/2008_03/2008_03_17-02_21.txt,,,18,1
2008-03-18,26,0,0,unknown,undated,jbosnu/2008_03/2008_03_18-02_21.txt,,,26,1
2008-03-19,16,0,0,unknown,undated,jbosnu/2008_03/2008_03_19-02_21.txt,,,16,1
2008-03-20,24,0,0,unknown,undated,jbosnu/2008_03/2008_03_20-02_21.txt,,,24,1
2008-03-21,19,0,0,unknown,undated,jbosnu/2008_03/2008_03_21-02_21.txt,,,19,1
2008-03-22,23,0,0,unknown,undated,jbosnu/2008_03/2008_03_22-02_21.txt,,,23,1
2008-03-23,16,0,0,unknown,undated,jbosnu/2008_03/2008_03_23-02_21.txt,,,16,1
2008-03-24,26,0,0,unknown,undated,jbosnu/2008_03/2008_03_24-02_21.txt,,,26,1
2008-03-25,15,0,0,unknown,undated,jbosnu/2008_03/2008_03_25-02_21.txt,,,15,1
2008-03-26,18,0,0,unknown,undated,jbosnu/2008_03/2008_03_26-02_21.txt,,,18,1
2008-03-27,13,0,0,unknown,undated,jbosnu/2008_03/2008_03_27-02_21.txt,,,13,1
2008-03-28,16,0,0,unknown,undated,jbosnu/2008_03/2008_03_28-02_21.txt,,,16,1
2008-03-29,17,0,0,unknown,undated,jbosnu/2008_03/2008_03_29-02_21.txt,,,17,1
2008-03-30,18,0,0,unknown,undated,jbosnu/2008_03/2008_03_30-02_21.txt,,,18,1
2008-03-31,16,0,0,unknown,undated,jbosnu/2008_03/2008_03_31-02_21.txt,,,16,1
2008-04-01,23,0,0,unknown,undated,jbosnu/2008_04/2008_04_01-02_21.txt,,,23,1
2008-04-02,26,0,0,unknown,undated,jbosnu/2008_04/2008_04_02-02_21.txt,,,26,1
2008-04-03,28,0,0,unknown,undated,jbosnu/2008_04/2008_04_03-02_21.txt,,,28,1
2008-04-04,20,0,0,unknown,undated,jbosnu/2008_04/2008_04_04-02_21.txt,,,20,1
2008-04-05,12,0,0,unknown,undated,jbosnu/2008_04/2008_04_05-02_21.txt,,,12,1
2008-04-06,20,0,0,unknown,undated,jbosnu/2008_04/2008_04_06-02_21.txt,,,20,1
2008-04-07,19,0,0,unknown,undated,jbosnu/2008_04/2008_04_07-02_21.txt,,,19,1
2008-04-08,15,0,0,unknown,undated,jbosnu/2008_04/2008_04_08-02_21.txt,,,15,1
2008-04-09,18,0,0,unknown,undated,jbosnu/2008_04/2008_04_09-02_21.txt,,,18,1
2008-04-10,18,0,0,unknown,undated,jbosnu/2008_04/2008_04_10-02_21.txt,,,18,1
2008-04-11,19,0,0,unknown,undated,jbosnu/2008_04/2008_04_11-02_21.txt,,,19,1
2008-04-12,32,0,0,unknown,undated,jbosnu/2008_04/2008_04_12-02_21.txt,,,32,1
2008-04-13,20,0,0,unknown,undated,jbosnu/2008_04/2008_04_13-02_21.txt,,,20,1
2008-04-14,19,1,1,unknown,undated,jbosnu/2008_04/2008_04_14-02_21.txt,,,19,1
2008-04-15,18,0,0,unknown,undated,jbosnu/2008_04/2008_04_15-02_21.txt,,,18,1
2008-04-16,12,0,0,unknown,undated,jbosnu/2008_04/2008_04_16-02_21.txt,,,12,1
2008-04-17,29,0,0,unknown,undated,jbosnu/2008_04/2008_04_17-02_21.txt,,,29,1
2008-04-18,24,0,0,unknown,undated,jbosnu/2008_04/2008_04_18-02_21.txt,,,24,1
2008-04-19,14,0,0,unknown,undated,jbosnu/2008_04/2008_04_19-02_21.txt,,,14,1
2008-04-20,31,0,0,unknown,undated,jbosnu/2008_04/2008_04_20-02_21.txt,,,31,1
2008-04-21,25,0,0,unknown,undated,jbosnu/2008_04/2008_04_21-02_21.txt,,,25,1
2008-04-22,25,0,0,unknown,undated,jbosnu/2008_04/2008_04_22-02_21.txt,,,25,1
2008-04-23,13,0,0,unknown,undated,jbosnu/2008_04/2008_04_23-02_21.txt,,,13,1
2008-04-24,16,0,0,unknown,undated,jbosnu/2008_04/2008_04_24-02_21.txt,,,16,1
2008-04-25,32,2,1,unknown,undated,jbosnu/2008_04/2008_04_25-02_21.txt,,,32,1
2008-04-26,43,0,0,unknown,undated,jbosnu/2008_04/2008_04_26-02_21.txt,,,43,1
2008-04-27,46,0,0,unknown,undated,jbosnu/2008_04/2008_04_27-02_21.txt,,,46,1
2008-04-28,23,0,0,unknown,undated,jbosnu/2008_04/2008_04_28-02_22.txt,,,23,1
2008-04-29,24,0,0,unknown,undated,jbosnu/2008_04/2008_04_29-02_21.txt,,,24,1
2008-04-30,17,1,1,unknown,undated,jbosnu/2008_04/2008_04_30-02_21.txt,,,17,1
2008-05-01,15,0,0,unknown,undated,jbosnu/2008_05/2008_05_01-02_21.txt,,,15,1
2008-05-02,17,0,0,unknown,undated,jbosnu/2008_05/2008_05_02-02_21.txt,,,17,1
2008-05-03,17,0,0,unknown,undated,jbosnu/2008_05/2008_05_03-02_21.txt,,,17,1
2008-05-04,15,0,0,unknown,undated,jbosnu/2008_05/2008_05_04-02_21.txt,,,15,1
2008-05-05,9,0,0,unknown,undated,jbosnu/2008_05/2008_05_05-02_21.txt,,,9,1
2008-05-06,23,0,0,unknown,undated,jbosnu/2008_05/2008_05_06-02_22.txt,,,23,1
2008-05-07,17,0,0,unknown,undated,jbosnu/2008_05/2008_05_07-02_22.txt,,,17,1
2008-05-08,12,0,0,unknown,undated,jbosnu/2008_05/2008_05_08-02_21.txt,,,12,1
2008-05-09,17,0,0,unknown,undated,jbosnu/2008_05/2008_05_09-02_21.txt,,,17,1
2008-05-10,9,0,0,unknown,undated,jbosnu/2008_05/2008_05_10-02_21.txt,,,9,1
2008-05-11,11,0,0,unknown,undated,jbosnu/2008_05/2008_05_11-02_22.txt,,,11,1
2008-05-12,10,0,0,unknown,undated,jbosnu/2008_05/2008_05_12-02_21.txt,,,10,1
2008-05-13,23,0,0,unknown,undated,jbosnu/2008_05/2008_05_13-02_22.txt,,,23,1
2008-05-14,19,0,0,unknown,undated,jbosnu/2008_05/2008_05_14-02_21.txt,,,19,1
2008-05-15,11,0,0,unknown,undated,jbosnu/2008_05/2008_05_15-02_21.txt,,,11,1
2008-05-16,25,0,0,unknown,undated,jbosnu/2008_05/2008_05_16-02_21.txt,,,25,1
2008-05-17,13,0,0,unknown,undated,jbosnu/2008_05/2008_05_17-02_21.txt,,,13,1
2008-05-18,18,0,0,unknown,undated,jbosnu/2008_05/2008_05_18-02_21.txt,,,18,1
2008-05-19,44,33,2,unknown,undated,jbosnu/2008_05/2008_05_19-02_21.txt,,,44,1
2008-05-20,22,0,0,unknown,undated,jbosnu/2008_05/2008_05_20-02_21.txt,,,22,1
2008-05-21,22,0,0,unknown,undated,jbosnu/2008_05/2008_05_21-02_21.txt,,,22,1
2008-05-22,12,0,0,unknown,undated,jbosnu/2008_05/2008_05_22-02_21.txt,,,12,1
2008-05-23,14,0,0,unknown,undated,jbosnu/2008_05/2008_05_23-02_21.txt,,,14,1
2008-05-24,21,0,0,unknown,undated,jbosnu/2008_05/2008_05_24-02_21.txt,,,21,1
2008-05-25,25,0,0,unknown,undated,jbosnu/2008_05/2008_05_25-02_21.txt,,,25,1
2008-05-26,13,0,0,unknown,undated,jbosnu/2008_05/2008_05_26-02_21.txt,,,13,1
2008-05-27,14,0,0,unknown,undated,jbosnu/2008_05/2008_05_27-02_21.txt,,,14,1
2008-05-28,33,0,0,unknown,undated,jbosnu/2008_05/2008_05_28-02_21.txt,,,33,1
2008-05-29,20,0,0,unknown,undated,jbosnu/2008_05/2008_05_29-02_21.txt,,,20,1
2008-05-30,24,0,0,unknown,undated,jbosnu/2008_05/2008_05_30-02_21.txt,,,24,1
2008-05-31,18,2,2,unknown,undated,jbosnu/2008_05/2008_05_31-02_21.txt,,,18,1
2008-06-01,31,0,0,unknown,undated,jbosnu/2008_06/2008_06_01-02_21.txt,,,31,1
2008-06-02,22,0,0,unknown,undated,jbosnu/2008_06/2008_06_02-02_21.txt,,,22,1
2008-06-03,29,0,0,unknown,undated,jbosnu/2008_06/2008_06_03-02_21.txt,,,29,1
2008-06-04,15,0,0,unknown,undated,jbosnu/2008_06/2008_06_04-02_21.txt,,,15,1
2008-06-05,22,0,0,unknown,undated,jbosnu/2008_06/2008_06_05-02_21.txt,,,22,1
2008-06-06,20,0,0,unknown,undated,jbosnu/2008_06/2008_06_06-02_21.txt,,,20,1
2008-06-07,24,0,0,unknown,undated,jbosnu/2008_06/2008_06_07-02_21.txt,,,24,1
2008-06-08,16,0,0,unknown,undated,jbosnu/2008_06/2008_06_08-02_21.txt,,,16,1
2008-06-09,38,0,0,unknown,undated,jbosnu/2008_06/2008_06_09-02_21.txt,,,38,1
2008-06-10,18,0,0,unknown,undated,jbosnu/2008_06/2008_06_10-02_21.txt,,,18,1
2008-06-11,14,0,0,unknown,undated,jbosnu/2008_06/2008_06_11-02_21.txt,,,14,1
2008-06-12,22,0,0,unknown,undated,jbosnu/2008_06/2008_06_12-02_21.txt,,,22,1
2008-06-13,19,0,0,unknown,undated,jbosnu/2008_06/2008_06_13-02_21.txt,,,19,1
2008-06-14,18,0,0,unknown,undated,jbosnu/2008_06/2008_06_14-02_21.txt,,,18,1
2008-06-15,9,0,0,unknown,undated,jbosnu/2008_06/2008_06_15-02_21.txt,,,9,1
2008-06-16,21,0,0,unknown,undated,jbosnu/2008_06/2008_06_16-02_21.txt,,,21,1
2008-06-17,12,0,0,unknown,undated,jbosnu/2008_06/2008_06_17-02_21.txt,,,12,1
2008-06-18,22,0,0,unknown,undated,jbosnu/2008_06/2008_06_18-02_21.txt,,,22,1
2008-06-19,32,0,0,unknown,undated,jbosnu/2008_06/2008_06_19-02_21.txt,,,32,1
2008-06-20,24,0,0,unknown,undated,jbosnu/2008_06/2008_06_20-02_21.txt,,,24,1
2008-06-21,18,0,0,unknown,undated,jbosnu/2008_06/2008_06_21-02_21.txt,,,18,1
2008-06-22,14,0,0,unknown,undated,jbosnu/2008_06/2008_06_22-02_21.txt,,,14,1
2008-06-23,25,0,0,unknown,undated,jbosnu/2008_06/2008_06_23-02_21.txt,,,25,1
2008-06-24,24,0,0,unknown,undated,jbosnu/2008_06/2008_06_24-02_21.txt,,,24,1
2008-06-25,37,0,0,unknown,undated,jbosnu/2008_06/2008_06_25-02_21.txt,,,37,1
2008-06-26,37,0,0,unknown,undated,jbosnu/2008_06/2008_06_26-02_21.txt,,,37,1
2008-06-27,22,4,2,unknown,undated,jbosnu/2008_06/2008_06_27-02_21.txt,,,22,1
2008-06-28,11,0,0,unknown,undated,jbosnu/2008_06/2008_06_28-02_21.txt,,,11,1
2008-06-29,25,0,0,unknown,undated,jbosnu/2008_06/2008_06_29-02_21.txt,,,25,1
2008-06-30,18,0,0,unknown,undated,jbosnu/2008_06/2008_06_30-02_21.txt,,,18,1
2008-07-01,9,0,0,unknown,undated,jbosnu/2008_07/2008_07_01-02_21.txt,,,9,1
2008-07-02,15,0,0,unknown,undated,jbosnu/2008_07/2008_07_02-02_21.txt,,,15,1
2008-07-03,16,0,0,unknown,undated,jbosnu/2008_07/2008_07_03-02_21.txt,,,16,1
2008-07-04,16,0,0,unknown,undated,jbosnu/2008_07/2008_07_04-02_21.txt,,,16,1
2008-07-05,18,0,0,unknown,undated,jbosnu/2008_07/2008_07_05-02_21.txt,,,18,1
2008-07-06,19,0,0,unknown,undated,jbosnu/2008_07/2008_07_06-02_21.txt,,,19,1
2008-07-07,15,0,0,unknown,undated,jbosnu/2008_07/2008_07_07-02_21.txt,,,15,1
2008-07-08,21,0,0,unknown,undated,jbosnu/2008_07/2008_07_08-02_21.txt,,,21,1
2008-07-09,17,0,0,unknown,undated,jbosnu/2008_07/2008_07_09-02_21.txt,,,17,1
2008-07-10,19,0,0,unknown,undated,jbosnu/2008_07/2008_07_10-02_21.txt,,,19,1
2008-07-11,14,0,0,unknown,undated,jbosnu/2008_07/2008_07_11-02_21.txt,,,14,1
2008-07-12,22,0,0,unknown,undated,jbosnu/2008_07/2008_07_12-02_21.txt,,,22,1
2008-07-13,16,0,0,unknown,undated,jbosnu/2008_07/2008_07_13-02_21.txt,,,16,1
2008-07-14,15,0,0,unknown,undated,jbosnu/2008_07/2008_07_14-02_21.txt,,,15,1
2008-07-15,15,0,0,unknown,undated,jbosnu/2008_07/2008_07_15-02_21.txt,,,15,1
2008-07-16,15,0,0,unknown,undated,jbosnu/2008_07/2008_07_16-02_21.txt,,,15,1
2008-07-17,10,0,0,unknown,undated,jbosnu/2008_07/2008_07_17-02_21.txt,,,10,1
2008-07-18,10,0,0,unknown,undated,jbosnu/2008_07/2008_07_18-02_21.txt,,,10,1
2008-07-19,15,0,0,unknown,undated,jbosnu/2008_07/2008_07_19-02_21.txt,,,15,1
2008-07-20,17,0,0,unknown,undated,jbosnu/2008_07/2008_07_20-02_21.txt,,,17,1
2008-07-21,23,0,0,unknown,undated,jbosnu/2008_07/2008_07_21-02_21.txt,,,23,1
2008-07-22,16,0,0,unknown,undated,jbosnu/2008_07/2008_07_22-02_21.txt,,,16,1
2008-07-23,20,0,0,unknown,undated,jbosnu/2008_07/2008_07_23-02_21.txt,,,20,1
2008-07-24,17,0,0,unknown,undated,jbosnu/2008_07/2008_07_24-02_21.txt,,,17,1
2008-07-25,25,0,0,unknown,undated,jbosnu/2008_07/2008_07_25-02_21.txt,,,25,1
2008-07-26,15,0,0,unknown,undated,jbosnu/2008_07/2008_07_26-02_21.txt,,,15,1
2008-07-27,18,2,1,unknown,undated,jbosnu/2008_07/2008_07_27-02_21.txt,,,18,1
2008-07-28,22,0,0,unknown,undated,jbosnu/2008_07/2008_07_28-02_21.txt,,,22,1
2008-07-29,21,0,0,unknown,undated,jbosnu/2008_07/2008_07_29-02_21.txt,,,21,1
2008-07-30,13,0,0,unknown,undated,jbosnu/2008_07/2008_07_30-02_21.txt,,,13,1
2008-07-31,20,0,0,unknown,undated,jbosnu/2008_07/2008_07_31-02_21.txt,,,20,1
2008-08-01,17,0,0,unknown,undated,jbosnu/2008_08/2008_08_01-02_22.txt,,,17,1
2008-08-02,14,0,0,unknown,undated,jbosnu/2008_08/2008_08_02-02_21.txt,,,14,1
2008-08-03,18,0,0,unknown,undated,jbosnu/2008_08/2008_08_03-02_21.txt,,,18,1
2008-08-04,16,0,0,unknown,undated,jbosnu/2008_08/2008_08_04-02_21.txt,,,16,1
2008-08-05,17,0,0,unknown,undated,jbosnu/2008_08/2008_08_05-02_21.txt,,,17,1
2008-08-06,23,0,0,unknown,undated,jbosnu/2008_08/2008_08_06-02_21.txt,,,23,1
2008-08-07,14,0,0,unknown,undated,jbosnu/2008_08/2008_08_07-02_21.txt,,,14,1
2008-08-08,13,0,0,unknown,undated,jbosnu/2008_08/2008_08_08-02_21.txt,,,13,1
2008-08-09,17,0,0,unknown,undated,jbosnu/2008_08/2008_08_09-02_21.txt,,,17,1
2008-08-10,10,0,0,unknown,undated,jbosnu/2008_08/2008_08_10-02_21.txt,,,10,1
2008-08-11,10,0,0,unknown,undated,jbosnu/2008_08/2008_08_11-02_21.txt,,,10,1
2008-08-12,16,0,0,unknown,undated,jbosnu/2008_08/2008_08_12-02_21.txt,,,16,1
2008-08-13,13,0,0,unknown,undated,jbosnu/2008_08/2008_08_13-02_21.txt,,,13,1
2008-08-14,31,0,0,unknown,undated,jbosnu/2008_08/2008_08_14-02_21.txt,,,31,1
2008-08-15,14,0,0,unknown,undated,jbosnu/2008_08/2008_08_15-02_21.txt,,,14,1
2008-08-16,10,0,0,unknown,undated,jbosnu/2008_08/2008_08_16-02_21.txt,,,10,1
2008-08-17,12,0,0,unknown,undated,jbosnu/2008_08/2008_08_17-02_21.txt,,,12,1
2008-08-18,11,0,0,unknown,undated,jbosnu/2008_08/2008_08_18-02_21.txt,,,11,1
2008-08-19,16,0,0,unknown,undated,jbosnu/2008_08/2008_08_19-02_21.txt,,,16,1
2008-08-20,20,0,0,unknown,undated,jbosnu/2008_08/2008_08_20-02_21.txt,,,20,1
2008-08-21,16,0,0,unknown,undated,jbosnu/2008_08/2008_08_21-02_21.txt,,,16,1
2008-08-22,17,0,0,unknown,undated,jbosnu/2008_08/2008_08_22-02_21.txt,,,17,1
2008-08-23,24,0,0,unknown,undated,jbosnu/2008_08/2008_08_23-02_21.txt,,,24,1
2008-08-24,15,0,0,unknown,undated,jbosnu/2008_08/2008_08_24-02_21.txt,,,15,1
2008-08-25,11,0,0,unknown,undated,jbosnu/2008_08/2008_08_25-02_21.txt,,,11,1
2008-08-26,19,0,0,unknown,undated,jbosnu/2008_08/2008_08_26-02_22.txt,,,19,1
2008-08-27,18,0,0,unknown,undated,jbosnu/2008_08/2008_08_27-02_21.txt,,,18,1
2008-08-28,16,0,0,unknown,undated,jbosnu/2008_08/2008_08_28-02_21.txt,,,16,1
2008-08-29,17,0,0,unknown,undated,jbosnu/2008_08/2008_08_29-02_21.txt,,,17,1
2008-08-30,21,0,0,unknown,undated,jbosnu/2008_08/2008_08_30-02_21.txt,,,21,1
2008-08-31,18,2,1,unknown,undated,jbosnu/2008_08/2008_08_31-02_21.txt,,,18,1
2008-09-01,18,0,0,unknown,undated,jbosnu/2008_09/2008_09_01-02_21.txt,,,18,1
2008-09-02,7,0,0,unknown,undated,jbosnu/2008_09/2008_09_02-02_21.txt,,,7,1
2008-09-03,9,0,0,unknown,undated,jbosnu/2008_09/2008_09_03-02_32.txt,,,9,1
2008-09-05,26,0,0,unknown,undated,jbosnu/2008_09/2008_09_05-02_21.txt,,,26,1
2008-09-06,15,0,0,unknown,undated,jbosnu/2008_09/2008_09_06-02_21.txt,,,15,1
2008-09-07,12,0,0,unknown,undated,jbosnu/2008_09/2008_09_07-02_21.txt,,,12,1
2008-09-08,23,0,0,unknown,undated,jbosnu/2008_09/2008_09_08-02_21.txt,,,23,1
2008-09-09,23,0,0,unknown,undated,jbosnu/2008_09/2008_09_09-02_21.txt,,,23,1
2008-09-10,22,0,0,unknown,undated,jbosnu/2008_09/2008_09_10-02_21.txt,,,22,1
2008-09-11,17,0,0,unknown,undated,jbosnu/2008_09/2008_09_11-02_21.txt,,,17,1
2008-09-12,19,0,0,unknown,undated,jbosnu/2008_09/2008_09_12-02_21.txt,,,19,1
2008-09-13,10,0,0,unknown,undated,jbosnu/2008_09/2008_09_13-02_21.txt,,,10,1
2008-09-14,11,0,0,unknown,undated,jbosnu/2008_09/2008_09_14-02_21.txt,,,11,1
2008-09-15,17,0,0,unknown,undated,jbosnu/2008_09/2008_09_15-02_21.txt,,,17,1
2008-09-16,28,0,0,unknown,undated,jbosnu/2008_09/2008_09_16-02_21.txt,,,28,1
2008-09-17,13,0,0,unknown,undated,jbosnu/2008_09/2008_09_17-02_21.txt,,,13,1
2008-09-18,15,0,0,unknown,undated,jbosnu/2008_09/2008_09_18-02_21.txt,,,15,1
2008-09-19,8,0,0,unknown,undated,jbosnu/2008_09/2008_09_19-02_21.txt,,,8,1
2008-09-20,15,0,0,unknown,undated,jbosnu/2008_09/2008_09_20-02_21.txt,,,15,1
2008-09-21,8,0,0,unknown,undated,jbosnu/2008_09/2008_09_21-02_21.txt,,,8,1
2008-09-22,10,0,0,unknown,undated,jbosnu/2008_09/2008_09_22-02_21.txt,,,10,1
2008-09-23,6,0,0,unknown,undated,jbosnu/2008_09/2008_09_23-02_21.txt,,,6,1
2008-09-24,5,0,0,unknown,undated,jbosnu/2008_09/2008_09_24-02_21.txt,,,5,1
2008-09-25,13,0,0,unknown,undated,jbosnu/2008_09/2008_09_25-02_21.txt,,,13,1
2008-09-26,8,0,0,unknown,undated,jbosnu/2008_09/2008_09_26-02_21.txt,,,8,1
2008-09-27,5,0,0,unknown,undated,jbosnu/2008_09/2008_09_27-02_21.txt,,,5,1
2008-09-28,17,0,0,unknown,undated,jbosnu/2008_09/2008_09_28-02_21.txt,,,17,1
2008-09-29,11,0,0,unknown,undated,jbosnu/2008_09/2008_09_29-02_21.txt,,,11,1
2008-09-30,16,0,0,unknown,undated,jbosnu/2008_09/2008_09_30-02_21.txt,,,16,1
2008-10-01,22,0,0,unknown,undated,jbosnu/2008_10/2008_10_01-02_21.txt,,,22,1
2008-10-02,17,0,0,unknown,undated,jbosnu/2008_10/2008_10_02-02_21.txt,,,17,1
2008-10-03,13,0,0,unknown,undated,jbosnu/2008_10/2008_10_03-02_21.txt,,,13,1
2008-10-04,21,0,0,unknown,undated,jbosnu/2008_10/2008_10_04-02_21.txt,,,21,1
2008-10-05,18,0,0,unknown,undated,jbosnu/2008_10/2008_10_05-02_21.txt,,,18,1
2008-10-06,19,0,0,unknown,undated,jbosnu/2008_10/2008_10_06-02_21.txt,,,19,1
2008-10-07,185,143,10,unknown,undated,jbosnu/2008_10/2008_10_07-02_21.txt,,,185,1
2008-10-08,98,72,9,unknown,undated,jbosnu/2008_10/2008_10_08-02_21.txt,,,98,1
2008-10-09,178,154,11,unknown,undated,jbosnu/2008_10/2008_10_09-02_21.txt,,,178,1
2008-10-10,33,15,4,unknown,undated,jbosnu/2008_10/2008_10_10-02_21.txt,,,33,1
2008-10-11,137,123,10,unknown,undated,jbosnu/2008_10/2008_10_11-02_21.txt,,,137,1
2008-10-12,157,133,7,unknown,undated,jbosnu/2008_10/2008_10_12-02_21.txt,,,157,1
2008-10-13,23,0,0,unknown,undated,jbosnu/2008_10/2008_10_13-02_21.txt,,,23,1
2008-10-14,62,44,7,unknown,undated,jbosnu/2008_10/2008_10_14-02_21.txt,,,62,1
2008-10-15,35,15,4,unknown,undated,jbosnu/2008_10/2008_10_15-02_21.txt,,,35,1
2008-10-16,57,27,7,unknown,undated,jbosnu/2008_10/2008_10_16-02_21.txt,,,57,1
2008-10-17,18,2,2,unknown,undated,jbosnu/2008_10/2008_10_17-02_21.txt,,,18,1
2008-10-18,59,42,6,unknown,undated,jbosnu/2008_10/2008_10_18-02_21.txt,,,59,1
2008-10-19,64,29,7,unknown,undated,jbosnu/2008_10/2008_10_19-02_21.txt,,,64,1
2008-10-20,63,27,5,unknown,undated,jbosnu/2008_10/2008_10_20-02_21.txt,,,63,1
2008-10-21,34,9,4,unknown,undated,jbosnu/2008_10/2008_10_21-02_21.txt,,,34,1
2008-10-22,14,0,0,unknown,undated,jbosnu/2008_10/2008_10_22-02_21.txt,,,14,1
2008-10-23,17,2,2,unknown,undated,jbosnu/2008_10/2008_10_23-02_22.txt,,,17,1
2008-10-24,18,0,0,unknown,undated,jbosnu/2008_10/2008_10_24-02_21.txt,,,18,1
2008-10-25,38,0,0,unknown,undated,jbosnu/2008_10/2008_10_25-02_21.txt,,,38,1
2008-10-26,31,0,0,unknown,undated,jbosnu/2008_10/2008_10_26-02_21.txt,,,31,1
2008-10-27,21,0,0,unknown,undated,jbosnu/2008_10/2008_10_27-02_21.txt,,,21,1
2008-10-28,29,2,2,unknown,undated,jbosnu/2008_10/2008_10_28-02_21.txt,,,29,1
2008-10-29,44,5,1,unknown,undated,jbosnu/2008_10/2008_10_29-02_22.txt,,,44,1
2008-10-30,43,17,4,unknown,undated,jbosnu/2008_10/2008_10_30-02_21.txt,,,43,1
2008-10-31,35,6,3,unknown,undated,jbosnu/2008_10/2008_10_31-02_21.txt,,,35,1
2008-11-01,31,0,0,unknown,undated,jbosnu/2008_11/2008_11_01-02_22.txt,,,31,1
2008-11-02,21,1,1,unknown,undated,jbosnu/2008_11/2008_11_02-02_21.txt,,,21,1
2008-11-03,29,0,0,unknown,undated,jbosnu/2008_11/2008_11_03-02_21.txt,,,29,1
2008-11-04,27,0,0,unknown,undated,jbosnu/2008_11/2008_11_04-02_21.txt,,,27,1
2008-11-05,22,0,0,unknown,undated,jbosnu/2008_11/2008_11_05-02_21.txt,,,22,1
2008-11-06,25,3,2,unknown,undated,jbosnu/2008_11/2008_11_06-02_21.txt,,,25,1
2008-11-07,90,66,8,unknown,undated,jbosnu/2008_11/2008_11_07-02_21.txt,,,90,1
2008-11-08,33,9,2,unknown,undated,jbosnu/2008_11/2008_11_08-02_21.txt,,,33,1
2008-11-09,31,6,3,unknown,undated,jbosnu/2008_11/2008_11_09-02_21.txt,,,31,1
2008-11-10,34,11,5,unknown,undated,jbosnu/2008_11/2008_11_10-02_21.txt,,,34,1
2008-11-11,26,4,1,unknown,undated,jbosnu/2008_11/2008_11_11-02_21.txt,,,26,1
2008-11-12,22,1,1,unknown,undated,jbosnu/2008_11/2008_11_12-02_21.txt,,,22,1
2008-11-13,55,20,3,unknown,undated,jbosnu/2008_11/2008_11_13-02_21.txt,,,55,1
2008-11-14,25,0,0,unknown,undated,jbosnu/2008_11/2008_11_14-02_21.txt,,,25,1
2008-11-15,23,0,0,unknown,undated,jbosnu/2008_11/2008_11_15-02_21.txt,,,23,1
2008-11-16,33,6,3,unknown,undated,jbosnu/2008_11/2008_11_16-02_21.txt,,,33,1
2008-11-17,15,0,0,unknown,undated,jbosnu/2008_11/2008_11_17-02_21.txt,,,15,1
2008-11-18,16,1,1,unknown,undated,jbosnu/2008_11/2008_11_18-02_21.txt,,,16,1
2008-11-19,14,0,0,unknown,undated,jbosnu/2008_11/2008_11_19-02_21.txt,,,14,1
2008-11-20,22,4,3,unknown,undated,jbosnu/2008_11/2008_11_20-02_21.txt,,,22,1
2008-11-21,16,0,0,unknown,undated,jbosnu/2008_11/2008_11_21-02_21.txt,,,16,1
2008-11-22,30,0,0,unknown,undated,jbosnu/2008_11/2008_11_22-02_21.txt,,,30,1
2008-11-23,27,4,2,unknown,undated,jbosnu/2008_11/2008_11_23-02_21.txt,,,27,1
2008-11-24,17,0,0,unknown,undated,jbosnu/2008_11/2008_11_24-02_21.txt,,,17,1
2008-11-25,20,0,0,unknown,undated,jbosnu/2008_11/2008_11_25-02_21.txt,,,20,1
2008-11-26,26,0,0,unknown,undated,jbosnu/2008_11/2008_11_26-02_21.txt,,,26,1
2008-11-27,45,10,4,unknown,undated,jbosnu/2008_11/2008_11_27-02_21.txt,,,45,1
2008-11-28,16,0,0,unknown,undated,jbosnu/2008_11/2008_11_28-02_21.txt,,,16,1
2008-11-29,30,3,3,unknown,undated,jbosnu/2008_11/2008_11_29-02_21.txt,,,30,1
2008-11-30,21,0,0,unknown,undated,jbosnu/2008_11/2008_11_30-02_21.txt,,,21,1
2008-12-01,8,0,0,unknown,undated,jbosnu/2008_12/2008_12_01-02_21.txt,,,8,1
2008-12-02,27,11,4,unknown,undated,jbosnu/2008_12/2008_12_02-02_21.txt,,,27,1
2008-12-03,11,0,0,unknown,undated,jbosnu/2008_12/2008_12_03-02_21.txt,,,11,1
2008-12-04,7,0,0,unknown,undated,jbosnu/2008_12/2008_12_04-02_21.txt,,,7,1
2008-12-05,13,0,0,unknown,undated,jbosnu/2008_12/2008_12_05-02_21.txt,,,13,1
2008-12-06,19,0,0,unknown,undated,jbosnu/2008_12/2008_12_06-02_21.txt,,,19,1
2008-12-07,23,0,0,unknown,undated,jbosnu/2008_12/2008_12_07-02_21.txt,,,23,1
2008-12-08,13,0,0,unknown,undated,jbosnu/2008_12/2008_12_08-02_21.txt,,,13,1
2008-12-09,18,0,0,unknown,undated,jbosnu/2008_12/2008_12_09-02_21.txt,,,18,1
2008-12-10,17,0,0,unknown,undated,jbosnu/2008_12/2008_12_10-02_21.txt,,,17,1
2008-12-11,15,0,0,unknown,undated,jbosnu/2008_12/2008_12_11-02_21.txt,,,15,1
2008-12-12,16,0,0,unknown,undated,jbosnu/2008_12/2008_12_12-02_21.txt,,,16,1
2008-12-13,18,0,0,unknown,undated,jbosnu/2008_12/2008_12_13-02_21.txt,,,18,1
2008-12-14,13,0,0,unknown,undated,jbosnu/2008_12/2008_12_14-02_21.txt,,,13,1
2008-12-15,15,0,0,unknown,undated,jbosnu/2008_12/2008_12_15-02_22.txt,,,15,1
2008-12-16,14,0,0,unknown,undated,jbosnu/2008_12/2008_12_16-02_21.txt,,,14,1
2008-12-17,24,0,0,unknown,undated,jbosnu/2008_12/2008_12_17-02_21.txt,,,24,1
2008-12-18,24,3,2,unknown,undated,jbosnu/2008_12/2008_12_18-02_21.txt,,,24,1
2008-12-19,15,0,0,unknown,undated,jbosnu/2008_12/2008_12_19-02_21.txt,,,15,1
2008-12-20,16,2,1,unknown,undated,jbosnu/2008_12/2008_12_20-02_21.txt,,,16,1
2008-12-21,11,0,0,unknown,undated,jbosnu/2008_12/2008_12_21-02_21.txt,,,11,1
2008-12-22,10,0,0,unknown,undated,jbosnu/2008_12/2008_12_22-02_21.txt,,,10,1
2008-12-23,20,0,0,unknown,undated,jbosnu/2008_12/2008_12_23-02_21.txt,,,20,1
2008-12-24,20,0,0,unknown,undated,jbosnu/2008_12/2008_12_24-02_21.txt,,,20,1
2008-12-25,24,0,0,unknown,undated,jbosnu/2008_12/2008_12_25-02_21.txt,,,24,1
2008-12-26,16,0,0,unknown,undated,jbosnu/2008_12/2008_12_26-02_21.txt,,,16,1
2008-12-27,8,0,0,unknown,undated,jbosnu/2008_12/2008_12_27-02_21.txt,,,8,1
2008-12-28,16,0,0,unknown,undated,jbosnu/2008_12/2008_12_28-02_21.txt,,,16,1
2008-12-29,16,0,0,unknown,undated,jbosnu/2008_12/2008_12_29-02_21.txt,,,16,1
2008-12-30,18,0,0,unknown,undated,jbosnu/2008_12/2008_12_30-02_21.txt,,,18,1
2008-12-31,37,0,0,unknown,undated,jbosnu/2008_12/2008_12_31-02_21.txt,,,37,1
2009-01-01,14,0,0,unknown,undated,jbosnu/2009_01/2009_01_01-02_21.txt,,,14,1
2009-01-02,19,0,0,unknown,undated,jbosnu/2009_01/2009_01_02-02_21.txt,,,19,1
2009-01-03,27,0,0,unknown,undated,jbosnu/2009_01/2009_01_03-02_22.txt,,,27,1
2009-01-04,13,0,0,unknown,undated,jbosnu/2009_01/2009_01_04-02_22.txt,,,13,1
2009-01-05,19,0,0,unknown,undated,jbosnu/2009_01/2009_01_05-02_22.txt,,,19,1
2009-01-06,37,0,0,unknown,undated,jbosnu/2009_01/2009_01_06-02_21.txt,,,37,1
2009-01-07,28,0,0,unknown,undated,jbosnu/2009_01/2009_01_07-02_21.txt,,,28,1
2009-01-08,16,0,0,unknown,undated,jbosnu/2009_01/2009_01_08-02_21.txt,,,16,1
2009-01-09,22,0,0,unknown,undated,jbosnu/2009_01/2009_01_09-02_21.txt,,,22,1
2009-01-10,20,0,0,unknown,undated,jbosnu/2009_01/2009_01_10-02_21.txt,,,20,1
2009-01-11,15,0,0,unknown,undated,jbosnu/2009_01/2009_01_11-02_21.txt,,,15,1
2009-01-12,18,0,0,unknown,undated,jbosnu/2009_01/2009_01_12-02_21.txt,,,18,1
2009-01-13,17,0,0,unknown,undated,jbosnu/2009_01/2009_01_13-02_21.txt,,,17,1
2009-01-14,22,0,0,unknown,undated,jbosnu/2009_01/2009_01_14-02_21.txt,,,22,1
2009-01-15,26,0,0,unknown,undated,jbosnu/2009_01/2009_01_15-02_21.txt,,,26,1
2009-01-16,34,0,0,unknown,undated,jbosnu/2009_01/2009_01_16-02_21.txt,,,34,1
2009-01-17,32,0,0,unknown,undated,jbosnu/2009_01/2009_01_17-02_21.txt,,,32,1
2009-01-18,24,0,0,unknown,undated,jbosnu/2009_01/2009_01_18-02_21.txt,,,24,1
2009-01-19,25,0,0,unknown,undated,jbosnu/2009_01/2009_01_19-02_21.txt,,,25,1
2009-01-20,13,0,0,unknown,undated,jbosnu/2009_01/2009_01_20-02_21.txt,,,13,1
2009-01-21,25,0,0,unknown,undated,jbosnu/2009_01/2009_01_21-02_22.txt,,,25,1
2009-01-22,19,0,0,unknown,undated,jbosnu/2009_01/2009_01_22-02_21.txt,,,19,1
2009-01-23,31,0,0,unknown,undated,jbosnu/2009_01/2009_01_23-02_21.txt,,,31,1
2009-01-24,21,0,0,unknown,undated,jbosnu/2009_01/2009_01_24-02_22.txt,,,21,1
2009-01-25,18,0,0,unknown,undated,jbosnu/2009_01/2009_01_25-02_22.txt,,,18,1
2009-01-26,24,0,0,unknown,undated,jbosnu/2009_01/2009_01_26-02_21.txt,,,24,1
2009-01-27,20,0,0,unknown,undated,jbosnu/2009_01/2009_01_27-02_22.txt,,,20,1
2009-01-28,23,0,0,unknown,undated,jbosnu/2009_01/2009_01_28-02_21.txt,,,23,1
2009-01-29,14,0,0,unknown,undated,jbosnu/2009_01/2009_01_29-02_22.txt,,,14,1
2009-01-30,23,0,0,unknown,undated,jbosnu/2009_01/2009_01_30-02_21.txt,,,23,1
2009-01-31,21,0,0,unknown,undated,jbosnu/2009_01/2009_01_31-02_21.txt,,,21,1
2009-02-01,23,0,0,unknown,undated,jbosnu/2009_02/2009_02_01-02_22.txt,,,23,1
2009-02-02,17,0,0,unknown,undated,jbosnu/2009_02/2009_02_02-02_22.txt,,,17,1
2009-02-03,7,0,0,unknown,undated,jbosnu/2009_02/2009_02_03-02_22.txt,,,7,1
2009-02-04,13,0,0,unknown,undated,jbosnu/2009_02/2009_02_04-02_21.txt,,,13,1
2009-02-05,16,0,0,unknown,undated,jbosnu/2009_02/2009_02_05-02_23.txt,,,16,1
2009-02-06,23,0,0,unknown,undated,jbosnu/2009_02/2009_02_06-02_21.txt,,,23,1
2009-02-07,13,0,0,unknown,undated,jbosnu/2009_02/2009_02_07-02_22.txt,,,13,1
2009-02-08,15,0,0,unknown,undated,jbosnu/2009_02/2009_02_08-02_21.txt,,,15,1
2009-02-09,11,0,0,unknown,undated,jbosnu/2009_02/2009_02_09-02_21.txt,,,11,1
2009-02-10,15,0,0,unknown,undated,jbosnu/2009_02/2009_02_10-02_22.txt,,,15,1
2009-02-11,13,0,0,unknown,undated,jbosnu/2009_02/2009_02_11-02_21.txt,,,13,1
2009-02-12,16,0,0,unknown,undated,jbosnu/2009_02/2009_02_12-02_21.txt,,,16,1
2009-02-13,18,0,0,unknown,undated,jbosnu/2009_02/2009_02_13-02_22.txt,,,18,1
2009-02-14,23,0,0,unknown,undated,jbosnu/2009_02/2009_02_14-02_21.txt,,,23,1
2009-02-15,10,0,0,unknown,undated,jbosnu/2009_02/2009_02_15-02_21.txt,,,10,1
2009-02-16,14,0,0,unknown,undated,jbosnu/2009_02/2009_02_16-02_21.txt,,,14,1
2009-02-17,15,0,0,unknown,undated,jbosnu/2009_02/2009_02_17-02_21.txt,,,15,1
2009-02-18,24,0,0,unknown,undated,jbosnu/2009_02/2009_02_18-02_22.txt,,,24,1
2009-02-19,20,0,0,unknown,undated,jbosnu/2009_02/2009_02_19-02_21.txt,,,20,1
2009-02-20,19,0,0,unknown,undated,jbosnu/2009_02/2009_02_20-02_21.txt,,,19,1
2009-02-21,18,3,2,unknown,undated,jbosnu/2009_02/2009_02_21-02_22.txt,,,18,1
2009-02-22,18,0,0,unknown,undated,jbosnu/2009_02/2009_02_22-02_21.txt,,,18,1
2009-02-23,12,0,0,unknown,undated,jbosnu/2009_02/2009_02_23-02_21.txt,,,12,1
2009-02-24,16,0,0,unknown,undated,jbosnu/2009_02/2009_02_24-02_21.txt,,,16,1
2009-02-25,16,0,0,unknown,undated,jbosnu/2009_02/2009_02_25-02_21.txt,,,16,1
2009-02-26,30,0,0,unknown,undated,jbosnu/2009_02/2009_02_26-02_21.txt,,,30,1
2009-02-27,22,0,0,unknown,undated,jbosnu/2009_02/2009_02_27-02_22.txt,,,22,1
2009-02-28,10,0,0,unknown,undated,jbosnu/2009_02/2009_02_28-02_21.txt,,,10,1
2009-03-01,25,0,0,unknown,undated,jbosnu/2009_03/2009_03_01-02_21.txt,,,25,1
2009-03-02,17,0,0,unknown,undated,jbosnu/2009_03/2009_03_02-02_21.txt,,,17,1
2009-03-03,21,0,0,unknown,undated,jbosnu/2009_03/2009_03_03-02_21.txt,,,21,1
2009-03-04,20,0,0,unknown,undated,jbosnu/2009_03/2009_03_04-02_22.txt,,,20,1
2009-03-05,32,0,0,unknown,undated,jbosnu/2009_03/2009_03_05-13_23.txt,,,32,1
2009-03-06,11,0,0,unknown,undated,jbosnu/2009_03/2009_03_06-02_21.txt,,,11,1
2009-03-07,10,0,0,unknown,undated,jbosnu/2009_03/2009_03_07-02_21.txt,,,10,1
2009-03-09,27,0,0,unknown,undated,jbosnu/2009_03/2009_03_09-02_22.txt,,,27,1
2009-03-10,13,0,0,unknown,undated,jbosnu/2009_03/2009_03_10-02_21.txt,,,13,1
2009-03-11,15,0,0,unknown,undated,jbosnu/2009_03/2009_03_11-02_21.txt,,,15,1
2009-03-12,11,0,0,unknown,undated,jbosnu/2009_03/2009_03_12-02_21.txt,,,11,1
2009-03-13,20,0,0,unknown,undated,jbosnu/2009_03/2009_03_13-02_23.txt,,,20,1
2009-03-14,11,0,0,unknown,undated,jbosnu/2009_03/2009_03_14-02_21.txt,,,11,1
2009-03-15,15,0,0,unknown,undated,jbosnu/2009_03/2009_03_15-02_21.txt,,,15,1
2009-03-16,15,0,0,unknown,undated,jbosnu/2009_03/2009_03_16-02_21.txt,,,15,1
2009-03-17,19,2,2,unknown,undated,jbosnu/2009_03/2009_03_17-02_21.txt,,,19,1
2009-03-18,2,0,0,unknown,undated,jbosnu/2009_03/2009_03_18-02_21.txt,,,2,1
2009-03-19,8,0,0,unknown,undated,jbosnu/2009_03/2009_03_19-02_22.txt,,,8,1
2009-03-20,18,0,0,unknown,undated,jbosnu/2009_03/2009_03_20-02_21.txt,,,18,1
2009-03-21,12,0,0,unknown,undated,jbosnu/2009_03/2009_03_21-02_21.txt,,,12,1
2009-03-22,16,0,0,unknown,undated,jbosnu/2009_03/2009_03_22-02_21.txt,,,16,1
2009-03-23,25,0,0,unknown,undated,jbosnu/2009_03/2009_03_23-02_21.txt,,,25,1
2009-03-24,17,0,0,unknown,undated,jbosnu/2009_03/2009_03_24-02_21.txt,,,17,1
2009-03-25,15,0,0,unknown,undated,jbosnu/2009_03/2009_03_25-02_21.txt,,,15,1
2009-03-26,20,0,0,unknown,undated,jbosnu/2009_03/2009_03_26-02_21.txt,,,20,1
2009-03-27,24,0,0,unknown,undated,jbosnu/2009_03/2009_03_27-02_21.txt,,,24,1
2009-03-28,13,0,0,unknown,undated,jbosnu/2009_03/2009_03_28-02_21.txt,,,13,1
2009-03-29,18,0,0,unknown,undated,jbosnu/2009_03/2009_03_29-02_21.txt,,,18,1
2009-03-30,19,0,0,unknown,undated,jbosnu/2009_03/2009_03_30-02_21.txt,,,19,1
2009-03-31,15,0,0,unknown,undated,jbosnu/2009_03/2009_03_31-02_21.txt,,,15,1
2009-04-01,18,0,0,unknown,undated,jbosnu/2009_04/2009_04_01-02_21.txt,,,18,1
2009-04-02,18,0,0,unknown,undated,jbosnu/2009_04/2009_04_02-02_21.txt,,,18,1
2009-04-03,26,0,0,unknown,undated,jbosnu/2009_04/2009_04_03-02_22.txt,,,26,1
2009-04-04,19,0,0,unknown,undated,jbosnu/2009_04/2009_04_04-02_21.txt,,,19,1
2009-04-05,15,0,0,unknown,undated,jbosnu/2009_04/2009_04_05-02_21.txt,,,15,1
2009-04-06,29,0,0,unknown,undated,jbosnu/2009_04/2009_04_06-02_21.txt,,,29,1
2009-04-07,12,0,0,unknown,undated,jbosnu/2009_04/2009_04_07-02_25.txt,,,12,1
2009-04-08,22,0,0,unknown,undated,jbosnu/2009_04/2009_04_08-02_23.txt,,,22,1
2009-04-09,24,0,0,unknown,undated,jbosnu/2009_04/2009_04_09-02_21.txt,,,24,1
2009-04-10,22,0,0,unknown,undated,jbosnu/2009_04/2009_04_10-02_22.txt,,,22,1
2009-04-11,22,0,0,unknown,undated,jbosnu/2009_04/2009_04_11-02_21.txt,,,22,1
2009-04-12,30,0,0,unknown,undated,jbosnu/2009_04/2009_04_12-02_21.txt,,,30,1
2009-04-13,15,0,0,unknown,undated,jbosnu/2009_04/2009_04_13-02_21.txt,,,15,1
2009-04-14,11,0,0,unknown,undated,jbosnu/2009_04/2009_04_14-02_21.txt,,,11,1
2009-04-15,17,0,0,unknown,undated,jbosnu/2009_04/2009_04_15-02_21.txt,,,17,1
2009-04-16,20,0,0,unknown,undated,jbosnu/2009_04/2009_04_16-02_22.txt,,,20,1
2009-04-17,15,0,0,unknown,undated,jbosnu/2009_04/2009_04_17-02_24.txt,,,15,1
2009-04-18,21,0,0,unknown,undated,jbosnu/2009_04/2009_04_18-02_21.txt,,,21,1
2009-04-19,6,0,0,unknown,undated,jbosnu/2009_04/2009_04_19-02_21.txt,,,6,1
2009-04-20,13,0,0,unknown,undated,jbosnu/2009_04/2009_04_20-02_21.txt,,,13,1
2009-04-21,12,0,0,unknown,undated,jbosnu/2009_04/2009_04_21-02_21.txt,,,12,1
2009-04-22,12,0,0,unknown,undated,jbosnu/2009_04/2009_04_22-02_22.txt,,,12,1
2009-04-23,8,0,0,unknown,undated,jbosnu/2009_04/2009_04_23-02_22.txt,,,8,1
2009-04-24,15,0,0,unknown,undated,jbosnu/2009_04/2009_04_24-02_21.txt,,,15,1
2009-04-25,11,0,0,unknown,undated,jbosnu/2009_04/2009_04_25-02_21.txt,,,11,1
2009-04-26,7,0,0,unknown,undated,jbosnu/2009_04/2009_04_26-02_22.txt,,,7,1
2009-04-27,27,0,0,unknown,undated,jbosnu/2009_04/2009_04_27-02_21.txt,,,27,1
2009-04-28,15,0,0,unknown,undated,jbosnu/2009_04/2009_04_28-02_22.txt,,,15,1
2009-04-29,26,0,0,unknown,undated,jbosnu/2009_04/2009_04_29-02_22.txt,,,26,1
2009-04-30,8,0,0,unknown,undated,jbosnu/2009_04/2009_04_30-02_22.txt,,,8,1
2009-05-01,15,0,0,unknown,undated,jbosnu/2009_05/2009_05_01-02_22.txt,,,15,1
2009-05-02,9,0,0,unknown,undated,jbosnu/2009_05/2009_05_02-02_23.txt,,,9,1
2009-05-03,13,0,0,unknown,undated,jbosnu/2009_05/2009_05_03-02_24.txt,,,13,1
2009-05-04,12,0,0,unknown,undated,jbosnu/2009_05/2009_05_04-02_22.txt,,,12,1
2009-05-05,12,0,0,unknown,undated,jbosnu/2009_05/2009_05_05-02_21.txt,,,12,1
2009-05-06,14,0,0,unknown,undated,jbosnu/2009_05/2009_05_06-02_21.txt,,,14,1
2009-05-07,16,0,0,unknown,undated,jbosnu/2009_05/2009_05_07-02_21.txt,,,16,1
2009-05-08,11,0,0,unknown,undated,jbosnu/2009_05/2009_05_08-02_22.txt,,,11,1
2009-05-09,20,0,0,unknown,undated,jbosnu/2009_05/2009_05_09-02_22.txt,,,20,1
2009-05-10,18,0,0,unknown,undated,jbosnu/2009_05/2009_05_10-02_21.txt,,,18,1
2009-05-11,14,0,0,unknown,undated,jbosnu/2009_05/2009_05_11-02_22.txt,,,14,1
2009-05-12,12,0,0,unknown,undated,jbosnu/2009_05/2009_05_12-02_21.txt,,,12,1
2009-05-13,13,0,0,unknown,undated,jbosnu/2009_05/2009_05_13-02_22.txt,,,13,1
2009-05-14,22,0,0,unknown,undated,jbosnu/2009_05/2009_05_14-02_22.txt,,,22,1
2009-05-15,30,1,1,unknown,undated,jbosnu/2009_05/2009_05_15-02_23.txt,,,30,1
2009-05-16,12,0,0,unknown,undated,jbosnu/2009_05/2009_05_16-02_21.txt,,,12,1
2009-05-17,9,0,0,unknown,undated,jbosnu/2009_05/2009_05_17-02_22.txt,,,9,1
2009-05-18,14,0,0,unknown,undated,jbosnu/2009_05/2009_05_18-02_21.txt,,,14,1
2009-05-19,12,0,0,unknown,undated,jbosnu/2009_05/2009_05_19-02_21.txt,,,12,1
2009-05-20,9,0,0,unknown,undated,jbosnu/2009_05/2009_05_20-02_21.txt,,,9,1
2009-05-21,7,0,0,unknown,undated,jbosnu/2009_05/2009_05_21-02_21.txt,,,7,1
2009-05-22,15,0,0,unknown,undated,jbosnu/2009_05/2009_05_22-02_22.txt,,,15,1
2009-05-23,9,0,0,unknown,undated,jbosnu/2009_05/2009_05_23-02_22.txt,,,9,1
2009-05-24,11,0,0,unknown,undated,jbosnu/2009_05/2009_05_24-02_21.txt,,,11,1
2009-05-25,19,0,0,unknown,undated,jbosnu/2009_05/2009_05_25-02_22.txt,,,19,1
2009-05-26,38,0,0,unknown,undated,jbosnu/2009_05/2009_05_26-02_22.txt,,,38,1
2009-05-27,45,0,0,unknown,undated,jbosnu/2009_05/2009_05_27-02_23.txt,,,45,1
2009-05-28,26,0,0,unknown,undated,jbosnu/2009_05/2009_05_28-02_22.txt,,,26,1
2009-05-29,31,0,0,unknown,undated,jbosnu/2009_05/2009_05_29-02_22.txt,,,31,1
2009-05-30,29,0,0,unknown,undated,jbosnu/2009_05/2009_05_30-02_21.txt,,,29,1
2009-05-31,16,0,0,unknown,undated,jbosnu/2009_05/2009_05_31-02_21.txt,,,16,1
2009-06-01,10,0,0,unknown,undated,jbosnu/2009_06/2009_06_01-02_21.txt,,,10,1
2009-06-02,12,0,0,unknown,undated,jbosnu/2009_06/2009_06_02-02_22.txt,,,12,1
2009-06-03,14,0,0,unknown,undated,jbosnu/2009_06/2009_06_03-02_21.txt,,,14,1
2009-06-04,17,0,0,unknown,undated,jbosnu/2009_06/2009_06_04-02_21.txt,,,17,1
2009-06-05,19,0,0,unknown,undated,jbosnu/2009_06/2009_06_05-02_21.txt,,,19,1
2009-06-06,16,0,0,unknown,undated,jbosnu/2009_06/2009_06_06-02_24.txt,,,16,1
2009-06-07,22,0,0,unknown,undated,jbosnu/2009_06/2009_06_07-02_22.txt,,,22,1
2009-06-08,25,0,0,unknown,undated,jbosnu/2009_06/2009_06_08-02_22.txt,,,25,1
2009-06-09,37,0,0,unknown,undated,jbosnu/2009_06/2009_06_09-02_24.txt,,,37,1
2009-06-10,24,0,0,unknown,undated,jbosnu/2009_06/2009_06_10-02_22.txt,,,24,1
2009-06-11,25,0,0,unknown,undated,jbosnu/2009_06/2009_06_11-02_23.txt,,,25,1
2009-06-12,17,0,0,unknown,undated,jbosnu/2009_06/2009_06_12-02_21.txt,,,17,1
2009-06-13,10,0,0,unknown,undated,jbosnu/2009_06/2009_06_13-02_21.txt,,,10,1
2009-06-14,9,0,0,unknown,undated,jbosnu/2009_06/2009_06_14-02_21.txt,,,9,1
2009-06-15,13,0,0,unknown,undated,jbosnu/2009_06/2009_06_15-02_21.txt,,,13,1
2009-06-16,15,0,0,unknown,undated,jbosnu/2009_06/2009_06_16-02_22.txt,,,15,1
2009-06-17,16,0,0,unknown,undated,jbosnu/2009_06/2009_06_17-02_27.txt,,,16,1
2009-06-18,18,0,0,unknown,undated,jbosnu/2009_06/2009_06_18-02_31.txt,,,18,1
2009-06-19,21,0,0,unknown,undated,jbosnu/2009_06/2009_06_19-02_26.txt,,,21,1
2009-06-20,21,0,0,unknown,undated,jbosnu/2009_06/2009_06_20-02_24.txt,,,21,1
2009-06-21,11,0,0,unknown,undated,jbosnu/2009_06/2009_06_21-02_22.txt,,,11,1
2009-06-22,8,0,0,unknown,undated,jbosnu/2009_06/2009_06_22-02_27.txt,,,8,1
2009-06-23,13,0,0,unknown,undated,jbosnu/2009_06/2009_06_23-02_28.txt,,,13,1
2009-06-24,12,0,0,unknown,undated,jbosnu/2009_06/2009_06_24-02_24.txt,,,12,1
2009-06-25,19,0,0,unknown,undated,jbosnu/2009_06/2009_06_25-02_26.txt,,,19,1
2009-06-26,42,0,0,unknown,undated,jbosnu/2009_06/2009_06_26-02_26.txt,,,42,1
2009-06-27,15,0,0,unknown,undated,jbosnu/2009_06/2009_06_27-02_21.txt,,,15,1
2009-06-28,17,0,0,unknown,undated,jbosnu/2009_06/2009_06_28-02_22.txt,,,17,1
2009-06-29,13,0,0,unknown,undated,jbosnu/2009_06/2009_06_29-02_25.txt,,,13,1
2009-06-30,20,0,0,unknown,undated,jbosnu/2009_06/2009_06_30-02_39.txt,,,20,1
2009-07-01,16,0,0,unknown,undated,jbosnu/2009_07/2009_07_01-02_26.txt,,,16,1
2009-07-02,28,0,0,unknown,undated,jbosnu/2009_07/2009_07_02-02_34.txt,,,28,1
2009-07-03,12,0,0,unknown,undated,jbosnu/2009_07/2009_07_03-02_45.txt,,,12,1
2009-07-04,30,0,0,unknown,undated,jbosnu/2009_07/2009_07_04-02_23.txt,,,30,1
2009-07-05,15,0,0,unknown,undated,jbosnu/2009_07/2009_07_05-02_22.txt,,,15,1
2009-07-06,11,0,0,unknown,undated,jbosnu/2009_07/2009_07_06-02_34.txt,,,11,1
2009-07-07,15,0,0,unknown,undated,jbosnu/2009_07/2009_07_07-02_23.txt,,,15,1
2009-07-08,14,0,0,unknown,undated,jbosnu/2009_07/2009_07_08-02_48.txt,,,14,1
2009-07-09,19,0,0,unknown,undated,jbosnu/2009_07/2009_07_09-02_38.txt,,,19,1
2009-07-10,19,0,0,unknown,undated,jbosnu/2009_07/2009_07_10-02_31.txt,,,19,1
2009-07-11,10,0,0,unknown,undated,jbosnu/2009_07/2009_07_11-02_26.txt,,,10,1
2009-07-12,16,0,0,unknown,undated,jbosnu/2009_07/2009_07_12-02_23.txt,,,16,1
2009-07-13,11,0,0,unknown,undated,jbosnu/2009_07/2009_07_13-02_22.txt,,,11,1
2009-07-14,18,0,0,unknown,undated,jbosnu/2009_07/2009_07_14-02_37.txt,,,18,1
2009-07-15,12,0,0,unknown,undated,jbosnu/2009_07/2009_07_15-02_29.txt,,,12,1
2009-07-16,15,0,0,unknown,undated,jbosnu/2009_07/2009_07_16-02_33.txt,,,15,1
2009-07-17,12,0,0,unknown,undated,jbosnu/2009_07/2009_07_17-02_31.txt,,,12,1
2009-07-18,15,0,0,unknown,undated,jbosnu/2009_07/2009_07_18-02_22.txt,,,15,1
2009-07-19,17,0,0,unknown,undated,jbosnu/2009_07/2009_07_19-02_22.txt,,,17,1
2009-07-20,27,0,0,unknown,undated,jbosnu/2009_07/2009_07_20-02_32.txt,,,27,1
2009-07-21,13,0,0,unknown,undated,jbosnu/2009_07/2009_07_21-02_37.txt,,,13,1
2009-07-22,11,0,0,unknown,undated,jbosnu/2009_07/2009_07_22-02_33.txt,,,11,1
2009-07-23,11,0,0,unknown,undated,jbosnu/2009_07/2009_07_23-02_33.txt,,,11,1
2009-07-24,8,0,0,unknown,undated,jbosnu/2009_07/2009_07_24-02_29.txt,,,8,1
2009-07-25,14,0,0,unknown,undated,jbosnu/2009_07/2009_07_25-02_22.txt,,,14,1
2009-07-26,8,0,0,unknown,undated,jbosnu/2009_07/2009_07_26-02_22.txt,,,8,1
2009-07-27,10,0,0,unknown,undated,jbosnu/2009_07/2009_07_27-02_21.txt,,,10,1
2009-07-28,10,0,0,unknown,undated,jbosnu/2009_07/2009_07_28-02_22.txt,,,10,1
2009-07-29,17,0,0,unknown,undated,jbosnu/2009_07/2009_07_29-02_23.txt,,,17,1
2009-07-30,17,0,0,unknown,undated,jbosnu/2009_07/2009_07_30-02_22.txt,,,17,1
2009-07-31,8,0,0,unknown,undated,jbosnu/2009_07/2009_07_31-02_47.txt,,,8,1
2009-08-01,8,0,0,unknown,undated,jbosnu/2009_08/2009_08_01-02_22.txt,,,8,1
2009-08-02,8,0,0,unknown,undated,jbosnu/2009_08/2009_08_02-02_22.txt,,,8,1
2009-08-03,6,0,0,unknown,undated,jbosnu/2009_08/2009_08_03-02_27.txt,,,6,1
2009-08-04,26,0,0,unknown,undated,jbosnu/2009_08/2009_08_04-02_23.txt,,,26,1
2009-08-05,11,0,0,unknown,undated,jbosnu/2009_08/2009_08_05-02_23.txt,,,11,1
2009-08-06,10,0,0,unknown,undated,jbosnu/2009_08/2009_08_06-02_23.txt,,,10,1
2009-08-07,6,0,0,unknown,undated,jbosnu/2009_08/2009_08_07-02_22.txt,,,6,1
2009-08-08,9,0,0,unknown,undated,jbosnu/2009_08/2009_08_08-02_22.txt,,,9,1
2009-08-09,2,0,0,unknown,undated,jbosnu/2009_08/2009_08_09-02_21.txt,,,2,1
2009-08-10,4,0,0,unknown,undated,jbosnu/2009_08/2009_08_10-02_21.txt,,,4,1
2009-08-11,17,0,0,unknown,undated,jbosnu/2009_08/2009_08_11-02_29.txt,,,17,1
2009-08-12,10,0,0,unknown,undated,jbosnu/2009_08/2009_08_12-02_37.txt,,,10,1
2009-08-13,10,0,0,unknown,undated,jbosnu/2009_08/2009_08_13-02_34.txt,,,10,1
2009-08-14,7,0,0,unknown,undated,jbosnu/2009_08/2009_08_14-02_42.txt,,,7,1
2009-08-15,6,0,0,unknown,undated,jbosnu/2009_08/2009_08_15-02_22.txt,,,6,1
2009-08-16,13,0,0,unknown,undated,jbosnu/2009_08/2009_08_16-02_21.txt,,,13,1
2009-08-17,10,0,0,unknown,undated,jbosnu/2009_08/2009_08_17-02_38.txt,,,10,1
2009-08-18,2,0,0,unknown,undated,jbosnu/2009_08/2009_08_18-02_24.txt,,,2,1
2009-08-19,5,0,0,unknown,undated,jbosnu/2009_08/2009_08_19-02_27.txt,,,5,1
2009-08-20,9,0,0,unknown,undated,jbosnu/2009_08/2009_08_20-02_30.txt,,,9,1
2009-08-21,6,0,0,unknown,undated,jbosnu/2009_08/2009_08_21-02_24.txt,,,6,1
2009-08-22,24,0,0,unknown,undated,jbosnu/2009_08/2009_08_22-02_23.txt,,,24,1
2009-08-23,8,0,0,unknown,undated,jbosnu/2009_08/2009_08_23-02_22.txt,,,8,1
2009-08-24,6,0,0,unknown,undated,jbosnu/2009_08/2009_08_24-02_23.txt,,,6,1
2009-08-25,19,0,0,unknown,undated,jbosnu/2009_08/2009_08_25-02_33.txt,,,19,1
2009-08-26,15,0,0,unknown,undated,jbosnu/2009_08/2009_08_26-02_23.txt,,,15,1
2009-08-27,19,0,0,unknown,undated,jbosnu/2009_08/2009_08_27-02_23.txt,,,19,1
2009-08-28,14,0,0,unknown,undated,jbosnu/2009_08/2009_08_28-02_23.txt,,,14,1
2009-08-29,20,0,0,unknown,undated,jbosnu/2009_08/2009_08_29-02_23.txt,,,20,1
2009-08-30,8,0,0,unknown,undated,jbosnu/2009_08/2009_08_30-02_22.txt,,,8,1
2009-08-31,18,0,0,unknown,undated,jbosnu/2009_08/2009_08_31-02_22.txt,,,18,1
2009-09-01,16,0,0,unknown,undated,jbosnu/2009_09/2009_09_01-02_22.txt,,,16,1
2009-09-02,13,0,0,unknown,undated,jbosnu/2009_09/2009_09_02-02_26.txt,,,13,1
2009-09-03,8,0,0,unknown,undated,jbosnu/2009_09/2009_09_03-02_21.txt,,,8,1
2009-09-04,11,0,0,unknown,undated,jbosnu/2009_09/2009_09_04-02_22.txt,,,11,1
2009-09-05,5,0,0,unknown,undated,jbosnu/2009_09/2009_09_05-02_22.txt,,,5,1
2009-09-06,14,0,0,unknown,undated,jbosnu/2009_09/2009_09_06-02_22.txt,,,14,1
2009-09-07,10,0,0,unknown,undated,jbosnu/2009_09/2009_09_07-02_23.txt,,,10,1
2009-09-08,27,0,0,unknown,undated,jbosnu/2009_09/2009_09_08-02_23.txt,,,27,1
2009-09-09,15,0,0,unknown,undated,jbosnu/2009_09/2009_09_09-02_22.txt,,,15,1
2009-09-10,6,0,0,unknown,undated,jbosnu/2009_09/2009_09_10-02_32.txt,,,6,1
2009-09-11,9,0,0,unknown,undated,jbosnu/2009_09/2009_09_11-02_22.txt,,,9,1
2009-09-12,6,0,0,unknown,undated,jbosnu/2009_09/2009_09_12-02_21.txt,,,6,1
2009-09-13,2,0,0,unknown,undated,jbosnu/2009_09/2009_09_13-02_21.txt,,,2,1
2009-09-14,20,0,0,unknown,undated,jbosnu/2009_09/2009_09_14-02_22.txt,,,20,1
2009-09-15,10,0,0,unknown,undated,jbosnu/2009_09/2009_09_15-02_23.txt,,,10,1
2009-09-16,14,0,0,unknown,undated,jbosnu/2009_09/2009_09_16-02_23.txt,,,14,1
2009-09-17,8,0,0,unknown,undated,jbosnu/2009_09/2009_09_17-02_24.txt,,,8,1
2009-09-18,17,0,0,unknown,undated,jbosnu/2009_09/2009_09_18-02_27.txt,,,17,1
2009-09-19,14,0,0,unknown,undated,jbosnu/2009_09/2009_09_19-02_22.txt,,,14,1
2009-09-20,22,0,0,unknown,undated,jbosnu/2009_09/2009_09_20-02_24.txt,,,22,1
2009-09-21,11,0,0,unknown,undated,jbosnu/2009_09/2009_09_21-02_22.txt,,,11,1
2009-09-22,9,0,0,unknown,undated,jbosnu/2009_09/2009_09_22-02_22.txt,,,9,1
2009-09-23,13,0,0,unknown,undated,jbosnu/2009_09/2009_09_23-02_22.txt,,,13,1
2009-09-24,26,0,0,unknown,undated,jbosnu/2009_09/2009_09_24-02_23.txt,,,26,1
2009-09-25,19,0,0,unknown,undated,jbosnu/2009_09/2009_09_25-02_23.txt,,,19,1
2009-09-26,15,0,0,unknown,undated,jbosnu/2009_09/2009_09_26-02_22.txt,,,15,1
2009-09-27,7,0,0,unknown,undated,jbosnu/2009_09/2009_09_27-02_22.txt,,,7,1
2009-09-28,10,0,0,unknown,undated,jbosnu/2009_09/2009_09_28-02_31.txt,,,10,1
2009-09-29,10,0,0,unknown,undated,jbosnu/2009_09/2009_09_29-02_34.txt,,,10,1
2009-09-30,5,0,0,unknown,undated,jbosnu/2009_09/2009_09_30-02_24.txt,,,5,1
2009-10-01,15,0,0,unknown,undated,jbosnu/2009_10/2009_10_01-02_24.txt,,,15,1
2009-10-02,7,0,0,unknown,undated,jbosnu/2009_10/2009_10_02-02_28.txt,,,7,1
2009-10-03,7,0,0,unknown,undated,jbosnu/2009_10/2009_10_03-02_22.txt,,,7,1
2009-10-04,9,0,0,unknown,undated,jbosnu/2009_10/2009_10_04-02_21.txt,,,9,1
2009-10-05,15,0,0,unknown,undated,jbosnu/2009_10/2009_10_05-02_22.txt,,,15,1
2009-10-06,9,0,0,unknown,undated,jbosnu/2009_10/2009_10_06-02_29.txt,,,9,1
2009-10-07,18,0,0,unknown,undated,jbosnu/2009_10/2009_10_07-02_24.txt,,,18,1
2009-10-08,18,0,0,unknown,undated,jbosnu/2009_10/2009_10_08-02_23.txt,,,18,1
2009-10-09,10,0,0,unknown,undated,jbosnu/2009_10/2009_10_09-02_22.txt,,,10,1
2009-10-10,11,0,0,unknown,undated,jbosnu/2009_10/2009_10_10-02_22.txt,,,11,1
2009-10-11,13,0,0,unknown,undated,jbosnu/2009_10/2009_10_11-02_22.txt,,,13,1
2009-10-12,15,0,0,unknown,undated,jbosnu/2009_10/2009_10_12-02_22.txt,,,15,1
2009-10-13,12,0,0,unknown,undated,jbosnu/2009_10/2009_10_13-02_22.txt,,,12,1
2009-10-14,11,0,0,unknown,undated,jbosnu/2009_10/2009_10_14-02_30.txt,,,11,1
2009-10-15,10,0,0,unknown,undated,jbosnu/2009_10/2009_10_15-02_24.txt,,,10,1
2009-10-16,13,0,0,unknown,undated,jbosnu/2009_10/2009_10_16-02_23.txt,,,13,1
2009-10-17,8,0,0,unknown,undated,jbosnu/2009_10/2009_10_17-02_21.txt,,,8,1
2009-10-18,9,0,0,unknown,undated,jbosnu/2009_10/2009_10_18-02_22.txt,,,9,1
2009-10-19,12,0,0,unknown,undated,jbosnu/2009_10/2009_10_19-02_23.txt,,,12,1
2009-10-20,8,0,0,unknown,undated,jbosnu/2009_10/2009_10_20-02_21.txt,,,8,1
2009-10-21,10,0,0,unknown,undated,jbosnu/2009_10/2009_10_21-02_22.txt,,,10,1
2009-10-22,7,0,0,unknown,undated,jbosnu/2009_10/2009_10_22-02_26.txt,,,7,1
2009-10-23,8,0,0,unknown,undated,jbosnu/2009_10/2009_10_23-02_24.txt,,,8,1
2009-10-24,12,0,0,unknown,undated,jbosnu/2009_10/2009_10_24-02_23.txt,,,12,1
2009-10-25,11,0,0,unknown,undated,jbosnu/2009_10/2009_10_25-02_22.txt,,,11,1
2009-10-26,11,0,0,unknown,undated,jbosnu/2009_10/2009_10_26-02_23.txt,,,11,1
2009-10-27,17,0,0,unknown,undated,jbosnu/2009_10/2009_10_27-02_22.txt,,,17,1
2009-10-28,13,0,0,unknown,undated,jbosnu/2009_10/2009_10_28-02_23.txt,,,13,1
2009-10-29,12,0,0,unknown,undated,jbosnu/2009_10/2009_10_29-02_22.txt,,,12,1
2009-10-30,10,0,0,unknown,undated,jbosnu/2009_10/2009_10_30-02_29.txt,,,10,1
2009-10-31,10,0,0,unknown,undated,jbosnu/2009_10/2009_10_31-02_22.txt,,,10,1
2009-11-01,6,0,0,unknown,undated,jbosnu/2009_11/2009_11_01-02_23.txt,,,6,1
2009-11-02,16,0,0,unknown,undated,jbosnu/2009_11/2009_11_02-02_22.txt,,,16,1
2009-11-03,24,0,0,unknown,undated,jbosnu/2009_11/2009_11_03-02_22.txt,,,24,1
2009-11-04,11,0,0,unknown,undated,jbosnu/2009_11/2009_11_04-02_22.txt,,,11,1
2009-11-05,13,0,0,unknown,undated,jbosnu/2009_11/2009_11_05-02_23.txt,,,13,1
2009-11-06,13,0,0,unknown,undated,jbosnu/2009_11/2009_11_06-02_22.txt,,,13,1
2009-11-07,18,0,0,unknown,undated,jbosnu/2009_11/2009_11_07-02_23.txt,,,18,1
2009-11-08,4,0,0,unknown,undated,jbosnu/2009_11/2009_11_08-02_22.txt,,,4,1
2009-11-09,9,0,0,unknown,undated,jbosnu/2009_11/2009_11_09-02_24.txt,,,9,1
2009-11-10,13,0,0,unknown,undated,jbosnu/2009_11/2009_11_10-02_22.txt,,,13,1
2009-11-11,19,0,0,unknown,undated,jbosnu/2009_11/2009_11_11-02_22.txt,,,19,1
2009-11-12,8,0,0,unknown,undated,jbosnu/2009_11/2009_11_12-02_21.txt,,,8,1
2009-11-13,11,0,0,unknown,undated,jbosnu/2009_11/2009_11_13-02_21.txt,,,11,1
2009-11-14,6,0,0,unknown,undated,jbosnu/2009_11/2009_11_14-02_22.txt,,,6,1
2009-11-15,6,0,0,unknown,undated,jbosnu/2009_11/2009_11_15-02_21.txt,,,6,1
2009-11-16,7,0,0,unknown,undated,jbosnu/2009_11/2009_11_16-02_22.txt,,,7,1
2009-11-17,8,0,0,unknown,undated,jbosnu/2009_11/2009_11_17-02_22.txt,,,8,1
2009-11-18,18,0,0,unknown,undated,jbosnu/2009_11/2009_11_18-02_21.txt,,,18,1
2009-11-19,10,0,0,unknown,undated,jbosnu/2009_11/2009_11_19-02_21.txt,,,10,1
2009-11-20,15,0,0,unknown,undated,jbosnu/2009_11/2009_11_20-02_22.txt,,,15,1
2009-11-21,6,0,0,unknown,undated,jbosnu/2009_11/2009_11_21-02_21.txt,,,6,1
2009-11-22,12,0,0,unknown,undated,jbosnu/2009_11/2009_11_22-02_21.txt,,,12,1
2009-11-23,3,0,0,unknown,undated,jbosnu/2009_11/2009_11_23-02_21.txt,,,3,1
2009-11-24,4,0,0,unknown,undated,jbosnu/2009_11/2009_11_24-02_22.txt,,,4,1
2009-11-25,8,0,0,unknown,undated,jbosnu/2009_11/2009_11_25-02_22.txt,,,8,1
2009-11-26,14,0,0,unknown,undated,jbosnu/2009_11/2009_11_26-02_21.txt,,,14,1
2009-11-27,7,0,0,unknown,undated,jbosnu/2009_11/2009_11_27-02_21.txt,,,7,1
2009-11-28,10,0,0,unknown,undated,jbosnu/2009_11/2009_11_28-02_21.txt,,,10,1
2009-11-29,6,0,0,unknown,undated,jbosnu/2009_11/2009_11_29-02_22.txt,,,6,1
2009-11-30,11,0,0,unknown,undated,jbosnu/2009_11/2009_11_30-02_22.txt,,,11,1
2009-12-01,8,0,0,unknown,undated,jbosnu/2009_12/2009_12_01-02_21.txt,,,8,1
2009-12-02,11,0,0,unknown,undated,jbosnu/2009_12/2009_12_02-02_21.txt,,,11,1
2009-12-03,10,0,0,unknown,undated,jbosnu/2009_12/2009_12_03-02_21.txt,,,10,1
2009-12-04,6,0,0,unknown,undated,jbosnu/2009_12/2009_12_04-02_21.txt,,,6,1
2009-12-05,4,0,0,unknown,undated,jbosnu/2009_12/2009_12_05-02_21.txt,,,4,1
2009-12-06,6,0,0,unknown,undated,jbosnu/2009_12/2009_12_06-02_21.txt,,,6,1
2009-12-07,5,0,0,unknown,undated,jbosnu/2009_12/2009_12_07-02_21.txt,,,5,1
2009-12-08,16,0,0,unknown,undated,jbosnu/2009_12/2009_12_08-02_22.txt,,,16,1
2009-12-09,7,0,0,unknown,undated,jbosnu/2009_12/2009_12_09-02_21.txt,,,7,1
2009-12-10,20,0,0,unknown,undated,jbosnu/2009_12/2009_12_10-02_21.txt,,,20,1
2009-12-11,39,0,0,unknown,undated,jbosnu/2009_12/2009_12_11-02_21.txt,,,39,1
2009-12-12,11,0,0,unknown,undated,jbosnu/2009_12/2009_12_12-02_21.txt,,,11,1
2009-12-13,16,0,0,unknown,undated,jbosnu/2009_12/2009_12_13-02_21.txt,,,16,1
2009-12-14,10,0,0,unknown,undated,jbosnu/2009_12/2009_12_14-02_21.txt,,,10,1
2009-12-15,26,0,0,unknown,undated,jbosnu/2009_12/2009_12_15-02_27.txt,,,26,1
2009-12-16,16,0,0,unknown,undated,jbosnu/2009_12/2009_12_16-02_21.txt,,,16,1
2009-12-17,5,0,0,unknown,undated,jbosnu/2009_12/2009_12_17-02_22.txt,,,5,1
2009-12-18,18,0,0,unknown,undated,jbosnu/2009_12/2009_12_18-02_21.txt,,,18,1
2009-12-19,18,0,0,unknown,undated,jbosnu/2009_12/2009_12_19-02_21.txt,,,18,1
2009-12-20,9,0,0,unknown,undated,jbosnu/2009_12/2009_12_20-02_21.txt,,,9,1
2009-12-21,5,0,0,unknown,undated,jbosnu/2009_12/2009_12_21-02_21.txt,,,5,1
2009-12-22,7,0,0,unknown,undated,jbosnu/2009_12/2009_12_22-02_22.txt,,,7,1
2009-12-23,9,0,0,unknown,undated,jbosnu/2009_12/2009_12_23-02_21.txt,,,9,1
2009-12-24,8,0,0,unknown,undated,jbosnu/2009_12/2009_12_24-02_22.txt,,,8,1
2009-12-25,7,0,0,unknown,undated,jbosnu/2009_12/2009_12_25-02_21.txt,,,7,1
2009-12-26,11,0,0,unknown,undated,jbosnu/2009_12/2009_12_26-02_21.txt,,,11,1
2009-12-27,8,0,0,unknown,undated,jbosnu/2009_12/2009_12_27-02_21.txt,,,8,1
2009-12-28,10,0,0,unknown,undated,jbosnu/2009_12/2009_12_28-02_21.txt,,,10,1
2009-12-29,19,0,0,unknown,undated,jbosnu/2009_12/2009_12_29-02_22.txt,,,19,1
2009-12-30,8,0,0,unknown,undated,jbosnu/2009_12/2009_12_30-02_22.txt,,,8,1
2009-12-31,8,0,0,unknown,undated,jbosnu/2009_12/2009_12_31-02_21.txt,,,8,1
2010-01-01,13,0,0,unknown,undated,jbosnu/2010_01/2010_01_01-02_21.txt,,,13,1
2010-01-02,13,0,0,unknown,undated,jbosnu/2010_01/2010_01_02-02_21.txt,,,13,1
2010-01-03,17,0,0,unknown,undated,jbosnu/2010_01/2010_01_03-02_21.txt,,,17,1
2010-01-04,12,0,0,unknown,undated,jbosnu/2010_01/2010_01_04-02_21.txt,,,12,1
2010-01-05,18,0,0,unknown,undated,jbosnu/2010_01/2010_01_05-02_22.txt,,,18,1
2010-01-06,14,0,0,unknown,undated,jbosnu/2010_01/2010_01_06-02_22.txt,,,14,1
2010-01-07,25,0,0,unknown,undated,jbosnu/2010_01/2010_01_07-02_22.txt,,,25,1
2010-01-08,18,0,0,unknown,undated,jbosnu/2010_01/2010_01_08-02_23.txt,,,18,1
2010-01-09,26,0,0,unknown,undated,jbosnu/2010_01/2010_01_09-02_22.txt,,,26,1
2010-01-10,12,0,0,unknown,undated,jbosnu/2010_01/2010_01_10-02_22.txt,,,12,1
2010-01-11,21,0,0,unknown,undated,jbosnu/2010_01/2010_01_11-02_22.txt,,,21,1
2010-01-12,37,0,0,unknown,undated,jbosnu/2010_01/2010_01_12-02_22.txt,,,37,1
2010-01-13,11,0,0,unknown,undated,jbosnu/2010_01/2010_01_13-02_22.txt,,,11,1
2010-01-14,12,0,0,unknown,undated,jbosnu/2010_01/2010_01_14-02_22.txt,,,12,1
2010-01-15,17,0,0,unknown,undated,jbosnu/2010_01/2010_01_15-02_22.txt,,,17,1
2010-01-28,13,0,0,unknown,undated,jbosnu/2010_01/2010_01_28-02_31.txt,,,13,1
2010-01-29,8,0,0,unknown,undated,jbosnu/2010_01/2010_01_29-02_22.txt,,,8,1
2010-01-30,10,0,0,unknown,undated,jbosnu/2010_01/2010_01_30-02_21.txt,,,10,1
2010-01-31,8,0,0,unknown,undated,jbosnu/2010_01/2010_01_31-02_21.txt,,,8,1
2010-02-01,14,1,1,unknown,undated,jbosnu/2010_02/2010_02_01-02_21.txt,,,14,1
2010-02-02,14,1,1,unknown,undated,jbosnu/2010_02/2010_02_02-02_22.txt,,,14,1
2010-02-03,73,67,3,unknown,undated,jbosnu/2010_02/2010_02_03-02_21.txt,,,73,1
2010-02-04,58,48,2,unknown,undated,jbosnu/2010_02/2010_02_04-02_21.txt,,,58,1
2010-02-05,12,4,2,unknown,undated,jbosnu/2010_02/2010_02_05-02_28.txt,,,12,1
2010-02-06,7,0,0,unknown,undated,jbosnu/2010_02/2010_02_06-02_21.txt,,,7,1
2010-02-07,7,3,1,unknown,undated,jbosnu/2010_02/2010_02_07-02_21.txt,,,7,1
2010-02-08,7,2,1,unknown,undated,jbosnu/2010_02/2010_02_08-02_21.txt,,,7,1
2010-02-09,17,1,1,unknown,undated,jbosnu/2010_02/2010_02_09-02_23.txt,,,17,1
2010-02-10,8,1,1,unknown,undated,jbosnu/2010_02/2010_02_10-02_23.txt,,,8,1
2010-02-11,7,0,0,unknown,undated,jbosnu/2010_02/2010_02_11-02_24.txt,,,7,1
2010-02-12,7,1,1,unknown,undated,jbosnu/2010_02/2010_02_12-02_24.txt,,,7,1
2010-02-13,7,1,1,unknown,undated,jbosnu/2010_02/2010_02_13-02_21.txt,,,7,1
2010-02-14,7,1,1,unknown,undated,jbosnu/2010_02/2010_02_14-02_22.txt,,,7,1
2010-02-15,12,1,1,unknown,undated,jbosnu/2010_02/2010_02_15-02_21.txt,,,12,1
2010-02-16,17,1,1,unknown,undated,jbosnu/2010_02/2010_02_16-02_22.txt,,,17,1
2010-02-17,24,1,1,unknown,undated,jbosnu/2010_02/2010_02_17-02_23.txt,,,24,1
2010-02-18,19,1,1,unknown,undated,jbosnu/2010_02/2010_02_18-02_21.txt,,,19,1
2010-02-19,10,1,1,unknown,undated,jbosnu/2010_02/2010_02_19-02_22.txt,,,10,1
2010-02-20,16,1,1,unknown,undated,jbosnu/2010_02/2010_02_20-02_22.txt,,,16,1
2010-02-21,15,1,1,unknown,undated,jbosnu/2010_02/2010_02_21-02_26.txt,,,15,1
2010-02-22,13,1,1,unknown,undated,jbosnu/2010_02/2010_02_22-02_24.txt,,,13,1
2010-02-23,22,1,1,unknown,undated,jbosnu/2010_02/2010_02_23-02_26.txt,,,22,1
2010-02-24,15,1,1,unknown,undated,jbosnu/2010_02/2010_02_24-02_22.txt,,,15,1
2010-02-25,8,1,1,unknown,undated,jbosnu/2010_02/2010_02_25-02_21.txt,,,8,1
2010-02-26,16,3,2,unknown,undated,jbosnu/2010_02/2010_02_26-02_22.txt,,,16,1
2010-02-27,12,1,1,unknown,undated,jbosnu/2010_02/2010_02_27-02_22.txt,,,12,1
2010-02-28,6,1,1,unknown,undated,jbosnu/2010_02/2010_02_28-02_21.txt,,,6,1
2010-03-01,4,1,1,unknown,undated,jbosnu/2010_03/2010_03_01-02_21.txt,,,4,1
2010-03-02,15,1,1,unknown,undated,jbosnu/2010_03/2010_03_02-02_22.txt,,,15,1
2010-03-03,13,1,1,unknown,undated,jbosnu/2010_03/2010_03_03-02_21.txt,,,13,1
2010-03-04,7,1,1,unknown,undated,jbosnu/2010_03/2010_03_04-02_22.txt,,,7,1
2010-03-05,13,1,1,unknown,undated,jbosnu/2010_03/2010_03_05-02_23.txt,,,13,1
2010-03-06,13,1,1,unknown,undated,jbosnu/2010_03/2010_03_06-02_21.txt,,,13,1
2010-03-07,9,1,1,unknown,undated,jbosnu/2010_03/2010_03_07-02_21.txt,,,9,1
2010-03-08,7,1,1,unknown,undated,jbosnu/2010_03/2010_03_08-02_33.txt,,,7,1
2010-03-09,12,1,1,unknown,undated,jbosnu/2010_03/2010_03_09-02_23.txt,,,12,1
2010-03-10,17,1,1,unknown,undated,jbosnu/2010_03/2010_03_10-02_25.txt,,,17,1
2010-03-11,13,1,1,unknown,undated,jbosnu/2010_03/2010_03_11-02_26.txt,,,13,1
2010-03-12,16,1,1,unknown,undated,jbosnu/2010_03/2010_03_12-02_23.txt,,,16,1
2010-03-13,12,1,1,unknown,undated,jbosnu/2010_03/2010_03_13-02_22.txt,,,12,1
2010-03-15,27,1,1,unknown,undated,jbosnu/2010_03/2010_03_15-03_48.txt,,,27,1
2010-03-16,13,1,1,unknown,undated,jbosnu/2010_03/2010_03_16-02_23.txt,,,13,1
2010-03-17,13,1,1,unknown,undated,jbosnu/2010_03/2010_03_17-02_22.txt,,,13,1
2010-03-18,12,1,1,unknown,undated,jbosnu/2010_03/2010_03_18-02_22.txt,,,12,1
2010-03-19,15,1,1,unknown,undated,jbosnu/2010_03/2010_03_19-02_22.txt,,,15,1
2010-03-20,14,1,1,unknown,undated,jbosnu/2010_03/2010_03_20-02_22.txt,,,14,1
2010-03-21,7,1,1,unknown,undated,jbosnu/2010_03/2010_03_21-02_22.txt,,,7,1
2010-03-22,16,1,1,unknown,undated,jbosnu/2010_03/2010_03_22-02_22.txt,,,16,1
2010-03-23,17,1,1,unknown,undated,jbosnu/2010_03/2010_03_23-02_22.txt,,,17,1
2010-03-24,12,1,1,unknown,undated,jbosnu/2010_03/2010_03_24-02_23.txt,,,12,1
2010-03-25,11,1,1,unknown,undated,jbosnu/2010_03/2010_03_25-02_22.txt,,,11,1
2010-03-27,9,1,1,unknown,undated,jbosnu/2010_03/2010_03_27-02_21.txt,,,9,1
2010-03-28,7,1,1,unknown,undated,jbosnu/2010_03/2010_03_28-02_21.txt,,,7,1
2010-03-29,13,1,1,unknown,undated,jbosnu/2010_03/2010_03_29-02_22.txt,,,13,1
2010-03-30,12,2,1,unknown,undated,jbosnu/2010_03/2010_03_30-02_21.txt,,,12,1
2010-03-31,13,1,1,unknown,undated,jbosnu/2010_03/2010_03_31-02_22.txt,,,13,1
2010-04-01,11,2,1,unknown,undated,jbosnu/2010_04/2010_04_01-02_22.txt,,,11,1
2010-04-02,13,1,1,unknown,undated,jbosnu/2010_04/2010_04_02-02_21.txt,,,13,1
2010-04-03,18,1,1,unknown,undated,jbosnu/2010_04/2010_04_03-02_22.txt,,,18,1
2010-04-04,10,1,1,unknown,undated,jbosnu/2010_04/2010_04_04-02_21.txt,,,10,1
2010-04-05,7,1,1,unknown,undated,jbosnu/2010_04/2010_04_05-02_22.txt,,,7,1
2010-04-06,10,1,1,unknown,undated,jbosnu/2010_04/2010_04_06-02_22.txt,,,10,1
2010-04-07,10,1,1,unknown,undated,jbosnu/2010_04/2010_04_07-02_23.txt,,,10,1
2010-04-08,9,1,1,unknown,undated,jbosnu/2010_04/2010_04_08-02_23.txt,,,9,1
2010-04-09,15,1,1,unknown,undated,jbosnu/2010_04/2010_04_09-02_28.txt,,,15,1
2010-04-10,15,1,1,unknown,undated,jbosnu/2010_04/2010_04_10-02_22.txt,,,15,1
2010-04-11,7,1,1,unknown,undated,jbosnu/2010_04/2010_04_11-02_22.txt,,,7,1
2010-04-12,10,1,1,unknown,undated,jbosnu/2010_04/2010_04_12-02_24.txt,,,10,1
2010-04-13,11,1,1,unknown,undated,jbosnu/2010_04/2010_04_13-02_24.txt,,,11,1
2010-04-14,10,1,1,unknown,undated,jbosnu/2010_04/2010_04_14-02_23.txt,,,10,1
2010-04-15,16,1,1,unknown,undated,jbosnu/2010_04/2010_04_15-02_22.txt,,,16,1
2010-04-16,9,1,1,unknown,undated,jbosnu/2010_04/2010_04_16-02_21.txt,,,9,1
2010-04-17,5,1,1,unknown,undated,jbosnu/2010_04/2010_04_17-02_21.txt,,,5,1
2010-04-18,10,1,1,unknown,undated,jbosnu/2010_04/2010_04_18-02_21.txt,,,10,1
2010-04-19,15,1,1,unknown,undated,jbosnu/2010_04/2010_04_19-02_21.txt,,,15,1
2010-04-20,16,2,1,unknown,undated,jbosnu/2010_04/2010_04_20-02_21.txt,,,16,1
2010-04-21,18,1,1,unknown,undated,jbosnu/2010_04/2010_04_21-02_21.txt,,,18,1
2010-04-22,15,2,2,unknown,undated,jbosnu/2010_04/2010_04_22-02_21.txt,,,15,1
2010-04-23,25,1,1,unknown,undated,jbosnu/2010_04/2010_04_23-02_21.txt,,,25,1
2010-04-24,32,2,2,unknown,undated,jbosnu/2010_04/2010_04_24-02_21.txt,,,32,1
2010-04-25,17,1,1,unknown,undated,jbosnu/2010_04/2010_04_25-02_21.txt,,,17,1
2010-04-26,11,1,1,unknown,undated,jbosnu/2010_04/2010_04_26-02_21.txt,,,11,1
2010-04-27,9,1,1,unknown,undated,jbosnu/2010_04/2010_04_27-02_21.txt,,,9,1
2010-04-28,10,2,1,unknown,undated,jbosnu/2010_04/2010_04_28-02_21.txt,,,10,1
2010-04-29,13,1,1,unknown,undated,jbosnu/2010_04/2010_04_29-02_21.txt,,,13,1
2010-04-30,12,1,1,unknown,undated,jbosnu/2010_04/2010_04_30-02_21.txt,,,12,1
2010-05-01,12,1,1,unknown,undated,jbosnu/2010_05/2010_05_01-02_21.txt,,,12,1
2010-05-02,9,1,1,unknown,undated,jbosnu/2010_05/2010_05_02-02_21.txt,,,9,1
2010-05-03,10,1,1,unknown,undated,jbosnu/2010_05/2010_05_03-02_21.txt,,,10,1
2010-05-04,13,1,1,unknown,undated,jbosnu/2010_05/2010_05_04-02_21.txt,,,13,1
2010-05-05,8,1,1,unknown,undated,jbosnu/2010_05/2010_05_05-02_21.txt,,,8,1
2010-05-06,8,1,1,unknown,undated,jbosnu/2010_05/2010_05_06-02_21.txt,,,8,1
2010-05-07,11,1,1,unknown,undated,jbosnu/2010_05/2010_05_07-02_21.txt,,,11,1
2010-05-08,15,1,1,unknown,undated,jbosnu/2010_05/2010_05_08-02_21.txt,,,15,1
2010-05-09,10,1,1,unknown,undated,jbosnu/2010_05/2010_05_09-02_21.txt,,,10,1
2010-05-10,13,1,1,unknown,undated,jbosnu/2010_05/2010_05_10-02_21.txt,,,13,1
2010-05-11,12,1,1,unknown,undated,jbosnu/2010_05/2010_05_11-02_21.txt,,,12,1
2010-05-12,10,1,1,unknown,undated,jbosnu/2010_05/2010_05_12-02_21.txt,,,10,1
2010-05-13,8,1,1,unknown,undated,jbosnu/2010_05/2010_05_13-02_21.txt,,,8,1
2010-05-14,10,1,1,unknown,undated,jbosnu/2010_05/2010_05_14-02_21.txt,,,10,1
2010-05-15,12,1,1,unknown,undated,jbosnu/2010_05/2010_05_15-02_21.txt,,,12,1
2010-05-16,9,1,1,unknown,undated,jbosnu/2010_05/2010_05_16-02_21.txt,,,9,1
2010-05-17,12,1,1,unknown,undated,jbosnu/2010_05/2010_05_17-02_21.txt,,,12,1
2010-05-18,21,1,1,unknown,undated,jbosnu/2010_05/2010_05_18-02_21.txt,,,21,1
2010-05-19,12,1,1,unknown,undated,jbosnu/2010_05/2010_05_19-02_21.txt,,,12,1
2010-05-20,12,1,1,unknown,undated,jbosnu/2010_05/2010_05_20-02_21.txt,,,12,1
2010-05-21,10,1,1,unknown,undated,jbosnu/2010_05/2010_05_21-02_21.txt,,,10,1
2010-05-22,19,2,2,unknown,undated,jbosnu/2010_05/2010_05_22-02_21.txt,,,19,1
2010-05-23,12,1,1,unknown,undated,jbosnu/2010_05/2010_05_23-02_21.txt,,,12,1
2010-05-24,12,2,1,unknown,undated,jbosnu/2010_05/2010_05_24-02_21.txt,,,12,1
2010-05-25,11,1,1,unknown,undated,jbosnu/2010_05/2010_05_25-02_21.txt,,,11,1
2010-05-26,9,1,1,unknown,undated,jbosnu/2010_05/2010_05_26-02_21.txt,,,9,1
2010-05-27,12,1,1,unknown,undated,jbosnu/2010_05/2010_05_27-02_21.txt,,,12,1
2010-05-28,10,1,1,unknown,undated,jbosnu/2010_05/2010_05_28-02_21.txt,,,10,1
2010-05-29,8,1,1,unknown,undated,jbosnu/2010_05/2010_05_29-02_21.txt,,,8,1
2010-05-30,14,1,1,unknown,undated,jbosnu/2010_05/2010_05_30-02_21.txt,,,14,1
2010-05-31,11,1,1,unknown,undated,jbosnu/2010_05/2010_05_31-02_21.txt,,,11,1
2010-06-01,14,1,1,unknown,undated,jbosnu/2010_06/2010_06_01-02_21.txt,,,14,1
2010-06-02,18,2,2,unknown,undated,jbosnu/2010_06/2010_06_02-02_21.txt,,,18,1
2010-06-03,11,1,1,unknown,undated,jbosnu/2010_06/2010_06_03-02_21.txt,,,11,1
2010-06-04,13,1,1,unknown,undated,jbosnu/2010_06/2010_06_04-02_21.txt,,,13,1
2010-06-05,9,1,1,unknown,undated,jbosnu/2010_06/2010_06_05-02_21.txt,,,9,1
2010-06-06,10,1,1,unknown,undated,jbosnu/2010_06/2010_06_06-02_21.txt,,,10,1
2010-06-07,18,1,1,unknown,undated,jbosnu/2010_06/2010_06_07-02_21.txt,,,18,1
2010-06-08,10,1,1,unknown,undated,jbosnu/2010_06/2010_06_08-02_21.txt,,,10,1
2010-06-09,15,1,1,unknown,undated,jbosnu/2010_06/2010_06_09-02_21.txt,,,15,1
2010-06-10,11,1,1,unknown,undated,jbosnu/2010_06/2010_06_10-02_21.txt,,,11,1
2010-06-11,22,1,1,unknown,undated,jbosnu/2010_06/2010_06_11-02_21.txt,,,22,1
2010-06-12,14,1,1,unknown,undated,jbosnu/2010_06/2010_06_12-02_21.txt,,,14,1
2010-06-13,23,1,1,unknown,undated,jbosnu/2010_06/2010_06_13-02_21.txt,,,23,1
2010-06-14,11,1,1,unknown,undated,jbosnu/2010_06/2010_06_14-02_21.txt,,,11,1
2010-06-15,14,1,1,unknown,undated,jbosnu/2010_06/2010_06_15-02_21.txt,,,14,1
2010-06-16,18,1,1,unknown,undated,jbosnu/2010_06/2010_06_16-02_21.txt,,,18,1
2010-06-17,14,2,1,unknown,undated,jbosnu/2010_06/2010_06_17-02_21.txt,,,14,1
2010-06-18,10,1,1,unknown,undated,jbosnu/2010_06/2010_06_18-02_21.txt,,,10,1
2010-06-19,18,1,1,unknown,undated,jbosnu/2010_06/2010_06_19-02_21.txt,,,18,1
2010-06-20,12,1,1,unknown,undated,jbosnu/2010_06/2010_06_20-02_21.txt,,,12,1
2010-06-21,20,1,1,unknown,undated,jbosnu/2010_06/2010_06_21-02_21.txt,,,20,1
2010-06-22,9,2,1,unknown,undated,jbosnu/2010_06/2010_06_22-02_21.txt,,,9,1
2010-06-23,20,1,1,unknown,undated,jbosnu/2010_06/2010_06_23-02_21.txt,,,20,1
2010-06-24,13,1,1,unknown,undated,jbosnu/2010_06/2010_06_24-02_21.txt,,,13,1
2010-06-25,14,1,1,unknown,undated,jbosnu/2010_06/2010_06_25-02_21.txt,,,14,1
2010-06-26,8,1,1,unknown,undated,jbosnu/2010_06/2010_06_26-02_21.txt,,,8,1
2010-06-27,13,1,1,unknown,undated,jbosnu/2010_06/2010_06_27-02_21.txt,,,13,1
2010-06-28,13,1,1,unknown,undated,jbosnu/2010_06/2010_06_28-02_21.txt,,,13,1
2010-06-29,20,1,1,unknown,undated,jbosnu/2010_06/2010_06_29-02_21.txt,,,20,1
2010-06-30,14,1,1,unknown,undated,jbosnu/2010_06/2010_06_30-02_21.txt,,,14,1
2010-07-01,16,2,1,unknown,undated,jbosnu/2010_07/2010_07_01-02_21.txt,,,16,1
2010-07-02,12,1,1,unknown,undated,jbosnu/2010_07/2010_07_02-02_21.txt,,,12,1
2010-07-03,14,1,1,unknown,undated,jbosnu/2010_07/2010_07_03-02_21.txt,,,14,1
2010-07-04,16,1,1,unknown,undated,jbosnu/2010_07/2010_07_04-02_21.txt,,,16,1
2010-07-05,9,1,1,unknown,undated,jbosnu/2010_07/2010_07_05-02_21.txt,,,9,1
2010-07-06,10,1,1,unknown,undated,jbosnu/2010_07/2010_07_06-02_21.txt,,,10,1
2010-07-07,13,1,1,unknown,undated,jbosnu/2010_07/2010_07_07-02_21.txt,,,13,1
2010-07-08,15,1,1,unknown,undated,jbosnu/2010_07/2010_07_08-02_21.txt,,,15,1
2010-07-09,14,1,1,unknown,undated,jbosnu/2010_07/2010_07_09-02_21.txt,,,14,1
2010-07-10,22,1,1,unknown,undated,jbosnu/2010_07/2010_07_10-02_21.txt,,,22,1
2010-07-11,16,1,1,unknown,undated,jbosnu/2010_07/2010_07_11-02_21.txt,,,16,1
2010-07-12,15,2,1,unknown,undated,jbosnu/2010_07/2010_07_12-02_21.txt,,,15,1
2010-07-13,13,1,1,unknown,undated,jbosnu/2010_07/2010_07_13-02_21.txt,,,13,1
2010-07-14,16,1,1,unknown,undated,jbosnu/2010_07/2010_07_14-02_21.txt,,,16,1
2010-07-15,14,1,1,unknown,undated,jbosnu/2010_07/2010_07_15-02_21.txt,,,14,1
2010-07-16,13,1,1,unknown,undated,jbosnu/2010_07/2010_07_16-02_21.txt,,,13,1
2010-07-17,20,1,1,unknown,undated,jbosnu/2010_07/2010_07_17-02_21.txt,,,20,1
2010-07-18,14,1,1,unknown,undated,jbosnu/2010_07/2010_07_18-02_21.txt,,,14,1
2010-07-19,21,1,1,unknown,undated,jbosnu/2010_07/2010_07_19-02_21.txt,,,21,1
2010-07-20,15,2,1,unknown,undated,jbosnu/2010_07/2010_07_20-02_21.txt,,,15,1
2010-07-21,15,1,1,unknown,undated,jbosnu/2010_07/2010_07_21-02_21.txt,,,15,1
2010-07-22,20,1,1,unknown,undated,jbosnu/2010_07/2010_07_22-02_21.txt,,,20,1
2010-07-23,14,1,1,unknown,undated,jbosnu/2010_07/2010_07_23-02_21.txt,,,14,1
2010-07-24,19,1,1,unknown,undated,jbosnu/2010_07/2010_07_24-02_21.txt,,,19,1
2010-07-25,18,1,1,unknown,undated,jbosnu/2010_07/2010_07_25-02_21.txt,,,18,1
2010-07-26,9,1,1,unknown,undated,jbosnu/2010_07/2010_07_26-02_21.txt,,,9,1
2010-07-27,23,2,1,unknown,undated,jbosnu/2010_07/2010_07_27-02_21.txt,,,23,1
2010-07-28,24,1,1,unknown,undated,jbosnu/2010_07/2010_07_28-02_21.txt,,,24,1
2010-07-29,12,1,1,unknown,undated,jbosnu/2010_07/2010_07_29-02_21.txt,,,12,1
2010-07-30,18,2,2,unknown,undated,jbosnu/2010_07/2010_07_30-02_21.txt,,,18,1
2010-07-31,17,1,1,unknown,undated,jbosnu/2010_07/2010_07_31-02_21.txt,,,17,1
2010-08-01,18,1,1,unknown,undated,jbosnu/2010_08/2010_08_01-02_21.txt,,,18,1
2010-08-02,11,1,1,unknown,undated,jbosnu/2010_08/2010_08_02-02_21.txt,,,11,1
2010-08-03,29,2,2,unknown,undated,jbosnu/2010_08/2010_08_03-02_21.txt,,,29,1
2010-08-04,17,1,1,unknown,undated,jbosnu/2010_08/2010_08_04-02_21.txt,,,17,1
2010-08-05,15,1,1,unknown,undated,jbosnu/2010_08/2010_08_05-02_21.txt,,,15,1
2010-08-06,19,1,1,unknown,undated,jbosnu/2010_08/2010_08_06-02_21.txt,,,19,1
2010-08-07,5,1,1,unknown,undated,jbosnu/2010_08/2010_08_07-02_21.txt,,,5,1
2010-08-08,10,1,1,unknown,undated,jbosnu/2010_08/2010_08_08-02_21.txt,,,10,1
2010-08-09,8,1,1,unknown,undated,jbosnu/2010_08/2010_08_09-02_21.txt,,,8,1
2010-08-10,14,1,1,unknown,undated,jbosnu/2010_08/2010_08_10-02_21.txt,,,14,1
2010-08-11,19,1,1,unknown,undated,jbosnu/2010_08/2010_08_11-02_21.txt,,,19,1
2010-08-13,9,1,1,unknown,undated,jbosnu/2010_08/2010_08_13-02_21.txt,,,9,1
2010-08-14,16,1,1,unknown,undated,jbosnu/2010_08/2010_08_14-02_21.txt,,,16,1
2010-08-15,17,1,1,unknown,undated,jbosnu/2010_08/2010_08_15-02_21.txt,,,17,1
2010-08-16,17,1,1,unknown,undated,jbosnu/2010_08/2010_08_16-02_21.txt,,,17,1
2010-08-17,11,1,1,unknown,undated,jbosnu/2010_08/2010_08_17-02_21.txt,,,11,1
2010-08-18,19,1,1,unknown,undated,jbosnu/2010_08/2010_08_18-02_21.txt,,,19,1
2010-08-19,28,3,2,unknown,undated,jbosnu/2010_08/2010_08_19-02_21.txt,,,28,1
2010-08-20,34,1,1,unknown,undated,jbosnu/2010_08/2010_08_20-02_21.txt,,,34,1
2010-08-21,16,1,1,unknown,undated,jbosnu/2010_08/2010_08_21-02_21.txt,,,16,1
2010-08-22,14,1,1,unknown,undated,jbosnu/2010_08/2010_08_22-02_21.txt,,,14,1
2010-08-23,18,1,1,unknown,undated,jbosnu/2010_08/2010_08_23-02_21.txt,,,18,1
2010-08-24,14,1,1,unknown,undated,jbosnu/2010_08/2010_08_24-02_21.txt,,,14,1
2010-08-25,17,1,1,unknown,undated,jbosnu/2010_08/2010_08_25-02_21.txt,,,17,1
2010-08-26,22,1,1,unknown,undated,jbosnu/2010_08/2010_08_26-02_21.txt,,,22,1
2010-08-27,15,1,1,unknown,undated,jbosnu/2010_08/2010_08_27-02_21.txt,,,15,1
2010-08-28,21,2,2,unknown,undated,jbosnu/2010_08/2010_08_28-02_21.txt,,,21,1
2010-08-29,17,2,1,unknown,undated,jbosnu/2010_08/2010_08_29-02_21.txt,,,17,1
2010-08-30,9,1,1,unknown,undated,jbosnu/2010_08/2010_08_30-02_21.txt,,,9,1
2010-08-31,14,1,1,unknown,undated,jbosnu/2010_08/2010_08_31-02_21.txt,,,14,1
2010-09-01,38,1,1,unknown,undated,jbosnu/2010_09/2010_09_01-02_21.txt,,,38,1
2010-09-02,22,2,2,unknown,undated,jbosnu/2010_09/2010_09_02-02_21.txt,,,22,1
2010-09-03,27,1,1,unknown,undated,jbosnu/2010_09/2010_09_03-02_21.txt,,,27,1
2010-09-04,10,1,1,unknown,undated,jbosnu/2010_09/2010_09_04-02_21.txt,,,10,1
2010-09-05,19,1,1,unknown,undated,jbosnu/2010_09/2010_09_05-02_21.txt,,,19,1
2010-09-06,7,1,1,unknown,undated,jbosnu/2010_09/2010_09_06-02_21.txt,,,7,1
2010-09-07,7,1,1,unknown,undated,jbosnu/2010_09/2010_09_07-02_21.txt,,,7,1
2010-09-08,23,1,1,unknown,undated,jbosnu/2010_09/2010_09_08-02_21.txt,,,23,1
2010-09-09,15,1,1,unknown,undated,jbosnu/2010_09/2010_09_09-02_21.txt,,,15,1
2010-09-10,24,1,1,unknown,undated,jbosnu/2010_09/2010_09_10-02_21.txt,,,24,1
2010-09-11,17,1,1,unknown,undated,jbosnu/2010_09/2010_09_11-02_21.txt,,,17,1
2010-09-12,26,2,2,unknown,undated,jbosnu/2010_09/2010_09_12-02_21.txt,,,26,1
2010-09-13,13,1,1,unknown,undated,jbosnu/2010_09/2010_09_13-02_21.txt,,,13,1
2010-09-14,17,1,1,unknown,undated,jbosnu/2010_09/2010_09_14-02_21.txt,,,17,1
2010-09-15,15,1,1,unknown,undated,jbosnu/2010_09/2010_09_15-02_21.txt,,,15,1
2010-09-16,11,1,1,unknown,undated,jbosnu/2010_09/2010_09_16-02_21.txt,,,11,1
2010-09-17,9,1,1,unknown,undated,jbosnu/2010_09/2010_09_17-02_21.txt,,,9,1
2010-09-18,15,1,1,unknown,undated,jbosnu/2010_09/2010_09_18-02_21.txt,,,15,1
2010-09-19,10,1,1,unknown,undated,jbosnu/2010_09/2010_09_19-02_21.txt,,,10,1
2010-09-20,15,1,1,unknown,undated,jbosnu/2010_09/2010_09_20-02_21.txt,,,15,1
2010-11-24,249,249,7,-0500,iso,jbosnu/2010_11/2010_11_24.txt,,,,1
2010-11-25,125,125,6,-0500,iso,jbosnu/2010_11/2010_11_25.txt,,,,1
2010-11-26,16,16,3,-0500,iso,jbosnu/2010_11/2010_11_26.txt,,,,1
2010-11-27,2,2,1,-0500,iso,jbosnu/2010_11/2010_11_27.txt,,,,1
2010-11-28,1,1,1,-0500,iso,jbosnu/2010_11/2010_11_28.txt,,,,1
2010-11-29,8,8,3,-0500,iso,jbosnu/2010_11/2010_11_29.txt,,,,1
2010-11-30,84,84,4,-0500,iso,jbosnu/2010_11/2010_11_30.txt,,,,1
2010-12-01,1,1,1,-0500,iso,jbosnu/2010_12/2010_12_01.txt,,,,1
2010-12-03,33,33,3,-0500,iso,jbosnu/2010_12/2010_12_03.txt,,,,1
2010-12-07,9,9,4,-0500,iso,jbosnu/2010_12/2010_12_07.txt,,,,1
2010-12-08,1,1,1,-0500,iso,jbosnu/2010_12/2010_12_08.txt,,,,1
2010-12-14,1,1,1,-0500,iso,jbosnu/2010_12/2010_12_14.txt,,,,1
2011-03-03,2,2,1,-0500,iso,jbosnu/2011_03/2011_03_03.txt,,,,1
2011-03-06,1,1,1,-0500,iso,jbosnu/2011_03/2011_03_06.txt,,,,1
2011-07-27,4,4,2,-0400,iso,jbosnu/2011_07/2011_07_27.txt,,,,1
2011-07-28,60,60,6,-0400,iso,jbosnu/2011_07/2011_07_28.txt,,,,1
2011-07-29,18,18,2,-0400,iso,jbosnu/2011_07/2011_07_29.txt,,,,1
2011-07-31,1,1,1,-0400,iso,jbosnu/2011_07/2011_07_31.txt,,,,1
2011-08-02,33,33,4,-0400,iso,jbosnu/2011_08/2011_08_02.txt,,,,1
2011-08-03,12,12,2,-0400,iso,jbosnu/2011_08/2011_08_03.txt,,,,1
2011-08-04,5,5,1,-0400,iso,jbosnu/2011_08/2011_08_04.txt,,,,1
2011-08-05,13,13,2,-0400,iso,jbosnu/2011_08/2011_08_05.txt,,,,1
2011-08-06,1,1,1,-0400,iso,jbosnu/2011_08/2011_08_06.txt,,,,1
2011-08-07,1,1,1,-0400,iso,jbosnu/2011_08/2011_08_07.txt,,,,1
2011-08-23,14,14,3,-0400,iso,jbosnu/2011_08/2011_08_23.txt,,,,1
2011-08-25,6,6,2,-0400,iso,jbosnu/2011_08/2011_08_25.txt,,,,1
2011-08-26,1,1,1,-0400,iso,jbosnu/2011_08/2011_08_26.txt,,,,1
2011-08-27,29,29,2,-0400,iso,jbosnu/2011_08/2011_08_27.txt,,,,1
2011-08-28,1,1,1,-0400,iso,jbosnu/2011_08/2011_08_28.txt,,,,1
2011-08-31,5,5,2,-0700,iso,jbosnu/2011_08/2011_08_31.txt,,,,1
2011-09-03,1,1,1,-0700,iso,jbosnu/2011_09/2011_09_03.txt,,,,1
2011-09-07,7,7,2,-0700,iso,jbosnu/2011_09/2011_09_07.txt,,,,1
2011-10-21,23,23,4,-0700,iso,jbosnu/2011_10/2011_10_21.txt,,,,1
2011-10-22,1,1,1,-0700,iso,jbosnu/2011_10/2011_10_22.txt,,,,1
2011-10-25,9,9,2,-0700,iso,jbosnu/2011_10/2011_10_25.txt,,,,1
2011-11-21,1,1,1,-0800,iso,jbosnu/2011_11/2011_11_21.txt,,,,1
2011-11-23,7,7,2,-0800,iso,jbosnu/2011_11/2011_11_23.txt,,,,1
2011-11-24,3,3,2,-0800,iso,jbosnu/2011_11/2011_11_24.txt,,,,1
2012-01-08,583,583,9,-0800,iso,jbosnu/2012_01/2012_01_08.txt,,,,1
2012-01-09,1084,1084,9,-0800,iso,jbosnu/2012_01/2012_01_09.txt,,,,1
2012-01-10,304,304,8,-0800,iso,jbosnu/2012_01/2012_01_10.txt,,,,1
2012-01-11,21,21,6,-0800,iso,jbosnu/2012_01/2012_01_11.txt,,,,1
2012-01-12,66,66,6,-0800,iso,jbosnu/2012_01/2012_01_12.txt,,,,1
2012-01-13,302,302,8,-0800,iso,jbosnu/2012_01/2012_01_13.txt,,,,1
2012-01-16,101,101,6,-0800,iso,jbosnu/2012_01/2012_01_16.txt,,,,1
2012-01-17,8,8,4,-0800,iso,jbosnu/2012_01/2012_01_17.txt,,,,1
2012-01-18,382,382,9,-0800,iso,jbosnu/2012_01/2012_01_18.txt,,,,1
2012-01-19,394,394,10,-0800,iso,jbosnu/2012_01/2012_01_19.txt,,,,1
2012-01-20,151,151,8,-0800,iso,jbosnu/2012_01/2012_01_20.txt,,,,1
2012-01-22,68,68,7,-0800,iso,jbosnu/2012_01/2012_01_22.txt,,,,1
2012-01-23,33,33,7,-0800,iso,jbosnu/2012_01/2012_01_23.txt,,,,1
2012-01-24,388,388,6,-0800,iso,jbosnu/2012_01/2012_01_24.txt,,,,1
2012-01-25,308,308,9,-0800,iso,jbosnu/2012_01/2012_01_25.txt,,,,1
2012-01-26,114,114,7,-0800,iso,jbosnu/2012_01/2012_01_26.txt,,,,1
2012-01-27,230,230,6,-0800,iso,jbosnu/2012_01/2012_01_27.txt,,,,1
2012-01-28,136,136,4,-0800,iso,jbosnu/2012_01/2012_01_28.txt,,,,1
2012-01-29,57,57,6,-0800,iso,jbosnu/2012_01/2012_01_29.txt,,,,1
2012-01-30,1,1,1,-0800,iso,jbosnu/2012_01/2012_01_30.txt,,,,1
2012-02-02,44,44,4,-0800,iso,jbosnu/2012_02/2012_02_02.txt,,,,1
2012-02-04,11,11,3,-0800,iso,jbosnu/2012_02/2012_02_04.txt,,,,1
2012-02-07,1,1,1,-0800,iso,jbosnu/2012_02/2012_02_07.txt,,,,1
2012-02-09,60,60,2,-0800,iso,jbosnu/2012_02/2012_02_09.txt,,,,1
2012-02-10,8,8,4,-0800,iso,jbosnu/2012_02/2012_02_10.txt,,,,1
2012-02-11,51,51,2,-0800,iso,jbosnu/2012_02/2012_02_11.txt,,,,1
2012-02-13,1,1,1,-0800,iso,jbosnu/2012_02/2012_02_13.txt,,,,1
2012-02-14,1,1,1,-0800,iso,jbosnu/2012_02/2012_02_14.txt,,,,1
2012-02-16,126,126,6,-0800,iso,jbosnu/2012_02/2012_02_16.txt,,,,1
2012-02-17,43,43,5,-0800,iso,jbosnu/2012_02/2012_02_17.txt,,,,1
2012-02-20,15,15,5,-0800,iso,jbosnu/2012_02/2012_02_20.txt,,,,1
2012-02-25,31,31,2,-0800,iso,jbosnu/2012_02/2012_02_25.txt,,,,1
2012-02-27,21,21,5,-0800,iso,jbosnu/2012_02/2012_02_27.txt,,,,1
2012-02-28,14,14,2,-0800,iso,jbosnu/2012_02/2012_02_28.txt,,,,1
2012-03-02,81,81,5,-0800,iso,jbosnu/2012_03/2012_03_02.txt,,,,1
2012-03-04,107,107,6,-0800,iso,jbosnu/2012_03/2012_03_04.txt,,,,1
2012-03-06,30,30,2,-0800,iso,jbosnu/2012_03/2012_03_06.txt,,,,1
2012-03-08,50,50,2,-0800,iso,jbosnu/2012_03/2012_03_08.txt,,,,1
2012-03-09,2,2,1,-0800,iso,jbosnu/2012_03/2012_03_09.txt,,,,1
2012-03-10,25,25,3,-0800,iso,jbosnu/2012_03/2012_03_10.txt,,,,1
2012-03-11,6,6,4,-0700,iso,jbosnu/2012_03/2012_03_11.txt,,,,1
2012-03-12,61,61,4,-0700,iso,jbosnu/2012_03/2012_03_12.txt,,,,1
2012-03-18,15,15,3,-0700,iso,jbosnu/2012_03/2012_03_18.txt,,,,1
2012-03-20,6,6,2,-0700,iso,jbosnu/2012_03/2012_03_20.txt,,,,1
2012-03-21,1,1,1,-0700,iso,jbosnu/2012_03/2012_03_21.txt,,,,1
2012-03-25,6,6,2,-0700,iso,jbosnu/2012_03/2012_03_25.txt,,,,1
2012-03-28,24,24,4,-0700,iso,jbosnu/2012_03/2012_03_28.txt,,,,1
2012-03-29,14,14,2,-0700,iso,jbosnu/2012_03/2012_03_29.txt,,,,1
2012-03-30,1,1,1,-0700,iso,jbosnu/2012_03/2012_03_30.txt,,,,1
2012-04-03,4,4,2,-0700,iso,jbosnu/2012_04/2012_04_03.txt,,,,1
2012-04-08,77,77,5,-0700,iso,jbosnu/2012_04/2012_04_08.txt,,,,1
2012-04-09,128,128,8,-0700,iso,jbosnu/2012_04/2012_04_09.txt,,,,1
2012-04-10,54,54,5,-0700,iso,jbosnu/2012_04/2012_04_10.txt,,,,1
2012-04-11,10,10,3,-0700,iso,jbosnu/2012_04/2012_04_11.txt,,,,1
2012-04-18,39,39,4,-0700,iso,jbosnu/2012_04/2012_04_18.txt,,,,1
2012-04-19,3,3,3,-0700,iso,jbosnu/2012_04/2012_04_19.txt,,,,1
2012-04-25,2,2,1,-0700,iso,jbosnu/2012_04/2012_04_25.txt,,,,1
2012-05-05,11,11,2,-0700,iso,jbosnu/2012_05/2012_05_05.txt,,,,1
2012-05-07,14,14,3,-0700,iso,jbosnu/2012_05/2012_05_07.txt,,,,1
2012-05-16,11,11,2,-0700,iso,jbosnu/2012_05/2012_05_16.txt,,,,1
2012-05-18,1,1,1,-0700,iso,jbosnu/2012_05/2012_05_18.txt,,,,1
2012-05-19,2,2,1,-0700,iso,jbosnu/2012_05/2012_05_19.txt,,,,1
2012-06-05,2,2,1,-0700,iso,jbosnu/2012_06/2012_06_05.txt,,,,1
2012-06-10,9,9,2,-0700,iso,jbosnu/2012_06/2012_06_10.txt,,,,1
2012-06-13,2,2,2,-0700,iso,jbosnu/2012_06/2012_06_13.txt,,,,1
2012-06-14,7,7,1,-0700,iso,jbosnu/2012_06/2012_06_14.txt,,,,1
2012-06-15,1,1,1,-0700,iso,jbosnu/2012_06/2012_06_15.txt,,,,1
2012-06-16,19,19,2,-0700,iso,jbosnu/2012_06/2012_06_16.txt,,,,1
2012-06-17,18,18,2,-0700,iso,jbosnu/2012_06/2012_06_17.txt,,,,1
2012-06-18,4,4,2,-0700,iso,jbosnu/2012_06/2012_06_18.txt,,,,1
2012-06-19,1,1,1,-0700,iso,jbosnu/2012_06/2012_06_19.txt,,,,1
2012-06-21,195,195,5,-0700,iso,jbosnu/2012_06/2012_06_21.txt,,,,1
2012-06-22,2,2,2,-0700,iso,jbosnu/2012_06/2012_06_22.txt,,,,1
2012-06-25,197,197,4,-0700,iso,jbosnu/2012_06/2012_06_25.txt,,,,1
2012-07-01,13,13,3,-0700,iso,jbosnu/2012_07/2012_07_01.txt,,,,1
2012-07-07,1,1,1,-0700,iso,jbosnu/2012_07/2012_07_07.txt,,,,1
2012-07-08,87,87,4,-0700,iso,jbosnu/2012_07/2012_07_08.txt,,,,1
2012-07-11,3,3,1,-0700,iso,jbosnu/2012_07/2012_07_11.txt,,,,1
2012-07-12,12,12,3,-0700,iso,jbosnu/2012_07/2012_07_12.txt,,,,1
2012-07-21,25,25,2,-0700,iso,jbosnu/2012_07/2012_07_21.txt,,,,1
2012-07-25,46,46,6,-0700,iso,jbosnu/2012_07/2012_07_25.txt,,,,1
2012-07-26,44,44,9,-0700,iso,jbosnu/2012_07/2012_07_26.txt,,,,1
2012-08-01,3,3,3,-0700,iso,jbosnu/2012_08/2012_08_01.txt,,,,1
2012-08-02,30,30,4,-0700,iso,jbosnu/2012_08/2012_08_02.txt,,,,1
2012-08-03,9,9,2,-0700,iso,jbosnu/2012_08/2012_08_03.txt,,,,1
2012-08-07,25,25,4,-0700,iso,jbosnu/2012_08/2012_08_07.txt,,,,1
2012-08-08,44,44,4,-0700,iso,jbosnu/2012_08/2012_08_08.txt,,,,1
2012-08-10,2,2,2,-0700,iso,jbosnu/2012_08/2012_08_10.txt,,,,1
2012-08-18,2,2,2,-0700,iso,jbosnu/2012_08/2012_08_18.txt,,,,1
2012-08-23,1,1,1,-0700,iso,jbosnu/2012_08/2012_08_23.txt,,,,1
2012-08-26,8,8,3,-0700,iso,jbosnu/2012_08/2012_08_26.txt,,,,1
2012-08-28,13,13,5,-0700,iso,jbosnu/2012_08/2012_08_28.txt,,,,1
2012-09-05,1,1,1,-0700,iso,jbosnu/2012_09/2012_09_05.txt,,,,1
2012-09-11,1,1,1,-0700,iso,jbosnu/2012_09/2012_09_11.txt,,,,1
2012-09-14,3,3,3,-0700,iso,jbosnu/2012_09/2012_09_14.txt,,,,1
2012-09-19,13,13,3,-0700,iso,jbosnu/2012_09/2012_09_19.txt,,,,1
2012-09-24,2,2,2,-0700,iso,jbosnu/2012_09/2012_09_24.txt,,,,1
2012-09-28,4,4,1,-0700,iso,jbosnu/2012_09/2012_09_28.txt,,,,1
2012-09-29,36,36,2,-0700,iso,jbosnu/2012_09/2012_09_29.txt,,,,1
2012-09-30,56,56,2,-0700,iso,jbosnu/2012_09/2012_09_30.txt,,,,1
2012-10-01,23,23,4,-0700,iso,jbosnu/2012_10/2012_10_01.txt,,,,1
2012-10-05,112,112,7,-0700,iso,jbosnu/2012_10/2012_10_05.txt,,,,1
2012-10-06,5,5,2,-0700,iso,jbosnu/2012_10/2012_10_06.txt,,,,1
2012-10-07,2,2,1,-0700,iso,jbosnu/2012_10/2012_10_07.txt,,,,1
2012-10-08,42,42,3,-0700,iso,jbosnu/2012_10/2012_10_08.txt,,,,1
2012-10-09,250,250,9,-0700,iso,jbosnu/2012_10/2012_10_09.txt,,,,1
2012-10-10,124,124,8,-0700,iso,jbosnu/2012_10/2012_10_10.txt,,,,1
2012-10-11,167,167,9,-0700,iso,jbosnu/2012_10/2012_10_11.txt,,,,1
2012-10-12,86,86,6,-0700,iso,jbosnu/2012_10/2012_10_12.txt,,,,1
2012-10-13,26,26,6,-0700,iso,jbosnu/2012_10/2012_10_13.txt,,,,1
2012-10-14,3,3,2,-0700,iso,jbosnu/2012_10/2012_10_14.txt,,,,1
2012-10-15,5,5,3,-0700,iso,jbosnu/2012_10/2012_10_15.txt,,,,1
2012-10-16,71,71,6,-0700,iso,jbosnu/2012_10/2012_10_16.txt,,,,1
2012-10-17,52,52,5,-0700,iso,jbosnu/2012_10/2012_10_17.txt,,,,1
2012-10-18,2,2,2,-0700,iso,jbosnu/2012_10/2012_10_18.txt,,,,1
2012-10-19,1,1,1,-0700,iso,jbosnu/2012_10/2012_10_19.txt,,,,1
2012-10-23,5,5,2,-0700,iso,jbosnu/2012_10/2012_10_23.txt,,,,1
2012-10-24,3,3,2,-0700,iso,jbosnu/2012_10/2012_10_24.txt,,,,1
2012-10-29,15,15,2,-0700,iso,jbosnu/2012_10/2012_10_29.txt,,,,1
2012-11-01,13,13,2,-0700,iso,jbosnu/2012_11/2012_11_01.txt,,,,1
2012-11-02,58,58,5,-0700,iso,jbosnu/2012_11/2012_11_02.txt,,,,1
2012-11-04,1,1,1,-0800,iso,jbosnu/2012_11/2012_11_04.txt,,,,1
2012-11-06,6,6,5,-0800,iso,jbosnu/2012_11/2012_11_06.txt,,,,1
2012-11-07,48,48,3,-0800,iso,jbosnu/2012_11/2012_11_07.txt,,,,1
2012-11-09,2,2,1,-0800,iso,jbosnu/2012_11/2012_11_09.txt,,,,1
2012-11-17,7,7,2,-0800,iso,jbosnu/2012_11/2012_11_17.txt,,,,1
2012-11-19,64,64,3,-0800,iso,jbosnu/2012_11/2012_11_19.txt,,,,1
2012-11-27,1,1,1,-0800,iso,jbosnu/2012_11/2012_11_27.txt,,,,1
2012-11-30,20,20,2,-0800,iso,jbosnu/2012_11/2012_11_30.txt,,,,1
2012-12-03,9,9,4,-0800,iso,jbosnu/2012_12/2012_12_03.txt,,,,1
2012-12-05,5,5,2,-0800,iso,jbosnu/2012_12/2012_12_05.txt,,,,1
2012-12-07,60,60,3,-0800,iso,jbosnu/2012_12/2012_12_07.txt,,,,1
2012-12-10,22,22,2,-0800,iso,jbosnu/2012_12/2012_12_10.txt,,,,1
2012-12-11,35,35,7,-0800,iso,jbosnu/2012_12/2012_12_11.txt,,,,1
2012-12-13,7,7,4,-0800,iso,jbosnu/2012_12/2012_12_13.txt,,,,1
2012-12-15,1,1,1,-0800,iso,jbosnu/2012_12/2012_12_15.txt,,,,1
2012-12-19,9,9,3,-0800,iso,jbosnu/2012_12/2012_12_19.txt,,,,1
2012-12-20,22,22,4,-0800,iso,jbosnu/2012_12/2012_12_20.txt,,,,1
2012-12-22,32,32,6,-0800,iso,jbosnu/2012_12/2012_12_22.txt,,,,1
2012-12-23,1,1,1,-0800,iso,jbosnu/2012_12/2012_12_23.txt,,,,1
2012-12-24,60,60,3,-0800,iso,jbosnu/2012_12/2012_12_24.txt,,,,1
2012-12-25,47,47,3,-0800,iso,jbosnu/2012_12/2012_12_25.txt,,,,1
2012-12-26,27,27,3,-0800,iso,jbosnu/2012_12/2012_12_26.txt,,,,1
2012-12-27,24,24,5,-0800,iso,jbosnu/2012_12/2012_12_27.txt,,,,1
2012-12-30,15,15,4,-0800,iso,jbosnu/2012_12/2012_12_30.txt,,,,1
2012-12-31,6,6,3,-0800,iso,jbosnu/2012_12/2012_12_31.txt,,,,1
2013-01-02,4,4,2,-0800,iso,jbosnu/2013_01/2013_01_02.txt,,,,1
2013-01-03,52,52,6,-0800,iso,jbosnu/2013_01/2013_01_03.txt,,,,1
2013-01-10,2,2,2,-0800,iso,jbosnu/2013_01/2013_01_10.txt,,,,1
2013-01-12,33,33,5,-0800,iso,jbosnu/2013_01/2013_01_12.txt,,,,1
2013-01-13,3,3,2,-0800,iso,jbosnu/2013_01/2013_01_13.txt,,,,1
2013-01-18,19,19,3,-0800,iso,jbosnu/2013_01/2013_01_18.txt,,,,1
2013-01-20,79,79,2,-0800,iso,jbosnu/2013_01/2013_01_20.txt,,,,1
2013-01-23,5,5,2,-0800,iso,jbosnu/2013_01/2013_01_23.txt,,,,1
2013-01-24,1,1,1,-0800,iso,jbosnu/2013_01/2013_01_24.txt,,,,1
2013-01-25,11,11,3,-0800,iso,jbosnu/2013_01/2013_01_25.txt,,,,1
2013-01-29,5,5,3,-0800,iso,jbosnu/2013_01/2013_01_29.txt,,,,1
2013-01-31,5,5,2,-0800,iso,jbosnu/2013_01/2013_01_31.txt,,,,1
2013-02-01,15,15,2,-0800,iso,jbosnu/2013_02/2013_02_01.txt,,,,1
2013-02-19,7,7,2,-0800,iso,jbosnu/2013_02/2013_02_19.txt,,,,1
2013-02-20,1,1,1,-0800,iso,jbosnu/2013_02/2013_02_20.txt,,,,1
2013-02-21,2,2,1,-0800,iso,jbosnu/2013_02/2013_02_21.txt,,,,1
2013-02-22,1,1,1,-0800,iso,jbosnu/2013_02/2013_02_22.txt,,,,1
2013-02-25,98,98,2,-0800,iso,jbosnu/2013_02/2013_02_25.txt,,,,1
2013-02-26,28,28,5,-0800,iso,jbosnu/2013_02/2013_02_26.txt,,,,1
2013-02-27,1,1,1,-0800,iso,jbosnu/2013_02/2013_02_27.txt,,,,1
2013-02-28,15,15,2,-0800,iso,jbosnu/2013_02/2013_02_28.txt,,,,1
2013-03-01,65,65,7,-0800,iso,jbosnu/2013_03/2013_03_01.txt,,,,1
2013-03-02,2,2,2,-0800,iso,jbosnu/2013_03/2013_03_02.txt,,,,1
2013-03-04,1,1,1,-0800,iso,jbosnu/2013_03/2013_03_04.txt,,,,1
2013-03-05,15,15,3,-0800,iso,jbosnu/2013_03/2013_03_05.txt,,,,1
2013-03-06,4,4,2,-0800,iso,jbosnu/2013_03/2013_03_06.txt,,,,1
2013-03-07,1,1,1,-0800,iso,jbosnu/2013_03/2013_03_07.txt,,,,1
2013-03-08,7,7,3,-0800,iso,jbosnu/2013_03/2013_03_08.txt,,,,1
2013-03-09,3,3,2,-0800,iso,jbosnu/2013_03/2013_03_09.txt,,,,1
2013-03-10,5,5,3,-0700,iso,jbosnu/2013_03/2013_03_10.txt,,,,1
2013-03-13,3,3,1,-0700,iso,jbosnu/2013_03/2013_03_13.txt,,,,1
2013-03-14,1,1,1,-0700,iso,jbosnu/2013_03/2013_03_14.txt,,,,1
2013-03-15,2,2,2,-0700,iso,jbosnu/2013_03/2013_03_15.txt,,,,1
2013-03-17,2,2,2,-0700,iso,jbosnu/2013_03/2013_03_17.txt,,,,1
2013-03-18,1,1,1,-0700,iso,jbosnu/2013_03/2013_03_18.txt,,,,1
2013-03-20,5,5,4,-0700,iso,jbosnu/2013_03/2013_03_20.txt,,,,1
2013-04-17,17,17,4,-0700,iso,jbosnu/2013_04/2013_04_17.txt,,,,1
2013-04-22,1,1,1,-0700,iso,jbosnu/2013_04/2013_04_22.txt,,,,1
2013-04-26,1,1,1,-0700,iso,jbosnu/2013_04/2013_04_26.txt,,,,1
2013-04-27,14,14,3,-0700,iso,jbosnu/2013_04/2013_04_27.txt,,,,1
2013-04-29,1,1,1,-0700,iso,jbosnu/2013_04/2013_04_29.txt,,,,1
2013-04-30,1,1,1,-0700,iso,jbosnu/2013_04/2013_04_30.txt,,,,1
2013-05-01,2,2,2,-0700,iso,jbosnu/2013_05/2013_05_01.txt,,,,1
2013-05-02,5,5,3,-0700,iso,jbosnu/2013_05/2013_05_02.txt,,,,1
2013-05-03,12,12,2,-0700,iso,jbosnu/2013_05/2013_05_03.txt,,,,1
2013-05-17,8,8,4,-0700,iso,jbosnu/2013_05/2013_05_17.txt,,,,1
2013-05-18,7,7,4,-0700,iso,jbosnu/2013_05/2013_05_18.txt,,,,1
2013-06-04,4,4,2,-0700,iso,jbosnu/2013_06/2013_06_04.txt,,,,1
2013-06-06,1,1,1,-0700,iso,jbosnu/2013_06/2013_06_06.txt,,,,1
2013-06-08,13,13,3,-0700,iso,jbosnu/2013_06/2013_06_08.txt,,,,1
2013-06-18,6,6,3,-0700,iso,jbosnu/2013_06/2013_06_18.txt,,,,1
2013-07-11,2,2,1,-0700,iso,jbosnu/2013_07/2013_07_11.txt,,,,1
2013-07-12,44,44,4,-0700,iso,jbosnu/2013_07/2013_07_12.txt,,,,1
2013-07-13,147,147,5,-0700,iso,jbosnu/2013_07/2013_07_13.txt,,,,1
2013-07-14,13,13,2,-0700,iso,jbosnu/2013_07/2013_07_14.txt,,,,1
2013-07-15,84,84,4,-0700,iso,jbosnu/2013_07/2013_07_15.txt,,,,1
2013-07-18,5,5,2,-0700,iso,jbosnu/2013_07/2013_07_18.txt,,,,1
2013-07-19,32,32,8,-0700,iso,jbosnu/2013_07/2013_07_19.txt,,,,1
2013-07-23,40,40,3,-0700,iso,jbosnu/2013_07/2013_07_23.txt,,,,1
2013-07-24,63,63,7,-0700,iso,jbosnu/2013_07/2013_07_24.txt,,,,1
2013-07-26,31,31,6,-0700,iso,jbosnu/2013_07/2013_07_26.txt,,,,1
2013-07-27,12,12,4,-0700,iso,jbosnu/2013_07/2013_07_27.txt,,,,1
2013-07-28,4,4,2,-0700,iso,jbosnu/2013_07/2013_07_28.txt,,,,1
2013-07-29,8,8,2,-0700,iso,jbosnu/2013_07/2013_07_29.txt,,,,1
2013-07-30,23,23,2,-0700,iso,jbosnu/2013_07/2013_07_30.txt,,,,1
2013-07-31,26,26,4,-0700,iso,jbosnu/2013_07/2013_07_31.txt,,,,1
2013-08-02,77,77,2,-0700,iso,jbosnu/2013_08/2013_08_02.txt,,,,1
2013-08-03,65,65,3,-0700,iso,jbosnu/2013_08/2013_08_03.txt,,,,1
2013-08-04,74,74,5,-0700,iso,jbosnu/2013_08/2013_08_04.txt,,,,1
2013-08-05,132,132,8,-0700,iso,jbosnu/2013_08/2013_08_05.txt,,,,1
2013-08-06,21,21,8,-0700,iso,jbosnu/2013_08/2013_08_06.txt,,,,1
2013-08-07,64,64,5,-0700,iso,jbosnu/2013_08/2013_08_07.txt,,,,1
2013-08-08,16,16,3,-0700,iso,jbosnu/2013_08/2013_08_08.txt,,,,1
2013-08-09,7,7,2,-0700,iso,jbosnu/2013_08/2013_08_09.txt,,,,1
2013-08-10,59,59,3,-0700,iso,jbosnu/2013_08/2013_08_10.txt,,,,1
2013-08-11,14,14,4,-0700,iso,jbosnu/2013_08/2013_08_11.txt,,,,1
2013-08-12,5,5,3,-0700,iso,jbosnu/2013_08/2013_08_12.txt,,,,1
2013-08-16,13,13,2,-0700,iso,jbosnu/2013_08/2013_08_16.txt,,,,1
2013-08-17,10,10,3,-0700,iso,jbosnu/2013_08/2013_08_17.txt,,,,1
2013-08-18,5,5,2,-0700,iso,jbosnu/2013_08/2013_08_18.txt,,,,1
2013-08-19,7,7,2,-0700,iso,jbosnu/2013_08/2013_08_19.txt,,,,1
2013-08-20,11,11,2,-0700,iso,jbosnu/2013_08/2013_08_20.txt,,,,1
2013-08-21,14,14,3,-0700,iso,jbosnu/2013_08/2013_08_21.txt,,,,1
2013-08-24,2,2,2,-0700,iso,jbosnu/2013_08/2013_08_24.txt,,,,1
2013-08-26,47,47,3,-0700,iso,jbosnu/2013_08/2013_08_26.txt,,,,1
2013-08-27,1,1,1,-0700,iso,jbosnu/2013_08/2013_08_27.txt,,,,1
2013-08-28,1,1,1,-0700,iso,jbosnu/2013_08/2013_08_28.txt,,,,1
2013-09-02,13,13,2,-0700,iso,jbosnu/2013_09/2013_09_02.txt,,,,1
2013-09-04,35,35,4,-0700,iso,jbosnu/2013_09/2013_09_04.txt,,,,1
2013-09-05,1,1,1,-0700,iso,jbosnu/2013_09/2013_09_05.txt,,,,1
2013-09-06,2,2,1,-0700,iso,jbosnu/2013_09/2013_09_06.txt,,,,1
2013-09-11,4,4,1,-0700,iso,jbosnu/2013_09/2013_09_11.txt,,,,1
2013-09-12,1,1,1,-0700,iso,jbosnu/2013_09/2013_09_12.txt,,,,1
2013-09-14,19,19,2,-0700,iso,jbosnu/2013_09/2013_09_14.txt,,,,1
2013-09-16,2,2,1,-0700,iso,jbosnu/2013_09/2013_09_16.txt,,,,1
2013-09-18,4,4,2,-0700,iso,jbosnu/2013_09/2013_09_18.txt,,,,1
2013-09-23,1,1,1,-0700,iso,jbosnu/2013_09/2013_09_23.txt,,,,1
2013-09-24,18,18,2,-0700,iso,jbosnu/2013_09/2013_09_24.txt,,,,1
2013-09-26,1,1,1,-0700,iso,jbosnu/2013_09/2013_09_26.txt,,,,1
2013-09-28,45,45,3,-0700,iso,jbosnu/2013_09/2013_09_28.txt,,,,1
2013-10-02,7,7,5,-0700,iso,jbosnu/2013_10/2013_10_02.txt,,,,1
2013-10-06,1,1,1,-0700,iso,jbosnu/2013_10/2013_10_06.txt,,,,1
2013-10-07,2,2,1,-0700,iso,jbosnu/2013_10/2013_10_07.txt,,,,1
2013-10-10,22,22,3,-0700,iso,jbosnu/2013_10/2013_10_10.txt,,,,1
2013-10-13,2,2,2,-0700,iso,jbosnu/2013_10/2013_10_13.txt,,,,1
2013-10-19,4,4,3,-0700,iso,jbosnu/2013_10/2013_10_19.txt,,,,1
2013-10-21,1,1,1,-0700,iso,jbosnu/2013_10/2013_10_21.txt,,,,1
2013-11-11,6,6,2,-0800,iso,jbosnu/2013_11/2013_11_11.txt,,,,1
2013-12-12,2,2,2,-0800,iso,jbosnu/2013_12/2013_12_12.txt,,,,1
2013-12-30,1,1,1,-0800,iso,jbosnu/2013_12/2013_12_30.txt,,,,1
2014-01-25,16,16,3,-0800,iso,jbosnu/2014_01/2014_01_25.txt,,,,1
2014-02-07,3,3,2,-0800,iso,jbosnu/2014_02/2014_02_07.txt,,,,1
2014-02-19,2,2,2,-0800,iso,jbosnu/2014_02/2014_02_19.txt,,,,1
2014-02-20,1,1,1,-0800,iso,jbosnu/2014_02/2014_02_20.txt,,,,1
2014-02-24,12,12,2,-0800,iso,jbosnu/2014_02/2014_02_24.txt,,,,1
2014-03-04,19,19,3,-0800,iso,jbosnu/2014_03/2014_03_04.txt,,,,1
2014-03-08,2,2,2,-0800,iso,jbosnu/2014_03/2014_03_08.txt,,,,1
2014-03-26,12,12,4,-0700,iso,jbosnu/2014_03/2014_03_26.txt,,,,1
2014-03-31,1,1,1,-0700,iso,jbosnu/2014_03/2014_03_31.txt,,,,1
2014-04-03,12,12,2,-0700,iso,jbosnu/2014_04/2014_04_03.txt,,,,1
2014-04-06,1,1,1,-0700,iso,jbosnu/2014_04/2014_04_06.txt,,,,1
2014-04-07,119,119,2,-0700,iso,jbosnu/2014_04/2014_04_07.txt,,,,1
2014-04-09,8,8,3,-0700,iso,jbosnu/2014_04/2014_04_09.txt,,,,1
2014-04-11,1,1,1,-0700,iso,jbosnu/2014_04/2014_04_11.txt,,,,1
2014-04-12,3,3,3,-0700,iso,jbosnu/2014_04/2014_04_12.txt,,,,1
2014-04-16,1,1,1,-0700,iso,jbosnu/2014_04/2014_04_16.txt,,,,1
2014-04-24,1,1,1,-0700,iso,jbosnu/2014_04/2014_04_24.txt,,,,1
2014-04-25,1,1,1,-0700,iso,jbosnu/2014_04/2014_04_25.txt,,,,1
2014-04-26,1,1,1,-0700,iso,jbosnu/2014_04/2014_04_26.txt,,,,1
2014-04-27,3,3,2,-0700,iso,jbosnu/2014_04/2014_04_27.txt,,,,1
2014-04-28,5,5,2,-0700,iso,jbosnu/2014_04/2014_04_28.txt,,,,1
2014-05-01,9,9,3,-0700,iso,jbosnu/2014_05/2014_05_01.txt,,,,1
2014-05-08,1,1,1,-0700,iso,jbosnu/2014_05/2014_05_08.txt,,,,1
2014-05-12,1,1,1,-0700,iso,jbosnu/2014_05/2014_05_12.txt,,,,1
2014-05-13,1,1,1,-0700,iso,jbosnu/2014_05/2014_05_13.txt,,,,1
2014-05-14,4,4,2,-0700,iso,jbosnu/2014_05/2014_05_14.txt,,,,1
2014-05-16,1,1,1,-0700,iso,jbosnu/2014_05/2014_05_16.txt,,,,1
2014-05-20,24,24,4,-0700,iso,jbosnu/2014_05/2014_05_20.txt,,,,1
2014-05-21,137,137,6,-0700,iso,jbosnu/2014_05/2014_05_21.txt,,,,1
2014-05-29,1,1,1,-0700,iso,jbosnu/2014_05/2014_05_29.txt,,,,1
2014-06-03,2,2,1,-0700,iso,jbosnu/2014_06/2014_06_03.txt,,,,1
2014-06-12,3,3,1,-0700,iso,jbosnu/2014_06/2014_06_12.txt,,,,1
2014-06-19,12,12,4,-0700,iso,jbosnu/2014_06/2014_06_19.txt,,,,1
2014-06-27,1,1,1,-0700,iso,jbosnu/2014_06/2014_06_27.txt,,,,1
2014-07-16,1,1,1,-0700,iso,jbosnu/2014_07/2014_07_16.txt,,,,1
2014-07-17,2,2,2,-0700,iso,jbosnu/2014_07/2014_07_17.txt,,,,1
2014-07-23,9,9,3,-0700,iso,jbosnu/2014_07/2014_07_23.txt,,,,1
2014-08-24,4,4,1,-0700,iso,jbosnu/2014_08/2014_08_24.txt,,,,1
2014-09-05,1,1,1,-0700,iso,jbosnu/2014_09/2014_09_05.txt,,,,1
2014-09-16,1,1,1,-0700,iso,jbosnu/2014_09/2014_09_16.txt,,,,1
2014-09-29,54,54,3,-0700,iso,jbosnu/2014_09/2014_09_29.txt,,,,1
2014-10-04,4,4,2,-0700,iso,jbosnu/2014_10/2014_10_04.txt,,,,1
2014-10-09,38,38,3,-0700,iso,jbosnu/2014_10/2014_10_09.txt,,,,1
2014-10-10,1,1,1,-0700,iso,jbosnu/2014_10/2014_10_10.txt,,,,1
2014-10-11,38,38,4,-0700,iso,jbosnu/2014_10/2014_10_11.txt,,,,1
2014-10-16,5,5,3,-0700,iso,jbosnu/2014_10/2014_10_16.txt,,,,1
2014-10-26,2,2,2,-0700,iso,jbosnu/2014_10/2014_10_26.txt,,,,1
2014-10-28,17,17,4,-0700,iso,jbosnu/2014_10/2014_10_28.txt,,,,1
2014-11-03,1,1,1,-0800,iso,jbosnu/2014_11/2014_11_03.txt,,,,1
2014-11-04,1,1,1,-0800,iso,jbosnu/2014_11/2014_11_04.txt,,,,1
2014-11-05,2,2,2,-0800,iso,jbosnu/2014_11/2014_11_05.txt,,,,1
2014-11-06,1,1,1,-0800,iso,jbosnu/2014_11/2014_11_06.txt,,,,1
2014-11-07,14,14,3,-0800,iso,jbosnu/2014_11/2014_11_07.txt,,,,1
2014-11-11,14,14,2,-0800,iso,jbosnu/2014_11/2014_11_11.txt,,,,1
2014-11-13,10,10,3,-0800,iso,jbosnu/2014_11/2014_11_13.txt,,,,1
2014-11-15,1,1,1,-0800,iso,jbosnu/2014_11/2014_11_15.txt,,,,1
2014-11-16,1,1,1,-0800,iso,jbosnu/2014_11/2014_11_16.txt,,,,1
2014-11-17,1,1,1,-0800,iso,jbosnu/2014_11/2014_11_17.txt,,,,1
2014-11-22,36,36,3,-0800,iso,jbosnu/2014_11/2014_11_22.txt,,,,1
2014-11-23,13,13,3,-0800,iso,jbosnu/2014_11/2014_11_23.txt,,,,1
2014-12-01,6,6,2,-0800,iso,jbosnu/2014_12/2014_12_01.txt,,,,1
2014-12-04,1,1,1,-0800,iso,jbosnu/2014_12/2014_12_04.txt,,,,1
2014-12-07,1,1,1,-0800,iso,jbosnu/2014_12/2014_12_07.txt,,,,1
2014-12-09,1,1,1,-0800,iso,jbosnu/2014_12/2014_12_09.txt,,,,1
2014-12-11,2,2,1,-0800,iso,jbosnu/2014_12/2014_12_11.txt,,,,1
2014-12-14,21,21,2,-0800,iso,jbosnu/2014_12/2014_12_14.txt,,,,1
2014-12-15,1,1,1,-0800,iso,jbosnu/2014_12/2014_12_15.txt,,,,1
2014-12-16,1,1,1,-0800,iso,jbosnu/2014_12/2014_12_16.txt,,,,1
2014-12-17,15,15,2,-0800,iso,jbosnu/2014_12/2014_12_17.txt,,,,1
2014-12-18,3,3,2,-0800,iso,jbosnu/2014_12/2014_12_18.txt,,,,1
2014-12-20,1,1,1,-0800,iso,jbosnu/2014_12/2014_12_20.txt,,,,1
2014-12-21,5,5,2,-0800,iso,jbosnu/2014_12/2014_12_21.txt,,,,1
2014-12-23,1,1,1,-0800,iso,jbosnu/2014_12/2014_12_23.txt,,,,1
2014-12-24,1,1,1,-0800,iso,jbosnu/2014_12/2014_12_24.txt,,,,1
2014-12-25,11,11,2,-0800,iso,jbosnu/2014_12/2014_12_25.txt,,,,1
2014-12-26,2,2,1,-0800,iso,jbosnu/2014_12/2014_12_26.txt,,,,1
2014-12-27,1,1,1,-0800,iso,jbosnu/2014_12/2014_12_27.txt,,,,1
2014-12-28,11,11,3,-0800,iso,jbosnu/2014_12/2014_12_28.txt,,,,1
2014-12-29,2,2,2,-0800,iso,jbosnu/2014_12/2014_12_29.txt,,,,1
2014-12-30,2,2,1,-0800,iso,jbosnu/2014_12/2014_12_30.txt,,,,1
2014-12-31,1,1,1,-0800,iso,jbosnu/2014_12/2014_12_31.txt,,,,1
2015-01-01,2,2,2,-0800,iso,jbosnu/2015_01/2015_01_01.txt,,,,1
2015-01-02,2,2,2,-0800,iso,jbosnu/2015_01/2015_01_02.txt,,,,1
2015-01-05,2,2,1,-0800,iso,jbosnu/2015_01/2015_01_05.txt,,,,1
2015-01-07,1,1,1,-0800,iso,jbosnu/2015_01/2015_01_07.txt,,,,1
2015-01-08,3,3,1,-0800,iso,jbosnu/2015_01/2015_01_08.txt,,,,1
2015-01-09,3,3,2,-0800,iso,jbosnu/2015_01/2015_01_09.txt,,,,1
2015-01-10,2,2,2,-0800,iso,jbosnu/2015_01/2015_01_10.txt,,,,1
2015-01-11,1,1,1,-0800,iso,jbosnu/2015_01/2015_01_11.txt,,,,1
2015-01-13,4,4,3,-0800,iso,jbosnu/2015_01/2015_01_13.txt,,,,1
2015-01-14,110,110,5,-0800,iso,jbosnu/2015_01/2015_01_14.txt,,,,1
2015-01-15,82,82,4,-0800,iso,jbosnu/2015_01/2015_01_15.txt,,,,1
2015-01-16,11,11,4,-0800,iso,jbosnu/2015_01/2015_01_16.txt,,,,1
2015-01-17,265,265,7,-0800,iso,jbosnu/2015_01/2015_01_17.txt,,,,1
2015-01-18,390,390,13,-0800,iso,jbosnu/2015_01/2015_01_18.txt,,,,1
2015-01-19,54,54,4,-0800,iso,jbosnu/2015_01/2015_01_19.txt,,,,1
2015-01-20,346,346,6,-0800,iso,jbosnu/2015_01/2015_01_20.txt,,,,1
2015-01-21,101,101,3,-0800,iso,jbosnu/2015_01/2015_01_21.txt,,,,1
2015-01-22,42,42,3,-0800,iso,jbosnu/2015_01/2015_01_22.txt,,,,1
2015-01-23,116,116,5,-0800,iso,jbosnu/2015_01/2015_01_23.txt,,,,1
2015-01-24,195,195,8,-0800,iso,jbosnu/2015_01/2015_01_24.txt,,,,1
2015-01-25,61,61,7,-0800,iso,jbosnu/2015_01/2015_01_25.txt,,,,1
2015-01-26,157,157,5,-0800,iso,jbosnu/2015_01/2015_01_26.txt,,,,1
2015-01-27,64,64,4,-0800,iso,jbosnu/2015_01/2015_01_27.txt,,,,1
2015-01-28,12,12,1,-0800,iso,jbosnu/2015_01/2015_01_28.txt,,,,1
2015-01-29,45,45,2,-0800,iso,jbosnu/2015_01/2015_01_29.txt,,,,1
2015-01-30,41,41,4,-0800,iso,jbosnu/2015_01/2015_01_30.txt,,,,1
2015-01-31,201,201,7,-0800,iso,jbosnu/2015_01/2015_01_31.txt,,,,1
2015-02-01,31,31,4,-0800,iso,jbosnu/2015_02/2015_02_01.txt,,,,1
2015-02-02,21,21,5,-0800,iso,jbosnu/2015_02/2015_02_02.txt,,,,1
2015-02-03,12,12,2,-0800,iso,jbosnu/2015_02/2015_02_03.txt,,,,1
2015-02-04,146,146,7,-0800,iso,jbosnu/2015_02/2015_02_04.txt,,,,1
2015-02-05,4,4,2,-0800,iso,jbosnu/2015_02/2015_02_05.txt,,,,1
2015-02-06,12,12,3,-0800,iso,jbosnu/2015_02/2015_02_06.txt,,,,1
2015-02-07,4,4,3,-0800,iso,jbosnu/2015_02/2015_02_07.txt,,,,1
2015-02-08,12,12,4,-0800,iso,jbosnu/2015_02/2015_02_08.txt,,,,1
2015-02-09,2,2,1,-0800,iso,jbosnu/2015_02/2015_02_09.txt,,,,1
2015-02-10,51,51,3,-0800,iso,jbosnu/2015_02/2015_02_10.txt,,,,1
2015-02-11,186,186,8,-0800,iso,jbosnu/2015_02/2015_02_11.txt,,,,1
2015-02-12,36,36,3,-0800,iso,jbosnu/2015_02/2015_02_12.txt,,,,1
2015-02-13,1,1,1,-0800,iso,jbosnu/2015_02/2015_02_13.txt,,,,1
2015-02-14,19,19,4,-0800,iso,jbosnu/2015_02/2015_02_14.txt,,,,1
2015-02-15,142,142,6,-0800,iso,jbosnu/2015_02/2015_02_15.txt,,,,1
2015-02-16,218,218,7,-0800,iso,jbosnu/2015_02/2015_02_16.txt,,,,1
2015-02-17,75,75,9,-0800,iso,jbosnu/2015_02/2015_02_17.txt,,,,1
2015-02-18,59,59,5,-0800,iso,jbosnu/2015_02/2015_02_18.txt,,,,1
2015-02-19,72,72,5,-0800,iso,jbosnu/2015_02/2015_02_19.txt,,,,1
2015-02-20,36,36,5,-0800,iso,jbosnu/2015_02/2015_02_20.txt,,,,1
2015-02-21,17,17,5,-0800,iso,jbosnu/2015_02/2015_02_21.txt,,,,1
2015-02-22,15,15,5,-0800,iso,jbosnu/2015_02/2015_02_22.txt,,,,1
2015-02-23,161,161,6,-0800,iso,jbosnu/2015_02/2015_02_23.txt,,,,1
2015-02-24,23,23,3,-0800,iso,jbosnu/2015_02/2015_02_24.txt,,,,1
2015-02-25,5,5,2,-0800,iso,jbosnu/2015_02/2015_02_25.txt,,,,1
2015-02-27,1,1,1,-0800,iso,jbosnu/2015_02/2015_02_27.txt,,,,1
2015-03-02,66,66,6,-0800,iso,jbosnu/2015_03/2015_03_02.txt,,,,1
2015-03-03,32,32,2,-0800,iso,jbosnu/2015_03/2015_03_03.txt,,,,1
2015-03-04,2,2,2,-0800,iso,jbosnu/2015_03/2015_03_04.txt,,,,1
2015-03-05,3,3,2,-0800,iso,jbosnu/2015_03/2015_03_05.txt,,,,1
2015-03-06,9,9,3,-0800,iso,jbosnu/2015_03/2015_03_06.txt,,,,1
2015-03-07,1,1,1,-0800,iso,jbosnu/2015_03/2015_03_07.txt,,,,1
2015-03-08,4,4,3,-0700,iso,jbosnu/2015_03/2015_03_08.txt,,,,1
2015-03-09,19,19,4,-0700,iso,jbosnu/2015_03/2015_03_09.txt,,,,1
2015-03-10,2,2,2,-0700,iso,jbosnu/2015_03/2015_03_10.txt,,,,1
2015-03-11,3,3,3,-0700,iso,jbosnu/2015_03/2015_03_11.txt,,,,1
2015-03-12,7,7,1,-0700,iso,jbosnu/2015_03/2015_03_12.txt,,,,1
2015-03-13,2,2,2,-0700,iso,jbosnu/2015_03/2015_03_13.txt,,,,1
2015-03-14,328,328,4,-0700,iso,jbosnu/2015_03/2015_03_14.txt,,,,1
2015-03-16,5,5,3,-0700,iso,jbosnu/2015_03/2015_03_16.txt,,,,1
2015-03-17,114,114,6,-0700,iso,jbosnu/2015_03/2015_03_17.txt,,,,1
2015-03-18,528,528,7,-0700,iso,jbosnu/2015_03/2015_03_18.txt,,,,1
2015-03-19,71,71,4,-0700,iso,jbosnu/2015_03/2015_03_19.txt,,,,1
2015-03-20,4,4,2,-0700,iso,jbosnu/2015_03/2015_03_20.txt,,,,1
2015-03-22,63,63,4,-0700,iso,jbosnu/2015_03/2015_03_22.txt,,,,1
2015-03-23,53,53,4,-0700,iso,jbosnu/2015_03/2015_03_23.txt,,,,1
2015-03-24,21,21,2,-0700,iso,jbosnu/2015_03/2015_03_24.txt,,,,1
2015-03-25,2,2,2,-0700,iso,jbosnu/2015_03/2015_03_25.txt,,,,1
2015-03-26,5,5,3,-0700,iso,jbosnu/2015_03/2015_03_26.txt,,,,1
2015-03-29,4,4,2,-0700,iso,jbosnu/2015_03/2015_03_29.txt,,,,1
2015-03-30,4,4,3,-0700,iso,jbosnu/2015_03/2015_03_30.txt,,,,1
2015-03-31,76,76,7,-0700,iso,jbosnu/2015_03/2015_03_31.txt,,,,1
2015-04-03,1,1,1,-0700,iso,jbosnu/2015_04/2015_04_03.txt,,,,1
2015-04-04,1,1,1,-0700,iso,jbosnu/2015_04/2015_04_04.txt,,,,1
2015-04-05,6,6,1,-0700,iso,jbosnu/2015_04/2015_04_05.txt,,,,1
2015-04-06,87,87,5,-0700,iso,jbosnu/2015_04/2015_04_06.txt,,,,1
2015-04-07,2,2,1,-0700,iso,jbosnu/2015_04/2015_04_07.txt,,,,1
2015-04-08,14,14,2,-0700,iso,jbosnu/2015_04/2015_04_08.txt,,,,1
2015-04-09,5,5,4,-0700,iso,jbosnu/2015_04/2015_04_09.txt,,,,1
2015-04-10,134,134,6,-0700,iso,jbosnu/2015_04/2015_04_10.txt,,,,1
2015-04-11,78,78,7,-0700,iso,jbosnu/2015_04/2015_04_11.txt,,,,1
2015-04-12,43,43,3,-0700,iso,jbosnu/2015_04/2015_04_12.txt,,,,1
2015-04-14,38,38,4,-0700,iso,jbosnu/2015_04/2015_04_14.txt,,,,1
2015-04-16,34,34,3,-0700,iso,jbosnu/2015_04/2015_04_16.txt,,,,1
2015-04-17,17,17,4,-0700,iso,jbosnu/2015_04/2015_04_17.txt,,,,1
2015-04-18,2,2,2,-0700,iso,jbosnu/2015_04/2015_04_18.txt,,,,1
2015-04-19,12,12,3,-0700,iso,jbosnu/2015_04/2015_04_19.txt,,,,1
2015-04-20,57,57,4,-0700,iso,jbosnu/2015_04/2015_04_20.txt,,,,1
2015-04-21,2,2,1,-0700,iso,jbosnu/2015_04/2015_04_21.txt,,,,1
2015-04-22,10,10,3,-0700,iso,jbosnu/2015_04/2015_04_22.txt,,,,1
2015-04-23,1,1,1,-0700,iso,jbosnu/2015_04/2015_04_23.txt,,,,1
2015-04-24,1,1,1,-0700,iso,jbosnu/2015_04/2015_04_24.txt,,,,1
2015-04-26,9,9,2,-0700,iso,jbosnu/2015_04/2015_04_26.txt,,,,1
2015-04-27,1,1,1,-0700,iso,jbosnu/2015_04/2015_04_27.txt,,,,1
2015-04-28,1,1,1,-0700,iso,jbosnu/2015_04/2015_04_28.txt,,,,1
2015-04-29,2,2,1,-0700,iso,jbosnu/2015_04/2015_04_29.txt,,,,1
2015-04-30,2,2,2,-0700,iso,jbosnu/2015_04/2015_04_30.txt,,,,1
2015-05-01,11,11,5,-0700,iso+irssi,"jbosnu/2015_05/2015_05_01.txt,jbosnu/2015_05/jbosnu-special.2015.05.log",,,,2
2015-05-02,5,5,2,-0700,iso+irssi,"jbosnu/2015_05/2015_05_02.txt,jbosnu/2015_05/jbosnu-special.2015.05.log",,,,2
2015-05-03,2,2,2,-0700,iso+irssi,"jbosnu/2015_05/2015_05_03.txt,jbosnu/2015_05/jbosnu-special.2015.05.log",,,,2
2015-05-04,65,63,5,-0700,iso+irssi,"jbosnu/2015_05/2015_05_04.txt,jbosnu/2015_05/jbosnu-special.2015.05.log",,,,2
2015-05-05,3,1,1,-0700,iso+irssi,"jbosnu/2015_05/2015_05_05.txt,jbosnu/2015_05/jbosnu-special.2015.05.log",,,,2
2015-05-07,1,0,0,unknown,irssi,jbosnu/2015_05/jbosnu-special.2015.05.log,,,,1
2015-05-08,26,26,6,unknown,irssi,jbosnu/2015_05/jbosnu-special.2015.05.log,,,,1
2015-05-10,1,1,1,unknown,irssi,jbosnu/2015_05/jbosnu-special.2015.05.log,,,,1
2015-05-11,13,13,4,unknown,irssi,jbosnu/2015_05/jbosnu-special.2015.05.log,,,,1
2015-05-12,3,3,2,unknown,irssi,jbosnu/2015_05/jbosnu-special.2015.05.log,,,,1
2015-05-15,50,50,5,unknown,irssi,jbosnu/2015_05/jbosnu-special.2015.05.log,,,,1
2015-05-16,11,9,3,unknown,irssi,jbosnu/2015_05/jbosnu-special.2015.05.log,,,,1
2015-05-19,49,49,7,unknown,irssi,jbosnu/2015_05/jbosnu-special.2015.05.log,,,,1
2015-05-20,25,25,3,unknown,irssi,jbosnu/2015_05/jbosnu-special.2015.05.log,,,,1
2015-05-22,1,1,1,unknown,irssi,jbosnu/2015_05/jbosnu-special.2015.05.log,,,,1
2015-05-23,31,31,5,unknown,irssi,jbosnu/2015_05/jbosnu-special.2015.05.log,,,,1
2015-05-24,45,45,4,unknown,irssi,jbosnu/2015_05/jbosnu-special.2015.05.log,,,,1
2015-05-25,259,259,12,unknown,irssi,jbosnu/2015_05/jbosnu-special.2015.05.log,,,,1
2015-05-26,47,47,3,unknown,irssi,jbosnu/2015_05/jbosnu-special.2015.05.log,,,,1
2015-05-27,24,24,4,unknown,irssi,jbosnu/2015_05/jbosnu-special.2015.05.log,,,,1
2015-05-28,57,57,5,-0700,iso+irssi,"jbosnu/2015_05/2015_05_28.txt,jbosnu/2015_05/jbosnu-special.2015.05.log",,,,2
2015-05-29,103,103,6,unknown,irssi,jbosnu/2015_05/jbosnu-special.2015.05.log,,,,1
2015-05-30,16,13,4,unknown,irssi,jbosnu/2015_05/jbosnu-special.2015.05.log,,,,1
2015-05-31,113,113,6,unknown,irssi,jbosnu/2015_05/jbosnu-special.2015.05.log,,,,1
2015-06-02,9,9,5,-0700,iso+irssi,"jbosnu/2015_06/2015_06_02.txt,jbosnu/2015_06/jbosnu-special.2015.06.log",,,,2
2015-06-03,167,167,10,unknown,irssi,jbosnu/2015_06/jbosnu-special.2015.06.log,,,,1
2015-06-04,11,11,3,unknown,irssi,jbosnu/2015_06/jbosnu-special.2015.06.log,,,,1
2015-06-05,3,3,2,unknown,irssi,jbosnu/2015_06/jbosnu-special.2015.06.log,,,,1
2015-06-07,74,74,7,unknown,irssi,jbosnu/2015_06/jbosnu-special.2015.06.log,,,,1
2015-06-08,129,129,6,unknown,irssi,jbosnu/2015_06/jbosnu-special.2015.06.log,,,,1
2015-06-09,42,42,6,unknown,irssi,jbosnu/2015_06/jbosnu-special.2015.06.log,,,,1
2015-06-10,78,78,5,unknown,irssi,jbosnu/2015_06/jbosnu-special.2015.06.log,,,,1
2015-06-11,53,53,6,unknown,irssi,jbosnu/2015_06/jbosnu-special.2015.06.log,,,,1
2015-06-12,25,25,2,unknown,irssi,jbosnu/2015_06/jbosnu-special.2015.06.log,,,,1
2015-06-13,115,115,6,unknown,irssi,jbosnu/2015_06/jbosnu-special.2015.06.log,,,,1
2015-06-14,23,23,4,unknown,irssi,jbosnu/2015_06/jbosnu-special.2015.06.log,,,,1
2015-06-15,12,12,3,unknown,irssi,jbosnu/2015_06/jbosnu-special.2015.06.log,,,,1
2015-06-16,24,24,4,unknown,irssi,jbosnu/2015_06/jbosnu-special.2015.06.log,,,,1
2015-06-17,64,64,10,unknown,irssi,jbosnu/2015_06/jbosnu-special.2015.06.log,,,,1
2015-06-18,11,11,3,unknown,irssi,jbosnu/2015_06/jbosnu-special.2015.06.log,,,,1
2015-06-19,20,19,3,unknown,irssi,jbosnu/2015_06/jbosnu-special.2015.06.log,,,,1
2015-06-20,39,35,4,unknown,irssi,jbosnu/2015_06/jbosnu-special.2015.06.log,,,,1
2015-06-21,14,14,4,unknown,irssi,jbosnu/2015_06/jbosnu-special.2015.06.log,,,,1
2015-06-22,3,2,2,unknown,irssi,jbosnu/2015_06/jbosnu-special.2015.06.log,,,,1
2015-06-24,10,10,2,unknown,irssi,jbosnu/2015_06/jbosnu-special.2015.06.log,,,,1
2015-06-25,8,6,3,unknown,irssi,jbosnu/2015_06/jbosnu-special.2015.06.log,,,,1
2015-06-26,31,31,5,unknown,irssi,jbosnu/2015_06/jbosnu-special.2015.06.log,,,,1
2015-06-29,4,4,1,unknown,irssi,jbosnu/2015_06/jbosnu-special.2015.06.log,,,,1
2015-07-02,7,7,2,unknown,irssi,jbosnu/2015_07/jbosnu-special.2015.07.log,,,,1
2015-07-03,4,4,3,unknown,irssi,jbosnu/2015_07/jbosnu-special.2015.07.log,,,,1
2015-07-07,6,6,2,unknown,irssi,jbosnu/2015_07/jbosnu-special.2015.07.log,,,,1
2015-07-08,1,1,1,unknown,irssi,jbosnu/2015_07/jbosnu-special.2015.07.log,,,,1
2015-07-15,5,5,1,unknown,irssi,jbosnu/2015_07/jbosnu-special.2015.07.log,,,,1
2015-07-16,1,1,1,unknown,irssi,jbosnu/2015_07/jbosnu-special.2015.07.log,,,,1
2015-07-24,4,4,2,unknown,irssi,jbosnu/2015_07/jbosnu-special.2015.07.log,,,,1
2015-07-25,2,2,2,unknown,irssi,jbosnu/2015_07/jbosnu-special.2015.07.log,,,,1
2015-07-26,3,3,2,unknown,irssi,jbosnu/2015_07/jbosnu-special.2015.07.log,,,,1
2015-07-28,11,11,2,-0700,iso,jbosnu/2015_07/2015_07_28.txt,,,,1
2015-07-31,1,1,1,-0700,iso,jbosnu/2015_07/2015_07_31.txt,,,,1
2015-08-02,25,25,3,-0700,iso,jbosnu/2015_08/2015_08_02.txt,,,,1
2015-08-04,1,1,1,-0700,iso,jbosnu/2015_08/2015_08_04.txt,,,,1
2015-08-07,2,2,1,-0700,iso,jbosnu/2015_08/2015_08_07.txt,,,,1
2015-08-08,1,1,1,-0700,iso,jbosnu/2015_08/2015_08_08.txt,,,,1
2015-08-09,13,13,5,-0700,iso,jbosnu/2015_08/2015_08_09.txt,,,,1
2015-08-15,3,3,1,-0700,iso,jbosnu/2015_08/2015_08_15.txt,,,,1
2015-08-17,6,6,2,-0700,iso,jbosnu/2015_08/2015_08_17.txt,,,,1
2015-08-18,1,1,1,-0700,iso,jbosnu/2015_08/2015_08_18.txt,,,,1
2015-08-21,3,3,1,-0700,iso,jbosnu/2015_08/2015_08_21.txt,,,,1
2015-09-05,22,22,5,-0700,iso,jbosnu/2015_09/2015_09_05.txt,,,,1
2015-09-10,11,11,2,-0700,iso,jbosnu/2015_09/2015_09_10.txt,,,,1
2015-09-12,1,1,1,-0700,iso,jbosnu/2015_09/2015_09_12.txt,,,,1
2015-09-13,6,6,4,-0700,iso,jbosnu/2015_09/2015_09_13.txt,,,,1
2015-09-14,6,6,1,-0700,iso,jbosnu/2015_09/2015_09_14.txt,,,,1
2015-09-15,6,6,3,-0700,iso,jbosnu/2015_09/2015_09_15.txt,,,,1
2015-09-18,47,47,2,-0700,iso,jbosnu/2015_09/2015_09_18.txt,,,,1
2015-09-20,2,2,1,-0700,iso,jbosnu/2015_09/2015_09_20.txt,,,,1
2015-09-21,2,2,1,-0700,iso,jbosnu/2015_09/2015_09_21.txt,,,,1
2015-09-23,6,6,4,-0700,iso,jbosnu/2015_09/2015_09_23.txt,,,,1
2015-09-24,10,10,4,-0700,iso,jbosnu/2015_09/2015_09_24.txt,,,,1
2015-09-25,15,15,5,-0700,iso,jbosnu/2015_09/2015_09_25.txt,,,,1
2015-09-29,7,7,3,-0700,iso,jbosnu/2015_09/2015_09_29.txt,,,,1
2015-09-30,12,12,3,-0700,iso,jbosnu/2015_09/2015_09_30.txt,,,,1
2015-10-03,17,17,4,-0700,iso,jbosnu/2015_10/2015_10_03.txt,,,,1
2015-10-04,13,13,4,-0700,iso,jbosnu/2015_10/2015_10_04.txt,,,,1
2015-10-07,3,3,2,-0700,iso,jbosnu/2015_10/2015_10_07.txt,,,,1
2015-10-09,2,2,1,-0700,iso,jbosnu/2015_10/2015_10_09.txt,,,,1
2015-10-10,20,20,2,-0700,iso,jbosnu/2015_10/2015_10_10.txt,,,,1
2015-10-11,14,14,3,-0700,iso,jbosnu/2015_10/2015_10_11.txt,,,,1
2015-10-12,11,11,2,-0700,iso,jbosnu/2015_10/2015_10_12.txt,,,,1
2015-10-15,20,20,3,-0700,iso,jbosnu/2015_10/2015_10_15.txt,,,,1
2015-10-20,2,2,1,-0700,iso,jbosnu/2015_10/2015_10_20.txt,,,,1
2015-10-21,13,13,2,-0700,iso,jbosnu/2015_10/2015_10_21.txt,,,,1
2015-10-23,4,4,2,-0700,iso,jbosnu/2015_10/2015_10_23.txt,,,,1
2015-10-25,6,6,3,-0700,iso,jbosnu/2015_10/2015_10_25.txt,,,,1
2015-10-28,31,31,5,-0700,iso,jbosnu/2015_10/2015_10_28.txt,,,,1
2015-10-29,3,3,2,-0700,iso,jbosnu/2015_10/2015_10_29.txt,,,,1
2015-10-30,2,2,2,-0700,iso,jbosnu/2015_10/2015_10_30.txt,,,,1
2015-10-31,6,6,3,-0700,iso,jbosnu/2015_10/2015_10_31.txt,,,,1
2015-11-03,9,9,4,-0800,iso,jbosnu/2015_11/2015_11_03.txt,,,,1
2015-11-05,7,7,2,-0800,iso,jbosnu/2015_11/2015_11_05.txt,,,,1
2015-11-07,1,1,1,-0800,iso,jbosnu/2015_11/2015_11_07.txt,,,,1
2015-11-12,6,6,2,-0800,iso,jbosnu/2015_11/2015_11_12.txt,,,,1
2015-11-14,3,3,3,-0800,iso,jbosnu/2015_11/2015_11_14.txt,,,,1
2015-11-15,1,1,1,-0800,iso,jbosnu/2015_11/2015_11_15.txt,,,,1
2015-11-18,4,4,3,-0800,iso,jbosnu/2015_11/2015_11_18.txt,,,,1
2015-11-19,17,17,3,-0800,iso,jbosnu/2015_11/2015_11_19.txt,,,,1
2015-11-21,25,25,3,-0800,iso,jbosnu/2015_11/2015_11_21.txt,,,,1
2015-11-22,1,1,1,-0800,iso,jbosnu/2015_11/2015_11_22.txt,,,,1
2015-11-23,6,6,2,-0800,iso,jbosnu/2015_11/2015_11_23.txt,,,,1
2015-11-27,10,10,4,-0800,iso,jbosnu/2015_11/2015_11_27.txt,,,,1
2015-12-01,41,41,8,-0800,iso,jbosnu/2015_12/2015_12_01.txt,,,,1
2015-12-02,1,1,1,-0800,iso,jbosnu/2015_12/2015_12_02.txt,,,,1
2015-12-05,1,1,1,-0800,iso,jbosnu/2015_12/2015_12_05.txt,,,,1
2015-12-06,3,3,3,-0800,iso,jbosnu/2015_12/2015_12_06.txt,,,,1
2015-12-08,10,10,2,-0800,iso,jbosnu/2015_12/2015_12_08.txt,,,,1
2015-12-25,41,41,2,-0800,iso,jbosnu/2015_12/2015_12_25.txt,,,,1
2016-01-03,1,1,1,-0800,iso,jbosnu/2016_01/2016_01_03.txt,,,,1
2016-01-10,1,1,1,-0800,iso,jbosnu/2016_01/2016_01_10.txt,,,,1
2016-01-12,34,34,3,-0800,iso,jbosnu/2016_01/2016_01_12.txt,,,,1
2016-01-13,1,1,1,-0800,iso,jbosnu/2016_01/2016_01_13.txt,,,,1
2016-01-14,41,41,7,-0800,iso,jbosnu/2016_01/2016_01_14.txt,,,,1
2016-01-15,27,27,7,-0800,iso,jbosnu/2016_01/2016_01_15.txt,,,,1
2016-01-16,4,4,3,-0800,iso,jbosnu/2016_01/2016_01_16.txt,,,,1
2016-01-17,4,4,2,-0800,iso,jbosnu/2016_01/2016_01_17.txt,,,,1
2016-01-18,6,6,2,-0800,iso,jbosnu/2016_01/2016_01_18.txt,,,,1
2016-01-19,23,23,5,-0800,iso,jbosnu/2016_01/2016_01_19.txt,,,,1
2016-01-20,52,52,4,-0800,iso,jbosnu/2016_01/2016_01_20.txt,,,,1
2016-01-21,3,3,2,-0800,iso,jbosnu/2016_01/2016_01_21.txt,,,,1
2016-01-22,1,1,1,-0800,iso,jbosnu/2016_01/2016_01_22.txt,,,,1
2016-01-23,15,15,3,-0800,iso,jbosnu/2016_01/2016_01_23.txt,,,,1
2016-01-24,10,10,2,-0800,iso,jbosnu/2016_01/2016_01_24.txt,,,,1
2016-01-25,27,27,3,-0800,iso,jbosnu/2016_01/2016_01_25.txt,,,,1
2016-01-28,94,94,3,-0800,iso,jbosnu/2016_01/2016_01_28.txt,,,,1
2016-01-29,6,6,1,-0800,iso,jbosnu/2016_01/2016_01_29.txt,,,,1
2016-01-30,29,29,3,-0800,iso,jbosnu/2016_01/2016_01_30.txt,,,,1
2016-01-31,54,54,6,-0800,iso,jbosnu/2016_01/2016_01_31.txt,,,,1
2016-02-01,41,41,9,-0800,iso,jbosnu/2016_02/2016_02_01.txt,,,,1
2016-02-02,4,4,2,-0800,iso,jbosnu/2016_02/2016_02_02.txt,,,,1
2016-02-03,46,46,5,-0800,iso,jbosnu/2016_02/2016_02_03.txt,,,,1
2016-02-04,4,4,2,-0800,iso,jbosnu/2016_02/2016_02_04.txt,,,,1
2016-02-05,9,9,3,-0800,iso,jbosnu/2016_02/2016_02_05.txt,,,,1
2016-02-06,9,9,2,-0800,iso,jbosnu/2016_02/2016_02_06.txt,,,,1
2016-02-07,94,94,7,-0800,iso,jbosnu/2016_02/2016_02_07.txt,,,,1
2016-02-08,104,104,8,-0800,iso,jbosnu/2016_02/2016_02_08.txt,,,,1
2016-02-09,17,17,3,-0800,iso,jbosnu/2016_02/2016_02_09.txt,,,,1
2016-02-10,29,29,4,-0800,iso,jbosnu/2016_02/2016_02_10.txt,,,,1
2016-02-11,18,18,2,-0800,iso,jbosnu/2016_02/2016_02_11.txt,,,,1
2016-02-12,14,14,3,-0800,iso,jbosnu/2016_02/2016_02_12.txt,,,,1
2016-02-13,23,23,5,-0800,iso,jbosnu/2016_02/2016_02_13.txt,,,,1
2016-02-14,4,4,3,-0800,iso,jbosnu/2016_02/2016_02_14.txt,,,,1
2016-02-15,5,5,1,-0800,iso,jbosnu/2016_02/2016_02_15.txt,,,,1
2016-02-16,3,3,2,-0800,iso,jbosnu/2016_02/2016_02_16.txt,,,,1
2016-02-18,11,11,3,-0800,iso,jbosnu/2016_02/2016_02_18.txt,,,,1
2016-02-19,64,64,5,-0800,iso,jbosnu/2016_02/2016_02_19.txt,,,,1
2016-02-21,68,68,5,-0800,iso,jbosnu/2016_02/2016_02_21.txt,,,,1
2016-02-22,67,67,3,-0800,iso,jbosnu/2016_02/2016_02_22.txt,,,,1
2016-02-23,16,16,2,-0800,iso,jbosnu/2016_02/2016_02_23.txt,,,,1
2016-02-26,55,55,5,-0800,iso,jbosnu/2016_02/2016_02_26.txt,,,,1
2016-02-28,3,3,1,-0800,iso,jbosnu/2016_02/2016_02_28.txt,,,,1
2016-02-29,11,11,4,-0800,iso,jbosnu/2016_02/2016_02_29.txt,,,,1
2016-03-01,25,25,3,-0800,iso,jbosnu/2016_03/2016_03_01.txt,,,,1
2016-03-02,1,1,1,-0800,iso,jbosnu/2016_03/2016_03_02.txt,,,,1
2016-03-03,17,17,4,-0800,iso,jbosnu/2016_03/2016_03_03.txt,,,,1
2016-03-04,57,57,7,-0800,iso,jbosnu/2016_03/2016_03_04.txt,,,,1
2016-03-05,7,7,5,-0800,iso,jbosnu/2016_03/2016_03_05.txt,,,,1
2016-03-06,6,6,3,-0800,iso,jbosnu/2016_03/2016_03_06.txt,,,,1
2016-03-08,2,2,1,-0800,iso,jbosnu/2016_03/2016_03_08.txt,,,,1
2016-03-09,8,8,3,-0800,iso,jbosnu/2016_03/2016_03_09.txt,,,,1
2016-03-12,6,6,3,-0800,iso,jbosnu/2016_03/2016_03_12.txt,,,,1
2016-03-13,12,12,4,-0700,iso,jbosnu/2016_03/2016_03_13.txt,,,,1
2016-03-14,3,3,2,-0700,iso,jbosnu/2016_03/2016_03_14.txt,,,,1
2016-03-15,1,1,1,-0700,iso,jbosnu/2016_03/2016_03_15.txt,,,,1
2016-03-16,1,1,1,-0700,iso,jbosnu/2016_03/2016_03_16.txt,,,,1
2016-03-17,26,26,6,-0700,iso,jbosnu/2016_03/2016_03_17.txt,,,,1
2016-03-18,1,1,1,-0700,iso,jbosnu/2016_03/2016_03_18.txt,,,,1
2016-03-19,7,7,3,-0700,iso,jbosnu/2016_03/2016_03_19.txt,,,,1
2016-03-20,3,3,2,-0700,iso,jbosnu/2016_03/2016_03_20.txt,,,,1
2016-03-21,18,18,3,-0700,iso,jbosnu/2016_03/2016_03_21.txt,,,,1
2016-03-22,1,1,1,-0700,iso,jbosnu/2016_03/2016_03_22.txt,,,,1
2016-03-24,6,6,1,-0700,iso,jbosnu/2016_03/2016_03_24.txt,,,,1
2016-03-25,2,2,2,-0700,iso,jbosnu/2016_03/2016_03_25.txt,,,,1
2016-03-26,4,4,2,-0700,iso,jbosnu/2016_03/2016_03_26.txt,,,,1
2016-03-27,3,3,1,-0700,iso,jbosnu/2016_03/2016_03_27.txt,,,,1
2016-03-29,4,4,2,-0700,iso,jbosnu/2016_03/2016_03_29.txt,,,,1
2016-03-31,1,1,1,-0700,iso,jbosnu/2016_03/2016_03_31.txt,,,,1
2016-04-02,16,16,4,-0700,iso,jbosnu/2016_04/2016_04_02.txt,,,,1
2016-04-03,2,2,2,-0700,iso,jbosnu/2016_04/2016_04_03.txt,,,,1
2016-04-04,46,46,4,-0700,iso,jbosnu/2016_04/2016_04_04.txt,,,,1
2016-04-05,63,63,7,-0700,iso,jbosnu/2016_04/2016_04_05.txt,,,,1
2016-04-08,1,1,1,-0700,iso,jbosnu/2016_04/2016_04_08.txt,,,,1
2016-04-11,7,7,4,-0700,iso,jbosnu/2016_04/2016_04_11.txt,,,,1
2016-04-13,2,2,2,-0700,iso,jbosnu/2016_04/2016_04_13.txt,,,,1
2016-04-14,8,8,3,-0700,iso,jbosnu/2016_04/2016_04_14.txt,,,,1
2016-04-15,1,1,1,-0700,iso,jbosnu/2016_04/2016_04_15.txt,,,,1
2016-04-20,3,3,1,-0700,iso,jbosnu/2016_04/2016_04_20.txt,,,,1
2016-04-22,2,2,2,-0700,iso,jbosnu/2016_04/2016_04_22.txt,,,,1
2016-04-23,2,2,1,-0700,iso,jbosnu/2016_04/2016_04_23.txt,,,,1
2016-04-24,1,1,1,-0700,iso,jbosnu/2016_04/2016_04_24.txt,,,,1
2016-04-26,4,4,2,-0700,iso,jbosnu/2016_04/2016_04_26.txt,,,,1
2016-04-27,8,8,4,-0700,iso,jbosnu/2016_04/2016_04_27.txt,,,,1
2016-04-29,10,10,4,-0700,iso,jbosnu/2016_04/2016_04_29.txt,,,,1
2016-04-30,26,26,6,-0700,iso,jbosnu/2016_04/2016_04_30.txt,,,,1
2016-05-09,4,4,2,-0700,iso,jbosnu/2016_05/2016_05_09.txt,,,,1
2016-05-10,14,14,4,-0700,iso,jbosnu/2016_05/2016_05_10.txt,,,,1
2016-05-11,24,24,2,-0700,iso,jbosnu/2016_05/2016_05_11.txt,,,,1
2016-05-14,11,11,2,-0700,iso,jbosnu/2016_05/2016_05_14.txt,,,,1
2016-05-15,35,35,5,-0700,iso,jbosnu/2016_05/2016_05_15.txt,,,,1
2016-05-17,9,9,5,-0700,iso,jbosnu/2016_05/2016_05_17.txt,,,,1
2016-05-18,13,13,5,-0700,iso,jbosnu/2016_05/2016_05_18.txt,,,,1
2016-05-19,7,7,1,-0700,iso,jbosnu/2016_05/2016_05_19.txt,,,,1
2016-05-22,34,34,3,-0700,iso,jbosnu/2016_05/2016_05_22.txt,,,,1
2016-05-27,63,63,2,-0700,iso,jbosnu/2016_05/2016_05_27.txt,,,,1
2016-05-28,2,2,1,-0700,iso,jbosnu/2016_05/2016_05_28.txt,,,,1
2016-05-31,3,3,2,-0700,iso,jbosnu/2016_05/2016_05_31.txt,,,,1
2016-06-02,22,22,3,-0700,iso,jbosnu/2016_06/2016_06_02.txt,,,,1
2016-06-03,5,5,2,-0700,iso,jbosnu/2016_06/2016_06_03.txt,,,,1
2016-06-05,19,19,2,-0700,iso,jbosnu/2016_06/2016_06_05.txt,,,,1
2016-06-15,2,2,1,-0700,iso,jbosnu/2016_06/2016_06_15.txt,,,,1
2016-06-21,3,3,3,-0700,iso,jbosnu/2016_06/2016_06_21.txt,,,,1
2016-06-22,2,2,2,-0700,iso,jbosnu/2016_06/2016_06_22.txt,,,,1
2016-06-24,38,38,3,-0700,iso,jbosnu/2016_06/2016_06_24.txt,,,,1
2016-06-26,7,7,4,-0700,iso,jbosnu/2016_06/2016_06_26.txt,,,,1
2016-07-06,3,3,2,-0700,iso,jbosnu/2016_07/2016_07_06.txt,,,,1
2016-07-07,7,7,3,-0700,iso,jbosnu/2016_07/2016_07_07.txt,,,,1
2016-07-08,1,1,1,-0700,iso,jbosnu/2016_07/2016_07_08.txt,,,,1
2016-07-09,1,1,1,-0700,iso,jbosnu/2016_07/2016_07_09.txt,,,,1
2016-07-10,5,5,2,-0700,iso,jbosnu/2016_07/2016_07_10.txt,,,,1
2016-07-13,3,3,3,-0700,iso,jbosnu/2016_07/2016_07_13.txt,,,,1
2016-07-25,4,4,1,-0700,iso,jbosnu/2016_07/2016_07_25.txt,,,,1
2016-07-26,12,12,1,-0700,iso,jbosnu/2016_07/2016_07_26.txt,,,,1
2016-07-28,1,1,1,-0700,iso,jbosnu/2016_07/2016_07_28.txt,,,,1
2016-07-29,1,1,1,-0700,iso,jbosnu/2016_07/2016_07_29.txt,,,,1
2016-07-31,1,1,1,-0700,iso,jbosnu/2016_07/2016_07_31.txt,,,,1
2016-08-01,35,35,3,-0700,iso,jbosnu/2016_08/2016_08_01.txt,,,,1
2016-08-02,85,85,4,-0700,iso,jbosnu/2016_08/2016_08_02.txt,,,,1
2016-08-04,54,54,4,-0700,iso,jbosnu/2016_08/2016_08_04.txt,,,,1
2016-08-06,8,8,2,-0700,iso,jbosnu/2016_08/2016_08_06.txt,,,,1
2016-08-07,58,58,3,-0700,iso,jbosnu/2016_08/2016_08_07.txt,,,,1
2016-08-09,14,14,5,-0700,iso,jbosnu/2016_08/2016_08_09.txt,,,,1
2016-08-10,60,60,7,-0700,iso,jbosnu/2016_08/2016_08_10.txt,,,,1
2016-08-13,13,13,3,-0700,iso,jbosnu/2016_08/2016_08_13.txt,,,,1
2016-08-20,1,1,1,-0700,iso,jbosnu/2016_08/2016_08_20.txt,,,,1
2016-08-21,16,16,1,-0700,iso,jbosnu/2016_08/2016_08_21.txt,,,,1
2016-08-22,1,1,1,-0700,iso,jbosnu/2016_08/2016_08_22.txt,,,,1
2016-08-23,54,54,5,-0700,iso,jbosnu/2016_08/2016_08_23.txt,,,,1
2016-08-24,6,6,2,-0700,iso,jbosnu/2016_08/2016_08_24.txt,,,,1
2016-08-25,13,13,3,-0700,iso,jbosnu/2016_08/2016_08_25.txt,,,,1
2016-08-27,5,5,2,-0700,iso,jbosnu/2016_08/2016_08_27.txt,,,,1
2016-08-29,1,1,1,-0700,iso,jbosnu/2016_08/2016_08_29.txt,,,,1
2016-08-31,3,3,1,-0700,iso,jbosnu/2016_08/2016_08_31.txt,,,,1
2016-09-08,3,3,1,-0700,iso,jbosnu/2016_09/2016_09_08.txt,,,,1
2016-09-11,1,1,1,-0700,iso,jbosnu/2016_09/2016_09_11.txt,,,,1
2016-09-13,23,23,4,-0700,iso,jbosnu/2016_09/2016_09_13.txt,,,,1
2016-09-14,21,21,2,-0700,iso,jbosnu/2016_09/2016_09_14.txt,,,,1
2016-09-15,10,10,2,-0700,iso,jbosnu/2016_09/2016_09_15.txt,,,,1
2016-09-16,1,1,1,-0700,iso,jbosnu/2016_09/2016_09_16.txt,,,,1
2016-09-17,11,11,3,-0700,iso,jbosnu/2016_09/2016_09_17.txt,,,,1
2016-09-18,35,35,4,-0700,iso,jbosnu/2016_09/2016_09_18.txt,,,,1
2016-09-19,3,3,1,-0700,iso,jbosnu/2016_09/2016_09_19.txt,,,,1
2016-09-20,74,74,2,-0700,iso,jbosnu/2016_09/2016_09_20.txt,,,,1
2016-09-21,12,12,3,-0700,iso,jbosnu/2016_09/2016_09_21.txt,,,,1
2016-09-22,33,33,6,-0700,iso,jbosnu/2016_09/2016_09_22.txt,,,,1
2016-09-23,14,14,1,-0700,iso,jbosnu/2016_09/2016_09_23.txt,,,,1
2016-09-24,4,4,2,-0700,iso,jbosnu/2016_09/2016_09_24.txt,,,,1
2016-09-25,37,37,6,-0700,iso,jbosnu/2016_09/2016_09_25.txt,,,,1
2016-09-26,116,116,7,-0700,iso,jbosnu/2016_09/2016_09_26.txt,,,,1
2016-09-27,66,66,5,-0700,iso,jbosnu/2016_09/2016_09_27.txt,,,,1
2016-09-28,27,27,5,-0700,iso,jbosnu/2016_09/2016_09_28.txt,,,,1
2016-09-29,18,18,5,-0700,iso,jbosnu/2016_09/2016_09_29.txt,,,,1
2016-09-30,2,2,2,-0700,iso,jbosnu/2016_09/2016_09_30.txt,,,,1
2016-10-03,93,93,5,-0700,iso,jbosnu/2016_10/2016_10_03.txt,,,,1
2016-10-04,26,26,6,-0700,iso,jbosnu/2016_10/2016_10_04.txt,,,,1
2016-10-05,42,42,3,-0700,iso,jbosnu/2016_10/2016_10_05.txt,,,,1
2016-10-06,101,101,7,-0700,iso,jbosnu/2016_10/2016_10_06.txt,,,,1
2016-10-07,366,366,9,-0700,iso,jbosnu/2016_10/2016_10_07.txt,,,,1
2016-10-08,42,42,10,-0700,iso,jbosnu/2016_10/2016_10_08.txt,,,,1
2016-10-09,53,53,5,-0700,iso,jbosnu/2016_10/2016_10_09.txt,,,,1
2016-10-10,14,14,4,-0700,iso,jbosnu/2016_10/2016_10_10.txt,,,,1
2016-10-11,45,45,1,-0700,iso,jbosnu/2016_10/2016_10_11.txt,,,,1
2016-10-12,7,7,1,-0700,iso,jbosnu/2016_10/2016_10_12.txt,,,,1
2016-10-13,61,61,8,-0700,iso,jbosnu/2016_10/2016_10_13.txt,,,,1
2016-10-14,69,69,4,-0700,iso,jbosnu/2016_10/2016_10_14.txt,,,,1
2016-10-15,36,36,4,-0700,iso,jbosnu/2016_10/2016_10_15.txt,,,,1
2016-10-16,10,10,2,-0700,iso,jbosnu/2016_10/2016_10_16.txt,,,,1
2016-10-17,1,1,1,-0700,iso,jbosnu/2016_10/2016_10_17.txt,,,,1
2016-10-18,38,38,6,-0700,iso,jbosnu/2016_10/2016_10_18.txt,,,,1
2016-10-19,44,44,8,-0700,iso,jbosnu/2016_10/2016_10_19.txt,,,,1
2016-10-20,15,15,3,-0700,iso,jbosnu/2016_10/2016_10_20.txt,,,,1
2016-10-21,11,11,2,-0700,iso,jbosnu/2016_10/2016_10_21.txt,,,,1
2016-10-22,5,5,3,-0700,iso,jbosnu/2016_10/2016_10_22.txt,,,,1
2016-10-23,12,12,3,-0700,iso,jbosnu/2016_10/2016_10_23.txt,,,,1
2016-10-24,3,3,2,-0700,iso,jbosnu/2016_10/2016_10_24.txt,,,,1
2016-10-25,141,141,5,-0700,iso,jbosnu/2016_10/2016_10_25.txt,,,,1
2016-10-26,76,76,4,-0700,iso,jbosnu/2016_10/2016_10_26.txt,,,,1
2016-10-27,48,48,5,-0700,iso,jbosnu/2016_10/2016_10_27.txt,,,,1
2016-10-28,101,101,6,-0700,iso,jbosnu/2016_10/2016_10_28.txt,,,,1
2016-10-29,4,4,2,-0700,iso,jbosnu/2016_10/2016_10_29.txt,,,,1
2016-10-31,5,5,1,-0700,iso,jbosnu/2016_10/2016_10_31.txt,,,,1
2016-11-01,37,37,2,-0700,iso,jbosnu/2016_11/2016_11_01.txt,,,,1
2016-11-02,8,8,1,-0700,iso,jbosnu/2016_11/2016_11_02.txt,,,,1
2016-11-03,12,12,4,-0700,iso,jbosnu/2016_11/2016_11_03.txt,,,,1
2016-11-04,22,22,4,-0700,iso,jbosnu/2016_11/2016_11_04.txt,,,,1
2016-11-05,4,4,2,-0700,iso,jbosnu/2016_11/2016_11_05.txt,,,,1
2016-11-06,36,36,1,-0800,iso,jbosnu/2016_11/2016_11_06.txt,,,,1
2016-11-07,28,28,2,-0800,iso,jbosnu/2016_11/2016_11_07.txt,,,,1
2016-11-08,37,37,4,-0800,iso,jbosnu/2016_11/2016_11_08.txt,,,,1
2016-11-09,139,139,8,-0800,iso,jbosnu/2016_11/2016_11_09.txt,,,,1
2016-11-10,9,9,2,-0800,iso,jbosnu/2016_11/2016_11_10.txt,,,,1
2016-11-11,1,1,1,-0800,iso,jbosnu/2016_11/2016_11_11.txt,,,,1
2016-11-12,20,20,3,-0800,iso,jbosnu/2016_11/2016_11_12.txt,,,,1
2016-11-13,4,4,2,-0800,iso,jbosnu/2016_11/2016_11_13.txt,,,,1
2016-11-14,20,20,2,-0800,iso,jbosnu/2016_11/2016_11_14.txt,,,,1
2016-11-15,3,3,1,-0800,iso,jbosnu/2016_11/2016_11_15.txt,,,,1
2016-11-16,9,9,3,-0800,iso,jbosnu/2016_11/2016_11_16.txt,,,,1
2016-11-17,2,2,1,-0800,iso,jbosnu/2016_11/2016_11_17.txt,,,,1
2016-11-18,9,9,1,-0800,iso,jbosnu/2016_11/2016_11_18.txt,,,,1
2016-11-19,55,55,4,-0800,iso,jbosnu/2016_11/2016_11_19.txt,,,,1
2016-11-20,1,1,1,-0800,iso,jbosnu/2016_11/2016_11_20.txt,,,,1
2016-11-21,17,17,4,-0800,iso,jbosnu/2016_11/2016_11_21.txt,,,,1
2016-11-22,1,1,1,-0800,iso,jbosnu/2016_11/2016_11_22.txt,,,,1
2016-11-23,4,4,1,-0800,iso,jbosnu/2016_11/2016_11_23.txt,,,,1
2016-11-24,29,29,4,-0800,iso,jbosnu/2016_11/2016_11_24.txt,,,,1
2016-11-25,15,15,1,-0800,iso,jbosnu/2016_11/2016_11_25.txt,,,,1
2016-11-26,2,2,1,-0800,iso,jbosnu/2016_11/2016_11_26.txt,,,,1
2016-11-27,2,2,1,-0800,iso,jbosnu/2016_11/2016_11_27.txt,,,,1
2016-11-29,8,8,2,-0800,iso,jbosnu/2016_11/2016_11_29.txt,,,,1
2016-11-30,2,2,1,-0800,iso,jbosnu/2016_11/2016_11_30.txt,,,,1
2016-12-01,8,8,4,-0800,iso,jbosnu/2016_12/2016_12_01.txt,,,,1
2016-12-02,2,2,1,-0800,iso,jbosnu/2016_12/2016_12_02.txt,,,,1
2016-12-03,144,144,5,-0800,iso,jbosnu/2016_12/2016_12_03.txt,,,,1
2016-12-04,26,26,2,-0800,iso,jbosnu/2016_12/2016_12_04.txt,,,,1
2016-12-05,38,38,3,-0800,iso,jbosnu/2016_12/2016_12_05.txt,,,,1
2016-12-06,16,16,2,-0800,iso,jbosnu/2016_12/2016_12_06.txt,,,,1
2016-12-07,28,28,7,-0800,iso,jbosnu/2016_12/2016_12_07.txt,,,,1
2016-12-08,8,8,3,-0800,iso,jbosnu/2016_12/2016_12_08.txt,,,,1
2016-12-09,2,2,1,-0800,iso,jbosnu/2016_12/2016_12_09.txt,,,,1
2016-12-10,1,1,1,-0800,iso,jbosnu/2016_12/2016_12_10.txt,,,,1
2016-12-13,22,22,3,-0800,iso,jbosnu/2016_12/2016_12_13.txt,,,,1
2016-12-14,1,1,1,-0800,iso,jbosnu/2016_12/2016_12_14.txt,,,,1
2016-12-15,12,12,2,-0800,iso,jbosnu/2016_12/2016_12_15.txt,,,,1
2016-12-16,59,59,3,-0800,iso,jbosnu/2016_12/2016_12_16.txt,,,,1
2016-12-17,9,9,2,-0800,iso,jbosnu/2016_12/2016_12_17.txt,,,,1
2016-12-18,81,81,6,-0800,iso,jbosnu/2016_12/2016_12_18.txt,,,,1
2016-12-19,14,14,3,-0800,iso,jbosnu/2016_12/2016_12_19.txt,,,,1
2016-12-20,2,2,1,-0800,iso,jbosnu/2016_12/2016_12_20.txt,,,,1
2016-12-21,4,4,2,-0800,iso,jbosnu/2016_12/2016_12_21.txt,,,,1
2016-12-23,8,8,2,-0800,iso,jbosnu/2016_12/2016_12_23.txt,,,,1
2016-12-24,1,1,1,-0800,iso,jbosnu/2016_12/2016_12_24.txt,,,,1
2016-12-25,3,3,2,-0800,iso,jbosnu/2016_12/2016_12_25.txt,,,,1
2016-12-26,2,2,1,-0800,iso,jbosnu/2016_12/2016_12_26.txt,,,,1
2016-12-27,2,2,1,-0800,iso,jbosnu/2016_12/2016_12_27.txt,,,,1
2016-12-28,47,47,6,-0800,iso,jbosnu/2016_12/2016_12_28.txt,,,,1
2016-12-31,3,3,2,-0800,iso,jbosnu/2016_12/2016_12_31.txt,,,,1
2017-01-01,15,15,3,-0800,iso,jbosnu/2017_01/2017_01_01.txt,,,,1
2017-01-02,10,10,2,-0800,iso,jbosnu/2017_01/2017_01_02.txt,,,,1
2017-01-03,16,16,4,-0800,iso,jbosnu/2017_01/2017_01_03.txt,,,,1
2017-01-10,2,2,1,-0800,iso,jbosnu/2017_01/2017_01_10.txt,,,,1
2017-01-11,7,7,2,-0800,iso,jbosnu/2017_01/2017_01_11.txt,,,,1
2017-01-12,39,39,2,-0800,iso,jbosnu/2017_01/2017_01_12.txt,,,,1
2017-01-13,50,50,3,-0800,iso,jbosnu/2017_01/2017_01_13.txt,,,,1
2017-01-14,1,1,1,-0800,iso,jbosnu/2017_01/2017_01_14.txt,,,,1
2017-01-17,7,7,3,-0800,iso,jbosnu/2017_01/2017_01_17.txt,,,,1
2017-01-20,7,7,2,-0800,iso,jbosnu/2017_01/2017_01_20.txt,,,,1
2017-01-21,35,35,2,-0800,iso,jbosnu/2017_01/2017_01_21.txt,,,,1
2017-01-24,2,2,1,-0800,iso,jbosnu/2017_01/2017_01_24.txt,,,,1
2017-01-30,27,27,4,-0800,iso,jbosnu/2017_01/2017_01_30.txt,,,,1
2017-01-31,6,6,2,-0800,iso,jbosnu/2017_01/2017_01_31.txt,,,,1
2017-02-03,17,17,2,-0800,iso,jbosnu/2017_02/2017_02_03.txt,,,,1
2017-02-04,35,35,5,-0800,iso,jbosnu/2017_02/2017_02_04.txt,,,,1
2017-02-06,3,3,2,-0800,iso,jbosnu/2017_02/2017_02_06.txt,,,,1
2017-02-07,2,2,1,-0800,iso,jbosnu/2017_02/2017_02_07.txt,,,,1
2017-02-09,1,1,1,-0800,iso,jbosnu/2017_02/2017_02_09.txt,,,,1
2017-02-10,2,2,1,-0800,iso,jbosnu/2017_02/2017_02_10.txt,,,,1
2017-02-11,1,1,1,-0800,iso,jbosnu/2017_02/2017_02_11.txt,,,,1
2017-02-16,1,1,1,-0800,iso,jbosnu/2017_02/2017_02_16.txt,,,,1
2017-02-17,3,3,1,-0800,iso,jbosnu/2017_02/2017_02_17.txt,,,,1
2017-02-18,21,21,3,-0800,iso,jbosnu/2017_02/2017_02_18.txt,,,,1
2017-02-20,5,5,4,-0800,iso,jbosnu/2017_02/2017_02_20.txt,,,,1
2017-02-22,15,15,5,-0800,iso,jbosnu/2017_02/2017_02_22.txt,,,,1
2017-02-23,5,5,2,-0800,iso,jbosnu/2017_02/2017_02_23.txt,,,,1
2017-02-24,9,9,3,-0800,iso,jbosnu/2017_02/2017_02_24.txt,,,,1
2017-02-25,28,28,3,-0800,iso,jbosnu/2017_02/2017_02_25.txt,,,,1
2017-02-26,53,53,2,-0800,iso,jbosnu/2017_02/2017_02_26.txt,,,,1
2017-02-27,22,22,3,-0800,iso,jbosnu/2017_02/2017_02_27.txt,,,,1
2017-02-28,5,5,2,-0800,iso,jbosnu/2017_02/2017_02_28.txt,,,,1
2017-03-01,18,18,5,-0800,iso,jbosnu/2017_03/2017_03_01.txt,,,,1
2017-03-06,13,13,3,-0800,iso,jbosnu/2017_03/2017_03_06.txt,,,,1
2017-03-07,1,1,1,-0800,iso,jbosnu/2017_03/2017_03_07.txt,,,,1
2017-03-08,1,1,1,-0800,iso,jbosnu/2017_03/2017_03_08.txt,,,,1
2017-03-10,1,1,1,-0800,iso,jbosnu/2017_03/2017_03_10.txt,,,,1
2017-03-11,4,4,3,-0800,iso,jbosnu/2017_03/2017_03_11.txt,,,,1
2017-03-12,37,37,3,-0700,iso,jbosnu/2017_03/2017_03_12.txt,,,,1
2017-03-13,2,2,1,-0700,iso,jbosnu/2017_03/2017_03_13.txt,,,,1
2017-03-24,11,11,2,-0700,iso,jbosnu/2017_03/2017_03_24.txt,,,,1
2017-03-26,1,1,1,-0700,iso,jbosnu/2017_03/2017_03_26.txt,,,,1
2017-03-27,2,2,2,-0700,iso,jbosnu/2017_03/2017_03_27.txt,,,,1
2017-03-29,3,3,2,-0700,iso,jbosnu/2017_03/2017_03_29.txt,,,,1
2017-03-31,1,1,1,-0700,iso,jbosnu/2017_03/2017_03_31.txt,,,,1
2017-04-20,2,2,2,-0700,iso,jbosnu/2017_04/2017_04_20.txt,,,,1
2017-04-30,12,12,4,-0700,iso,jbosnu/2017_04/2017_04_30.txt,,,,1
2017-05-01,1,1,1,-0700,iso,jbosnu/2017_05/2017_05_01.txt,,,,1
2017-05-07,1,1,1,-0700,iso,jbosnu/2017_05/2017_05_07.txt,,,,1
2017-05-09,4,4,2,-0700,iso,jbosnu/2017_05/2017_05_09.txt,,,,1
2017-05-11,4,4,2,-0700,iso,jbosnu/2017_05/2017_05_11.txt,,,,1
2017-05-12,1,1,1,-0700,iso,jbosnu/2017_05/2017_05_12.txt,,,,1
2017-05-13,5,5,1,-0700,iso,jbosnu/2017_05/2017_05_13.txt,,,,1
2017-05-14,9,9,4,-0700,iso,jbosnu/2017_05/2017_05_14.txt,,,,1
2017-05-15,1,1,1,-0700,iso,jbosnu/2017_05/2017_05_15.txt,,,,1
2017-05-16,1,1,1,-0700,iso,jbosnu/2017_05/2017_05_16.txt,,,,1
2017-05-17,33,33,4,-0700,iso,jbosnu/2017_05/2017_05_17.txt,,,,1
2017-05-18,8,8,2,-0700,iso,jbosnu/2017_05/2017_05_18.txt,,,,1
2017-05-21,2,2,2,-0700,iso,jbosnu/2017_05/2017_05_21.txt,,,,1
2017-05-22,2,2,2,-0700,iso,jbosnu/2017_05/2017_05_22.txt,,,,1
2017-05-30,3,3,2,-0700,iso,jbosnu/2017_05/2017_05_30.txt,,,,1
2017-05-31,28,28,4,-0700,iso,jbosnu/2017_05/2017_05_31.txt,,,,1
2017-06-02,5,5,2,-0700,iso,jbosnu/2017_06/2017_06_02.txt,,,,1
2017-06-07,1,1,1,-0700,iso,jbosnu/2017_06/2017_06_07.txt,,,,1
2017-06-16,73,73,3,-0700,iso,jbosnu/2017_06/2017_06_16.txt,,,,1
2017-06-17,10,10,3,-0700,iso,jbosnu/2017_06/2017_06_17.txt,,,,1
2017-06-18,1,1,1,-0700,iso,jbosnu/2017_06/2017_06_18.txt,,,,1
2017-06-20,5,5,3,-0700,iso,jbosnu/2017_06/2017_06_20.txt,,,,1
2017-06-23,5,5,1,-0700,iso,jbosnu/2017_06/2017_06_23.txt,,,,1
2017-06-24,17,17,4,-0700,iso,jbosnu/2017_06/2017_06_24.txt,,,,1
2017-06-28,5,5,2,-0700,iso,jbosnu/2017_06/2017_06_28.txt,,,,1
2017-06-29,1,1,1,-0700,iso,jbosnu/2017_06/2017_06_29.txt,,,,1
2017-07-03,1,1,1,-0700,iso,jbosnu/2017_07/2017_07_03.txt,,,,1
2017-07-04,8,8,2,-0700,iso,jbosnu/2017_07/2017_07_04.txt,,,,1
2017-07-08,23,23,4,-0700,iso,jbosnu/2017_07/2017_07_08.txt,,,,1
2017-07-09,1,1,1,-0700,iso,jbosnu/2017_07/2017_07_09.txt,,,,1
2017-07-10,4,4,2,-0700,iso,jbosnu/2017_07/2017_07_10.txt,,,,1
2017-07-15,2,2,1,-0700,iso,jbosnu/2017_07/2017_07_15.txt,,,,1
2017-07-16,4,4,2,-0700,iso,jbosnu/2017_07/2017_07_16.txt,,,,1
2017-07-17,63,63,2,-0700,iso,jbosnu/2017_07/2017_07_17.txt,,,,1
2017-07-18,35,35,3,-0700,iso,jbosnu/2017_07/2017_07_18.txt,,,,1
2017-07-19,1,1,1,-0700,iso,jbosnu/2017_07/2017_07_19.txt,,,,1
2017-07-27,1,1,1,-0700,iso,jbosnu/2017_07/2017_07_27.txt,,,,1
2017-07-28,7,7,3,-0700,iso,jbosnu/2017_07/2017_07_28.txt,,,,1
2017-08-02,2,2,2,-0700,iso,jbosnu/2017_08/2017_08_02.txt,,,,1
2017-08-06,5,5,2,-0700,iso,jbosnu/2017_08/2017_08_06.txt,,,,1
2017-08-13,1,1,1,-0700,iso,jbosnu/2017_08/2017_08_13.txt,,,,1
2017-08-16,4,4,4,-0700,iso,jbosnu/2017_08/2017_08_16.txt,,,,1
2017-08-18,7,7,3,-0700,iso,jbosnu/2017_08/2017_08_18.txt,,,,1
2017-08-19,1,1,1,-0700,iso,jbosnu/2017_08/2017_08_19.txt,,,,1
2017-08-20,9,9,4,-0700,iso,jbosnu/2017_08/2017_08_20.txt,,,,1
2017-08-21,2,2,1,-0700,iso,jbosnu/2017_08/2017_08_21.txt,,,,1
2017-08-24,19,19,4,-0700,iso,jbosnu/2017_08/2017_08_24.txt,,,,1
2017-08-29,36,36,4,-0700,iso,jbosnu/2017_08/2017_08_29.txt,,,,1
2017-09-02,2,2,1,-0700,iso,jbosnu/2017_09/2017_09_02.txt,,,,1
2017-09-05,16,16,2,-0700,iso,jbosnu/2017_09/2017_09_05.txt,,,,1
2017-09-06,8,8,3,-0700,iso,jbosnu/2017_09/2017_09_06.txt,,,,1
2017-09-07,1,1,1,-0700,iso,jbosnu/2017_09/2017_09_07.txt,,,,1
2017-09-09,1,1,1,-0700,iso,jbosnu/2017_09/2017_09_09.txt,,,,1
2017-09-10,20,20,2,-0700,iso,jbosnu/2017_09/2017_09_10.txt,,,,1
2017-09-11,1,1,1,-0700,iso,jbosnu/2017_09/2017_09_11.txt,,,,1
2017-09-14,12,12,2,-0700,iso,jbosnu/2017_09/2017_09_14.txt,,,,1
2017-09-15,2,2,1,-0700,iso,jbosnu/2017_09/2017_09_15.txt,,,,1
2017-09-16,4,4,1,-0700,iso,jbosnu/2017_09/2017_09_16.txt,,,,1
2017-09-18,10,10,2,-0700,iso,jbosnu/2017_09/2017_09_18.txt,,,,1
2017-09-20,1,1,1,-0700,iso,jbosnu/2017_09/2017_09_20.txt,,,,1
2017-09-21,5,5,3,-0700,iso,jbosnu/2017_09/2017_09_21.txt,,,,1
2017-09-25,3,3,2,-0700,iso,jbosnu/2017_09/2017_09_25.txt,,,,1
2017-09-26,2,2,1,-0700,iso,jbosnu/2017_09/2017_09_26.txt,,,,1
2017-09-27,6,6,2,-0700,iso,jbosnu/2017_09/2017_09_27.txt,,,,1
2017-09-30,1,1,1,-0700,iso,jbosnu/2017_09/2017_09_30.txt,,,,1
2017-10-04,44,44,6,-0700,iso,jbosnu/2017_10/2017_10_04.txt,,,,1
2017-10-06,13,13,3,-0700,iso,jbosnu/2017_10/2017_10_06.txt,,,,1
2017-10-11,6,6,3,-0700,iso,jbosnu/2017_10/2017_10_11.txt,,,,1
2017-10-13,2,2,1,-0700,iso,jbosnu/2017_10/2017_10_13.txt,,,,1
2017-10-14,1,1,1,-0700,iso,jbosnu/2017_10/2017_10_14.txt,,,,1
2017-10-15,5,5,3,-0700,iso,jbosnu/2017_10/2017_10_15.txt,,,,1
2017-10-17,2,2,1,-0700,iso,jbosnu/2017_10/2017_10_17.txt,,,,1
2017-10-21,1,1,1,-0700,iso,jbosnu/2017_10/2017_10_21.txt,,,,1
2017-10-23,1,1,1,-0700,iso,jbosnu/2017_10/2017_10_23.txt,,,,1
2017-10-24,1,1,1,-0700,iso,jbosnu/2017_10/2017_10_24.txt,,,,1
2017-10-25,2,2,1,-0700,iso,jbosnu/2017_10/2017_10_25.txt,,,,1
2017-10-26,5,5,1,-0700,iso,jbosnu/2017_10/2017_10_26.txt,,,,1
2017-10-28,3,3,2,-0700,iso,jbosnu/2017_10/2017_10_28.txt,,,,1
2017-10-30,25,25,5,-0700,iso,jbosnu/2017_10/2017_10_30.txt,,,,1
2017-11-02,3,3,1,-0700,iso,jbosnu/2017_11/2017_11_02.txt,,,,1
2017-11-09,17,17,4,-0800,iso,jbosnu/2017_11/2017_11_09.txt,,,,1
2017-11-11,1,1,1,-0800,iso,jbosnu/2017_11/2017_11_11.txt,,,,1
2017-11-14,1,1,1,-0800,iso,jbosnu/2017_11/2017_11_14.txt,,,,1
2017-11-15,1,1,1,-0800,iso,jbosnu/2017_11/2017_11_15.txt,,,,1
2017-11-25,13,13,1,-0800,iso,jbosnu/2017_11/2017_11_25.txt,,,,1
2017-11-27,1,1,1,-0800,iso,jbosnu/2017_11/2017_11_27.txt,,,,1
2017-11-30,1,1,1,-0800,iso,jbosnu/2017_11/2017_11_30.txt,,,,1
2017-12-03,37,37,4,-0800,iso,jbosnu/2017_12/2017_12_03.txt,,,,1
2017-12-04,5,5,2,-0800,iso,jbosnu/2017_12/2017_12_04.txt,,,,1
2017-12-07,3,3,2,-0800,iso,jbosnu/2017_12/2017_12_07.txt,,,,1
2017-12-12,2,2,2,-0800,iso,jbosnu/2017_12/2017_12_12.txt,,,,1
2017-12-15,9,9,3,-0800,iso,jbosnu/2017_12/2017_12_15.txt,,,,1
2017-12-17,3,3,2,-0800,iso,jbosnu/2017_12/2017_12_17.txt,,,,1
2017-12-22,1,1,1,-0800,iso,jbosnu/2017_12/2017_12_22.txt,,,,1
2017-12-23,5,5,2,-0800,iso,jbosnu/2017_12/2017_12_23.txt,,,,1
2017-12-24,1,1,1,-0800,iso,jbosnu/2017_12/2017_12_24.txt,,,,1
2017-12-26,16,16,3,-0800,iso,jbosnu/2017_12/2017_12_26.txt,,,,1
2017-12-27,9,9,2,-0800,iso,jbosnu/2017_12/2017_12_27.txt,,,,1
2017-12-28,3,3,1,-0800,iso,jbosnu/2017_12/2017_12_28.txt,,,,1
2018-01-01,7,7,5,-0800,iso,jbosnu/2018_01/2018_01_01.txt,,,,1
2018-01-02,3,3,2,-0800,iso,jbosnu/2018_01/2018_01_02.txt,,,,1
2018-01-03,4,4,3,-0800,iso,jbosnu/2018_01/2018_01_03.txt,,,,1
2018-01-08,7,7,2,-0800,iso,jbosnu/2018_01/2018_01_08.txt,,,,1
2018-01-12,8,8,2,-0800,iso,jbosnu/2018_01/2018_01_12.txt,,,,1
2018-01-17,115,115,4,-0800,iso,jbosnu/2018_01/2018_01_17.txt,,,,1
2018-01-18,32,32,2,-0800,iso,jbosnu/2018_01/2018_01_18.txt,,,,1
2018-01-19,9,9,4,-0800,iso,jbosnu/2018_01/2018_01_19.txt,,,,1
2018-01-20,43,43,2,-0800,iso,jbosnu/2018_01/2018_01_20.txt,,,,1
2018-01-22,3,3,2,-0800,iso,jbosnu/2018_01/2018_01_22.txt,,,,1
2018-01-23,6,6,2,-0800,iso,jbosnu/2018_01/2018_01_23.txt,,,,1
2018-01-24,5,5,3,-0800,iso,jbosnu/2018_01/2018_01_24.txt,,,,1
2018-01-25,1,1,1,-0800,iso,jbosnu/2018_01/2018_01_25.txt,,,,1
2018-01-26,4,4,2,-0800,iso,jbosnu/2018_01/2018_01_26.txt,,,,1
2018-01-28,7,7,2,-0800,iso,jbosnu/2018_01/2018_01_28.txt,,,,1
2018-01-29,37,37,4,-0800,iso,jbosnu/2018_01/2018_01_29.txt,,,,1
2018-01-30,4,4,2,-0800,iso,jbosnu/2018_01/2018_01_30.txt,,,,1
2018-02-05,8,8,5,-0800,iso,jbosnu/2018_02/2018_02_05.txt,,,,1
2018-02-06,7,7,1,-0800,iso,jbosnu/2018_02/2018_02_06.txt,,,,1
2018-02-07,8,8,2,-0800,iso,jbosnu/2018_02/2018_02_07.txt,,,,1
2018-02-08,43,43,4,-0800,iso,jbosnu/2018_02/2018_02_08.txt,,,,1
2018-02-09,4,4,1,-0800,iso,jbosnu/2018_02/2018_02_09.txt,,,,1
2018-02-10,6,6,3,-0800,iso,jbosnu/2018_02/2018_02_10.txt,,,,1
2018-02-12,2,2,2,-0800,iso,jbosnu/2018_02/2018_02_12.txt,,,,1
2018-02-13,3,3,1,-0800,iso,jbosnu/2018_02/2018_02_13.txt,,,,1
2018-02-14,65,65,7,-0800,iso,jbosnu/2018_02/2018_02_14.txt,,,,1
2018-02-15,9,9,3,-0800,iso,jbosnu/2018_02/2018_02_15.txt,,,,1
2018-02-16,3,3,2,-0800,iso,jbosnu/2018_02/2018_02_16.txt,,,,1
2018-02-17,1,1,1,-0800,iso,jbosnu/2018_02/2018_02_17.txt,,,,1
2018-02-20,2,2,1,-0800,iso,jbosnu/2018_02/2018_02_20.txt,,,,1
2018-02-21,5,5,1,-0800,iso,jbosnu/2018_02/2018_02_21.txt,,,,1
2018-02-22,44,44,2,-0800,iso,jbosnu/2018_02/2018_02_22.txt,,,,1
2018-02-24,2,2,1,-0800,iso,jbosnu/2018_02/2018_02_24.txt,,,,1
2018-02-25,1,1,1,-0800,iso,jbosnu/2018_02/2018_02_25.txt,,,,1
2018-02-27,3,3,2,-0800,iso,jbosnu/2018_02/2018_02_27.txt,,,,1
2018-02-28,11,11,2,-0800,iso,jbosnu/2018_02/2018_02_28.txt,,,,1
2018-03-02,3,3,1,-0800,iso,jbosnu/2018_03/2018_03_02.txt,,,,1
2018-03-04,3,3,1,-0800,iso,jbosnu/2018_03/2018_03_04.txt,,,,1
2018-03-13,11,11,2,-0700,iso,jbosnu/2018_03/2018_03_13.txt,,,,1
2018-03-15,1,1,1,-0700,iso,jbosnu/2018_03/2018_03_15.txt,,,,1
2018-03-17,8,8,3,-0700,iso,jbosnu/2018_03/2018_03_17.txt,,,,1
2018-03-18,6,6,2,-0700,iso,jbosnu/2018_03/2018_03_18.txt,,,,1
2018-03-19,12,12,2,-0700,iso,jbosnu/2018_03/2018_03_19.txt,,,,1
2018-03-20,15,15,5,-0700,iso,jbosnu/2018_03/2018_03_20.txt,,,,1
2018-03-22,27,27,5,-0700,iso,jbosnu/2018_03/2018_03_22.txt,,,,1
2018-03-23,4,4,2,-0700,iso,jbosnu/2018_03/2018_03_23.txt,,,,1
2018-03-24,1,1,1,-0700,iso,jbosnu/2018_03/2018_03_24.txt,,,,1
2018-03-25,2,2,2,-0700,iso,jbosnu/2018_03/2018_03_25.txt,,,,1
2018-03-26,3,3,2,-0700,iso,jbosnu/2018_03/2018_03_26.txt,,,,1
2018-03-27,6,6,1,-0700,iso,jbosnu/2018_03/2018_03_27.txt,,,,1
2018-03-28,3,3,3,-0700,iso,jbosnu/2018_03/2018_03_28.txt,,,,1
2018-03-29,9,9,2,-0700,iso,jbosnu/2018_03/2018_03_29.txt,,,,1
2018-03-30,33,33,5,-0700,iso,jbosnu/2018_03/2018_03_30.txt,,,,1
2018-03-31,23,23,5,-0700,iso,jbosnu/2018_03/2018_03_31.txt,,,,1
2018-04-01,10,10,3,-0700,iso,jbosnu/2018_04/2018_04_01.txt,,,,1
2018-04-03,1,1,1,-0700,iso,jbosnu/2018_04/2018_04_03.txt,,,,1
2018-04-04,26,26,2,-0700,iso,jbosnu/2018_04/2018_04_04.txt,,,,1
2018-04-05,6,6,2,-0700,iso,jbosnu/2018_04/2018_04_05.txt,,,,1
2018-04-06,1,1,1,-0700,iso,jbosnu/2018_04/2018_04_06.txt,,,,1
2018-04-07,2,2,1,-0700,iso,jbosnu/2018_04/2018_04_07.txt,,,,1
2018-04-09,22,22,2,-0700,iso,jbosnu/2018_04/2018_04_09.txt,,,,1
2018-04-11,4,4,1,-0700,iso,jbosnu/2018_04/2018_04_11.txt,,,,1
2018-04-12,15,15,2,-0700,iso,jbosnu/2018_04/2018_04_12.txt,,,,1
2018-04-13,50,50,3,-0700,iso,jbosnu/2018_04/2018_04_13.txt,,,,1
2018-04-14,8,8,3,-0700,iso,jbosnu/2018_04/2018_04_14.txt,,,,1
2018-04-15,33,33,4,-0700,iso,jbosnu/2018_04/2018_04_15.txt,,,,1
2018-04-16,25,25,3,-0700,iso,jbosnu/2018_04/2018_04_16.txt,,,,1
2018-04-17,11,11,1,-0700,iso,jbosnu/2018_04/2018_04_17.txt,,,,1
2018-04-18,136,136,5,-0700,iso,jbosnu/2018_04/2018_04_18.txt,,,,1
2018-04-19,13,13,4,-0700,iso,jbosnu/2018_04/2018_04_19.txt,,,,1
2018-04-21,29,29,2,-0700,iso,jbosnu/2018_04/2018_04_21.txt,,,,1
2018-04-22,8,8,2,-0700,iso,jbosnu/2018_04/2018_04_22.txt,,,,1
2018-04-23,22,22,3,-0700,iso,jbosnu/2018_04/2018_04_23.txt,,,,1
2018-04-24,9,9,4,-0700,iso,jbosnu/2018_04/2018_04_24.txt,,,,1
2018-04-25,3,3,1,-0700,iso,jbosnu/2018_04/2018_04_25.txt,,,,1
2018-04-26,136,136,4,-0700,iso,jbosnu/2018_04/2018_04_26.txt,,,,1
2018-04-27,32,32,2,-0700,iso,jbosnu/2018_04/2018_04_27.txt,,,,1
2018-04-28,12,12,3,-0700,iso,jbosnu/2018_04/2018_04_28.txt,,,,1
2018-04-29,10,10,2,-0700,iso,jbosnu/2018_04/2018_04_29.txt,,,,1
2018-04-30,6,6,1,-0700,iso,jbosnu/2018_04/2018_04_30.txt,,,,1
2018-05-01,2,2,1,-0700,iso,jbosnu/2018_05/2018_05_01.txt,,,,1
2018-05-02,2,2,1,-0700,iso,jbosnu/2018_05/2018_05_02.txt,,,,1
2018-05-03,180,180,5,-0700,iso,jbosnu/2018_05/2018_05_03.txt,,,,1
2018-05-04,8,8,2,-0700,iso,jbosnu/2018_05/2018_05_04.txt,,,,1
2018-05-05,11,11,1,-0700,iso,jbosnu/2018_05/2018_05_05.txt,,,,1
2018-05-06,38,38,2,-0700,iso,jbosnu/2018_05/2018_05_06.txt,,,,1
2018-05-07,27,27,2,-0700,iso,jbosnu/2018_05/2018_05_07.txt,,,,1
2018-05-09,12,12,3,-0700,iso,jbosnu/2018_05/2018_05_09.txt,,,,1
2018-05-10,9,9,2,-0700,iso,jbosnu/2018_05/2018_05_10.txt,,,,1
2018-05-11,36,36,2,-0700,iso,jbosnu/2018_05/2018_05_11.txt,,,,1
2018-05-12,102,102,4,-0700,iso,jbosnu/2018_05/2018_05_12.txt,,,,1
2018-05-13,20,20,2,-0700,iso,jbosnu/2018_05/2018_05_13.txt,,,,1
2018-05-14,62,62,3,-0700,iso,jbosnu/2018_05/2018_05_14.txt,,,,1
2018-05-15,48,48,5,-0700,iso,jbosnu/2018_05/2018_05_15.txt,,,,1
2018-05-16,17,17,1,-0700,iso,jbosnu/2018_05/2018_05_16.txt,,,,1
2018-05-17,38,38,1,-0700,iso,jbosnu/2018_05/2018_05_17.txt,,,,1
2018-05-18,21,21,4,-0700,iso,jbosnu/2018_05/2018_05_18.txt,,,,1
2018-05-19,171,171,3,-0700,iso,jbosnu/2018_05/2018_05_19.txt,,,,1
2018-05-20,8,8,2,-0700,iso,jbosnu/2018_05/2018_05_20.txt,,,,1
2018-05-21,49,49,4,-0700,iso,jbosnu/2018_05/2018_05_21.txt,,,,1
2018-05-22,114,114,4,-0700,iso,jbosnu/2018_05/2018_05_22.txt,,,,1
2018-05-23,60,60,4,-0700,iso,jbosnu/2018_05/2018_05_23.txt,,,,1
2018-05-24,87,87,4,-0700,iso,jbosnu/2018_05/2018_05_24.txt,,,,1
2018-05-25,204,204,3,-0700,iso,jbosnu/2018_05/2018_05_25.txt,,,,1
2018-05-26,62,62,5,-0700,iso,jbosnu/2018_05/2018_05_26.txt,,,,1
2018-05-27,26,26,3,-0700,iso,jbosnu/2018_05/2018_05_27.txt,,,,1
2018-05-28,123,123,5,-0700,iso,jbosnu/2018_05/2018_05_28.txt,,,,1
2018-05-29,51,51,4,-0700,iso,jbosnu/2018_05/2018_05_29.txt,,,,1
2018-05-30,39,39,5,-0700,iso,jbosnu/2018_05/2018_05_30.txt,,,,1
2018-05-31,95,95,5,-0700,iso,jbosnu/2018_05/2018_05_31.txt,,,,1
2018-06-01,21,21,3,-0700,iso,jbosnu/2018_06/2018_06_01.txt,,,,1
2018-06-02,86,86,7,-0700,iso,jbosnu/2018_06/2018_06_02.txt,,,,1
2018-06-03,21,21,3,-0700,iso,jbosnu/2018_06/2018_06_03.txt,,,,1
2018-06-04,22,22,3,-0700,iso,jbosnu/2018_06/2018_06_04.txt,,,,1
2018-06-05,45,45,3,-0700,iso,jbosnu/2018_06/2018_06_05.txt,,,,1
2018-06-06,1,1,1,-0700,iso,jbosnu/2018_06/2018_06_06.txt,,,,1
2018-06-07,39,39,4,-0700,iso,jbosnu/2018_06/2018_06_07.txt,,,,1
2018-06-08,169,169,5,-0700,iso,jbosnu/2018_06/2018_06_08.txt,,,,1
2018-06-09,19,19,3,-0700,iso,jbosnu/2018_06/2018_06_09.txt,,,,1
2018-06-10,20,20,4,-0700,iso,jbosnu/2018_06/2018_06_10.txt,,,,1
2018-06-11,31,31,4,-0700,iso,jbosnu/2018_06/2018_06_11.txt,,,,1
2018-06-12,22,22,6,-0700,iso,jbosnu/2018_06/2018_06_12.txt,,,,1
2018-06-13,15,15,3,-0700,iso,jbosnu/2018_06/2018_06_13.txt,,,,1
2018-06-14,7,7,3,-0700,iso,jbosnu/2018_06/2018_06_14.txt,,,,1
2018-06-15,12,12,3,-0700,iso,jbosnu/2018_06/2018_06_15.txt,,,,1
2018-06-16,30,30,4,-0700,iso,jbosnu/2018_06/2018_06_16.txt,,,,1
2018-06-17,68,68,2,-0700,iso,jbosnu/2018_06/2018_06_17.txt,,,,1
2018-06-18,69,69,3,-0700,iso,jbosnu/2018_06/2018_06_18.txt,,,,1
2018-06-19,43,43,4,-0700,iso,jbosnu/2018_06/2018_06_19.txt,,,,1
2018-06-20,16,16,3,-0700,iso,jbosnu/2018_06/2018_06_20.txt,,,,1
2018-06-21,23,23,4,-0700,iso,jbosnu/2018_06/2018_06_21.txt,,,,1
2018-06-22,21,21,3,-0700,iso,jbosnu/2018_06/2018_06_22.txt,,,,1
2018-06-23,27,27,4,-0700,iso,jbosnu/2018_06/2018_06_23.txt,,,,1
2018-06-24,1,1,1,-0700,iso,jbosnu/2018_06/2018_06_24.txt,,,,1
2018-06-25,18,18,4,-0700,iso,jbosnu/2018_06/2018_06_25.txt,,,,1
2018-06-26,3,3,2,-0700,iso,jbosnu/2018_06/2018_06_26.txt,,,,1
2018-06-27,5,5,2,-0700,iso,jbosnu/2018_06/2018_06_27.txt,,,,1
2018-06-28,40,40,5,-0700,iso,jbosnu/2018_06/2018_06_28.txt,,,,1
2018-06-30,2,2,2,-0700,iso,jbosnu/2018_06/2018_06_30.txt,,,,1
2018-07-01,18,18,3,-0700,iso,jbosnu/2018_07/2018_07_01.txt,,,,1
2018-07-02,4,4,2,-0700,iso,jbosnu/2018_07/2018_07_02.txt,,,,1
2018-07-04,15,15,3,-0700,iso,jbosnu/2018_07/2018_07_04.txt,,,,1
2018-07-05,21,21,4,-0700,iso,jbosnu/2018_07/2018_07_05.txt,,,,1
2018-07-11,2,2,1,-0700,iso,jbosnu/2018_07/2018_07_11.txt,,,,1
2018-07-12,7,7,2,-0700,iso,jbosnu/2018_07/2018_07_12.txt,,,,1
2018-07-13,1,1,1,-0700,iso,jbosnu/2018_07/2018_07_13.txt,,,,1
2018-07-14,4,4,1,-0700,iso,jbosnu/2018_07/2018_07_14.txt,,,,1
2018-07-15,39,39,4,-0700,iso,jbosnu/2018_07/2018_07_15.txt,,,,1
2018-07-16,2,2,2,-0700,iso,jbosnu/2018_07/2018_07_16.txt,,,,1
2018-07-21,3,3,2,-0700,iso,jbosnu/2018_07/2018_07_21.txt,,,,1
2018-07-22,1,1,1,-0700,iso,jbosnu/2018_07/2018_07_22.txt,,,,1
2018-07-25,27,27,7,-0700,iso,jbosnu/2018_07/2018_07_25.txt,,,,1
2018-07-26,2,2,2,-0700,iso,jbosnu/2018_07/2018_07_26.txt,,,,1
2018-07-27,8,8,2,-0700,iso,jbosnu/2018_07/2018_07_27.txt,,,,1
2018-07-28,30,30,5,-0700,iso,jbosnu/2018_07/2018_07_28.txt,,,,1
2018-07-29,3,3,1,-0700,iso,jbosnu/2018_07/2018_07_29.txt,,,,1
2018-07-30,5,5,2,-0700,iso,jbosnu/2018_07/2018_07_30.txt,,,,1
2018-07-31,6,6,3,-0700,iso,jbosnu/2018_07/2018_07_31.txt,,,,1
2018-08-01,18,18,3,-0700,iso,jbosnu/2018_08/2018_08_01.txt,,,,1
2018-08-03,12,12,2,-0700,iso,jbosnu/2018_08/2018_08_03.txt,,,,1
2018-08-04,2,2,2,-0700,iso,jbosnu/2018_08/2018_08_04.txt,,,,1
2018-08-05,7,7,3,-0700,iso,jbosnu/2018_08/2018_08_05.txt,,,,1
2018-08-09,1,1,1,-0700,iso,jbosnu/2018_08/2018_08_09.txt,,,,1
2018-08-14,2,2,1,-0700,iso,jbosnu/2018_08/2018_08_14.txt,,,,1
2018-08-15,7,7,1,-0700,iso,jbosnu/2018_08/2018_08_15.txt,,,,1
2018-08-16,1,1,1,-0700,iso,jbosnu/2018_08/2018_08_16.txt,,,,1
2018-08-23,11,11,1,-0700,iso,jbosnu/2018_08/2018_08_23.txt,,,,1
2018-08-31,1,1,1,-0700,iso,jbosnu/2018_08/2018_08_31.txt,,,,1
2018-09-01,1,1,1,-0700,iso,jbosnu/2018_09/2018_09_01.txt,,,,1
2018-09-05,5,5,1,-0700,iso,jbosnu/2018_09/2018_09_05.txt,,,,1
2018-09-06,2,2,1,-0700,iso,jbosnu/2018_09/2018_09_06.txt,,,,1
2018-09-08,3,3,1,-0700,iso,jbosnu/2018_09/2018_09_08.txt,,,,1
2018-09-09,2,2,2,-0700,iso,jbosnu/2018_09/2018_09_09.txt,,,,1
2018-09-11,1,1,1,-0700,iso,jbosnu/2018_09/2018_09_11.txt,,,,1
2018-09-12,4,4,3,-0700,iso,jbosnu/2018_09/2018_09_12.txt,,,,1
2018-09-13,4,4,3,-0700,iso,jbosnu/2018_09/2018_09_13.txt,,,,1
2018-09-14,5,5,2,-0700,iso,jbosnu/2018_09/2018_09_14.txt,,,,1
2018-09-15,1,1,1,-0700,iso,jbosnu/2018_09/2018_09_15.txt,,,,1
2018-09-17,1,1,1,-0700,iso,jbosnu/2018_09/2018_09_17.txt,,,,1
2018-09-18,13,13,2,-0700,iso,jbosnu/2018_09/2018_09_18.txt,,,,1
2018-09-19,12,12,3,-0700,iso,jbosnu/2018_09/2018_09_19.txt,,,,1
2018-09-20,3,3,1,-0700,iso,jbosnu/2018_09/2018_09_20.txt,,,,1
2018-09-22,1,1,1,-0700,iso,jbosnu/2018_09/2018_09_22.txt,,,,1
2018-09-23,10,10,1,-0700,iso,jbosnu/2018_09/2018_09_23.txt,,,,1
2018-09-24,22,22,2,-0700,iso,jbosnu/2018_09/2018_09_24.txt,,,,1
2018-09-25,3,3,3,-0700,iso,jbosnu/2018_09/2018_09_25.txt,,,,1
2018-09-27,1,1,1,-0700,iso,jbosnu/2018_09/2018_09_27.txt,,,,1
2018-09-28,24,24,3,-0700,iso,jbosnu/2018_09/2018_09_28.txt,,,,1
2018-10-02,10,10,3,-0700,iso,jbosnu/2018_10/2018_10_02.txt,,,,1
2018-10-04,1,1,1,-0700,iso,jbosnu/2018_10/2018_10_04.txt,,,,1
2018-10-06,26,26,3,-0700,iso,jbosnu/2018_10/2018_10_06.txt,,,,1
2018-10-08,29,29,6,-0700,iso,jbosnu/2018_10/2018_10_08.txt,,,,1
2018-10-09,4,4,3,-0700,iso,jbosnu/2018_10/2018_10_09.txt,,,,1
2018-10-11,16,16,2,-0700,iso,jbosnu/2018_10/2018_10_11.txt,,,,1
2018-10-12,11,11,3,-0700,iso,jbosnu/2018_10/2018_10_12.txt,,,,1
2018-10-15,4,4,1,-0700,iso,jbosnu/2018_10/2018_10_15.txt,,,,1
2018-10-16,7,7,3,-0700,iso,jbosnu/2018_10/2018_10_16.txt,,,,1
2018-10-26,10,10,5,-0700,iso,jbosnu/2018_10/2018_10_26.txt,,,,1
2018-10-28,2,2,2,-0700,iso,jbosnu/2018_10/2018_10_28.txt,,,,1
2018-10-30,57,57,4,-0700,iso,jbosnu/2018_10/2018_10_30.txt,,,,1
2018-10-31,28,28,2,-0700,iso,jbosnu/2018_10/2018_10_31.txt,,,,1
2018-11-01,21,21,5,-0700,iso,jbosnu/2018_11/2018_11_01.txt,,,,1
2018-11-05,10,10,5,-0800,iso,jbosnu/2018_11/2018_11_05.txt,,,,1
2018-11-06,10,10,3,-0800,iso,jbosnu/2018_11/2018_11_06.txt,,,,1
2018-11-07,67,67,3,-0800,iso,jbosnu/2018_11/2018_11_07.txt,,,,1
2018-11-13,5,5,3,-0800,iso,jbosnu/2018_11/2018_11_13.txt,,,,1
2018-11-17,14,14,4,-0800,iso,jbosnu/2018_11/2018_11_17.txt,,,,1
2018-11-21,56,56,5,-0800,iso,jbosnu/2018_11/2018_11_21.txt,,,,1
2018-11-22,22,22,2,-0800,iso,jbosnu/2018_11/2018_11_22.txt,,,,1
2018-11-23,9,9,2,-0800,iso,jbosnu/2018_11/2018_11_23.txt,,,,1
2018-11-24,15,15,2,-0800,iso,jbosnu/2018_11/2018_11_24.txt,,,,1
2018-11-25,15,15,2,-0800,iso,jbosnu/2018_11/2018_11_25.txt,,,,1
2018-11-26,48,48,2,-0800,iso,jbosnu/2018_11/2018_11_26.txt,,,,1
2018-11-27,34,34,2,-0800,iso,jbosnu/2018_11/2018_11_27.txt,,,,1
2018-11-28,23,23,3,-0800,iso,jbosnu/2018_11/2018_11_28.txt,,,,1
2018-11-29,4,4,2,-0800,iso,jbosnu/2018_11/2018_11_29.txt,,,,1
2018-12-02,7,7,1,-0800,iso,jbosnu/2018_12/2018_12_02.txt,,,,1
2018-12-03,14,14,3,-0800,iso,jbosnu/2018_12/2018_12_03.txt,,,,1
2018-12-04,6,6,2,-0800,iso,jbosnu/2018_12/2018_12_04.txt,,,,1
2018-12-05,1,1,1,-0800,iso,jbosnu/2018_12/2018_12_05.txt,,,,1
2018-12-06,1,1,1,-0800,iso,jbosnu/2018_12/2018_12_06.txt,,,,1
2018-12-11,1,1,1,-0800,iso,jbosnu/2018_12/2018_12_11.txt,,,,1
2018-12-12,2,2,1,-0800,iso,jbosnu/2018_12/2018_12_12.txt,,,,1
2018-12-13,7,7,3,-0800,iso,jbosnu/2018_12/2018_12_13.txt,,,,1
2018-12-14,4,4,2,-0800,iso,jbosnu/2018_12/2018_12_14.txt,,,,1
2018-12-15,6,6,1,-0800,iso,jbosnu/2018_12/2018_12_15.txt,,,,1
2018-12-17,11,11,4,-0800,iso,jbosnu/2018_12/2018_12_17.txt,,,,1
2018-12-18,3,3,1,-0800,iso,jbosnu/2018_12/2018_12_18.txt,,,,1
2018-12-19,3,3,2,-0800,iso,jbosnu/2018_12/2018_12_19.txt,,,,1
2018-12-20,1,1,1,-0800,iso,jbosnu/2018_12/2018_12_20.txt,,,,1
2018-12-23,2,2,2,-0800,iso,jbosnu/2018_12/2018_12_23.txt,,,,1
2018-12-24,14,14,2,-0800,iso,jbosnu/2018_12/2018_12_24.txt,,,,1
2018-12-25,6,6,2,-0800,iso,jbosnu/2018_12/2018_12_25.txt,,,,1
2018-12-26,1,1,1,-0800,iso,jbosnu/2018_12/2018_12_26.txt,,,,1
2018-12-27,18,18,2,-0800,iso,jbosnu/2018_12/2018_12_27.txt,,,,1
2018-12-28,14,14,2,-0800,iso,jbosnu/2018_12/2018_12_28.txt,,,,1
2018-12-29,12,12,5,-0800,iso,jbosnu/2018_12/2018_12_29.txt,,,,1
2018-12-30,51,51,4,-0800,iso,jbosnu/2018_12/2018_12_30.txt,,,,1
2018-12-31,14,14,3,-0800,iso,jbosnu/2018_12/2018_12_31.txt,,,,1
2019-01-02,17,17,3,-0800,iso,jbosnu/2019_01/2019_01_02.txt,,,,1
2019-01-04,40,40,3,-0800,iso,jbosnu/2019_01/2019_01_04.txt,,,,1
2019-01-08,15,15,2,-0800,iso,jbosnu/2019_01/2019_01_08.txt,,,,1
2019-01-12,3,3,1,-0800,iso,jbosnu/2019_01/2019_01_12.txt,,,,1
2019-01-13,14,14,3,-0800,iso,jbosnu/2019_01/2019_01_13.txt,,,,1
2019-01-14,5,5,1,-0800,iso,jbosnu/2019_01/2019_01_14.txt,,,,1
2019-01-15,2,2,1,-0800,iso,jbosnu/2019_01/2019_01_15.txt,,,,1
2019-01-17,14,14,2,-0800,iso,jbosnu/2019_01/2019_01_17.txt,,,,1
2019-01-18,27,27,4,-0800,iso,jbosnu/2019_01/2019_01_18.txt,,,,1
2019-01-20,20,20,2,-0800,iso,jbosnu/2019_01/2019_01_20.txt,,,,1
2019-01-22,23,23,2,-0800,iso,jbosnu/2019_01/2019_01_22.txt,,,,1
2019-01-23,2,2,2,-0800,iso,jbosnu/2019_01/2019_01_23.txt,,,,1
2019-01-24,8,8,4,-0800,iso,jbosnu/2019_01/2019_01_24.txt,,,,1
2019-01-25,3,3,2,-0800,iso,jbosnu/2019_01/2019_01_25.txt,,,,1
2019-01-26,4,4,3,-0800,iso,jbosnu/2019_01/2019_01_26.txt,,,,1
2019-01-27,40,40,4,-0800,iso,jbosnu/2019_01/2019_01_27.txt,,,,1
2019-01-28,5,5,1,-0800,iso,jbosnu/2019_01/2019_01_28.txt,,,,1
2019-01-29,2,2,1,-0800,iso,jbosnu/2019_01/2019_01_29.txt,,,,1
2019-01-30,4,4,2,-0800,iso,jbosnu/2019_01/2019_01_30.txt,,,,1
2019-01-31,2,2,1,-0800,iso,jbosnu/2019_01/2019_01_31.txt,,,,1
2019-02-03,4,4,2,-0800,iso,jbosnu/2019_02/2019_02_03.txt,,,,1
2019-02-04,6,6,1,-0800,iso,jbosnu/2019_02/2019_02_04.txt,,,,1
2019-02-07,4,4,3,-0800,iso,jbosnu/2019_02/2019_02_07.txt,,,,1
2019-02-08,4,4,4,-0800,iso,jbosnu/2019_02/2019_02_08.txt,,,,1
2019-02-09,1,1,1,-0800,iso,jbosnu/2019_02/2019_02_09.txt,,,,1
2019-02-12,2,2,1,-0800,iso,jbosnu/2019_02/2019_02_12.txt,,,,1
2019-02-14,49,49,3,-0800,iso,jbosnu/2019_02/2019_02_14.txt,,,,1
2019-02-16,2,2,1,-0800,iso,jbosnu/2019_02/2019_02_16.txt,,,,1
2019-02-17,1,1,1,-0800,iso,jbosnu/2019_02/2019_02_17.txt,,,,1
2019-02-18,1,1,1,-0800,iso,jbosnu/2019_02/2019_02_18.txt,,,,1
2019-02-22,1,1,1,-0800,iso,jbosnu/2019_02/2019_02_22.txt,,,,1
2019-02-24,14,14,4,-0800,iso,jbosnu/2019_02/2019_02_24.txt,,,,1
2019-02-25,1,1,1,-0800,iso,jbosnu/2019_02/2019_02_25.txt,,,,1
2019-02-26,5,5,2,-0800,iso,jbosnu/2019_02/2019_02_26.txt,,,,1
2019-02-27,1,1,1,-0800,iso,jbosnu/2019_02/2019_02_27.txt,,,,1
2019-03-01,2,2,1,-0800,iso,jbosnu/2019_03/2019_03_01.txt,,,,1
2019-03-04,2,2,1,-0800,iso,jbosnu/2019_03/2019_03_04.txt,,,,1
2019-03-06,4,4,3,-0800,iso,jbosnu/2019_03/2019_03_06.txt,,,,1
2019-03-07,1,1,1,-0800,iso,jbosnu/2019_03/2019_03_07.txt,,,,1
2019-03-09,3,3,3,-0800,iso,jbosnu/2019_03/2019_03_09.txt,,,,1
2019-03-10,7,7,3,-0700,iso,jbosnu/2019_03/2019_03_10.txt,,,,1
2019-03-12,2,2,2,-0700,iso,jbosnu/2019_03/2019_03_12.txt,,,,1
2019-03-15,1,1,1,-0700,iso,jbosnu/2019_03/2019_03_15.txt,,,,1
2019-03-16,3,3,2,-0700,iso,jbosnu/2019_03/2019_03_16.txt,,,,1
2019-03-19,48,48,5,-0700,iso,jbosnu/2019_03/2019_03_19.txt,,,,1
2019-03-20,9,9,3,-0700,iso,jbosnu/2019_03/2019_03_20.txt,,,,1
2019-03-22,1,1,1,-0700,iso,jbosnu/2019_03/2019_03_22.txt,,,,1
2019-03-24,9,9,4,-0700,iso,jbosnu/2019_03/2019_03_24.txt,,,,1
2019-03-25,1,1,1,-0700,iso,jbosnu/2019_03/2019_03_25.txt,,,,1
2019-03-28,1,1,1,-0700,iso,jbosnu/2019_03/2019_03_28.txt,,,,1
2019-03-29,3,3,2,-0700,iso,jbosnu/2019_03/2019_03_29.txt,,,,1
2019-03-30,1,1,1,-0700,iso,jbosnu/2019_03/2019_03_30.txt,,,,1
2019-03-31,1,1,1,-0700,iso,jbosnu/2019_03/2019_03_31.txt,,,,1
2019-04-01,1,1,1,-0700,iso,jbosnu/2019_04/2019_04_01.txt,,,,1
2019-04-02,1,1,1,-0700,iso,jbosnu/2019_04/2019_04_02.txt,,,,1
2019-04-03,3,3,3,-0700,iso,jbosnu/2019_04/2019_04_03.txt,,,,1
2019-04-05,36,36,8,-0700,iso,jbosnu/2019_04/2019_04_05.txt,,,,1
2019-04-06,9,9,5,-0700,iso,jbosnu/2019_04/2019_04_06.txt,,,,1
2019-04-07,14,14,5,-0700,iso,jbosnu/2019_04/2019_04_07.txt,,,,1
2019-04-08,5,5,2,-0700,iso,jbosnu/2019_04/2019_04_08.txt,,,,1
2019-04-09,18,18,4,-0700,iso,jbosnu/2019_04/2019_04_09.txt,,,,1
2019-04-10,41,41,8,-0700,iso,jbosnu/2019_04/2019_04_10.txt,,,,1
2019-04-11,9,9,5,-0700,iso,jbosnu/2019_04/2019_04_11.txt,,,,1
2019-04-12,6,6,2,-0700,iso,jbosnu/2019_04/2019_04_12.txt,,,,1
2019-04-13,5,5,4,-0700,iso,jbosnu/2019_04/2019_04_13.txt,,,,1
2019-04-14,10,10,3,-0700,iso,jbosnu/2019_04/2019_04_14.txt,,,,1
2019-04-15,5,5,3,-0700,iso,jbosnu/2019_04/2019_04_15.txt,,,,1
2019-04-16,2,2,1,-0700,iso,jbosnu/2019_04/2019_04_16.txt,,,,1
2019-04-17,72,72,2,-0700,iso,jbosnu/2019_04/2019_04_17.txt,,,,1
2019-04-18,13,13,4,-0700,iso,jbosnu/2019_04/2019_04_18.txt,,,,1
2019-04-19,16,16,5,-0700,iso,jbosnu/2019_04/2019_04_19.txt,,,,1
2019-04-20,6,6,3,-0700,iso,jbosnu/2019_04/2019_04_20.txt,,,,1
2019-04-23,1,1,1,-0700,iso,jbosnu/2019_04/2019_04_23.txt,,,,1
2019-04-24,3,3,2,-0700,iso,jbosnu/2019_04/2019_04_24.txt,,,,1
2019-04-25,12,12,4,-0700,iso,jbosnu/2019_04/2019_04_25.txt,,,,1
2019-04-27,2,2,2,-0700,iso,jbosnu/2019_04/2019_04_27.txt,,,,1
2019-04-28,10,10,6,-0700,iso,jbosnu/2019_04/2019_04_28.txt,,,,1
2019-04-30,1,1,1,-0700,iso,jbosnu/2019_04/2019_04_30.txt,,,,1
2019-05-03,3,3,2,-0700,iso,jbosnu/2019_05/2019_05_03.txt,,,,1
2019-05-04,1,1,1,-0700,iso,jbosnu/2019_05/2019_05_04.txt,,,,1
2019-05-05,2,2,2,-0700,iso,jbosnu/2019_05/2019_05_05.txt,,,,1
2019-05-06,2,2,2,-0700,iso,jbosnu/2019_05/2019_05_06.txt,,,,1
2019-05-13,13,13,3,-0700,iso,jbosnu/2019_05/2019_05_13.txt,,,,1
2019-05-18,1,1,1,-0700,iso,jbosnu/2019_05/2019_05_18.txt,,,,1
2019-05-19,62,62,5,-0700,iso,jbosnu/2019_05/2019_05_19.txt,,,,1
2019-05-30,5,5,3,-0700,iso,jbosnu/2019_05/2019_05_30.txt,,,,1
2019-05-31,1,1,1,-0700,iso,jbosnu/2019_05/2019_05_31.txt,,,,1
2019-06-02,3,3,1,-0700,iso,jbosnu/2019_06/2019_06_02.txt,,,,1
2019-06-05,2,2,2,-0700,iso,jbosnu/2019_06/2019_06_05.txt,,,,1
2019-06-07,1,1,1,-0700,iso,jbosnu/2019_06/2019_06_07.txt,,,,1
2019-06-08,76,76,5,-0700,iso,jbosnu/2019_06/2019_06_08.txt,,,,1
2019-06-12,7,7,4,-0700,iso,jbosnu/2019_06/2019_06_12.txt,,,,1
2019-06-14,1,1,1,-0700,iso,jbosnu/2019_06/2019_06_14.txt,,,,1
2019-06-15,2,2,2,-0700,iso,jbosnu/2019_06/2019_06_15.txt,,,,1
2019-06-16,4,4,2,-0700,iso,jbosnu/2019_06/2019_06_16.txt,,,,1
2019-06-18,4,4,1,-0700,iso,jbosnu/2019_06/2019_06_18.txt,,,,1
2019-06-21,5,5,2,-0700,iso,jbosnu/2019_06/2019_06_21.txt,,,,1
2019-06-22,11,11,5,-0700,iso,jbosnu/2019_06/2019_06_22.txt,,,,1
2019-06-23,1,1,1,-0700,iso,jbosnu/2019_06/2019_06_23.txt,,,,1
2019-06-25,1,1,1,-0700,iso,jbosnu/2019_06/2019_06_25.txt,,,,1
2019-06-27,15,15,4,-0700,iso,jbosnu/2019_06/2019_06_27.txt,,,,1
2019-06-28,2,2,1,-0700,iso,jbosnu/2019_06/2019_06_28.txt,,,,1
2019-06-30,8,8,3,-0700,iso,jbosnu/2019_06/2019_06_30.txt,,,,1
2019-07-01,47,47,5,-0700,iso,jbosnu/2019_07/2019_07_01.txt,,,,1
2019-07-03,2,2,1,-0700,iso,jbosnu/2019_07/2019_07_03.txt,,,,1
2019-07-04,1,1,1,-0700,iso,jbosnu/2019_07/2019_07_04.txt,,,,1
2019-07-06,2,2,2,-0700,iso,jbosnu/2019_07/2019_07_06.txt,,,,1
2019-07-07,6,6,1,-0700,iso,jbosnu/2019_07/2019_07_07.txt,,,,1
2019-07-08,4,4,2,-0700,iso,jbosnu/2019_07/2019_07_08.txt,,,,1
2019-07-09,1,1,1,-0700,iso,jbosnu/2019_07/2019_07_09.txt,,,,1
2019-07-11,26,26,4,-0700,iso,jbosnu/2019_07/2019_07_11.txt,,,,1
2019-07-14,1,1,1,-0700,iso,jbosnu/2019_07/2019_07_14.txt,,,,1
2019-07-16,6,6,2,-0700,iso,jbosnu/2019_07/2019_07_16.txt,,,,1
2019-07-17,1,1,1,-0700,iso,jbosnu/2019_07/2019_07_17.txt,,,,1
2019-07-20,21,21,5,-0700,iso,jbosnu/2019_07/2019_07_20.txt,,,,1
2019-07-22,3,3,1,-0700,iso,jbosnu/2019_07/2019_07_22.txt,,,,1
2019-07-24,21,21,4,-0700,iso,jbosnu/2019_07/2019_07_24.txt,,,,1
2019-07-28,1,1,1,-0700,iso,jbosnu/2019_07/2019_07_28.txt,,,,1
2019-08-04,2,2,1,-0700,iso,jbosnu/2019_08/2019_08_04.txt,,,,1
2019-08-05,7,7,3,-0700,iso,jbosnu/2019_08/2019_08_05.txt,,,,1
2019-08-06,27,27,6,-0700,iso,jbosnu/2019_08/2019_08_06.txt,,,,1
2019-08-07,3,3,1,-0700,iso,jbosnu/2019_08/2019_08_07.txt,,,,1
2019-08-13,1,1,1,-0700,iso,jbosnu/2019_08/2019_08_13.txt,,,,1
2019-08-17,2,2,2,-0700,iso,jbosnu/2019_08/2019_08_17.txt,,,,1
2019-08-24,2,2,1,-0700,iso,jbosnu/2019_08/2019_08_24.txt,,,,1
2019-08-25,4,4,2,-0700,iso,jbosnu/2019_08/2019_08_25.txt,,,,1
2019-08-31,2,2,2,-0700,iso,jbosnu/2019_08/2019_08_31.txt,,,,1
2019-09-05,9,9,5,-0700,iso,jbosnu/2019_09/2019_09_05.txt,,,,1
2019-09-07,6,6,3,-0700,iso,jbosnu/2019_09/2019_09_07.txt,,,,1
2019-09-08,18,18,3,-0700,iso,jbosnu/2019_09/2019_09_08.txt,,,,1
2019-09-12,1,1,1,-0700,iso,jbosnu/2019_09/2019_09_12.txt,,,,1
2019-09-13,1,1,1,-0700,iso,jbosnu/2019_09/2019_09_13.txt,,,,1
2019-09-14,2,2,1,-0700,iso,jbosnu/2019_09/2019_09_14.txt,,,,1
2019-09-15,1,1,1,-0700,iso,jbosnu/2019_09/2019_09_15.txt,,,,1
2019-09-16,2,2,2,-0700,iso,jbosnu/2019_09/2019_09_16.txt,,,,1
2019-09-17,3,3,3,-0700,iso,jbosnu/2019_09/2019_09_17.txt,,,,1
2019-09-19,23,23,4,-0700,iso,jbosnu/2019_09/2019_09_19.txt,,,,1
2019-09-20,4,4,1,-0700,iso,jbosnu/2019_09/2019_09_20.txt,,,,1
2019-09-22,1,1,1,-0700,iso,jbosnu/2019_09/2019_09_22.txt,,,,1
2019-09-24,1,1,1,-0700,iso,jbosnu/2019_09/2019_09_24.txt,,,,1
2019-09-25,3,3,2,-0700,iso,jbosnu/2019_09/2019_09_25.txt,,,,1
2019-09-26,3,3,2,-0700,iso,jbosnu/2019_09/2019_09_26.txt,,,,1
2019-09-28,27,27,6,-0700,iso,jbosnu/2019_09/2019_09_28.txt,,,,1
2019-09-29,2,2,2,-0700,iso,jbosnu/2019_09/2019_09_29.txt,,,,1
2019-10-02,1,1,1,-0700,iso,jbosnu/2019_10/2019_10_02.txt,,,,1
2019-10-11,5,5,4,-0700,iso,jbosnu/2019_10/2019_10_11.txt,,,,1
2019-10-12,37,37,5,-0700,iso,jbosnu/2019_10/2019_10_12.txt,,,,1
2019-10-13,7,7,3,-0700,iso,jbosnu/2019_10/2019_10_13.txt,,,,1
2019-10-14,3,3,2,-0700,iso,jbosnu/2019_10/2019_10_14.txt,,,,1
2019-10-15,17,17,5,-0700,iso,jbosnu/2019_10/2019_10_15.txt,,,,1
2019-10-17,5,5,3,-0700,iso,jbosnu/2019_10/2019_10_17.txt,,,,1
2019-10-18,2,2,2,-0700,iso,jbosnu/2019_10/2019_10_18.txt,,,,1
2019-10-23,2,2,1,-0700,iso,jbosnu/2019_10/2019_10_23.txt,,,,1
2019-10-24,35,35,8,-0700,iso,jbosnu/2019_10/2019_10_24.txt,,,,1
2019-10-25,4,4,3,-0700,iso,jbosnu/2019_10/2019_10_25.txt,,,,1
2019-10-26,2,2,2,-0700,iso,jbosnu/2019_10/2019_10_26.txt,,,,1
2019-10-27,9,9,3,-0700,iso,jbosnu/2019_10/2019_10_27.txt,,,,1
2019-10-31,18,18,4,-0700,iso,jbosnu/2019_10/2019_10_31.txt,,,,1
2019-11-02,3,3,2,-0700,iso,jbosnu/2019_11/2019_11_02.txt,,,,1
2019-11-05,2,2,1,-0800,iso,jbosnu/2019_11/2019_11_05.txt,,,,1
2019-11-11,12,12,5,-0800,iso,jbosnu/2019_11/2019_11_11.txt,,,,1
2019-11-12,3,3,2,-0800,iso,jbosnu/2019_11/2019_11_12.txt,,,,1
2019-11-15,117,117,7,-0800,iso,jbosnu/2019_11/2019_11_15.txt,,,,1
2019-11-16,21,21,6,-0800,iso,jbosnu/2019_11/2019_11_16.txt,,,,1
2019-11-23,6,6,2,-0800,iso,jbosnu/2019_11/2019_11_23.txt,,,,1
2019-11-28,8,8,5,-0800,iso,jbosnu/2019_11/2019_11_28.txt,,,,1
2019-12-09,63,63,4,-0800,iso,jbosnu/2019_12/2019_12_09.txt,,,,1
2019-12-10,55,55,5,-0800,iso,jbosnu/2019_12/2019_12_10.txt,,,,1
2019-12-11,33,33,4,-0800,iso,jbosnu/2019_12/2019_12_11.txt,,,,1
2019-12-13,32,32,4,-0800,iso,jbosnu/2019_12/2019_12_13.txt,,,,1
2019-12-14,16,16,6,-0800,iso,jbosnu/2019_12/2019_12_14.txt,,,,1
2019-12-16,10,10,3,-0800,iso,jbosnu/2019_12/2019_12_16.txt,,,,1
2019-12-17,8,8,2,-0800,iso,jbosnu/2019_12/2019_12_17.txt,,,,1
2019-12-18,54,54,7,-0800,iso,jbosnu/2019_12/2019_12_18.txt,,,,1
2019-12-21,2,2,1,-0800,iso,jbosnu/2019_12/2019_12_21.txt,,,,1
2019-12-23,5,5,4,-0800,iso,jbosnu/2019_12/2019_12_23.txt,,,,1
2019-12-25,7,7,2,-0800,iso,jbosnu/2019_12/2019_12_25.txt,,,,1
2020-01-12,1,1,1,-0800,iso,jbosnu/2020_01/2020_01_12.txt,,,,1
2020-01-15,1,1,1,-0800,iso,jbosnu/2020_01/2020_01_15.txt,,,,1
2020-01-19,3,3,2,-0800,iso,jbosnu/2020_01/2020_01_19.txt,,,,1
2020-01-21,98,98,7,-0800,iso,jbosnu/2020_01/2020_01_21.txt,,,,1
2020-01-22,24,24,2,-0800,iso,jbosnu/2020_01/2020_01_22.txt,,,,1
2020-01-24,9,9,3,-0800,iso,jbosnu/2020_01/2020_01_24.txt,,,,1
2020-01-25,4,4,2,-0800,iso,jbosnu/2020_01/2020_01_25.txt,,,,1
2020-01-26,16,16,4,-0800,iso,jbosnu/2020_01/2020_01_26.txt,,,,1
2020-01-27,57,57,4,-0800,iso,jbosnu/2020_01/2020_01_27.txt,,,,1
2020-01-28,6,6,1,-0800,iso,jbosnu/2020_01/2020_01_28.txt,,,,1
2020-01-31,67,67,4,-0800,iso,jbosnu/2020_01/2020_01_31.txt,,,,1
2020-02-01,13,13,4,-0800,iso,jbosnu/2020_02/2020_02_01.txt,,,,1
2020-02-05,1,1,1,-0800,iso,jbosnu/2020_02/2020_02_05.txt,,,,1
2020-02-06,39,39,7,-0800,iso,jbosnu/2020_02/2020_02_06.txt,,,,1
2020-02-07,9,9,3,-0800,iso,jbosnu/2020_02/2020_02_07.txt,,,,1
2020-02-08,4,4,2,-0800,iso,jbosnu/2020_02/2020_02_08.txt,,,,1
2020-02-11,6,6,4,-0800,iso,jbosnu/2020_02/2020_02_11.txt,,,,1
2020-02-12,12,12,5,-0800,iso,jbosnu/2020_02/2020_02_12.txt,,,,1
2020-02-15,3,3,2,-0800,iso,jbosnu/2020_02/2020_02_15.txt,,,,1
2020-02-16,54,54,8,-0800,iso,jbosnu/2020_02/2020_02_16.txt,,,,1
2020-02-23,9,9,3,-0800,iso,jbosnu/2020_02/2020_02_23.txt,,,,1
2020-02-24,2,2,2,-0800,iso,jbosnu/2020_02/2020_02_24.txt,,,,1
2020-02-26,2,2,2,-0800,iso,jbosnu/2020_02/2020_02_26.txt,,,,1
2020-02-28,9,9,2,-0800,iso,jbosnu/2020_02/2020_02_28.txt,,,,1
2020-02-29,16,16,4,-0800,iso,jbosnu/2020_02/2020_02_29.txt,,,,1
2020-03-08,12,12,4,-0700,iso,jbosnu/2020_03/2020_03_08.txt,,,,1
2020-03-12,4,4,2,-0700,iso,jbosnu/2020_03/2020_03_12.txt,,,,1
2020-03-13,1,1,1,-0700,iso,jbosnu/2020_03/2020_03_13.txt,,,,1
2020-03-15,8,8,3,-0700,iso,jbosnu/2020_03/2020_03_15.txt,,,,1
2020-03-16,1,1,1,-0700,iso,jbosnu/2020_03/2020_03_16.txt,,,,1
2020-04-06,1,1,1,-0700,iso,jbosnu/2020_04/2020_04_06.txt,,,,1
2020-04-07,2,2,2,-0700,iso,jbosnu/2020_04/2020_04_07.txt,,,,1
2020-04-08,2,2,2,-0700,iso,jbosnu/2020_04/2020_04_08.txt,,,,1
2020-04-09,3,3,2,-0700,iso,jbosnu/2020_04/2020_04_09.txt,,,,1
2020-04-11,45,45,4,-0700,iso,jbosnu/2020_04/2020_04_11.txt,,,,1
2020-04-12,23,23,4,-0700,iso,jbosnu/2020_04/2020_04_12.txt,,,,1
2020-04-13,14,14,4,-0700,iso,jbosnu/2020_04/2020_04_13.txt,,,,1
2020-04-14,1,1,1,-0700,iso,jbosnu/2020_04/2020_04_14.txt,,,,1
2020-04-15,1,1,1,-0700,iso,jbosnu/2020_04/2020_04_15.txt,,,,1
2020-04-17,2,2,2,-0700,iso,jbosnu/2020_04/2020_04_17.txt,,,,1
2020-04-20,2,2,2,-0700,iso,jbosnu/2020_04/2020_04_20.txt,,,,1
2020-04-21,9,9,2,-0700,iso,jbosnu/2020_04/2020_04_21.txt,,,,1
2020-04-23,5,5,2,-0700,iso,jbosnu/2020_04/2020_04_23.txt,,,,1
2020-04-24,16,16,5,-0700,iso,jbosnu/2020_04/2020_04_24.txt,,,,1
2020-04-27,11,11,6,-0700,iso,jbosnu/2020_04/2020_04_27.txt,,,,1
2020-05-08,2,2,2,-0700,iso,jbosnu/2020_05/2020_05_08.txt,,,,1
2020-05-09,11,11,3,-0700,iso,jbosnu/2020_05/2020_05_09.txt,,,,1
2020-05-10,15,15,3,-0700,iso,jbosnu/2020_05/2020_05_10.txt,,,,1
2020-05-13,14,14,4,-0700,iso,jbosnu/2020_05/2020_05_13.txt,,,,1
2020-05-16,13,13,4,-0700,iso,jbosnu/2020_05/2020_05_16.txt,,,,1
2020-05-18,1,1,1,-0700,iso,jbosnu/2020_05/2020_05_18.txt,,,,1
2020-05-19,1,1,1,-0700,iso,jbosnu/2020_05/2020_05_19.txt,,,,1
2020-05-22,5,5,4,-0700,iso,jbosnu/2020_05/2020_05_22.txt,,,,1
2020-05-23,33,33,4,-0700,iso,jbosnu/2020_05/2020_05_23.txt,,,,1
2020-05-24,3,3,3,-0700,iso,jbosnu/2020_05/2020_05_24.txt,,,,1
2020-05-26,27,27,5,-0700,iso,jbosnu/2020_05/2020_05_26.txt,,,,1
2020-05-27,16,16,4,-0700,iso,jbosnu/2020_05/2020_05_27.txt,,,,1
2020-05-29,6,6,2,-0700,iso,jbosnu/2020_05/2020_05_29.txt,,,,1
2020-06-01,10,10,2,-0700,iso,jbosnu/2020_06/2020_06_01.txt,,,,1
2020-06-05,10,10,3,-0700,iso,jbosnu/2020_06/2020_06_05.txt,,,,1
2020-06-06,8,8,5,-0700,iso,jbosnu/2020_06/2020_06_06.txt,,,,1
2020-06-08,116,116,5,-0700,iso,jbosnu/2020_06/2020_06_08.txt,,,,1
2020-06-10,27,27,4,-0700,iso,jbosnu/2020_06/2020_06_10.txt,,,,1
2020-06-11,5,5,1,-0700,iso,jbosnu/2020_06/2020_06_11.txt,,,,1
2020-06-12,3,3,1,-0700,iso,jbosnu/2020_06/2020_06_12.txt,,,,1
2020-06-13,3,3,2,-0700,iso,jbosnu/2020_06/2020_06_13.txt,,,,1
2020-06-14,6,6,3,-0700,iso,jbosnu/2020_06/2020_06_14.txt,,,,1
2020-06-16,1,1,1,-0700,iso,jbosnu/2020_06/2020_06_16.txt,,,,1
2020-06-19,41,41,8,-0700,iso,jbosnu/2020_06/2020_06_19.txt,,,,1
2020-06-21,1,1,1,-0700,iso,jbosnu/2020_06/2020_06_21.txt,,,,1
2020-06-24,17,17,2,-0700,iso,jbosnu/2020_06/2020_06_24.txt,,,,1
2020-07-02,24,24,4,-0700,iso,jbosnu/2020_07/2020_07_02.txt,,,,1
2020-07-06,1,1,1,-0700,iso,jbosnu/2020_07/2020_07_06.txt,,,,1
2020-07-08,33,33,2,-0700,iso,jbosnu/2020_07/2020_07_08.txt,,,,1
2020-07-09,4,4,1,-0700,iso,jbosnu/2020_07/2020_07_09.txt,,,,1
2020-07-10,10,10,4,-0700,iso,jbosnu/2020_07/2020_07_10.txt,,,,1
2020-07-15,10,10,3,-0700,iso,jbosnu/2020_07/2020_07_15.txt,,,,1
2020-07-23,47,47,5,-0700,iso,jbosnu/2020_07/2020_07_23.txt,,,,1
2020-07-24,57,57,5,-0700,iso,jbosnu/2020_07/2020_07_24.txt,,,,1
2020-07-25,99,99,5,-0700,iso,jbosnu/2020_07/2020_07_25.txt,,,,1
2020-07-28,20,20,4,-0700,iso,jbosnu/2020_07/2020_07_28.txt,,,,1
2020-07-29,1,1,1,-0700,iso,jbosnu/2020_07/2020_07_29.txt,,,,1
2020-08-02,21,21,3,-0700,iso,jbosnu/2020_08/2020_08_02.txt,,,,1
2020-08-03,5,5,2,-0700,iso,jbosnu/2020_08/2020_08_03.txt,,,,1
2020-08-04,41,41,6,-0700,iso,jbosnu/2020_08/2020_08_04.txt,,,,1
2020-08-05,14,14,2,-0700,iso,jbosnu/2020_08/2020_08_05.txt,,,,1
2020-08-06,15,15,2,-0700,iso,jbosnu/2020_08/2020_08_06.txt,,,,1
2020-08-07,11,11,2,-0700,iso,jbosnu/2020_08/2020_08_07.txt,,,,1
2020-08-09,2,2,2,-0700,iso,jbosnu/2020_08/2020_08_09.txt,,,,1
2020-08-10,37,37,6,-0700,iso,jbosnu/2020_08/2020_08_10.txt,,,,1
2020-08-11,7,7,2,-0700,iso,jbosnu/2020_08/2020_08_11.txt,,,,1
2020-08-12,1,1,1,-0700,iso,jbosnu/2020_08/2020_08_12.txt,,,,1
2020-08-16,7,7,3,-0700,iso,jbosnu/2020_08/2020_08_16.txt,,,,1
2020-08-21,77,77,6,-0700,iso,jbosnu/2020_08/2020_08_21.txt,,,,1
2020-08-22,31,31,5,-0700,iso,jbosnu/2020_08/2020_08_22.txt,,,,1
2020-08-23,5,5,1,-0700,iso,jbosnu/2020_08/2020_08_23.txt,,,,1
2020-08-24,11,11,3,-0700,iso,jbosnu/2020_08/2020_08_24.txt,,,,1
2020-08-25,67,67,9,-0700,iso,jbosnu/2020_08/2020_08_25.txt,,,,1
2020-08-26,45,45,7,-0700,iso,jbosnu/2020_08/2020_08_26.txt,,,,1
2020-08-27,3,3,1,-0700,iso,jbosnu/2020_08/2020_08_27.txt,,,,1
2020-08-28,20,20,7,-0700,iso,jbosnu/2020_08/2020_08_28.txt,,,,1
2020-08-29,26,26,5,-0700,iso,jbosnu/2020_08/2020_08_29.txt,,,,1
2020-08-30,7,7,2,-0700,iso,jbosnu/2020_08/2020_08_30.txt,,,,1
2020-08-31,7,7,3,-0700,iso,jbosnu/2020_08/2020_08_31.txt,,,,1
2020-09-02,18,18,4,-0700,iso,jbosnu/2020_09/2020_09_02.txt,,,,1
2020-09-03,7,7,4,-0700,iso,jbosnu/2020_09/2020_09_03.txt,,,,1
2020-09-04,11,11,3,-0700,iso,jbosnu/2020_09/2020_09_04.txt,,,,1
2020-09-05,108,108,7,-0700,iso,jbosnu/2020_09/2020_09_05.txt,,,,1
2020-09-06,251,251,10,-0700,iso,jbosnu/2020_09/2020_09_06.txt,,,,1
2020-09-07,234,234,9,-0700,iso,jbosnu/2020_09/2020_09_07.txt,,,,1
2020-09-08,36,36,5,-0700,iso,jbosnu/2020_09/2020_09_08.txt,,,,1
2020-09-09,39,39,4,-0700,iso,jbosnu/2020_09/2020_09_09.txt,,,,1
2020-09-10,120,120,7,-0700,iso,jbosnu/2020_09/2020_09_10.txt,,,,1
2020-09-11,43,43,8,-0700,iso,jbosnu/2020_09/2020_09_11.txt,,,,1
2020-09-12,93,93,6,-0700,iso,jbosnu/2020_09/2020_09_12.txt,,,,1
2020-09-13,114,114,5,-0700,iso,jbosnu/2020_09/2020_09_13.txt,,,,1
2020-09-14,36,36,3,-0700,iso,jbosnu/2020_09/2020_09_14.txt,,,,1
2020-09-15,75,75,7,-0700,iso,jbosnu/2020_09/2020_09_15.txt,,,,1
2020-09-16,11,11,4,-0700,iso,jbosnu/2020_09/2020_09_16.txt,,,,1
2020-09-17,73,73,5,-0700,iso,jbosnu/2020_09/2020_09_17.txt,,,,1
2020-09-18,28,28,4,-0700,iso,jbosnu/2020_09/2020_09_18.txt,,,,1
2020-09-19,1,1,1,-0700,iso,jbosnu/2020_09/2020_09_19.txt,,,,1
2020-09-20,27,27,5,-0700,iso,jbosnu/2020_09/2020_09_20.txt,,,,1
2020-09-21,2,2,2,-0700,iso,jbosnu/2020_09/2020_09_21.txt,,,,1
2020-09-22,104,104,7,-0700,iso,jbosnu/2020_09/2020_09_22.txt,,,,1
2020-09-23,14,14,6,-0700,iso,jbosnu/2020_09/2020_09_23.txt,,,,1
2020-09-24,9,9,3,-0700,iso,jbosnu/2020_09/2020_09_24.txt,,,,1
2020-09-25,443,443,11,-0700,iso,jbosnu/2020_09/2020_09_25.txt,,,,1
2020-09-26,22,22,4,-0700,iso,jbosnu/2020_09/2020_09_26.txt,,,,1
2020-09-27,47,47,7,-0700,iso,jbosnu/2020_09/2020_09_27.txt,,,,1
2020-09-28,26,26,7,-0700,iso,jbosnu/2020_09/2020_09_28.txt,,,,1
2020-09-29,141,141,9,-0700,iso,jbosnu/2020_09/2020_09_29.txt,,,,1
2020-09-30,146,146,6,-0700,iso,jbosnu/2020_09/2020_09_30.txt,,,,1
2020-10-01,30,30,7,-0700,iso,jbosnu/2020_10/2020_10_01.txt,,,,1
2020-10-02,48,48,10,-0700,iso,jbosnu/2020_10/2020_10_02.txt,,,,1
2020-10-03,11,11,4,-0700,iso,jbosnu/2020_10/2020_10_03.txt,,,,1
2020-10-04,7,7,4,-0700,iso,jbosnu/2020_10/2020_10_04.txt,,,,1
2020-10-05,71,71,11,-0700,iso,jbosnu/2020_10/2020_10_05.txt,,,,1
2020-10-06,38,38,5,-0700,iso,jbosnu/2020_10/2020_10_06.txt,,,,1
2020-10-07,14,14,6,-0700,iso,jbosnu/2020_10/2020_10_07.txt,,,,1
2020-10-09,10,10,2,-0700,iso,jbosnu/2020_10/2020_10_09.txt,,,,1
2020-10-10,43,43,9,-0700,iso,jbosnu/2020_10/2020_10_10.txt,,,,1
2020-10-11,84,84,7,-0700,iso,jbosnu/2020_10/2020_10_11.txt,,,,1
2020-10-12,75,75,6,-0700,iso,jbosnu/2020_10/2020_10_12.txt,,,,1
2020-10-13,56,56,7,-0700,iso,jbosnu/2020_10/2020_10_13.txt,,,,1
2020-10-14,20,20,6,-0700,iso,jbosnu/2020_10/2020_10_14.txt,,,,1
2020-10-16,8,8,1,-0700,iso,jbosnu/2020_10/2020_10_16.txt,,,,1
2020-10-17,20,20,5,-0700,iso,jbosnu/2020_10/2020_10_17.txt,,,,1
2020-10-18,4,4,2,-0700,iso,jbosnu/2020_10/2020_10_18.txt,,,,1
2020-10-19,2,2,2,-0700,iso,jbosnu/2020_10/2020_10_19.txt,,,,1
2020-10-20,46,46,9,-0700,iso,jbosnu/2020_10/2020_10_20.txt,,,,1
2020-10-21,25,25,8,-0700,iso,jbosnu/2020_10/2020_10_21.txt,,,,1
2020-10-22,28,28,7,-0700,iso,jbosnu/2020_10/2020_10_22.txt,,,,1
2020-10-24,4,4,3,-0700,iso,jbosnu/2020_10/2020_10_24.txt,,,,1
2020-10-25,7,7,3,-0700,iso,jbosnu/2020_10/2020_10_25.txt,,,,1
2020-10-26,4,4,2,-0700,iso,jbosnu/2020_10/2020_10_26.txt,,,,1
2020-10-27,16,16,5,-0700,iso,jbosnu/2020_10/2020_10_27.txt,,,,1
2020-10-30,4,4,1,-0700,iso,jbosnu/2020_10/2020_10_30.txt,,,,1
2020-10-31,36,36,4,-0700,iso,jbosnu/2020_10/2020_10_31.txt,,,,1
2020-11-01,14,14,3,-0800,iso,jbosnu/2020_11/2020_11_01.txt,,,,1
2020-11-02,2,2,1,-0800,iso,jbosnu/2020_11/2020_11_02.txt,,,,1
2020-11-03,19,19,2,-0800,iso,jbosnu/2020_11/2020_11_03.txt,,,,1
2020-11-04,21,21,3,-0800,iso,jbosnu/2020_11/2020_11_04.txt,,,,1
2020-11-06,8,8,2,-0800,iso,jbosnu/2020_11/2020_11_06.txt,,,,1
2020-11-07,33,33,5,-0800,iso,jbosnu/2020_11/2020_11_07.txt,,,,1
2020-11-08,76,76,6,-0800,iso,jbosnu/2020_11/2020_11_08.txt,,,,1
2020-11-09,16,16,3,-0800,iso,jbosnu/2020_11/2020_11_09.txt,,,,1
2020-11-10,27,27,6,-0800,iso,jbosnu/2020_11/2020_11_10.txt,,,,1
2020-11-11,16,16,4,-0800,iso,jbosnu/2020_11/2020_11_11.txt,,,,1
2020-11-13,1,1,1,-0800,iso,jbosnu/2020_11/2020_11_13.txt,,,,1
2020-11-14,7,7,3,-0800,iso,jbosnu/2020_11/2020_11_14.txt,,,,1
2020-11-28,5,5,1,-0800,iso,jbosnu/2020_11/2020_11_28.txt,,,,1
2020-11-29,9,9,2,-0800,iso,jbosnu/2020_11/2020_11_29.txt,,,,1
2020-11-30,6,6,2,-0800,iso,jbosnu/2020_11/2020_11_30.txt,,,,1
2020-12-01,3,3,2,-0800,iso,jbosnu/2020_12/2020_12_01.txt,,,,1
2020-12-24,62,62,3,-0800,iso,jbosnu/2020_12/2020_12_24.txt,,,,1
2020-12-29,9,9,3,-0800,iso,jbosnu/2020_12/2020_12_29.txt,,,,1
2021-01-02,1,1,1,-0800,iso,jbosnu/2021_01/2021_01_02.txt,,,,1
2021-01-06,16,16,4,-0800,iso,jbosnu/2021_01/2021_01_06.txt,,,,1
2021-01-09,13,13,3,-0800,iso,jbosnu/2021_01/2021_01_09.txt,,,,1
2021-01-13,6,6,3,-0800,iso,jbosnu/2021_01/2021_01_13.txt,,,,1
2021-01-14,17,17,5,-0800,iso,jbosnu/2021_01/2021_01_14.txt,,,,1
2021-01-15,10,10,4,-0800,iso,jbosnu/2021_01/2021_01_15.txt,,,,1
2021-01-16,6,6,3,-0800,iso,jbosnu/2021_01/2021_01_16.txt,,,,1
2021-01-18,5,5,2,-0800,iso,jbosnu/2021_01/2021_01_18.txt,,,,1
2021-01-19,19,19,4,-0800,iso,jbosnu/2021_01/2021_01_19.txt,,,,1
2021-01-20,38,38,3,-0800,iso,jbosnu/2021_01/2021_01_20.txt,,,,1
2021-01-27,3,3,2,-0800,iso,jbosnu/2021_01/2021_01_27.txt,,,,1
2021-01-28,4,4,2,-0800,iso,jbosnu/2021_01/2021_01_28.txt,,,,1
2021-01-29,5,5,1,-0800,iso,jbosnu/2021_01/2021_01_29.txt,,,,1
2021-01-30,5,5,1,-0800,iso,jbosnu/2021_01/2021_01_30.txt,,,,1
2021-01-31,15,15,4,-0800,iso,jbosnu/2021_01/2021_01_31.txt,,,,1
2021-02-01,5,5,3,-0800,iso,jbosnu/2021_02/2021_02_01.txt,,,,1
2021-02-02,3,3,2,-0800,iso,jbosnu/2021_02/2021_02_02.txt,,,,1
2021-02-06,1,1,1,-0800,iso,jbosnu/2021_02/2021_02_06.txt,,,,1
2021-02-08,4,4,1,-0800,iso,jbosnu/2021_02/2021_02_08.txt,,,,1
2021-02-10,5,5,2,-0800,iso,jbosnu/2021_02/2021_02_10.txt,,,,1
2021-02-11,16,16,3,-0800,iso,jbosnu/2021_02/2021_02_11.txt,,,,1
2021-02-13,3,3,3,-0800,iso,jbosnu/2021_02/2021_02_13.txt,,,,1
2021-02-22,1,1,1,-0800,iso,jbosnu/2021_02/2021_02_22.txt,,,,1
2021-02-27,25,25,3,-0800,iso,jbosnu/2021_02/2021_02_27.txt,,,,1
2021-02-28,7,7,3,-0800,iso,jbosnu/2021_02/2021_02_28.txt,,,,1
2021-03-15,3,3,3,-0700,iso,jbosnu/2021_03/2021_03_15.txt,,,,1
2021-04-02,2,2,1,-0700,iso,jbosnu/2021_04/2021_04_02.txt,,,,1
2021-04-08,4,4,2,-0700,iso,jbosnu/2021_04/2021_04_08.txt,,,,1
2021-04-11,7,7,1,-0700,iso,jbosnu/2021_04/2021_04_11.txt,,,,1
2021-04-29,7,7,2,-0700,iso,jbosnu/2021_04/2021_04_29.txt,,,,1
2021-05-13,105,105,5,-0700,iso,jbosnu/2021_05/2021_05_13.txt,,,,1
2021-05-26,12,12,2,-0700,iso,jbosnu/2021_05/2021_05_26.txt,,,,1
2021-06-06,7,7,1,-0700,iso,jbosnu/2021_06/2021_06_06.txt,,,,1
2021-06-07,15,15,3,-0700,iso,jbosnu/2021_06/2021_06_07.txt,,,,1
2021-06-14,5,5,1,-0700,iso,jbosnu/2021_06/2021_06_14.txt,,,,1
2021-06-19,7,7,2,-0700,iso,jbosnu/2021_06/2021_06_19.txt,,,,1
2021-06-26,7,7,2,-0700,iso,jbosnu/2021_06/2021_06_26.txt,,,,1
2021-07-29,17,17,3,-0700,iso,jbosnu/2021_07/2021_07_29.txt,,,,1
2021-08-01,1,1,1,-0700,iso,jbosnu/2021_08/2021_08_01.txt,,,,1
2021-08-06,29,29,4,-0700,iso,jbosnu/2021_08/2021_08_06.txt,,,,1
2021-08-10,10,10,6,-0700,iso,jbosnu/2021_08/2021_08_10.txt,,,,1
2021-08-11,5,5,3,-0700,iso,jbosnu/2021_08/2021_08_11.txt,,,,1
2021-08-17,15,15,6,-0700,iso,jbosnu/2021_08/2021_08_17.txt,,,,1
2021-08-18,17,17,7,-0700,iso,jbosnu/2021_08/2021_08_18.txt,,,,1
2021-08-19,5,5,3,-0700,iso,jbosnu/2021_08/2021_08_19.txt,,,,1
2021-08-20,17,17,3,-0700,iso,jbosnu/2021_08/2021_08_20.txt,,,,1
2021-08-22,6,6,4,-0700,iso,jbosnu/2021_08/2021_08_22.txt,,,,1
2021-08-23,17,17,6,-0700,iso,jbosnu/2021_08/2021_08_23.txt,,,,1
2021-08-24,4,4,2,-0700,iso,jbosnu/2021_08/2021_08_24.txt,,,,1
2021-08-26,31,31,5,-0700,iso,jbosnu/2021_08/2021_08_26.txt,,,,1
2021-08-27,2,2,2,-0700,iso,jbosnu/2021_08/2021_08_27.txt,,,,1
2021-09-10,22,22,3,-0700,iso,jbosnu/2021_09/2021_09_10.txt,,,,1
2021-09-13,3,3,2,-0700,iso,jbosnu/2021_09/2021_09_13.txt,,,,1
2021-09-14,7,7,4,-0700,iso,jbosnu/2021_09/2021_09_14.txt,,,,1
2021-09-16,23,23,5,-0700,iso,jbosnu/2021_09/2021_09_16.txt,,,,1
2021-09-17,15,15,4,-0700,iso,jbosnu/2021_09/2021_09_17.txt,,,,1
2021-09-18,55,55,6,-0700,iso,jbosnu/2021_09/2021_09_18.txt,,,,1
2021-09-19,7,7,4,-0700,iso,jbosnu/2021_09/2021_09_19.txt,,,,1
2021-09-26,28,28,4,-0700,iso,jbosnu/2021_09/2021_09_26.txt,,,,1
2021-09-27,7,7,3,-0700,iso,jbosnu/2021_09/2021_09_27.txt,,,,1
2021-09-29,9,9,4,-0700,iso,jbosnu/2021_09/2021_09_29.txt,,,,1
2021-09-30,12,12,3,-0700,iso,jbosnu/2021_09/2021_09_30.txt,,,,1
2021-10-01,57,57,5,-0700,iso,jbosnu/2021_10/2021_10_01.txt,,,,1
2021-10-02,21,21,5,-0700,iso,jbosnu/2021_10/2021_10_02.txt,,,,1
2021-10-03,4,4,3,-0700,iso,jbosnu/2021_10/2021_10_03.txt,,,,1
2021-10-05,3,3,1,-0700,iso,jbosnu/2021_10/2021_10_05.txt,,,,1
2021-10-06,25,25,3,-0700,iso,jbosnu/2021_10/2021_10_06.txt,,,,1
2021-10-07,4,4,1,-0700,iso,jbosnu/2021_10/2021_10_07.txt,,,,1
2021-10-08,22,22,4,-0700,iso,jbosnu/2021_10/2021_10_08.txt,,,,1
2021-10-09,63,63,5,-0700,iso,jbosnu/2021_10/2021_10_09.txt,,,,1
2021-10-20,1,1,1,-0700,iso,jbosnu/2021_10/2021_10_20.txt,,,,1
2021-11-09,9,9,2,-0800,iso,jbosnu/2021_11/2021_11_09.txt,,,,1
2021-11-10,4,4,3,-0800,iso,jbosnu/2021_11/2021_11_10.txt,,,,1
2021-11-11,29,29,7,-0800,iso,jbosnu/2021_11/2021_11_11.txt,,,,1
2021-11-12,16,16,5,-0800,iso,jbosnu/2021_11/2021_11_12.txt,,,,1
2021-11-14,8,8,4,-0800,iso,jbosnu/2021_11/2021_11_14.txt,,,,1
2021-11-15,13,13,3,-0800,iso,jbosnu/2021_11/2021_11_15.txt,,,,1
2021-11-16,6,6,3,-0800,iso,jbosnu/2021_11/2021_11_16.txt,,,,1
2021-11-25,32,32,4,-0800,iso,jbosnu/2021_11/2021_11_25.txt,,,,1
2021-11-26,1,1,1,-0800,iso,jbosnu/2021_11/2021_11_26.txt,,,,1
2021-11-28,9,9,3,-0800,iso,jbosnu/2021_11/2021_11_28.txt,,,,1
2021-11-29,15,15,3,-0800,iso,jbosnu/2021_11/2021_11_29.txt,,,,1
2021-12-03,8,8,4,-0800,iso,jbosnu/2021_12/2021_12_03.txt,,,,1
2021-12-05,22,22,2,-0800,iso,jbosnu/2021_12/2021_12_05.txt,,,,1
2021-12-06,52,52,7,-0800,iso,jbosnu/2021_12/2021_12_06.txt,,,,1
2021-12-07,35,35,5,-0800,iso,jbosnu/2021_12/2021_12_07.txt,,,,1
2021-12-08,38,38,4,-0800,iso,jbosnu/2021_12/2021_12_08.txt,,,,1
2021-12-09,137,137,5,-0800,iso,jbosnu/2021_12/2021_12_09.txt,,,,1
2021-12-10,3,3,2,-0800,iso,jbosnu/2021_12/2021_12_10.txt,,,,1
2021-12-11,35,35,3,-0800,iso,jbosnu/2021_12/2021_12_11.txt,,,,1
2021-12-12,33,33,3,-0800,iso,jbosnu/2021_12/2021_12_12.txt,,,,1
2021-12-14,24,24,2,-0800,iso,jbosnu/2021_12/2021_12_14.txt,,,,1
2021-12-15,41,41,3,-0800,iso,jbosnu/2021_12/2021_12_15.txt,,,,1
2021-12-16,20,20,2,-0800,iso,jbosnu/2021_12/2021_12_16.txt,,,,1
2021-12-17,35,35,4,-0800,iso,jbosnu/2021_12/2021_12_17.txt,,,,1
2021-12-18,39,39,5,-0800,iso,jbosnu/2021_12/2021_12_18.txt,,,,1
2021-12-19,106,106,6,-0800,iso,jbosnu/2021_12/2021_12_19.txt,,,,1
2021-12-20,59,59,4,-0800,iso,jbosnu/2021_12/2021_12_20.txt,,,,1
2021-12-21,18,18,4,-0800,iso,jbosnu/2021_12/2021_12_21.txt,,,,1
2021-12-22,34,34,3,-0800,iso,jbosnu/2021_12/2021_12_22.txt,,,,1
2021-12-23,71,71,5,-0800,iso,jbosnu/2021_12/2021_12_23.txt,,,,1
2021-12-24,25,25,4,-0800,iso,jbosnu/2021_12/2021_12_24.txt,,,,1
2021-12-25,63,63,3,-0800,iso,jbosnu/2021_12/2021_12_25.txt,,,,1
2021-12-26,37,37,5,-0800,iso,jbosnu/2021_12/2021_12_26.txt,,,,1
2021-12-27,32,32,5,-0800,iso,jbosnu/2021_12/2021_12_27.txt,,,,1
2021-12-28,65,65,3,-0800,iso,jbosnu/2021_12/2021_12_28.txt,,,,1
2021-12-29,185,185,5,-0800,iso,jbosnu/2021_12/2021_12_29.txt,,,,1
2021-12-30,7,7,1,-0800,iso,jbosnu/2021_12/2021_12_30.txt,,,,1
2022-01-01,39,39,6,-0800,iso,jbosnu/2022_01/2022_01_01.txt,,,,1
2022-01-02,89,89,4,-0800,iso,jbosnu/2022_01/2022_01_02.txt,,,,1
2022-01-03,3,3,2,-0800,iso,jbosnu/2022_01/2022_01_03.txt,,,,1
2022-01-04,10,10,3,-0800,iso,jbosnu/2022_01/2022_01_04.txt,,,,1
2022-01-05,67,67,5,-0800,iso,jbosnu/2022_01/2022_01_05.txt,,,,1
2022-01-06,7,7,2,-0800,iso,jbosnu/2022_01/2022_01_06.txt,,,,1
2022-01-07,21,21,2,-0800,iso,jbosnu/2022_01/2022_01_07.txt,,,,1
2022-01-08,49,49,5,-0800,iso,jbosnu/2022_01/2022_01_08.txt,,,,1
2022-01-09,24,24,3,-0800,iso,jbosnu/2022_01/2022_01_09.txt,,,,1
2022-01-10,1,1,1,-0800,iso,jbosnu/2022_01/2022_01_10.txt,,,,1
2022-01-11,58,58,4,-0800,iso,jbosnu/2022_01/2022_01_11.txt,,,,1
2022-01-14,20,20,3,-0800,iso,jbosnu/2022_01/2022_01_14.txt,,,,1
2022-01-16,2,2,2,-0800,iso,jbosnu/2022_01/2022_01_16.txt,,,,1
2022-01-17,95,95,3,-0800,iso,jbosnu/2022_01/2022_01_17.txt,,,,1
2022-01-18,19,19,1,-0800,iso,jbosnu/2022_01/2022_01_18.txt,,,,1
2022-01-19,2,2,1,-0800,iso,jbosnu/2022_01/2022_01_19.txt,,,,1
2022-01-21,17,17,1,-0800,iso,jbosnu/2022_01/2022_01_21.txt,,,,1
2022-01-22,10,10,2,-0800,iso,jbosnu/2022_01/2022_01_22.txt,,,,1
2022-01-24,46,46,5,-0800,iso,jbosnu/2022_01/2022_01_24.txt,,,,1
2022-01-25,47,47,6,-0800,iso,jbosnu/2022_01/2022_01_25.txt,,,,1
2022-01-26,157,157,7,-0800,iso,jbosnu/2022_01/2022_01_26.txt,,,,1
2022-01-27,12,12,4,-0800,iso,jbosnu/2022_01/2022_01_27.txt,,,,1
2022-01-28,27,27,4,-0800,iso,jbosnu/2022_01/2022_01_28.txt,,,,1
2022-01-29,62,62,6,-0800,iso,jbosnu/2022_01/2022_01_29.txt,,,,1
2022-01-30,80,80,4,-0800,iso,jbosnu/2022_01/2022_01_30.txt,,,,1
2022-01-31,10,10,2,-0800,iso,jbosnu/2022_01/2022_01_31.txt,,,,1
2022-02-01,35,35,4,-0800,iso,jbosnu/2022_02/2022_02_01.txt,,,,1
2022-02-02,43,43,4,-0800,iso,jbosnu/2022_02/2022_02_02.txt,,,,1
2022-02-03,54,54,5,-0800,iso,jbosnu/2022_02/2022_02_03.txt,,,,1
2022-02-04,9,9,4,-0800,iso,jbosnu/2022_02/2022_02_04.txt,,,,1
2022-02-05,10,10,3,-0800,iso,jbosnu/2022_02/2022_02_05.txt,,,,1
2022-02-06,7,7,2,-0800,iso,jbosnu/2022_02/2022_02_06.txt,,,,1
2022-02-07,11,11,3,-0800,iso,jbosnu/2022_02/2022_02_07.txt,,,,1
2022-02-08,55,55,5,-0800,iso,jbosnu/2022_02/2022_02_08.txt,,,,1
2022-02-09,17,17,2,-0800,iso,jbosnu/2022_02/2022_02_09.txt,,,,1
2022-02-10,13,13,4,-0800,iso,jbosnu/2022_02/2022_02_10.txt,,,,1
2022-02-11,45,45,5,-0800,iso,jbosnu/2022_02/2022_02_11.txt,,,,1
2022-02-12,64,64,4,-0800,iso,jbosnu/2022_02/2022_02_12.txt,,,,1
2022-02-13,103,103,8,-0800,iso,jbosnu/2022_02/2022_02_13.txt,,,,1
2022-02-14,6,6,2,-0800,iso,jbosnu/2022_02/2022_02_14.txt,,,,1
2022-02-15,15,15,3,-0800,iso,jbosnu/2022_02/2022_02_15.txt,,,,1
2022-02-16,31,31,6,-0800,iso,jbosnu/2022_02/2022_02_16.txt,,,,1
2022-02-17,30,30,2,-0800,iso,jbosnu/2022_02/2022_02_17.txt,,,,1
2022-02-18,39,39,3,-0800,iso,jbosnu/2022_02/2022_02_18.txt,,,,1
2022-02-19,72,72,5,-0800,iso,jbosnu/2022_02/2022_02_19.txt,,,,1
2022-02-20,3,3,2,-0800,iso,jbosnu/2022_02/2022_02_20.txt,,,,1
2022-02-21,57,57,4,-0800,iso,jbosnu/2022_02/2022_02_21.txt,,,,1
2022-02-22,1,1,1,-0800,iso,jbosnu/2022_02/2022_02_22.txt,,,,1
2022-02-23,27,27,2,-0800,iso,jbosnu/2022_02/2022_02_23.txt,,,,1
2022-02-24,2,2,1,-0800,iso,jbosnu/2022_02/2022_02_24.txt,,,,1
2022-02-25,17,17,4,-0800,iso,jbosnu/2022_02/2022_02_25.txt,,,,1
2022-02-26,16,16,2,-0800,iso,jbosnu/2022_02/2022_02_26.txt,,,,1
2022-02-27,7,7,2,-0800,iso,jbosnu/2022_02/2022_02_27.txt,,,,1
2022-03-02,2,2,2,-0800,iso,jbosnu/2022_03/2022_03_02.txt,,,,1
2022-03-03,23,23,2,-0800,iso,jbosnu/2022_03/2022_03_03.txt,,,,1
2022-03-04,1,1,1,-0800,iso,jbosnu/2022_03/2022_03_04.txt,,,,1
2022-03-05,21,21,2,-0800,iso,jbosnu/2022_03/2022_03_05.txt,,,,1
2022-03-06,5,5,2,-0800,iso,jbosnu/2022_03/2022_03_06.txt,,,,1
2022-03-07,1,1,1,-0800,iso,jbosnu/2022_03/2022_03_07.txt,,,,1
2022-03-08,24,24,3,-0800,iso,jbosnu/2022_03/2022_03_08.txt,,,,1
2022-03-11,64,64,4,-0800,iso,jbosnu/2022_03/2022_03_11.txt,,,,1
2022-03-12,1,1,1,-0800,iso,jbosnu/2022_03/2022_03_12.txt,,,,1
2022-03-13,21,21,5,-0700,iso,jbosnu/2022_03/2022_03_13.txt,,,,1
2022-03-14,34,34,3,-0700,iso,jbosnu/2022_03/2022_03_14.txt,,,,1
2022-03-15,58,58,6,-0700,iso,jbosnu/2022_03/2022_03_15.txt,,,,1
2022-03-16,26,26,3,-0700,iso,jbosnu/2022_03/2022_03_16.txt,,,,1
2022-03-17,155,155,7,-0700,iso,jbosnu/2022_03/2022_03_17.txt,,,,1
2022-03-18,17,17,2,-0700,iso,jbosnu/2022_03/2022_03_18.txt,,,,1
2022-03-19,20,20,5,-0700,iso,jbosnu/2022_03/2022_03_19.txt,,,,1
2022-03-20,6,6,2,-0700,iso,jbosnu/2022_03/2022_03_20.txt,,,,1
2022-03-21,27,27,4,-0700,iso,jbosnu/2022_03/2022_03_21.txt,,,,1
2022-03-22,32,32,6,-0700,iso,jbosnu/2022_03/2022_03_22.txt,,,,1
2022-03-23,17,17,3,-0700,iso,jbosnu/2022_03/2022_03_23.txt,,,,1
2022-03-24,9,9,2,-0700,iso,jbosnu/2022_03/2022_03_24.txt,,,,1
2022-03-25,24,24,4,-0700,iso,jbosnu/2022_03/2022_03_25.txt,,,,1
2022-03-26,12,12,2,-0700,iso,jbosnu/2022_03/2022_03_26.txt,,,,1
2022-03-27,43,43,5,-0700,iso,jbosnu/2022_03/2022_03_27.txt,,,,1
2022-03-28,2,2,1,-0700,iso,jbosnu/2022_03/2022_03_28.txt,,,,1
2022-03-29,7,7,4,-0700,iso,jbosnu/2022_03/2022_03_29.txt,,,,1
2022-03-31,1,1,1,-0700,iso,jbosnu/2022_03/2022_03_31.txt,,,,1
2022-04-01,23,23,4,-0700,iso,jbosnu/2022_04/2022_04_01.txt,,,,1
2022-04-02,1,1,1,-0700,iso,jbosnu/2022_04/2022_04_02.txt,,,,1
2022-04-03,36,36,3,-0700,iso,jbosnu/2022_04/2022_04_03.txt,,,,1
2022-04-04,1,1,1,-0700,iso,jbosnu/2022_04/2022_04_04.txt,,,,1
2022-04-09,36,36,4,-0700,iso,jbosnu/2022_04/2022_04_09.txt,,,,1
2022-04-13,4,4,3,-0700,iso,jbosnu/2022_04/2022_04_13.txt,,,,1
2022-04-15,45,45,3,-0700,iso,jbosnu/2022_04/2022_04_15.txt,,,,1
2022-04-16,5,5,2,-0700,iso,jbosnu/2022_04/2022_04_16.txt,,,,1
2022-04-17,63,63,4,-0700,iso,jbosnu/2022_04/2022_04_17.txt,,,,1
2022-04-18,2,2,1,-0700,iso,jbosnu/2022_04/2022_04_18.txt,,,,1
2022-04-19,3,3,3,-0700,iso,jbosnu/2022_04/2022_04_19.txt,,,,1
2022-04-20,11,11,3,-0700,iso,jbosnu/2022_04/2022_04_20.txt,,,,1
2022-04-21,5,5,4,-0700,iso,jbosnu/2022_04/2022_04_21.txt,,,,1
2022-04-22,12,12,3,-0700,iso,jbosnu/2022_04/2022_04_22.txt,,,,1
2022-04-23,5,5,3,-0700,iso,jbosnu/2022_04/2022_04_23.txt,,,,1
2022-04-27,2,2,1,-0700,iso,jbosnu/2022_04/2022_04_27.txt,,,,1
2022-04-28,6,6,4,-0700,iso,jbosnu/2022_04/2022_04_28.txt,,,,1
2022-04-30,5,5,4,-0700,iso,jbosnu/2022_04/2022_04_30.txt,,,,1
2022-05-01,37,37,3,-0700,iso,jbosnu/2022_05/2022_05_01.txt,,,,1
2022-05-02,22,22,4,-0700,iso,jbosnu/2022_05/2022_05_02.txt,,,,1
2022-05-04,5,5,2,-0700,iso,jbosnu/2022_05/2022_05_04.txt,,,,1
2022-05-05,10,10,3,-0700,iso,jbosnu/2022_05/2022_05_05.txt,,,,1
2022-05-06,14,14,4,-0700,iso,jbosnu/2022_05/2022_05_06.txt,,,,1
2022-05-07,53,53,5,-0700,iso,jbosnu/2022_05/2022_05_07.txt,,,,1
2022-05-09,22,22,4,-0700,iso,jbosnu/2022_05/2022_05_09.txt,,,,1
2022-05-10,5,5,4,-0700,iso,jbosnu/2022_05/2022_05_10.txt,,,,1
2022-05-11,13,13,2,-0700,iso,jbosnu/2022_05/2022_05_11.txt,,,,1
2022-05-12,36,36,3,-0700,iso,jbosnu/2022_05/2022_05_12.txt,,,,1
2022-05-13,8,8,2,-0700,iso,jbosnu/2022_05/2022_05_13.txt,,,,1
2022-05-14,6,6,3,-0700,iso,jbosnu/2022_05/2022_05_14.txt,,,,1
2022-05-15,25,25,3,-0700,iso,jbosnu/2022_05/2022_05_15.txt,,,,1
2022-05-16,29,29,4,-0700,iso,jbosnu/2022_05/2022_05_16.txt,,,,1
2022-05-17,45,45,3,-0700,iso,jbosnu/2022_05/2022_05_17.txt,,,,1
2022-05-18,51,51,3,-0700,iso,jbosnu/2022_05/2022_05_18.txt,,,,1
2022-05-19,33,33,4,-0700,iso,jbosnu/2022_05/2022_05_19.txt,,,,1
2022-05-20,5,5,1,-0700,iso,jbosnu/2022_05/2022_05_20.txt,,,,1
2022-05-21,23,23,4,-0700,iso,jbosnu/2022_05/2022_05_21.txt,,,,1
2022-05-22,33,33,4,-0700,iso,jbosnu/2022_05/2022_05_22.txt,,,,1
2022-05-23,11,11,2,-0700,iso,jbosnu/2022_05/2022_05_23.txt,,,,1
2022-05-24,13,13,3,-0700,iso,jbosnu/2022_05/2022_05_24.txt,,,,1
2022-05-25,2,2,1,-0700,iso,jbosnu/2022_05/2022_05_25.txt,,,,1
2022-05-26,14,14,3,-0700,iso,jbosnu/2022_05/2022_05_26.txt,,,,1
2022-05-27,4,4,3,-0700,iso,jbosnu/2022_05/2022_05_27.txt,,,,1
2022-05-28,2,2,1,-0700,iso,jbosnu/2022_05/2022_05_28.txt,,,,1
2022-05-29,2,2,1,-0700,iso,jbosnu/2022_05/2022_05_29.txt,,,,1
2022-05-30,3,3,2,-0700,iso,jbosnu/2022_05/2022_05_30.txt,,,,1
2022-05-31,8,8,1,-0700,iso,jbosnu/2022_05/2022_05_31.txt,,,,1
2022-06-01,2,2,1,-0700,iso,jbosnu/2022_06/2022_06_01.txt,,,,1
2022-06-02,9,9,4,-0700,iso,jbosnu/2022_06/2022_06_02.txt,,,,1
2022-06-03,18,18,4,-0700,iso,jbosnu/2022_06/2022_06_03.txt,,,,1
2022-06-04,2,2,2,-0700,iso,jbosnu/2022_06/2022_06_04.txt,,,,1
2022-06-05,49,49,4,-0700,iso,jbosnu/2022_06/2022_06_05.txt,,,,1
2022-06-06,10,10,5,-0700,iso,jbosnu/2022_06/2022_06_06.txt,,,,1
2022-06-08,31,31,4,-0700,iso,jbosnu/2022_06/2022_06_08.txt,,,,1
2022-06-09,9,9,3,-0700,iso,jbosnu/2022_06/2022_06_09.txt,,,,1
2022-06-11,10,10,2,-0700,iso,jbosnu/2022_06/2022_06_11.txt,,,,1
2022-06-12,10,10,3,-0700,iso,jbosnu/2022_06/2022_06_12.txt,,,,1
2022-06-13,31,31,6,-0700,iso,jbosnu/2022_06/2022_06_13.txt,,,,1
2022-06-14,2,2,1,-0700,iso,jbosnu/2022_06/2022_06_14.txt,,,,1
2022-06-15,31,31,3,-0700,iso,jbosnu/2022_06/2022_06_15.txt,,,,1
2022-06-16,11,11,4,-0700,iso,jbosnu/2022_06/2022_06_16.txt,,,,1
2022-06-17,41,41,5,-0700,iso,jbosnu/2022_06/2022_06_17.txt,,,,1
2022-06-18,58,58,6,-0700,iso,jbosnu/2022_06/2022_06_18.txt,,,,1
2022-06-19,34,34,4,-0700,iso,jbosnu/2022_06/2022_06_19.txt,,,,1
2022-06-20,29,29,6,-0700,iso,jbosnu/2022_06/2022_06_20.txt,,,,1
2022-06-21,23,23,4,-0700,iso,jbosnu/2022_06/2022_06_21.txt,,,,1
2022-06-22,30,30,2,-0700,iso,jbosnu/2022_06/2022_06_22.txt,,,,1
2022-06-24,15,15,3,-0700,iso,jbosnu/2022_06/2022_06_24.txt,,,,1
2022-06-25,36,36,4,-0700,iso,jbosnu/2022_06/2022_06_25.txt,,,,1
2022-06-26,14,14,6,-0700,iso,jbosnu/2022_06/2022_06_26.txt,,,,1
2022-06-27,19,19,3,-0700,iso,jbosnu/2022_06/2022_06_27.txt,,,,1
2022-06-28,4,4,4,-0700,iso,jbosnu/2022_06/2022_06_28.txt,,,,1
2022-06-29,1,1,1,-0700,iso,jbosnu/2022_06/2022_06_29.txt,,,,1
2022-06-30,23,23,2,-0700,iso,jbosnu/2022_06/2022_06_30.txt,,,,1
2022-07-01,3,3,2,-0700,iso,jbosnu/2022_07/2022_07_01.txt,,,,1
2022-07-03,16,16,3,-0700,iso,jbosnu/2022_07/2022_07_03.txt,,,,1
2022-07-04,8,8,4,-0700,iso,jbosnu/2022_07/2022_07_04.txt,,,,1
2022-07-05,1,1,1,-0700,iso,jbosnu/2022_07/2022_07_05.txt,,,,1
2022-07-13,8,8,3,-0700,iso,jbosnu/2022_07/2022_07_13.txt,,,,1
2022-07-16,4,4,2,-0700,iso,jbosnu/2022_07/2022_07_16.txt,,,,1
2022-07-17,1,1,1,-0700,iso,jbosnu/2022_07/2022_07_17.txt,,,,1
2022-07-18,120,120,5,-0700,iso,jbosnu/2022_07/2022_07_18.txt,,,,1
2022-07-19,5,5,3,-0700,iso,jbosnu/2022_07/2022_07_19.txt,,,,1
2022-07-20,5,5,2,-0700,iso,jbosnu/2022_07/2022_07_20.txt,,,,1
2022-07-23,12,12,4,-0700,iso,jbosnu/2022_07/2022_07_23.txt,,,,1
2022-07-24,6,6,2,-0700,iso,jbosnu/2022_07/2022_07_24.txt,,,,1
2022-07-25,20,20,5,-0700,iso,jbosnu/2022_07/2022_07_25.txt,,,,1
2022-07-26,17,17,5,-0700,iso,jbosnu/2022_07/2022_07_26.txt,,,,1
2022-07-27,28,28,3,-0700,iso,jbosnu/2022_07/2022_07_27.txt,,,,1
2022-07-28,2,2,2,-0700,iso,jbosnu/2022_07/2022_07_28.txt,,,,1
2022-07-29,12,12,2,-0700,iso,jbosnu/2022_07/2022_07_29.txt,,,,1
2022-07-30,8,8,1,-0700,iso,jbosnu/2022_07/2022_07_30.txt,,,,1
2022-07-31,5,5,1,-0700,iso,jbosnu/2022_07/2022_07_31.txt,,,,1
2022-08-01,4,4,1,-0700,iso,jbosnu/2022_08/2022_08_01.txt,,,,1
2022-08-02,55,55,4,-0700,iso,jbosnu/2022_08/2022_08_02.txt,,,,1
2022-08-03,11,11,1,-0700,iso,jbosnu/2022_08/2022_08_03.txt,,,,1
2022-08-05,86,86,5,-0700,iso,jbosnu/2022_08/2022_08_05.txt,,,,1
2022-08-06,21,21,3,-0700,iso,jbosnu/2022_08/2022_08_06.txt,,,,1
2022-08-07,18,18,3,-0700,iso,jbosnu/2022_08/2022_08_07.txt,,,,1
2022-08-10,2,2,2,-0700,iso,jbosnu/2022_08/2022_08_10.txt,,,,1
2022-08-11,6,6,1,-0700,iso,jbosnu/2022_08/2022_08_11.txt,,,,1
2022-08-12,95,95,4,-0700,iso,jbosnu/2022_08/2022_08_12.txt,,,,1
2022-08-13,32,32,3,-0700,iso,jbosnu/2022_08/2022_08_13.txt,,,,1
2022-08-14,24,24,4,-0700,iso,jbosnu/2022_08/2022_08_14.txt,,,,1
2022-08-15,49,49,2,-0700,iso,jbosnu/2022_08/2022_08_15.txt,,,,1
2022-08-16,29,29,3,-0700,iso,jbosnu/2022_08/2022_08_16.txt,,,,1
2022-08-18,42,42,5,-0700,iso,jbosnu/2022_08/2022_08_18.txt,,,,1
2022-08-19,12,12,3,-0700,iso,jbosnu/2022_08/2022_08_19.txt,,,,1
2022-08-20,8,8,3,-0700,iso,jbosnu/2022_08/2022_08_20.txt,,,,1
2022-08-21,61,61,3,-0700,iso,jbosnu/2022_08/2022_08_21.txt,,,,1
2022-08-22,9,9,4,-0700,iso,jbosnu/2022_08/2022_08_22.txt,,,,1
2022-08-23,7,7,2,-0700,iso,jbosnu/2022_08/2022_08_23.txt,,,,1
2022-08-27,4,4,2,-0700,iso,jbosnu/2022_08/2022_08_27.txt,,,,1
2022-08-31,6,6,2,-0700,iso,jbosnu/2022_08/2022_08_31.txt,,,,1
2022-09-01,18,18,3,-0700,iso,jbosnu/2022_09/2022_09_01.txt,,,,1
2022-09-03,6,6,2,-0700,iso,jbosnu/2022_09/2022_09_03.txt,,,,1
2022-09-05,1,1,1,-0700,iso,jbosnu/2022_09/2022_09_05.txt,,,,1
2022-09-06,4,4,2,-0700,iso,jbosnu/2022_09/2022_09_06.txt,,,,1
2022-09-07,1,1,1,-0700,iso,jbosnu/2022_09/2022_09_07.txt,,,,1
2022-09-09,6,6,2,-0700,iso,jbosnu/2022_09/2022_09_09.txt,,,,1
2022-09-11,27,27,3,-0700,iso,jbosnu/2022_09/2022_09_11.txt,,,,1
2022-09-12,49,49,4,-0700,iso,jbosnu/2022_09/2022_09_12.txt,,,,1
2022-09-13,11,11,2,-0700,iso,jbosnu/2022_09/2022_09_13.txt,,,,1
2022-09-14,3,3,2,-0700,iso,jbosnu/2022_09/2022_09_14.txt,,,,1
2022-09-16,16,16,2,-0700,iso,jbosnu/2022_09/2022_09_16.txt,,,,1
2022-09-18,53,53,3,-0700,iso,jbosnu/2022_09/2022_09_18.txt,,,,1
2022-09-19,37,37,4,-0700,iso,jbosnu/2022_09/2022_09_19.txt,,,,1
2022-09-20,2,2,1,-0700,iso,jbosnu/2022_09/2022_09_20.txt,,,,1
2022-09-21,2,2,2,-0700,iso,jbosnu/2022_09/2022_09_21.txt,,,,1
2022-09-22,8,8,2,-0700,iso,jbosnu/2022_09/2022_09_22.txt,,,,1
2022-09-23,2,2,1,-0700,iso,jbosnu/2022_09/2022_09_23.txt,,,,1
2022-09-24,18,18,2,-0700,iso,jbosnu/2022_09/2022_09_24.txt,,,,1
2022-09-25,1,1,1,-0700,iso,jbosnu/2022_09/2022_09_25.txt,,,,1
2022-09-26,9,9,3,-0700,iso,jbosnu/2022_09/2022_09_26.txt,,,,1
2022-09-27,1,1,1,-0700,iso,jbosnu/2022_09/2022_09_27.txt,,,,1
2022-09-28,3,3,2,-0700,iso,jbosnu/2022_09/2022_09_28.txt,,,,1
2022-09-30,1,1,1,-0700,iso,jbosnu/2022_09/2022_09_30.txt,,,,1
2022-10-04,1,1,1,-0700,iso,jbosnu/2022_10/2022_10_04.txt,,,,1
2022-10-09,2,2,2,-0700,iso,jbosnu/2022_10/2022_10_09.txt,,,,1
2022-10-10,3,3,2,-0700,iso,jbosnu/2022_10/2022_10_10.txt,,,,1
2022-10-11,20,20,3,-0700,iso,jbosnu/2022_10/2022_10_11.txt,,,,1
2022-10-12,2,2,2,-0700,iso,jbosnu/2022_10/2022_10_12.txt,,,,1
2022-10-15,12,12,2,-0700,iso,jbosnu/2022_10/2022_10_15.txt,,,,1
2022-10-22,59,59,3,-0700,iso,jbosnu/2022_10/2022_10_22.txt,,,,1
2022-10-24,1,1,1,-0700,iso,jbosnu/2022_10/2022_10_24.txt,,,,1
2022-10-30,7,7,4,-0700,iso,jbosnu/2022_10/2022_10_30.txt,,,,1
2022-10-31,10,10,2,-0700,iso,jbosnu/2022_10/2022_10_31.txt,,,,1
2022-11-01,15,15,3,-0700,iso,jbosnu/2022_11/2022_11_01.txt,,,,1
2022-11-03,4,4,3,-0700,iso,jbosnu/2022_11/2022_11_03.txt,,,,1
2022-11-04,11,11,4,-0700,iso,jbosnu/2022_11/2022_11_04.txt,,,,1
2022-11-05,7,7,4,-0700,iso,jbosnu/2022_11/2022_11_05.txt,,,,1
2022-11-06,3,3,3,-0700/-0800,iso,jbosnu/2022_11/2022_11_06.txt,,,,1
2022-11-11,5,5,3,-0800,iso,jbosnu/2022_11/2022_11_11.txt,,,,1
2022-11-12,38,38,5,-0800,iso,jbosnu/2022_11/2022_11_12.txt,,,,1
2022-11-13,3,3,3,-0800,iso,jbosnu/2022_11/2022_11_13.txt,,,,1
2022-11-14,1,1,1,-0800,iso,jbosnu/2022_11/2022_11_14.txt,,,,1
2022-11-15,18,18,2,-0800,iso,jbosnu/2022_11/2022_11_15.txt,,,,1
2022-11-21,18,18,4,-0800,iso,jbosnu/2022_11/2022_11_21.txt,,,,1
2022-11-27,4,4,3,-0800,iso,jbosnu/2022_11/2022_11_27.txt,,,,1
2022-11-28,1,1,1,-0800,iso,jbosnu/2022_11/2022_11_28.txt,,,,1
2022-12-01,9,9,2,-0800,iso,jbosnu/2022_12/2022_12_01.txt,,,,1
2022-12-03,7,7,3,-0800,iso,jbosnu/2022_12/2022_12_03.txt,,,,1
2022-12-04,4,4,2,-0800,iso,jbosnu/2022_12/2022_12_04.txt,,,,1
2022-12-05,2,2,2,-0800,iso,jbosnu/2022_12/2022_12_05.txt,,,,1
2022-12-09,7,7,2,-0800,iso,jbosnu/2022_12/2022_12_09.txt,,,,1
2022-12-19,13,13,3,-0800,iso,jbosnu/2022_12/2022_12_19.txt,,,,1
2022-12-22,3,3,2,-0800,iso,jbosnu/2022_12/2022_12_22.txt,,,,1
2022-12-23,6,6,2,-0800,iso,jbosnu/2022_12/2022_12_23.txt,,,,1
2022-12-24,4,4,2,-0800,iso,jbosnu/2022_12/2022_12_24.txt,,,,1
2022-12-26,2,2,2,-0800,iso,jbosnu/2022_12/2022_12_26.txt,,,,1
2022-12-30,2,2,2,-0800,iso,jbosnu/2022_12/2022_12_30.txt,,,,1
2023-01-02,6,6,5,-0800,iso,jbosnu/2023_01/2023_01_02.txt,,,,1
2023-01-03,2,2,2,-0800,iso,jbosnu/2023_01/2023_01_03.txt,,,,1
2023-01-07,38,38,6,-0800,iso,jbosnu/2023_01/2023_01_07.txt,,,,1
2023-01-10,6,6,3,-0800,iso,jbosnu/2023_01/2023_01_10.txt,,,,1
2023-01-11,1,1,1,-0800,iso,jbosnu/2023_01/2023_01_11.txt,,,,1
2023-01-20,12,12,5,-0800,iso,jbosnu/2023_01/2023_01_20.txt,,,,1
2023-01-21,1,1,1,-0800,iso,jbosnu/2023_01/2023_01_21.txt,,,,1
2023-01-22,8,8,2,-0800,iso,jbosnu/2023_01/2023_01_22.txt,,,,1
2023-02-02,6,6,3,-0800,iso,jbosnu/2023_02/2023_02_02.txt,,,,1
2023-02-03,4,4,3,-0800,iso,jbosnu/2023_02/2023_02_03.txt,,,,1
2023-02-05,2,2,2,-0800,iso,jbosnu/2023_02/2023_02_05.txt,,,,1
2023-02-07,15,15,6,-0800,iso,jbosnu/2023_02/2023_02_07.txt,,,,1
2023-02-08,58,58,6,-0800,iso,jbosnu/2023_02/2023_02_08.txt,,,,1
2023-02-10,11,11,3,-0800,iso,jbosnu/2023_02/2023_02_10.txt,,,,1
2023-02-11,18,18,2,-0800,iso,jbosnu/2023_02/2023_02_11.txt,,,,1
2023-02-15,8,8,3,-0800,iso,jbosnu/2023_02/2023_02_15.txt,,,,1
2023-02-17,1,1,1,-0800,iso,jbosnu/2023_02/2023_02_17.txt,,,,1
2023-02-21,1,1,1,-0800,iso,jbosnu/2023_02/2023_02_21.txt,,,,1
2023-02-23,42,42,3,-0800,iso,jbosnu/2023_02/2023_02_23.txt,,,,1
2023-02-24,4,4,4,-0800,iso,jbosnu/2023_02/2023_02_24.txt,,,,1
2023-02-25,3,3,2,-0800,iso,jbosnu/2023_02/2023_02_25.txt,,,,1
2023-02-26,22,22,7,-0800,iso,jbosnu/2023_02/2023_02_26.txt,,,,1
2023-03-02,14,14,4,-0800,iso,jbosnu/2023_03/2023_03_02.txt,,,,1
2023-03-03,161,161,5,-0800,iso,jbosnu/2023_03/2023_03_03.txt,,,,1
2023-03-05,10,10,4,-0800,iso,jbosnu/2023_03/2023_03_05.txt,,,,1
2023-03-06,3,3,3,-0800,iso,jbosnu/2023_03/2023_03_06.txt,,,,1
2023-03-08,1,1,1,-0800,iso,jbosnu/2023_03/2023_03_08.txt,,,,1
2023-03-09,2,2,2,-0800,iso,jbosnu/2023_03/2023_03_09.txt,,,,1
2023-03-10,55,55,5,-0800,iso,jbosnu/2023_03/2023_03_10.txt,,,,1
2023-03-11,11,11,2,-0800,iso,jbosnu/2023_03/2023_03_11.txt,,,,1
2023-03-19,10,10,5,-0700,iso,jbosnu/2023_03/2023_03_19.txt,,,,1
2023-03-23,2,2,2,-0700,iso,jbosnu/2023_03/2023_03_23.txt,,,,1
2023-03-25,3,3,3,-0700,iso,jbosnu/2023_03/2023_03_25.txt,,,,1
2023-03-29,7,7,4,-0700,iso,jbosnu/2023_03/2023_03_29.txt,,,,1
2023-04-01,3,3,2,-0700,iso,jbosnu/2023_04/2023_04_01.txt,,,,1
2023-04-02,2,2,1,-0700,iso,jbosnu/2023_04/2023_04_02.txt,,,,1
2023-04-10,3,3,3,-0700,iso,jbosnu/2023_04/2023_04_10.txt,,,,1
2023-04-12,1,1,1,-0700,iso,jbosnu/2023_04/2023_04_12.txt,,,,1
2023-04-17,13,13,6,-0700,iso,jbosnu/2023_04/2023_04_17.txt,,,,1
2023-04-18,32,32,2,-0700,iso,jbosnu/2023_04/2023_04_18.txt,,,,1
2023-04-23,13,13,4,-0700,iso,jbosnu/2023_04/2023_04_23.txt,,,,1
2023-04-24,9,9,2,-0700,iso,jbosnu/2023_04/2023_04_24.txt,,,,1
2023-04-28,1,1,1,-0700,iso,jbosnu/2023_04/2023_04_28.txt,,,,1
2023-05-12,9,9,3,-0700,iso,jbosnu/2023_05/2023_05_12.txt,,,,1
2023-05-13,14,14,5,-0700,iso,jbosnu/2023_05/2023_05_13.txt,,,,1
2023-05-14,2,2,1,-0700,iso,jbosnu/2023_05/2023_05_14.txt,,,,1
2023-05-19,17,17,4,-0700,iso,jbosnu/2023_05/2023_05_19.txt,,,,1
2023-05-20,1,1,1,-0700,iso,jbosnu/2023_05/2023_05_20.txt,,,,1
2023-05-26,1,1,1,-0700,iso,jbosnu/2023_05/2023_05_26.txt,,,,1
2023-06-16,4,4,3,-0700,iso,jbosnu/2023_06/2023_06_16.txt,,,,1
2023-06-17,2,2,1,-0700,iso,jbosnu/2023_06/2023_06_17.txt,,,,1
2023-06-19,1,1,1,-0700,iso,jbosnu/2023_06/2023_06_19.txt,,,,1
2023-06-20,2,2,2,-0700,iso,jbosnu/2023_06/2023_06_20.txt,,,,1
2023-06-24,4,4,3,-0700,iso,jbosnu/2023_06/2023_06_24.txt,,,,1
2023-06-27,1,1,1,-0700,iso,jbosnu/2023_06/2023_06_27.txt,,,,1
2023-07-01,5,5,2,-0700,iso,jbosnu/2023_07/2023_07_01.txt,,,,1
2023-07-22,7,7,4,-0700,iso,jbosnu/2023_07/2023_07_22.txt,,,,1
2023-07-23,2,2,2,-0700,iso,jbosnu/2023_07/2023_07_23.txt,,,,1
2023-08-17,6,6,1,-0700,iso,jbosnu/2023_08/2023_08_17.txt,,,,1
2023-08-18,1,1,1,-0700,iso,jbosnu/2023_08/2023_08_18.txt,,,,1
2023-08-21,4,4,3,-0700,iso,jbosnu/2023_08/2023_08_21.txt,,,,1
2023-09-04,8,8,3,-0700,iso,jbosnu/2023_09/2023_09_04.txt,,,,1
2023-09-05,7,7,2,-0700,iso,jbosnu/2023_09/2023_09_05.txt,,,,1
2023-09-07,17,17,2,-0700,iso,jbosnu/2023_09/2023_09_07.txt,,,,1
2023-10-04,2,2,2,-0700,iso,jbosnu/2023_10/2023_10_04.txt,,,,1
2023-10-07,6,6,4,-0700,iso,jbosnu/2023_10/2023_10_07.txt,,,,1
2023-11-18,10,10,5,-0800,iso,jbosnu/2023_11/2023_11_18.txt,,,,1
2023-11-24,4,4,2,-0800,iso,jbosnu/2023_11/2023_11_24.txt,,,,1
2023-11-25,17,17,4,-0800,iso,jbosnu/2023_11/2023_11_25.txt,,,,1
2023-11-26,10,10,5,-0800,iso,jbosnu/2023_11/2023_11_26.txt,,,,1
2023-11-27,8,8,5,-0800,iso,jbosnu/2023_11/2023_11_27.txt,,,,1
2023-11-28,4,4,4,-0800,iso,jbosnu/2023_11/2023_11_28.txt,,,,1
2023-11-29,5,5,4,-0800,iso,jbosnu/2023_11/2023_11_29.txt,,,,1
2023-11-30,4,4,4,-0800,iso,jbosnu/2023_11/2023_11_30.txt,,,,1
2023-12-01,1,1,1,-0800,iso,jbosnu/2023_12/2023_12_01.txt,,,,1
2023-12-16,53,53,4,-0800,iso,jbosnu/2023_12/2023_12_16.txt,,,,1
2023-12-17,35,35,3,-0800,iso,jbosnu/2023_12/2023_12_17.txt,,,,1
2023-12-18,35,35,4,-0800,iso,jbosnu/2023_12/2023_12_18.txt,,,,1
2023-12-19,5,5,2,-0800,iso,jbosnu/2023_12/2023_12_19.txt,,,,1
2023-12-28,7,7,4,-0800,iso,jbosnu/2023_12/2023_12_28.txt,,,,1
2024-01-06,36,36,7,-0800,iso,jbosnu/2024_01/2024_01_06.txt,,,,1
2024-01-07,6,6,4,-0800,iso,jbosnu/2024_01/2024_01_07.txt,,,,1
2024-01-08,10,10,5,-0800,iso,jbosnu/2024_01/2024_01_08.txt,,,,1
2024-01-10,24,24,4,-0800,iso,jbosnu/2024_01/2024_01_10.txt,,,,1
2024-01-18,50,50,5,-0800,iso,jbosnu/2024_01/2024_01_18.txt,,,,1
2024-01-19,26,26,5,-0800,iso,jbosnu/2024_01/2024_01_19.txt,,,,1
2024-01-20,1,1,1,-0800,iso,jbosnu/2024_01/2024_01_20.txt,,,,1
2024-01-30,40,40,8,-0800,iso,jbosnu/2024_01/2024_01_30.txt,,,,1
2024-02-29,46,46,6,-0800,iso,jbosnu/2024_02/2024_02_29.txt,,,,1
2024-03-01,17,17,4,-0800,iso,jbosnu/2024_03/2024_03_01.txt,,,,1
2024-03-28,3,3,2,-0700,iso,jbosnu/2024_03/2024_03_28.txt,,,,1
2024-04-18,18,18,5,-0700,iso,jbosnu/2024_04/2024_04_18.txt,,,,1
2024-04-19,5,5,1,-0700,iso,jbosnu/2024_04/2024_04_19.txt,,,,1
2024-04-21,1,1,1,-0700,iso,jbosnu/2024_04/2024_04_21.txt,,,,1
2024-04-22,23,23,6,-0700,iso,jbosnu/2024_04/2024_04_22.txt,,,,1
2024-04-23,12,12,2,-0700,iso,jbosnu/2024_04/2024_04_23.txt,,,,1
2024-04-27,1,1,1,-0700,iso,jbosnu/2024_04/2024_04_27.txt,,,,1
2024-04-28,3,3,2,-0700,iso,jbosnu/2024_04/2024_04_28.txt,,,,1
2024-05-01,4,4,2,-0700,iso,jbosnu/2024_05/2024_05_01.txt,,,,1
2024-05-04,10,10,4,-0700,iso,jbosnu/2024_05/2024_05_04.txt,,,,1
2024-05-05,2,2,2,-0700,iso,jbosnu/2024_05/2024_05_05.txt,,,,1
2024-05-08,11,11,3,-0700,iso,jbosnu/2024_05/2024_05_08.txt,,,,1
2024-05-13,1,1,1,-0700,iso,jbosnu/2024_05/2024_05_13.txt,,,,1
2024-05-14,2,2,1,-0700,iso,jbosnu/2024_05/2024_05_14.txt,,,,1
2024-05-25,12,12,4,-0700,iso,jbosnu/2024_05/2024_05_25.txt,,,,1
2024-05-27,11,11,3,-0700,iso,jbosnu/2024_05/2024_05_27.txt,,,,1
2024-06-11,1,1,1,-0700,iso,jbosnu/2024_06/2024_06_11.txt,,,,1
2024-06-15,15,15,4,-0700,iso,jbosnu/2024_06/2024_06_15.txt,,,,1
2024-06-16,5,5,2,-0700,iso,jbosnu/2024_06/2024_06_16.txt,,,,1
2024-06-24,8,8,4,-0700,iso,jbosnu/2024_06/2024_06_24.txt,,,,1
2024-08-13,20,20,4,-0700,iso,jbosnu/2024_08/2024_08_13.txt,,,,1
2024-08-14,3,3,1,-0700,iso,jbosnu/2024_08/2024_08_14.txt,,,,1
2024-08-23,12,12,3,-0700,iso,jbosnu/2024_08/2024_08_23.txt,,,,1
2024-09-13,10,10,5,-0700,iso,jbosnu/2024_09/2024_09_13.txt,,,,1
2024-09-28,1,1,1,-0700,iso,jbosnu/2024_09/2024_09_28.txt,,,,1
2024-09-30,4,4,2,-0700,iso,jbosnu/2024_09/2024_09_30.txt,,,,1
2024-11-14,6,6,3,-0800,iso,jbosnu/2024_11/2024_11_14.txt,,,,1
2024-12-03,3,3,1,-0800,iso,jbosnu/2024_12/2024_12_03.txt,,,,1
2025-01-14,3,3,3,-0800,iso,jbosnu/2025_01/2025_01_14.txt,,,,1
2025-01-16,2,2,2,-0800,iso,jbosnu/2025_01/2025_01_16.txt,,,,1
2025-01-17,3,3,3,-0800,iso,jbosnu/2025_01/2025_01_17.txt,,,,1
2025-01-22,47,47,5,-0800,iso,jbosnu/2025_01/2025_01_22.txt,,,,1
2025-01-26,2,2,2,-0800,iso,jbosnu/2025_01/2025_01_26.txt,,,,1
2025-01-27,8,8,4,-0800,iso,jbosnu/2025_01/2025_01_27.txt,,,,1
2025-01-30,3,3,3,-0800,iso,jbosnu/2025_01/2025_01_30.txt,,,,1
2025-02-01,1,1,1,-0800,iso,jbosnu/2025_02/2025_02_01.txt,,,,1
2025-02-03,2,2,1,-0800,iso,jbosnu/2025_02/2025_02_03.txt,,,,1
2025-02-11,2,2,1,-0800,iso,jbosnu/2025_02/2025_02_11.txt,,,,1
2025-02-12,1,1,1,-0800,iso,jbosnu/2025_02/2025_02_12.txt,,,,1
2025-02-15,4,4,3,-0800,iso,jbosnu/2025_02/2025_02_15.txt,,,,1
2025-02-16,2,2,1,-0800,iso,jbosnu/2025_02/2025_02_16.txt,,,,1
2025-02-17,3,3,2,-0800,iso,jbosnu/2025_02/2025_02_17.txt,,,,1
2025-02-19,3,3,1,-0800,iso,jbosnu/2025_02/2025_02_19.txt,,,,1
2025-02-22,1,1,1,-0800,iso,jbosnu/2025_02/2025_02_22.txt,,,,1
2025-02-23,4,4,2,-0800,iso,jbosnu/2025_02/2025_02_23.txt,,,,1
2025-03-01,1,1,1,-0800,iso,jbosnu/2025_03/2025_03_01.txt,,,,1
2025-03-02,6,6,1,-0800,iso,jbosnu/2025_03/2025_03_02.txt,,,,1
2025-03-03,1,1,1,-0800,iso,jbosnu/2025_03/2025_03_03.txt,,,,1
2025-03-04,19,19,5,-0800,iso,jbosnu/2025_03/2025_03_04.txt,,,,1
2025-03-06,1,1,1,-0800,iso,jbosnu/2025_03/2025_03_06.txt,,,,1
2025-03-15,6,6,3,-0700,iso,jbosnu/2025_03/2025_03_15.txt,,,,1
2025-03-18,1,1,1,-0700,iso,jbosnu/2025_03/2025_03_18.txt,,,,1
2025-03-19,1,1,1,-0700,iso,jbosnu/2025_03/2025_03_19.txt,,,,1
2025-03-20,2,2,2,-0700,iso,jbosnu/2025_03/2025_03_20.txt,,,,1
2025-03-22,3,3,1,-0700,iso,jbosnu/2025_03/2025_03_22.txt,,,,1
2025-04-13,1,1,1,-0700,iso,jbosnu/2025_04/2025_04_13.txt,,,,1
2025-04-23,2,2,2,-0700,iso,jbosnu/2025_04/2025_04_23.txt,,,,1
2025-05-11,1,1,1,-0700,iso,jbosnu/2025_05/2025_05_11.txt,,,,1
2025-07-15,6,6,3,-0700,iso,jbosnu/2025_07/2025_07_15.txt,,,,1
2025-07-31,17,17,4,-0700,iso,jbosnu/2025_07/2025_07_31.txt,,,,1
2025-08-01,1,1,1,-0700,iso,jbosnu/2025_08/2025_08_01.txt,,,,1
2025-10-05,2,2,2,-0700,iso,jbosnu/2025_10/2025_10_05.txt,,,,1
2025-10-20,53,53,5,-0700,iso,jbosnu/2025_10/2025_10_20.txt,,,,1
2025-11-09,1,1,1,-0800,iso,jbosnu/2025_11/2025_11_09.txt,,,,1
2025-11-12,2,2,2,-0800,iso,jbosnu/2025_11/2025_11_12.txt,,,,1
2025-11-13,22,22,9,-0800,iso,jbosnu/2025_11/2025_11_13.txt,,,,1
2025-11-16,3,3,2,-0800,iso,jbosnu/2025_11/2025_11_16.txt,,,,1
2025-11-19,2,2,1,-0800,iso,jbosnu/2025_11/2025_11_19.txt,,,,1
2026-01-07,16,16,3,-0800,iso,jbosnu/2026_01/2026_01_07.txt,,,,1
2026-02-04,23,23,3,-0800,iso,jbosnu/2026_02/2026_02_04.txt,,,,1
2026-02-05,1,1,1,-0800,iso,jbosnu/2026_02/2026_02_05.txt,,,,1
2026-02-11,27,27,4,-0800,iso,jbosnu/2026_02/2026_02_11.txt,,,,1
2026-03-01,22,22,2,-0800,iso,jbosnu/2026_03/2026_03_01.txt,,,,1
2026-03-29,3,3,2,-0700,iso,jbosnu/2026_03/2026_03_29.txt,,,,1
2026-07-23,1,1,1,-0700,iso,jbosnu/2026_07/2026_07_23.txt,,,,1
2026-08-01,3,3,2,-0700,iso,jbosnu/2026_08/2026_08_01.txt,,,,1
