list,thread_key,root_message_id,messages,path
wikineurotic,"cf8398da54ef-wiki_page_cll,_aka_reference_grammar,_errata_ch",ls38pc.fqrodw@www.lojban.org,1,"mail/wikineurotic/threads/2011/cf8398da54ef-wiki_page_cll,_aka_reference_grammar,_errata_ch.txt"
wikineurotic,f902d80578fe-wiki_page_alternate_orthographies_changed_by_cn,lsags2.mes8az@www.lojban.org,1,mail/wikineurotic/threads/2011/f902d80578fe-wiki_page_alternate_orthographies_changed_by_cn.txt
wikineurotic,fcb1ec8dfa03-wiki_page_jbopomofo_created_by_cntrational,lsah6v.c2g4xa@www.lojban.org,1,mail/wikineurotic/threads/2011/fcb1ec8dfa03-wiki_page_jbopomofo_created_by_cntrational.txt
wikineurotic,687d82dc1dc9-wiki_page_jbopomofo_changed_by_cntrational,lscavm.58j51k@www.lojban.org,1,mail/wikineurotic/threads/2011/687d82dc1dc9-wiki_page_jbopomofo_changed_by_cntrational.txt
wikineurotic,526728f438ba-wiki_page_lojbanic_phone_group_changed_by_eclen,ls4wkf.fnw5oq@www.lojban.org,1,mail/wikineurotic/threads/2011/526728f438ba-wiki_page_lojbanic_phone_group_changed_by_eclen.txt
wikineurotic,62719222d68e-wiki_page_user1129_created_by_eclen,ls4xlk.dopuv1@www.lojban.org,1,mail/wikineurotic/threads/2011/62719222d68e-wiki_page_user1129_created_by_eclen.txt
wikineurotic,"a92cb81fec55-wiki_page_cll,_aka_reference_grammar,_errata_ch",ls8qq5.8w9r8j@www.lojban.org,2,"mail/wikineurotic/threads/2011/a92cb81fec55-wiki_page_cll,_aka_reference_grammar,_errata_ch.txt"
wikineurotic,7c6959b76d1d-lojban%2Eorg_mailing_list_memberships_reminder,mailman.723.1317470517.1177.mailman@thrivology.org,50,mail/wikineurotic/threads/2011/7c6959b76d1d-lojban%2Eorg_mailing_list_memberships_reminder.txt
wikineurotic,5e10c9705dd4-wiki_page_cll_peg_errata_changed_by_%2Ealyn%2Ep,lsprko.fccxun@www.lojban.org,2,mail/wikineurotic/threads/2011/5e10c9705dd4-wiki_page_cll_peg_errata_changed_by_%2Ealyn%2Ep.txt
wikineurotic,d76d049f069f-wiki_page_explanations_why_you_should_pursue_on,lsqsyr.eipz43@www.lojban.org,1,mail/wikineurotic/threads/2011/d76d049f069f-wiki_page_explanations_why_you_should_pursue_on.txt
wikineurotic,ca756ff1aedf-wiki_page_how_to_have_a_honeymoon_on_st%2E_luci,lsr0cw.e5tgqf@www.lojban.org,1,mail/wikineurotic/threads/2011/ca756ff1aedf-wiki_page_how_to_have_a_honeymoon_on_st%2E_luci.txt
wikineurotic,0dcdba03ed70-wiki_page_lojban_changed_by_najrut,lspikc.yertw7@www.lojban.org,4,mail/wikineurotic/threads/2011/0dcdba03ed70-wiki_page_lojban_changed_by_najrut.txt
wikineurotic,6c39d9320322-wiki_page_how_to_have_a_honeymoon_on_st%2E_luci,lsr4ro.r2g0k5@www.lojban.org,1,mail/wikineurotic/threads/2011/6c39d9320322-wiki_page_how_to_have_a_honeymoon_on_st%2E_luci.txt
wikineurotic,d6a93f3b16f6-wiki_page_explanations_why_you_should_pursue_on,lsr4ss.dadbyy@www.lojban.org,1,mail/wikineurotic/threads/2011/d6a93f3b16f6-wiki_page_explanations_why_you_should_pursue_on.txt
wikineurotic,046883490101-wiki_page_presenting_lojban_changed_by_brendan,lsl6hm.51k4yq@www.lojban.org,1,mail/wikineurotic/threads/2011/046883490101-wiki_page_presenting_lojban_changed_by_brendan.txt
wikineurotic,c1c8f0c2f12f-wiki_page_lojban_changed_by_labkodurian,lsowbp.beo7oj@www.lojban.org,1,mail/wikineurotic/threads/2011/c1c8f0c2f12f-wiki_page_lojban_changed_by_labkodurian.txt
wikineurotic,c3d39c9a3af5-wiki_page_real_estate_management_software_featu,lsy5kn.42h18o@www.lojban.org,6,mail/wikineurotic/threads/2011/c3d39c9a3af5-wiki_page_real_estate_management_software_featu.txt
wikineurotic,e5cd3a51590c-wiki_page_real_estate_management_software_featu,lsyfhx.g87z46@www.lojban.org,1,mail/wikineurotic/threads/2011/e5cd3a51590c-wiki_page_real_estate_management_software_featu.txt
wikineurotic,78a9c1ef2c82-wiki_page_equipment_used_in_cleaning_carpets_cr,lsz74i.638n5i@www.lojban.org,1,mail/wikineurotic/threads/2011/78a9c1ef2c82-wiki_page_equipment_used_in_cleaning_carpets_cr.txt
wikineurotic,6fa33e8342f0-wiki_page_equipment_used_in_cleaning_carpets_ch,lsz781.m7ond4@www.lojban.org,1,mail/wikineurotic/threads/2011/6fa33e8342f0-wiki_page_equipment_used_in_cleaning_carpets_ch.txt
wikineurotic,5703e15bcade-wiki_page_equipment_used_in_cleaning_carpets_de,lsz8h8.yplk5r@www.lojban.org,1,mail/wikineurotic/threads/2011/5703e15bcade-wiki_page_equipment_used_in_cleaning_carpets_de.txt
wikineurotic,084f9376dca7-wiki_page_lakmir%2E's_vowel-diacritic_orthograp,lt1apv.dued78@www.lojban.org,1,mail/wikineurotic/threads/2011/084f9376dca7-wiki_page_lakmir%2E's_vowel-diacritic_orthograp.txt
wikineurotic,bd822d13a0f1-wiki_page_what_garage_door_repair_entails_creat,lt3ib5.nn8cj8@www.lojban.org,1,mail/wikineurotic/threads/2011/bd822d13a0f1-wiki_page_what_garage_door_repair_entails_creat.txt
wikineurotic,2e02721b4461-wiki_page_what_garage_door_repair_entails_delet,lt46q7.8zo2kn@www.lojban.org,1,mail/wikineurotic/threads/2011/2e02721b4461-wiki_page_what_garage_door_repair_entails_delet.txt
wikineurotic,f8cd9e3ea5dd-wiki_page_experimental_gismu_changed_by_plastic,lt6cmz.rdk01v@www.lojban.org,2,mail/wikineurotic/threads/2011/f8cd9e3ea5dd-wiki_page_experimental_gismu_changed_by_plastic.txt
wikineurotic,ec9c29c58df0-wiki_page_resurrected_gismu_changed_by_plastic_,lt6cti.b2m270@www.lojban.org,2,mail/wikineurotic/threads/2011/ec9c29c58df0-wiki_page_resurrected_gismu_changed_by_plastic_.txt
wikineurotic,4a0a9ba508f2-wiki_page_userpageplasticraven_changed_by_plast,lt6d16.h387v@www.lojban.org,1,mail/wikineurotic/threads/2011/4a0a9ba508f2-wiki_page_userpageplasticraven_changed_by_plast.txt
wikineurotic,ac6b4c7fb0b7-wiki_page_property_painting_properly_created_by,lt8pwf.ozjmf9@www.lojban.org,1,mail/wikineurotic/threads/2011/ac6b4c7fb0b7-wiki_page_property_painting_properly_created_by.txt
wikineurotic,c2dc0fd34d31-wiki_page_property_painting_properly_changed_by,lt8pyu.izi268@www.lojban.org,1,mail/wikineurotic/threads/2011/c2dc0fd34d31-wiki_page_property_painting_properly_changed_by.txt
wikineurotic,696afe908c51-wiki_page_property_painting_properly_deleted_by,lt96o7.3d990q@www.lojban.org,1,mail/wikineurotic/threads/2011/696afe908c51-wiki_page_property_painting_properly_deleted_by.txt
wikineurotic,19638bec8ff1-wiki_page_bpfk_section%3A_gismu_issues_changed_,ltgxwc.ebdqs3@www.lojban.org,6,mail/wikineurotic/threads/2011/19638bec8ff1-wiki_page_bpfk_section%3A_gismu_issues_changed_.txt
wikineurotic,1d8712ca9087-wiki_page_experimental_gismu_changed_by_najrut,lswrkg.6b9n0p@www.lojban.org,6,mail/wikineurotic/threads/2011/1d8712ca9087-wiki_page_experimental_gismu_changed_by_najrut.txt
wikineurotic,3361008c0f47-wiki_page_bpfk_section%3A_gismu_issues_changed_,ltwuvb.nd0rn0@www.lojban.org,2,mail/wikineurotic/threads/2011/3361008c0f47-wiki_page_bpfk_section%3A_gismu_issues_changed_.txt
wikineurotic,b9ab3fec318e-wiki_page_new_color_gismu_changed_by_plastic_ra,ltwv04.nhdjgl@www.lojban.org,1,mail/wikineurotic/threads/2011/b9ab3fec318e-wiki_page_new_color_gismu_changed_by_plastic_ra.txt
wikineurotic,"4989f7143ba8-wiki_page_dictionaries,_glossers_and_parsers_ch",lsr5f7.ue8383@www.lojban.org,5,"mail/wikineurotic/threads/2011/4989f7143ba8-wiki_page_dictionaries,_glossers_and_parsers_ch.txt"
wikineurotic,d871ba8cf172-wiki_page_goldendict_created_by_najrut,lsr5h3.z0xue5@www.lojban.org,1,mail/wikineurotic/threads/2011/d871ba8cf172-wiki_page_goldendict_created_by_najrut.txt
wikineurotic,06954c52c214-wiki_page_viktor_medrano_changed_by_viktor,lsr6px.s0wf9o@www.lojban.org,10,mail/wikineurotic/threads/2011/06954c52c214-wiki_page_viktor_medrano_changed_by_viktor.txt
wikineurotic,ffd9ca338144-wiki_page_lojbo_prenu_changed_by_viktor,lsr71m.eyxyk4@www.lojban.org,1,mail/wikineurotic/threads/2011/ffd9ca338144-wiki_page_lojbo_prenu_changed_by_viktor.txt
wikineurotic,a94ca7552d0a-a_file_was_attached_to_robin_testing,lss5ok.t7dmsw@www.lojban.org,1,mail/wikineurotic/threads/2011/a94ca7552d0a-a_file_was_attached_to_robin_testing.txt
wikineurotic,123e7c3a6613-wiki_page_explanations_why_you_should_pursue_on,lsstcp.qmztgz@www.lojban.org,1,mail/wikineurotic/threads/2011/123e7c3a6613-wiki_page_explanations_why_you_should_pursue_on.txt
wikineurotic,22d79a19279b-wiki_page_how_to_have_a_honeymoon_on_st%2E_luci,lsstdh.c5spf0@www.lojban.org,1,mail/wikineurotic/threads/2011/22d79a19279b-wiki_page_how_to_have_a_honeymoon_on_st%2E_luci.txt
wikineurotic,"b71aa0e3d66d-a_file_was_attached_to_dictionaries,_glossers_a",lst5j8.24i6sa@www.lojban.org,6,"mail/wikineurotic/threads/2011/b71aa0e3d66d-a_file_was_attached_to_dictionaries,_glossers_a.txt"
wikineurotic,0ca1fae04e67-a_file_was_attached_to_multimedia,lstgrg.2erq20@www.lojban.org,4,mail/wikineurotic/threads/2011/0ca1fae04e67-a_file_was_attached_to_multimedia.txt
wikineurotic,8f2b81687065-wiki_page_multimedia_changed_by_guskant,lsthdd.fd71fv@www.lojban.org,4,mail/wikineurotic/threads/2011/8f2b81687065-wiki_page_multimedia_changed_by_guskant.txt
wikineurotic,fc93e7997a6e-wiki_page_%E5%AD%A6%E7%BF%92_changed_by_guskant,lswbtt.bvs81a@www.lojban.org,1,mail/wikineurotic/threads/2011/fc93e7997a6e-wiki_page_%E5%AD%A6%E7%BF%92_changed_by_guskant.txt
wikineurotic,ba449ae7c352-wiki_page_not_enough_gismu_changed_by_najrut,lswrlr.638601@www.lojban.org,1,mail/wikineurotic/threads/2011/ba449ae7c352-wiki_page_not_enough_gismu_changed_by_najrut.txt
wikineurotic,af805ee82150-wiki_page_resurrected_gismu_changed_by_najrut,lswsa9.l2kykf@www.lojban.org,1,mail/wikineurotic/threads/2011/af805ee82150-wiki_page_resurrected_gismu_changed_by_najrut.txt
wikineurotic,4821611c198c-a_file_was_attached_to_lojbanic_software,lsxo67.5zrs8x@www.lojban.org,1,mail/wikineurotic/threads/2011/4821611c198c-a_file_was_attached_to_lojbanic_software.txt
wikineurotic,"44839234c4f6-wiki_page_dictionaries,_glossers_and_parsers_ch",lsxp8t.25j13n@www.lojban.org,1,"mail/wikineurotic/threads/2011/44839234c4f6-wiki_page_dictionaries,_glossers_and_parsers_ch.txt"
wikineurotic,65f9d29f479e-wiki_page_real_estate_management_software_featu,lsy5jc.3zard6@www.lojban.org,1,mail/wikineurotic/threads/2011/65f9d29f479e-wiki_page_real_estate_management_software_featu.txt
wikineurotic,4bea03e83730-wiki_page_learning_changed_by_klaki,ltz779.b6y69w@www.lojban.org,1,mail/wikineurotic/threads/2011/4bea03e83730-wiki_page_learning_changed_by_klaki.txt
wikineurotic,7ccbd16b05d4-wiki_page_jboske_changed_by_najrut,lu3ebd.tzdo44@www.lojban.org,22,mail/wikineurotic/threads/2011/7ccbd16b05d4-wiki_page_jboske_changed_by_najrut.txt
wikineurotic,ab9acf608a37-wiki_page_rants_changed_by_najrut,lu5ffp.8qqiuf@www.lojban.org,1,mail/wikineurotic/threads/2011/ab9acf608a37-wiki_page_rants_changed_by_najrut.txt
wikineurotic,5f7042213feb-wiki_page_bpfk_sections_changed_by_admin,lu677i.x0vrp5@www.lojban.org,1,mail/wikineurotic/threads/2011/5f7042213feb-wiki_page_bpfk_sections_changed_by_admin.txt
wikineurotic,638311cd5544-wiki_page_wavelessonscontinued_changed_by_klaki,ltz7y5.iq0f04@www.lojban.org,12,mail/wikineurotic/threads/2011/638311cd5544-wiki_page_wavelessonscontinued_changed_by_klaki.txt
wikineurotic,368de93b8c85-wiki_page_approved_gismu_alterations_changed_by,lu84zu.d0nfck@www.lojban.org,1,mail/wikineurotic/threads/2011/368de93b8c85-wiki_page_approved_gismu_alterations_changed_by.txt
wikineurotic,447d7a0d609f-wiki_page_jbovlaste_gismu_keywords_created_by_n,lu3coc.ihm9ye@www.lojban.org,1,mail/wikineurotic/threads/2011/447d7a0d609f-wiki_page_jbovlaste_gismu_keywords_created_by_n.txt
wikineurotic,e84478d05257-wiki_page_opinionated_gripes%3A_set_places_in_g,lu3csb.8jbaey@www.lojban.org,1,mail/wikineurotic/threads/2011/e84478d05257-wiki_page_opinionated_gripes%3A_set_places_in_g.txt
wikineurotic,a02199896652-wiki_page_opinionated_gripes%3A_radical_gismu_c,lu3cvj.wvn69q@www.lojban.org,1,mail/wikineurotic/threads/2011/a02199896652-wiki_page_opinionated_gripes%3A_radical_gismu_c.txt
wikineurotic,22ee426847d5-wiki_page_www%2Elojban%2Eorg%2Fwavelessonsconti,ltz7mw.494ijs@www.lojban.org,1,mail/wikineurotic/threads/2011/22ee426847d5-wiki_page_www%2Elojban%2Eorg%2Fwavelessonsconti.txt
wikineurotic,295c6374bb3e-wiki_page_opinionated_gripes%3A_mistakes_in_gis,lu3d2z.n3wd72@www.lojban.org,1,mail/wikineurotic/threads/2011/295c6374bb3e-wiki_page_opinionated_gripes%3A_mistakes_in_gis.txt
wikineurotic,435c6b961259-wiki_page_opinionated_gripes%3A_gismu_definitio,lu3d6k.kuzhw9@www.lojban.org,1,mail/wikineurotic/threads/2011/435c6b961259-wiki_page_opinionated_gripes%3A_gismu_definitio.txt
wikineurotic,d385523bbdbc-wiki_page_stuff_that_shouldn't_be_in_the_langua,lu3da4.3sruhc@www.lojban.org,4,mail/wikineurotic/threads/2011/d385523bbdbc-wiki_page_stuff_that_shouldn't_be_in_the_langua.txt
wikineurotic,d6eebf81bb0a-wiki_page_opinionated_gripes%3A_gismu_definitio,lu3dc0.2n5h2j@www.lojban.org,2,mail/wikineurotic/threads/2011/d6eebf81bb0a-wiki_page_opinionated_gripes%3A_gismu_definitio.txt
wikineurotic,cc7a6b551666-wiki_page_opinionated_gripes_changed_by_najrut,lu3do3.9gsjfs@www.lojban.org,3,mail/wikineurotic/threads/2011/cc7a6b551666-wiki_page_opinionated_gripes_changed_by_najrut.txt
wikineurotic,574f19430aea-wiki_page_wavelessonscontinued_created_by_klaki,ltz7rx.vuei2a@www.lojban.org,1,mail/wikineurotic/threads/2011/574f19430aea-wiki_page_wavelessonscontinued_created_by_klaki.txt
wikineurotic,4b9e4876d93b-wiki_page_approved_gismu_alterations_changed_by,lu3dqv.meiqv2@www.lojban.org,1,mail/wikineurotic/threads/2011/4b9e4876d93b-wiki_page_approved_gismu_alterations_changed_by.txt
wikineurotic,6b64ef47ddd5-wiki_page_bpfk_sections_changed_by_najrut,lu3e35.eecpvn@www.lojban.org,1,mail/wikineurotic/threads/2011/6b64ef47ddd5-wiki_page_bpfk_sections_changed_by_najrut.txt
wikineurotic,7c6416614a51-wiki_page_bpfk_section%3A_opinionated_gripes_ch,lu3e9h.8wcwuw@www.lojban.org,5,mail/wikineurotic/threads/2011/7c6416614a51-wiki_page_bpfk_section%3A_opinionated_gripes_ch.txt
wikineurotic,830456150128-wiki_page_approved_gismu_alterations_changed_by,lu3l45.t7af40@www.lojban.org,1,mail/wikineurotic/threads/2011/830456150128-wiki_page_approved_gismu_alterations_changed_by.txt
wikineurotic,bb787da6aa0d-wiki_page_contact_us_changed_by_rlpowell,lu4o1a.yi8k3j@www.lojban.org,1,mail/wikineurotic/threads/2011/bb787da6aa0d-wiki_page_contact_us_changed_by_rlpowell.txt
wikineurotic,0ca81e2807f6-wiki_page_the_lojban_moo_changed_by_rlpowell,lu4o2u.16dsbh@www.lojban.org,1,mail/wikineurotic/threads/2011/0ca81e2807f6-wiki_page_the_lojban_moo_changed_by_rlpowell.txt
wikineurotic,a5643193262a-wiki_page_peg_changed_by_najrut,lu54f8.3zvs3f@www.lojban.org,1,mail/wikineurotic/threads/2011/a5643193262a-wiki_page_peg_changed_by_najrut.txt
wikineurotic,fa0761b5fe12-wiki_page_resequencing_sumti_changed_by_najrut,lu59wn.tlnqo@www.lojban.org,1,mail/wikineurotic/threads/2011/fa0761b5fe12-wiki_page_resequencing_sumti_changed_by_najrut.txt
wikineurotic,424160e6844a-wiki_page_opinionated_gripes%3A_radical_gismu_c,lu5bng.w78pyo@www.lojban.org,1,mail/wikineurotic/threads/2011/424160e6844a-wiki_page_opinionated_gripes%3A_radical_gismu_c.txt
wikineurotic,06778b81cd05-wiki_page_bpfk_section%3A_gismu_issues_changed_,lu8njr.yszcs7@www.lojban.org,6,mail/wikineurotic/threads/2011/06778b81cd05-wiki_page_bpfk_section%3A_gismu_issues_changed_.txt
wikineurotic,a64e8df6d329-wiki_page_opinionated_gripes%3A_set_places_in_g,lu8ots.azb5ue@www.lojban.org,1,mail/wikineurotic/threads/2011/a64e8df6d329-wiki_page_opinionated_gripes%3A_set_places_in_g.txt
wikineurotic,91fd608b08d9-wiki_page_opinionated_gripes%3A_mistakes_in_gis,lu8owm.wp3jud@www.lojban.org,1,mail/wikineurotic/threads/2011/91fd608b08d9-wiki_page_opinionated_gripes%3A_mistakes_in_gis.txt
wikineurotic,236064504392-wiki_page_opinionated_gripes%3A_jbovlaste_gismu,lu8oyr.h0jz4r@www.lojban.org,1,mail/wikineurotic/threads/2011/236064504392-wiki_page_opinionated_gripes%3A_jbovlaste_gismu.txt
wikineurotic,46d702163b8f-wiki_page_bpfk_section%3A_miscellaneous_notes_a,lu8q6w.z51fla@www.lojban.org,1,mail/wikineurotic/threads/2011/46d702163b8f-wiki_page_bpfk_section%3A_miscellaneous_notes_a.txt
wikineurotic,2c5b29a0e59d-wiki_page_misua132_created_by_misua132,lufoy2.j6yk09@www.lojban.org,1,mail/wikineurotic/threads/2011/2c5b29a0e59d-wiki_page_misua132_created_by_misua132.txt
wikineurotic,2aa1e757b994-wiki_page_misua132_changed_by_misua132,lufp1g.ms1a69@www.lojban.org,4,mail/wikineurotic/threads/2011/2aa1e757b994-wiki_page_misua132_changed_by_misua132.txt
wikineurotic,292f8a55b893-wiki_page_misua132_deleted_by_admin,lufu6q.p8w5m0@www.lojban.org,1,mail/wikineurotic/threads/2011/292f8a55b893-wiki_page_misua132_deleted_by_admin.txt
wikineurotic,de28a2ce66ad-wiki_page_user1164_created_by_jwell,luirn7.ln523y@www.lojban.org,1,mail/wikineurotic/threads/2011/de28a2ce66ad-wiki_page_user1164_created_by_jwell.txt
wikineurotic,5204e1b13041-wiki_page_wavelessonscontinued_changed_by_simor,luo1eb.dalr31@www.lojban.org,2,mail/wikineurotic/threads/2011/5204e1b13041-wiki_page_wavelessonscontinued_changed_by_simor.txt
wikineurotic,a005f6954973-wiki_page_bpfk_section%3A_attitudinal_modifiers,luoo5r.t39jwb@www.lojban.org,1,mail/wikineurotic/threads/2011/a005f6954973-wiki_page_bpfk_section%3A_attitudinal_modifiers.txt
wikineurotic,"98e85093cac2-wiki_page_cll,_aka_reference_grammar,_errata_ch",lura43.9qz9e8@www.lojban.org,1,"mail/wikineurotic/threads/2011/98e85093cac2-wiki_page_cll,_aka_reference_grammar,_errata_ch.txt"
wikineurotic,17c4a934fe01-wiki_page_wavelessonscontinued_changed_by_plast,lv1lzs.3hubc9@www.lojban.org,1,mail/wikineurotic/threads/2011/17c4a934fe01-wiki_page_wavelessonscontinued_changed_by_plast.txt
wikineurotic,6071a6fe5b42-wiki_page_lojbanic_phone_group_changed_by_admin,lv4s59.toesua@www.lojban.org,1,mail/wikineurotic/threads/2011/6071a6fe5b42-wiki_page_lojbanic_phone_group_changed_by_admin.txt
wikineurotic,43fcfc9ebc75-wiki_page_internal_grammar_of_numbers_changed_b,lv8lfl.j3bfb2@www.lojban.org,1,mail/wikineurotic/threads/2011/43fcfc9ebc75-wiki_page_internal_grammar_of_numbers_changed_b.txt
wikineurotic,d971e3845407-wiki_page_meeting_other_lojbanists_changed_by_i,lvydt1.wrr04i@www.lojban.org,1,mail/wikineurotic/threads/2011/d971e3845407-wiki_page_meeting_other_lojbanists_changed_by_i.txt
wikineurotic,da28812baa8c-wiki_page_bpfk_section%3A_gadri_changed_by_xorx,lvyubw.8v8j0i@www.lojban.org,2,mail/wikineurotic/threads/2011/da28812baa8c-wiki_page_bpfk_section%3A_gadri_changed_by_xorx.txt
wikineurotic,"dc19baec1bbf-wiki_page_cll,_aka_reference_grammar,_errata_ch",lw0kko.ozhskx@www.lojban.org,3,"mail/wikineurotic/threads/2011/dc19baec1bbf-wiki_page_cll,_aka_reference_grammar,_errata_ch.txt"
wikineurotic,"03a89ccf9a48-wiki_page_cll,_aka_reference_grammar,_errata_ch",lw2okn.po5xq2@www.lojban.org,1,"mail/wikineurotic/threads/2011/03a89ccf9a48-wiki_page_cll,_aka_reference_grammar,_errata_ch.txt"
wikineurotic,bf8d9c2df375-wiki_page_lojban_class_at_rice_university_chang,lw6b9w.ijws02@www.lojban.org,1,mail/wikineurotic/threads/2011/bf8d9c2df375-wiki_page_lojban_class_at_rice_university_chang.txt
wikineurotic,ff2cd97983c4-wiki_page_what_others_say_about_lojban_changed_,lw7keo.pkt5qf@www.lojban.org,2,mail/wikineurotic/threads/2011/ff2cd97983c4-wiki_page_what_others_say_about_lojban_changed_.txt
wikineurotic,d1d5366255f6-wiki_page_cll_beginner's_order_created_by_jacob,lw8tzc.ch4bcr@www.lojban.org,1,mail/wikineurotic/threads/2011/d1d5366255f6-wiki_page_cll_beginner's_order_created_by_jacob.txt
wikineurotic,e789f5763c8f-wiki_page_cll_beginner's_order_changed_by_jacob,lw8u0u.7v75iz@www.lojban.org,3,mail/wikineurotic/threads/2011/e789f5763c8f-wiki_page_cll_beginner's_order_changed_by_jacob.txt
wikineurotic,163b0c0e4a46-wiki_page_lojban_tutorial%3A_lesson_2_changed_b,lw96oe.40yl2r@www.lojban.org,1,mail/wikineurotic/threads/2011/163b0c0e4a46-wiki_page_lojban_tutorial%3A_lesson_2_changed_b.txt
wikineurotic,5ee3c2aa68a9-wiki_page_exhaustive_list_of_short_fu'ivla_form,lw9mjb.1vkjz8@www.lojban.org,2,mail/wikineurotic/threads/2011/5ee3c2aa68a9-wiki_page_exhaustive_list_of_short_fu'ivla_form.txt
wikineurotic,dcf43aaa0fd4-wiki_page_xkcd-lojban_resources_created_by_xmpp,lwfczw.w7hbqf@www.lojban.org,1,mail/wikineurotic/threads/2011/dcf43aaa0fd4-wiki_page_xkcd-lojban_resources_created_by_xmpp.txt
wikineurotic,fda18848ea9f-wiki_page_lojbandictionary_created_by_chlim,lwfm85.pjwb2j@www.lojban.org,1,mail/wikineurotic/threads/2011/fda18848ea9f-wiki_page_lojbandictionary_created_by_chlim.txt
wikineurotic,60cefe17caaf-wiki_page_lojbandictionary_changed_by_chlim,lwfmaf.748uxu@www.lojban.org,4,mail/wikineurotic/threads/2011/60cefe17caaf-wiki_page_lojbandictionary_changed_by_chlim.txt
wikineurotic,7854af5abc29-a_file_was_attached_to_lojbandictionary,lwfmd2.2996uj@www.lojban.org,3,mail/wikineurotic/threads/2011/7854af5abc29-a_file_was_attached_to_lojbandictionary.txt
wikineurotic,"e070cb00d91c-wiki_page_dictionaries,_glossers_and_parsers_ch",lwfn4h.x9hsqn@www.lojban.org,2,"mail/wikineurotic/threads/2011/e070cb00d91c-wiki_page_dictionaries,_glossers_and_parsers_ch.txt"
wikineurotic,994dd9063083-wiki_page_sexual_terminology_changed_by_squir,lwhos5.danu4y@www.lojban.org,4,mail/wikineurotic/threads/2011/994dd9063083-wiki_page_sexual_terminology_changed_by_squir.txt
wikineurotic,e2b8a827ddfd-wiki_page_mumble_changed_by_jacob,lwuno4.ica5@www.lojban.org,2,mail/wikineurotic/threads/2011/e2b8a827ddfd-wiki_page_mumble_changed_by_jacob.txt
wikineurotic,f047bc5f8c51-wiki_page_learning_changed_by_adamgarrigus,lx2zuh.e8n3om@www.lojban.org,1,mail/wikineurotic/threads/2011/f047bc5f8c51-wiki_page_learning_changed_by_adamgarrigus.txt
wikineurotic,aac3f949a7ae-wiki_page_lo_valsi_po_la_nicte_cadzu_changed_by,lvld8l.qyx43y@www.lojban.org,1,mail/wikineurotic/threads/2011/aac3f949a7ae-wiki_page_lo_valsi_po_la_nicte_cadzu_changed_by.txt
wikineurotic,06e20093cc7a-wiki_page_profanity_changed_by_jacob,lxf4hq.1i11s@www.lojban.org,1,mail/wikineurotic/threads/2012/06e20093cc7a-wiki_page_profanity_changed_by_jacob.txt
wikineurotic,78e163a4e379-wiki_page_word_lists_changed_by_jacob,lxgvh3.b13uvk@www.lojban.org,1,mail/wikineurotic/threads/2012/78e163a4e379-wiki_page_word_lists_changed_by_jacob.txt
wikineurotic,dd5fb5444842-wiki_page_software_assisted_learning_changed_by,lxgybr.mjv2uy@www.lojban.org,1,mail/wikineurotic/threads/2012/dd5fb5444842-wiki_page_software_assisted_learning_changed_by.txt
wikineurotic,7e253f79c876-wiki_page_experimental_rafsi_changed_by_jacob,lxk6kk.med20y@www.lojban.org,1,mail/wikineurotic/threads/2012/7e253f79c876-wiki_page_experimental_rafsi_changed_by_jacob.txt
wikineurotic,33a8a3bbe18d-wiki_page_bpfk_section%3A_gismu_issues_changed_,lxlo3o.m2plo2@www.lojban.org,1,mail/wikineurotic/threads/2012/33a8a3bbe18d-wiki_page_bpfk_section%3A_gismu_issues_changed_.txt
wikineurotic,30e74088d443-wiki_page_meeting_other_lojbanists_changed_by_t,lxlo5u.uvcg5m@www.lojban.org,2,mail/wikineurotic/threads/2012/30e74088d443-wiki_page_meeting_other_lojbanists_changed_by_t.txt
wikineurotic,0169a69a163d-wiki_page_learning_changed_by_jacob,lx97yw.f5cuvd@www.lojban.org,2,mail/wikineurotic/threads/2012/0169a69a163d-wiki_page_learning_changed_by_jacob.txt
wikineurotic,89eaffd5053f-wiki_page_multimedia_changed_by_ctujvecli,lxp3fn.4flije@www.lojban.org,1,mail/wikineurotic/threads/2012/89eaffd5053f-wiki_page_multimedia_changed_by_ctujvecli.txt
wikineurotic,06d9547edb2e-wiki_page_the_complete_lojban_language_%E6%97%A,lxp5ht.3ftkh4@www.lojban.org,1,mail/wikineurotic/threads/2012/06d9547edb2e-wiki_page_the_complete_lojban_language_%E6%97%A.txt
wikineurotic,e6c5b1661f9e-wiki_page_cll_%E3%82%92%E5%88%9D%E5%BF%83%E8%80,lxuarg.ufhtwz@www.lojban.org,1,mail/wikineurotic/threads/2012/e6c5b1661f9e-wiki_page_cll_%E3%82%92%E5%88%9D%E5%BF%83%E8%80.txt
wikineurotic,c9ef2b3c334a-wiki_page_cll_%E3%82%92%E5%88%9D%E5%BF%83%E8%80,lxucqn.umnb2t@www.lojban.org,4,mail/wikineurotic/threads/2012/c9ef2b3c334a-wiki_page_cll_%E3%82%92%E5%88%9D%E5%BF%83%E8%80.txt
wikineurotic,4dbff53d5d99-wiki_page_%E6%96%87%E6%9B%B8_changed_by_guskant,lxujkr.lkgmg7@www.lojban.org,1,mail/wikineurotic/threads/2012/4dbff53d5d99-wiki_page_%E6%96%87%E6%9B%B8_changed_by_guskant.txt
wikineurotic,fcca45ae905a-wiki_page_currently_proposed_experimental_cmavo,lyb7a0.uhsm6m@www.lojban.org,1,mail/wikineurotic/threads/2012/fcca45ae905a-wiki_page_currently_proposed_experimental_cmavo.txt
wikineurotic,e9c6011460c2-wiki_page_bei'e_created_by_datapacrat,lyb86e.4mk0tp@www.lojban.org,1,mail/wikineurotic/threads/2012/e9c6011460c2-wiki_page_bei'e_created_by_datapacrat.txt
wikineurotic,1334a20404b0-wiki_page_bei'e_changed_by_purpleposeidon,lybrbe.yp2iqa@www.lojban.org,1,mail/wikineurotic/threads/2012/1334a20404b0-wiki_page_bei'e_changed_by_purpleposeidon.txt
wikineurotic,076fe93db3f3-wiki_page_bei'e_changed_by_daniel_boese,lydj2i.uhe6oo@www.lojban.org,1,mail/wikineurotic/threads/2012/076fe93db3f3-wiki_page_bei'e_changed_by_daniel_boese.txt
wikineurotic,cbb653819fdb-wiki_page_official_llg_projects_changed_by_glek,lyegc8.trk3kl@www.lojban.org,1,mail/wikineurotic/threads/2012/cbb653819fdb-wiki_page_official_llg_projects_changed_by_glek.txt
wikineurotic,02f0e6e7a92b-wiki_page_russian_lojban_community_created_by_g,lyegmm.26oqzp@www.lojban.org,1,mail/wikineurotic/threads/2012/02f0e6e7a92b-wiki_page_russian_lojban_community_created_by_g.txt
wikineurotic,4bc638b5b2e9-wiki_page_meeting_other_lojbanists_changed_by_g,lyego1.ws9118@www.lojban.org,1,mail/wikineurotic/threads/2012/4bc638b5b2e9-wiki_page_meeting_other_lojbanists_changed_by_g.txt
wikineurotic,"bae31a723e6f-wiki_page_cll,_aka_reference_grammar,_errata_ch",lyftly.3mws2y@www.lojban.org,3,"mail/wikineurotic/threads/2012/bae31a723e6f-wiki_page_cll,_aka_reference_grammar,_errata_ch.txt"
wikineurotic,"f944a6f5d6f8-wiki_page_suggestions_for_cll,_second_edition_c",lyfwae.6to174@www.lojban.org,1,"mail/wikineurotic/threads/2012/f944a6f5d6f8-wiki_page_suggestions_for_cll,_second_edition_c.txt"
wikineurotic,cfdfb4ebd4b1-a_file_was_attached_to_voksigid,lyo46p.kfp222@www.lojban.org,1,mail/wikineurotic/threads/2012/cfdfb4ebd4b1-a_file_was_attached_to_voksigid.txt
wikineurotic,6e75e96d7b71-wiki_page_irc_cheat_sheet_changed_by_jacob,lx9dsc.mfekb1@www.lojban.org,1,mail/wikineurotic/threads/2012/6e75e96d7b71-wiki_page_irc_cheat_sheet_changed_by_jacob.txt
wikineurotic,3b3ec21fc0fc-wiki_page_voksigid_changed_by_najrut,lyo49e.a87fzj@www.lojban.org,3,mail/wikineurotic/threads/2012/3b3ec21fc0fc-wiki_page_voksigid_changed_by_najrut.txt
wikineurotic,a31516d5d677-wiki_page_-gua%21spi_changed_by_najrut,lyo4eg.4ibdf0@www.lojban.org,1,mail/wikineurotic/threads/2012/a31516d5d677-wiki_page_-gua%21spi_changed_by_najrut.txt
wikineurotic,fb1b35ebbd20-wiki_page_lojsk_created_by_najrut,lyo4k1.t39jwb@www.lojban.org,1,mail/wikineurotic/threads/2012/fb1b35ebbd20-wiki_page_lojsk_created_by_najrut.txt
wikineurotic,606dadc188ef-wiki_page_ceqli_created_by_najrut,lyo5nv.6wu3kp@www.lojban.org,1,mail/wikineurotic/threads/2012/606dadc188ef-wiki_page_ceqli_created_by_najrut.txt
wikineurotic,1f622d12fcac-wiki_page_books_changed_by_jonathan_jones,lyoto1.183jmp@www.lojban.org,1,mail/wikineurotic/threads/2012/1f622d12fcac-wiki_page_books_changed_by_jonathan_jones.txt
wikineurotic,2f64547b72a9-wiki_page_the_lojban_reference_grammar_changed_,lx9ijw.8jx8im@www.lojban.org,1,mail/wikineurotic/threads/2012/2f64547b72a9-wiki_page_the_lojban_reference_grammar_changed_.txt
wikineurotic,3164b2d033d5-wiki_page_conlang_changed_by_najrut,lyrtj0.favi4k@www.lojban.org,1,mail/wikineurotic/threads/2012/3164b2d033d5-wiki_page_conlang_changed_by_najrut.txt
wikineurotic,665120f01998-wiki_page_loglang_changed_by_najrut,lyrtre.er0lvb@www.lojban.org,3,mail/wikineurotic/threads/2012/665120f01998-wiki_page_loglang_changed_by_najrut.txt
wikineurotic,d3b5353db376-a_file_was_attached_to_loglan,lytwtd.ddl5cz@www.lojban.org,1,mail/wikineurotic/threads/2012/d3b5353db376-a_file_was_attached_to_loglan.txt
wikineurotic,fc3fde98a35d-wiki_page_loglan_changed_by_najrut,lytwxe.dbe2o5@www.lojban.org,1,mail/wikineurotic/threads/2012/fc3fde98a35d-wiki_page_loglan_changed_by_najrut.txt
wikineurotic,16a88c08dc1b-a_file_was_attached_to_lojsk,lyrt7t.18s96w@www.lojban.org,3,mail/wikineurotic/threads/2012/16a88c08dc1b-a_file_was_attached_to_lojsk.txt
wikineurotic,d584b78fd9c9-wiki_page_bpfk_section%3A_gismu_issues_changed_,lyzbt0.481ujh@www.lojban.org,2,mail/wikineurotic/threads/2012/d584b78fd9c9-wiki_page_bpfk_section%3A_gismu_issues_changed_.txt
wikineurotic,1720f24063a5-wiki_page_cll_beginner's_order_changed_by_guska,lyqvlj.kxnr9c@www.lojban.org,1,mail/wikineurotic/threads/2012/1720f24063a5-wiki_page_cll_beginner's_order_changed_by_guska.txt
wikineurotic,9238fe1ac85d-wiki_page_meeting_other_lojbanists_changed_by_c,lyqyog.xchj2m@www.lojban.org,1,mail/wikineurotic/threads/2012/9238fe1ac85d-wiki_page_meeting_other_lojbanists_changed_by_c.txt
wikineurotic,64aebcc46983-wiki_page_bpfk_section%3A_gismu_issues_changed_,lz2o1e.sqnmnd@www.lojban.org,1,mail/wikineurotic/threads/2012/64aebcc46983-wiki_page_bpfk_section%3A_gismu_issues_changed_.txt
wikineurotic,46e731372942-wiki_page_l%EF%BF%BDadan_created_by_najrut,lz6lzq.x6akxe@www.lojban.org,3,mail/wikineurotic/threads/2012/46e731372942-wiki_page_l%EF%BF%BDadan_created_by_najrut.txt
wikineurotic,9b325290e43c-wiki_page_l%C3%A1adan_changed_by_najrut,lz6rcb.k40bxx@www.lojban.org,8,mail/wikineurotic/threads/2012/9b325290e43c-wiki_page_l%C3%A1adan_changed_by_najrut.txt
wikineurotic,96a1501325ed-wiki_page_axiom_of_stratified_comprehension--me,lzckdj.kkk7xq@www.lojban.org,1,mail/wikineurotic/threads/2012/96a1501325ed-wiki_page_axiom_of_stratified_comprehension--me.txt
wikineurotic,a3feb40c65d3-wiki_page_meeting_other_lojbanists_changed_by_k,lze3h9.yid6u6@www.lojban.org,2,mail/wikineurotic/threads/2012/a3feb40c65d3-wiki_page_meeting_other_lojbanists_changed_by_k.txt
wikineurotic,41b769c6d266-wiki_page_emotions_in_lojban_changed_by_najrut,lzlkh5.ermzm4@www.lojban.org,1,mail/wikineurotic/threads/2012/41b769c6d266-wiki_page_emotions_in_lojban_changed_by_najrut.txt
wikineurotic,1a3ce1250011-wiki_page_l%EF%BF%BDadan_deleted_by_najrut,lzlklc.lyl0xc@www.lojban.org,2,mail/wikineurotic/threads/2012/1a3ce1250011-wiki_page_l%EF%BF%BDadan_deleted_by_najrut.txt
wikineurotic,eb674e3499ff-wiki_page_lojbanic_software_changed_by_najrut,lzllqj.qtfkzl@www.lojban.org,2,mail/wikineurotic/threads/2012/eb674e3499ff-wiki_page_lojbanic_software_changed_by_najrut.txt
wikineurotic,7433789138a8-wiki_page_software_assisted_learning_changed_by,lzlltt.gmh2ce@www.lojban.org,2,mail/wikineurotic/threads/2012/7433789138a8-wiki_page_software_assisted_learning_changed_by.txt
wikineurotic,7ed270ac1c03-wiki_page_what's_new%3F_changed_by_totus,lzwizk.qsn19@www.lojban.org,3,mail/wikineurotic/threads/2012/7ed270ac1c03-wiki_page_what's_new%3F_changed_by_totus.txt
wikineurotic,6d1d7a0247f0-wiki_page_lojban_changed_by_totus,lzwjox.y2gc2m@www.lojban.org,3,mail/wikineurotic/threads/2012/6d1d7a0247f0-wiki_page_lojban_changed_by_totus.txt
wikineurotic,f74e5bcd31b8-wiki_page_texts_in_lojban_changed_by_totus,lzwk2c.3iwbmg@www.lojban.org,1,mail/wikineurotic/threads/2012/f74e5bcd31b8-wiki_page_texts_in_lojban_changed_by_totus.txt
wikineurotic,f6c39da80778-wiki_page_nuzba_changed_by_totus,lzwm0g.k9kfx9@www.lojban.org,1,mail/wikineurotic/threads/2012/f6c39da80778-wiki_page_nuzba_changed_by_totus.txt
wikineurotic,480b4c4bca13-wiki_page_la_lojban%2E_mo_changed_by_totus,lzwm6o.dmvczn@www.lojban.org,1,mail/wikineurotic/threads/2012/480b4c4bca13-wiki_page_la_lojban%2E_mo_changed_by_totus.txt
wikineurotic,092135464ff0-wiki_page_learning_changed_by_gleki,lzy1av.oz0lxg@www.lojban.org,7,mail/wikineurotic/threads/2012/092135464ff0-wiki_page_learning_changed_by_gleki.txt
wikineurotic,5584fc2b71e2-wiki_page_dialogues_created_by_gleki,m1eaax.5hehxk@www.lojban.org,1,mail/wikineurotic/threads/2012/5584fc2b71e2-wiki_page_dialogues_created_by_gleki.txt
wikineurotic,1afdffbe339f-wiki_page_phrasebook_changed_by_gleki,m1eafr.ytqdtz@www.lojban.org,2,mail/wikineurotic/threads/2012/1afdffbe339f-wiki_page_phrasebook_changed_by_gleki.txt
wikineurotic,9a5bf83aca48-wiki_page_common_phrases_created_by_gleki,m1eb5y.tdxhry@www.lojban.org,1,mail/wikineurotic/threads/2012/9a5bf83aca48-wiki_page_common_phrases_created_by_gleki.txt
wikineurotic,fb82a689370c-wiki_page_common_phrases_changed_by_gleki,m1ebfb.gna9kr@www.lojban.org,2,mail/wikineurotic/threads/2012/fb82a689370c-wiki_page_common_phrases_changed_by_gleki.txt
wikineurotic,602dd00970c2-wiki_page_la_teris%2E_po'u_lo_tirxu_cu_vitke_zi,m0mfhd.6xknxh@www.lojban.org,1,mail/wikineurotic/threads/2012/602dd00970c2-wiki_page_la_teris%2E_po'u_lo_tirxu_cu_vitke_zi.txt
wikineurotic,f24c6876e6c7-wiki_page_user1224_created_by_zellfaze,m1lhsj.2klhhg@www.lojban.org,1,mail/wikineurotic/threads/2012/f24c6876e6c7-wiki_page_user1224_created_by_zellfaze.txt
wikineurotic,e17fadccc1b5-wiki_page_la_tsani_created_by_jacob,m1n876.e4ir6i@www.lojban.org,1,mail/wikineurotic/threads/2012/e17fadccc1b5-wiki_page_la_tsani_created_by_jacob.txt
wikineurotic,613b7fb440cf-wiki_page_info_about_individuals_-_mostly_lojba,m1p1yj.tl4zdm@www.lojban.org,1,mail/wikineurotic/threads/2012/613b7fb440cf-wiki_page_info_about_individuals_-_mostly_lojba.txt
wikineurotic,09f5d811be64-wiki_page_tsani's_interpretations_of_controvers,m0ncu0.8suw6e@www.lojban.org,4,mail/wikineurotic/threads/2012/09f5d811be64-wiki_page_tsani's_interpretations_of_controvers.txt
wikineurotic,a381846a6797-wiki_page_tsani's_interpretations_of_controvers,m0ncpz.ckoc0m@www.lojban.org,1,mail/wikineurotic/threads/2012/a381846a6797-wiki_page_tsani's_interpretations_of_controvers.txt
wikineurotic,d6e0f9e703b0-wiki_page_lakmir%2E's_vowel-diacritic_orthograp,m0ndy3.uxig8y@www.lojban.org,2,mail/wikineurotic/threads/2012/d6e0f9e703b0-wiki_page_lakmir%2E's_vowel-diacritic_orthograp.txt
wikineurotic,6fe71e79d6d4-a_file_was_attached_to_lakmir%2E's_vowel-diacri,m0ne2n.i6kgft@www.lojban.org,1,mail/wikineurotic/threads/2012/6fe71e79d6d4-a_file_was_attached_to_lakmir%2E's_vowel-diacri.txt
wikineurotic,ea426bee2d17-wiki_page_tsani's_interpretations%3A_abstractor,m0nol3.xz87po@www.lojban.org,1,mail/wikineurotic/threads/2012/ea426bee2d17-wiki_page_tsani's_interpretations%3A_abstractor.txt
wikineurotic,69eb7a6d86f4-wiki_page_tsani's_interpretations%3A_abstractor,m0noo0.xac4ax@www.lojban.org,15,mail/wikineurotic/threads/2012/69eb7a6d86f4-wiki_page_tsani's_interpretations%3A_abstractor.txt
wikineurotic,ee78d5a6927a-wiki_page_aionys_changed_by_jonathan_jones,m0kkpc.cusunw@www.lojban.org,3,mail/wikineurotic/threads/2012/ee78d5a6927a-wiki_page_aionys_changed_by_jonathan_jones.txt
wikineurotic,df179737ea47-wiki_page_user1216_created_by_najyzgis,m106jo.xpcxrk@www.lojban.org,1,mail/wikineurotic/threads/2012/df179737ea47-wiki_page_user1216_created_by_najyzgis.txt
wikineurotic,4803a675c9f9-wiki_page_userpagenajyzgis_created_by_najyzgis,m1071r.hvg10z@www.lojban.org,1,mail/wikineurotic/threads/2012/4803a675c9f9-wiki_page_userpagenajyzgis_created_by_najyzgis.txt
wikineurotic,587d46f81de7-wiki_page_user1216_changed_by_najyzgis,m1078l.os6d7z@www.lojban.org,2,mail/wikineurotic/threads/2012/587d46f81de7-wiki_page_user1216_changed_by_najyzgis.txt
wikineurotic,bbbf38a85974-wiki_page_synonyms_changed_by_janek37,m10t5m.h84zzs@www.lojban.org,2,mail/wikineurotic/threads/2012/bbbf38a85974-wiki_page_synonyms_changed_by_janek37.txt
wikineurotic,1ade3fd83703-wiki_page_synonyms_changed_by_najrut,m118wk.g95no8@www.lojban.org,4,mail/wikineurotic/threads/2012/1ade3fd83703-wiki_page_synonyms_changed_by_najrut.txt
wikineurotic,660b01f83dab-wiki_page_experimental_gismu_changed_by_najrut,m1194u.vjim9i@www.lojban.org,3,mail/wikineurotic/threads/2012/660b01f83dab-wiki_page_experimental_gismu_changed_by_najrut.txt
wikineurotic,5b8446a886b0-wiki_page_stuff_to_be_removed_from_the_language,m11a93.3dpz5q@www.lojban.org,1,mail/wikineurotic/threads/2012/5b8446a886b0-wiki_page_stuff_to_be_removed_from_the_language.txt
wikineurotic,3f22da50c0be-wiki_page_conlang_test_sentences_changed_by_jan,m12o6e.9roy3l@www.lojban.org,1,mail/wikineurotic/threads/2012/3f22da50c0be-wiki_page_conlang_test_sentences_changed_by_jan.txt
wikineurotic,aa49c9604f4c-wiki_page_wavelessonscontinuedp2_created_by_kla,m12w0f.dw9isf@www.lojban.org,1,mail/wikineurotic/threads/2012/aa49c9604f4c-wiki_page_wavelessonscontinuedp2_created_by_kla.txt
wikineurotic,32e9ffe413d4-wiki_page_%E5%8B%89%E5%BC%B7%E4%BC%9A_created_b,m13z7c.l3ru1l@www.lojban.org,1,mail/wikineurotic/threads/2012/32e9ffe413d4-wiki_page_%E5%8B%89%E5%BC%B7%E4%BC%9A_created_b.txt
wikineurotic,14d7fa090c5f-wiki_page_%E5%AD%A6%E7%BF%92_changed_by_guskant,m13zsd.xoocvb@www.lojban.org,1,mail/wikineurotic/threads/2012/14d7fa090c5f-wiki_page_%E5%AD%A6%E7%BF%92_changed_by_guskant.txt
wikineurotic,9d4cd9aeb6f3-wiki_page_%E5%8B%89%E5%BC%B7%E4%BC%9A_changed_b,m140yw.3x9fsu@www.lojban.org,3,mail/wikineurotic/threads/2012/9d4cd9aeb6f3-wiki_page_%E5%8B%89%E5%BC%B7%E4%BC%9A_changed_b.txt
wikineurotic,0a4abfb292b9-wiki_page_%E3%82%B3%E3%83%9F%E3%83%A5%E3%83%8B%,m14s4r.drcc9w@www.lojban.org,1,mail/wikineurotic/threads/2012/0a4abfb292b9-wiki_page_%E3%82%B3%E3%83%9F%E3%83%A5%E3%83%8B%.txt
wikineurotic,f45385dca60c-wiki_page_wavelessonscontinued_changed_by_klaki,m1706p.5z0i90@www.lojban.org,4,mail/wikineurotic/threads/2012/f45385dca60c-wiki_page_wavelessonscontinued_changed_by_klaki.txt
wikineurotic,59f14e75a9e7-wiki_page_how_to_use_xorlo_changed_by_jonathan_,m0m4br.hhp35l@www.lojban.org,1,mail/wikineurotic/threads/2012/59f14e75a9e7-wiki_page_how_to_use_xorlo_changed_by_jonathan_.txt
wikineurotic,a24a926282b6-wiki_page_dialogues%2Fbus_stop_created_by_gleki,m1e9xj.m9pzzf@www.lojban.org,1,mail/wikineurotic/threads/2012/a24a926282b6-wiki_page_dialogues%2Fbus_stop_created_by_gleki.txt
wikineurotic,7e737d0b7504-wiki_page_fa'a_as_orientation_changed_by_gleki,m24ic7.kkpcef@www.lojban.org,2,mail/wikineurotic/threads/2012/7e737d0b7504-wiki_page_fa'a_as_orientation_changed_by_gleki.txt
wikineurotic,67763b6b1e65-wiki_page_fa'a_-_dictionary_changed_by_gleki,m24ia7.b1jjag@www.lojban.org,2,mail/wikineurotic/threads/2012/67763b6b1e65-wiki_page_fa'a_-_dictionary_changed_by_gleki.txt
wikineurotic,27312ed56be3-wiki_page_go_outside_changed_by_gleki,m24iw8.b38x7y@www.lojban.org,2,mail/wikineurotic/threads/2012/27312ed56be3-wiki_page_go_outside_changed_by_gleki.txt
wikineurotic,33f03e7c306a-wiki_page_ergativity_changed_by_gleki,m29ufn.o3rndl@www.lojban.org,1,mail/wikineurotic/threads/2012/33f03e7c306a-wiki_page_ergativity_changed_by_gleki.txt
wikineurotic,cf5c48548fb0-wiki_page_''gismu''_agentive_and_non-agentive_c,m29uga.pl249t@www.lojban.org,1,mail/wikineurotic/threads/2012/cf5c48548fb0-wiki_page_''gismu''_agentive_and_non-agentive_c.txt
wikineurotic,184143da268e-wiki_page_linguists'_jargon_changed_by_gleki,m29ujo.fzpngt@www.lojban.org,1,mail/wikineurotic/threads/2012/184143da268e-wiki_page_linguists'_jargon_changed_by_gleki.txt
wikineurotic,e82953b26005-a_file_was_attached_to_lojban_logo,m2bjj0.bzv5bq@www.lojban.org,4,mail/wikineurotic/threads/2012/e82953b26005-a_file_was_attached_to_lojban_logo.txt
wikineurotic,de63a3d37e18-wiki_page_texts_in_lojban_changed_by_gleki,m244vu.hawx0e@www.lojban.org,3,mail/wikineurotic/threads/2012/de63a3d37e18-wiki_page_texts_in_lojban_changed_by_gleki.txt
wikineurotic,c62901b31bc1-wiki_page_lojban_logo_changed_by_gleki,m2bjyi.lwdh6k@www.lojban.org,1,mail/wikineurotic/threads/2012/c62901b31bc1-wiki_page_lojban_logo_changed_by_gleki.txt
wikineurotic,c24260fe0632-a_file_was_attached_to_multimedia,m2db50.lacw1v@www.lojban.org,6,mail/wikineurotic/threads/2012/c24260fe0632-a_file_was_attached_to_multimedia.txt
wikineurotic,fdadfcbadcee-wiki_page_multimedia_changed_by_guskant,m2dbm5.ii6w3x@www.lojban.org,20,mail/wikineurotic/threads/2012/fdadfcbadcee-wiki_page_multimedia_changed_by_guskant.txt
wikineurotic,d02a84498b30-a_file_was_attached_to_scientific_american_arti,m2fgys.lv470z@www.lojban.org,2,mail/wikineurotic/threads/2012/d02a84498b30-a_file_was_attached_to_scientific_american_arti.txt
wikineurotic,a98e0e75afb9-wiki_page_viku%3A_an_art_language_created_by_na,m2fhzc.3yvf8z@www.lojban.org,1,mail/wikineurotic/threads/2012/a98e0e75afb9-wiki_page_viku%3A_an_art_language_created_by_na.txt
wikineurotic,5c60632a89fc-wiki_page_emerald_tablets_created_by_gleki,m245a7.h9qjrl@www.lojban.org,1,mail/wikineurotic/threads/2012/5c60632a89fc-wiki_page_emerald_tablets_created_by_gleki.txt
wikineurotic,fa9688ae7618-a_file_was_attached_to_viku%3A_an_art_language,m2fi0j.h8wy8v@www.lojban.org,1,mail/wikineurotic/threads/2012/fa9688ae7618-a_file_was_attached_to_viku%3A_an_art_language.txt
wikineurotic,6e86b6400b90-wiki_page_the_book_changed_by_steven_lytle,m2frml.15aju1@www.lojban.org,1,mail/wikineurotic/threads/2012/6e86b6400b90-wiki_page_the_book_changed_by_steven_lytle.txt
wikineurotic,a2f80b2d52dd-wiki_page_wavelessonscontinued_changed_by_gleki,m2gwcr.eyrtp7@www.lojban.org,2,mail/wikineurotic/threads/2012/a2f80b2d52dd-wiki_page_wavelessonscontinued_changed_by_gleki.txt
wikineurotic,21af94686a9a-wiki_page_bpfk_section%3A_the_problem_with_comm,m2h5lc.57waos@www.lojban.org,1,mail/wikineurotic/threads/2012/21af94686a9a-wiki_page_bpfk_section%3A_the_problem_with_comm.txt
wikineurotic,c9feef8cf7a8-wiki_page_emerald_tablets_changed_by_gleki,m245dj.9m0qum@www.lojban.org,2,mail/wikineurotic/threads/2012/c9feef8cf7a8-wiki_page_emerald_tablets_changed_by_gleki.txt
wikineurotic,82bb15c139ba-a_file_was_attached_to_le_lisxra_cu_fanva_fo_zo,m2rsv3.iftwk6@www.lojban.org,8,mail/wikineurotic/threads/2012/82bb15c139ba-a_file_was_attached_to_le_lisxra_cu_fanva_fo_zo.txt
wikineurotic,c0ef853cf889-wiki_page_le_lisxra_cu_fanva_fo_zo'oi%2Eceqli%2,m2rsz0.3lms81@www.lojban.org,1,mail/wikineurotic/threads/2012/c0ef853cf889-wiki_page_le_lisxra_cu_fanva_fo_zo'oi%2Eceqli%2.txt
wikineurotic,ed50a6e0998e-wiki_page_le_lisxra_cu_fanva_fo_zo'oi%2Eceqli%2,m2rt32.mtqc3g@www.lojban.org,10,mail/wikineurotic/threads/2012/ed50a6e0998e-wiki_page_le_lisxra_cu_fanva_fo_zo'oi%2Eceqli%2.txt
wikineurotic,ee0f6f998e0f-a_file_was_attached_to_lojban%2Enarod%2Eru,m2s5a4.w17qzj@www.lojban.org,1,mail/wikineurotic/threads/2012/ee0f6f998e0f-a_file_was_attached_to_lojban%2Enarod%2Eru.txt
wikineurotic,f467ef01cefa-wiki_page_texts_in_lojban_changed_by_jonathan_j,m2siq1.d0a5pg@www.lojban.org,2,mail/wikineurotic/threads/2012/f467ef01cefa-wiki_page_texts_in_lojban_changed_by_jonathan_j.txt
wikineurotic,ac91cac71aa3-wiki_page_la_lisri_be_lo_nanla_joi_lo_ciprnfalk,m2ya9i.t3cdow@www.lojban.org,6,mail/wikineurotic/threads/2012/ac91cac71aa3-wiki_page_la_lisri_be_lo_nanla_joi_lo_ciprnfalk.txt
wikineurotic,590965cc6cad-wiki_page_wavelessonscontinuedp2_changed_by_gle,m3543e.koocfk@www.lojban.org,3,mail/wikineurotic/threads/2012/590965cc6cad-wiki_page_wavelessonscontinuedp2_changed_by_gle.txt
wikineurotic,f46abb82c730-wiki_page_la_tsani_changed_by_jacob,m2xhij.6pxsh@www.lojban.org,3,mail/wikineurotic/threads/2012/f46abb82c730-wiki_page_la_tsani_changed_by_jacob.txt
wikineurotic,34a49b6e759d-wiki_page_lo_ke_se_ciska_ja_se_finti_ke'e_be_la,m2xic5.w0l9bt@www.lojban.org,1,mail/wikineurotic/threads/2012/34a49b6e759d-wiki_page_lo_ke_se_ciska_ja_se_finti_ke'e_be_la.txt
wikineurotic,960561effaf4-wiki_page_la_lisri_be_lo_nanla_joi_lo_ciprnfalk,m2ya6x.dhsb9i@www.lojban.org,1,mail/wikineurotic/threads/2012/960561effaf4-wiki_page_la_lisri_be_lo_nanla_joi_lo_ciprnfalk.txt
wikineurotic,e808cea561ea-wiki_page_la_snime_blabi_changed_by_selpa'i,m3rhzi.5mporp@www.lojban.org,66,mail/wikineurotic/threads/2012/e808cea561ea-wiki_page_la_snime_blabi_changed_by_selpa'i.txt
wikineurotic,823e41d73c2d-wiki_page_bpfk_section%3A_gismu_issues_changed_,m3tjzh.ajjq0h@www.lojban.org,4,mail/wikineurotic/threads/2012/823e41d73c2d-wiki_page_bpfk_section%3A_gismu_issues_changed_.txt
wikineurotic,9ba4e1ec0945-wiki_page_learning_changed_by_zenhack,m3gu4h.95wh4k@www.lojban.org,2,mail/wikineurotic/threads/2012/9ba4e1ec0945-wiki_page_learning_changed_by_zenhack.txt
wikineurotic,975cfc1f1129-wiki_page_second_life_created_by_tengo,m3uwo9.bxq466@www.lojban.org,1,mail/wikineurotic/threads/2012/975cfc1f1129-wiki_page_second_life_created_by_tengo.txt
wikineurotic,2aec8912ead1-wiki_page_texts_in_lojban_changed_by_selpa'i,m3rgqw.4wjhzu@www.lojban.org,8,mail/wikineurotic/threads/2012/2aec8912ead1-wiki_page_texts_in_lojban_changed_by_selpa'i.txt
wikineurotic,b7085a3473fb-wiki_page_lo_ke_se_ciska_ja_se_finti_ke'e_be_la,m3q217.kl2bb3@www.lojban.org,2,mail/wikineurotic/threads/2012/b7085a3473fb-wiki_page_lo_ke_se_ciska_ja_se_finti_ke'e_be_la.txt
wikineurotic,8683022e57e4-wiki_page_la_tcidu_bende_created_by_jacob,m3vfhc.6u4qw2@www.lojban.org,1,mail/wikineurotic/threads/2012/8683022e57e4-wiki_page_la_tcidu_bende_created_by_jacob.txt
wikineurotic,1baa28944862-wiki_page_la_tcidu_bende_changed_by_jacob,m3vk8x.vowkrz@www.lojban.org,7,mail/wikineurotic/threads/2012/1baa28944862-wiki_page_la_tcidu_bende_changed_by_jacob.txt
wikineurotic,118c602d9222-wiki_page_bpfk_section%3A_gismu_issues_changed_,m3w8uu.n2s0zf@www.lojban.org,4,mail/wikineurotic/threads/2012/118c602d9222-wiki_page_bpfk_section%3A_gismu_issues_changed_.txt
wikineurotic,d88e48ece526-wiki_page_second_life_changed_by_%2Eiurok%2E,m3wj1t.2diml@www.lojban.org,1,mail/wikineurotic/threads/2012/d88e48ece526-wiki_page_second_life_changed_by_%2Eiurok%2E.txt
wikineurotic,caf74d4a3335-wiki_page_mathematical_induction_created_by_sel,m3wzcz.i93l8y@www.lojban.org,1,mail/wikineurotic/threads/2012/caf74d4a3335-wiki_page_mathematical_induction_created_by_sel.txt
wikineurotic,1933d7aa9938-wiki_page_mathematical_induction_changed_by_sel,m3x0jv.etzbhi@www.lojban.org,3,mail/wikineurotic/threads/2012/1933d7aa9938-wiki_page_mathematical_induction_changed_by_sel.txt
wikineurotic,ec688a0d5511-wiki_page_simple_phrases_changed_by_latros,m3xss8.78avtr@www.lojban.org,1,mail/wikineurotic/threads/2012/ec688a0d5511-wiki_page_simple_phrases_changed_by_latros.txt
wikineurotic,"cee4f804bfa0-wiki_page_cll,_aka_reference_grammar,_errata_ch",m3kafp.dy19f6@www.lojban.org,1,"mail/wikineurotic/threads/2012/cee4f804bfa0-wiki_page_cll,_aka_reference_grammar,_errata_ch.txt"
wikineurotic,c2fd5b4db378-wiki_page_le_lisxra_cu_xe_fanva_fo_zo'oi%2Eceql,m40k1a.qjqfyi@www.lojban.org,1,mail/wikineurotic/threads/2012/c2fd5b4db378-wiki_page_le_lisxra_cu_xe_fanva_fo_zo'oi%2Eceql.txt
wikineurotic,95379d3ab498-a_file_was_attached_to_le_lisxra_cu_xe_fanva_fo,m40keh.z77dn8@www.lojban.org,5,mail/wikineurotic/threads/2012/95379d3ab498-a_file_was_attached_to_le_lisxra_cu_xe_fanva_fo.txt
wikineurotic,a3b21d47c47b-wiki_page_le_lisxra_cu_xe_fanva_fo_zo'oi%2Eceql,m40kli.dplu74@www.lojban.org,2,mail/wikineurotic/threads/2012/a3b21d47c47b-wiki_page_le_lisxra_cu_xe_fanva_fo_zo'oi%2Eceql.txt
wikineurotic,5aa3fde04032-wiki_page_lojbo_nu_menkanji_created_by_selpa'i,m42vpe.ms7qfv@www.lojban.org,1,mail/wikineurotic/threads/2012/5aa3fde04032-wiki_page_lojbo_nu_menkanji_created_by_selpa'i.txt
wikineurotic,bb7706564acb-wiki_page_wavelessonscontinuedp2_changed_by_kla,m3pfrp.eafiei@www.lojban.org,1,mail/wikineurotic/threads/2012/bb7706564acb-wiki_page_wavelessonscontinuedp2_changed_by_kla.txt
wikineurotic,01830ec9d233-wiki_page_lojbo_nu_menkanji_changed_by_selpa'i,m42x4y.s4jmyx@www.lojban.org,2,mail/wikineurotic/threads/2012/01830ec9d233-wiki_page_lojbo_nu_menkanji_changed_by_selpa'i.txt
wikineurotic,5afd83e9caf4-wiki_page_user956_created_by_jacob,m47777.7z8yca@www.lojban.org,1,mail/wikineurotic/threads/2012/5afd83e9caf4-wiki_page_user956_created_by_jacob.txt
wikineurotic,f25cb503c167-wiki_page_jodieuscio_created_by_jodieuscio,m47yxn.6ife0j@lojban.com,1,mail/wikineurotic/threads/2012/f25cb503c167-wiki_page_jodieuscio_created_by_jodieuscio.txt
wikineurotic,b4d5b52bd764-wiki_page_jodieuscio_deleted_by_kpreid,m48wih.xhmjtt@www.lojban.org,1,mail/wikineurotic/threads/2012/b4d5b52bd764-wiki_page_jodieuscio_deleted_by_kpreid.txt
wikineurotic,50c4a8f81643-wiki_page_la_krasi_be_lai_%2Exacacin%2E_created,m3q5e3.z51fyb@www.lojban.org,1,mail/wikineurotic/threads/2012/50c4a8f81643-wiki_page_la_krasi_be_lai_%2Exacacin%2E_created.txt
wikineurotic,38f084ca09c9-wiki_page_fasnu2_created_by_jacob,m4c3q8.p3koq8@www.lojban.org,1,mail/wikineurotic/threads/2012/38f084ca09c9-wiki_page_fasnu2_created_by_jacob.txt
wikineurotic,ebe4d3e159f2-wiki_page_fasnu2_changed_by_jacob,m4c3qz.fa9s64@www.lojban.org,1,mail/wikineurotic/threads/2012/ebe4d3e159f2-wiki_page_fasnu2_changed_by_jacob.txt
wikineurotic,f51a3df0fcfa-wiki_page_bpfk_section%3A_gismu_issues_changed_,m4digt.kfx8cl@www.lojban.org,1,mail/wikineurotic/threads/2012/f51a3df0fcfa-wiki_page_bpfk_section%3A_gismu_issues_changed_.txt
wikineurotic,2dd8aac22c56-wiki_page_la_krasi_be_lai_%2Exacacin%2E_changed,m3r340.ambbw@www.lojban.org,5,mail/wikineurotic/threads/2012/2dd8aac22c56-wiki_page_la_krasi_be_lai_%2Exacacin%2E_changed.txt
wikineurotic,fcf2c16598d1-wiki_page_everyday_lojban_b01_changed_by_guskan,m3cnnn.v9h7i2@www.lojban.org,1,mail/wikineurotic/threads/2012/fcf2c16598d1-wiki_page_everyday_lojban_b01_changed_by_guskan.txt
wikineurotic,2e172b2e3039-wiki_page_la_snime_blabi_created_by_selpa'i,m3rh3m.vu07i8@www.lojban.org,1,mail/wikineurotic/threads/2012/2e172b2e3039-wiki_page_la_snime_blabi_created_by_selpa'i.txt
wikineurotic,c5231a1a8063-a_file_was_attached_to_la_snime_blabi,m3rhap.xihqe5@www.lojban.org,9,mail/wikineurotic/threads/2012/c5231a1a8063-a_file_was_attached_to_la_snime_blabi.txt
wikineurotic,"67a7f6f315bc-wiki_page_everyday_lojban_b01,_dubious_places_c",m3cnrm.xi7i0h@www.lojban.org,1,"mail/wikineurotic/threads/2012/67a7f6f315bc-wiki_page_everyday_lojban_b01,_dubious_places_c.txt"
wikineurotic,5a6fa582eab9-a_file_was_attached_to_sandbox,m3rlgv.vf8ik5@www.lojban.org,1,mail/wikineurotic/threads/2012/5a6fa582eab9-a_file_was_attached_to_sandbox.txt
wikineurotic,9ea5d2f42709-a_file_was_attached_to_tiki_feature_testing,m3rlji.idfq0k@www.lojban.org,1,mail/wikineurotic/threads/2012/9ea5d2f42709-a_file_was_attached_to_tiki_feature_testing.txt
wikineurotic,83b440a72a0a-wiki_page_tiki_feature_testing_changed_by_rlpow,m3rls5.ak2rh7@www.lojban.org,1,mail/wikineurotic/threads/2012/83b440a72a0a-wiki_page_tiki_feature_testing_changed_by_rlpow.txt
wikineurotic,46f42c7c1db6-wiki_page_donations_changed_by_alisajidimami,m3dsbp.rnrrim@www.lojban.org,5,mail/wikineurotic/threads/2012/46f42c7c1db6-wiki_page_donations_changed_by_alisajidimami.txt
wikineurotic,f70a65699ac9-wiki_page_la_tedyxamsi_created_by_selpa'i,m4hzhq.3luubn@www.lojban.org,1,mail/wikineurotic/threads/2012/f70a65699ac9-wiki_page_la_tedyxamsi_created_by_selpa'i.txt
wikineurotic,5cfc503a2926-wiki_page_lo_nanla_joi_lo_cipnrfalko_created_by,m4iz3k.ln7dne@www.lojban.org,1,mail/wikineurotic/threads/2012/5cfc503a2926-wiki_page_lo_nanla_joi_lo_cipnrfalko_created_by.txt
wikineurotic,251043ab2d7e-wiki_page_lo_nanla_joi_lo_cipnrfalko_changed_by,m4izqx.9eufy7@www.lojban.org,6,mail/wikineurotic/threads/2012/251043ab2d7e-wiki_page_lo_nanla_joi_lo_cipnrfalko_changed_by.txt
wikineurotic,2989708f6544-wiki_page_la_tedyxamsi_changed_by_selpa'i,m4j1m8.vnz2wl@www.lojban.org,8,mail/wikineurotic/threads/2012/2989708f6544-wiki_page_la_tedyxamsi_changed_by_selpa'i.txt
wikineurotic,8c1c320eeb7d-wiki_page_bpfk_section%3A_gismu_issues_changed_,m4srtw.tj0lx8@www.lojban.org,7,mail/wikineurotic/threads/2012/8c1c320eeb7d-wiki_page_bpfk_section%3A_gismu_issues_changed_.txt
wikineurotic,404a82c6aac0-wiki_page_bpfk_section%3A_pro-bridi_changed_by_,m4vnae.5u4w64@www.lojban.org,2,mail/wikineurotic/threads/2012/404a82c6aac0-wiki_page_bpfk_section%3A_pro-bridi_changed_by_.txt
wikineurotic,34d8735add65-wiki_page_bpfk_section%3A_reference_regulators_,m4vntw.9xv5wp@www.lojban.org,1,mail/wikineurotic/threads/2012/34d8735add65-wiki_page_bpfk_section%3A_reference_regulators_.txt
wikineurotic,9b4d41074570-wiki_page_texts_in_lojban_changed_by_vensa,m4vzz1.5gxzb6@www.lojban.org,2,mail/wikineurotic/threads/2012/9b4d41074570-wiki_page_texts_in_lojban_changed_by_vensa.txt
wikineurotic,60e15573347d-wiki_page_la_cmalu_je_xunre_mapku_created_by_ve,m4w076.ofow05@www.lojban.org,1,mail/wikineurotic/threads/2012/60e15573347d-wiki_page_la_cmalu_je_xunre_mapku_created_by_ve.txt
wikineurotic,dbccc08fac30-wiki_page_la_cmalu_je_xunre_mapku_changed_by_ve,m4w0ey.43y1k8@www.lojban.org,18,mail/wikineurotic/threads/2012/dbccc08fac30-wiki_page_la_cmalu_je_xunre_mapku_changed_by_ve.txt
wikineurotic,b752803d6af5-a_file_was_attached_to_la_cmalu_je_xunre_mapku,m4w0j7.e11f92@www.lojban.org,3,mail/wikineurotic/threads/2012/b752803d6af5-a_file_was_attached_to_la_cmalu_je_xunre_mapku.txt
wikineurotic,20bd29276385-wiki_page_la_cmalu_je_xunre_mapku_changed_by_se,m4w3cb.aem8h5@www.lojban.org,1,mail/wikineurotic/threads/2012/20bd29276385-wiki_page_la_cmalu_je_xunre_mapku_changed_by_se.txt
wikineurotic,d44ff7ab6180-wiki_page_lai_pokemon%2E_changed_by_cizyprijev,m4x98q.oqz4d3@www.lojban.org,2,mail/wikineurotic/threads/2012/d44ff7ab6180-wiki_page_lai_pokemon%2E_changed_by_cizyprijev.txt
wikineurotic,b8d5146b34b5-wiki_page_casino_online_88998_a_far_east_cookwa,m58e49.wqi9q6@lojban.com,1,mail/wikineurotic/threads/2012/b8d5146b34b5-wiki_page_casino_online_88998_a_far_east_cookwa.txt
wikineurotic,4b931b815f64-wiki_page_www%2Eshoesamaze%2Ecom_80979_for_octo,m58e5l.eylt1u@lojban.com,1,mail/wikineurotic/threads/2012/4b931b815f64-wiki_page_www%2Eshoesamaze%2Ecom_80979_for_octo.txt
wikineurotic,964c509b6491-wiki_page_christian_louboutin_78969_canton_wome,m58e6t.f79wdt@lojban.com,1,mail/wikineurotic/threads/2012/964c509b6491-wiki_page_christian_louboutin_78969_canton_wome.txt
wikineurotic,f971f50c687f-wiki_page_at_naples_created_by_jkouaout9,m58kf0.kcaryx@www.lojban.org,1,mail/wikineurotic/threads/2012/f971f50c687f-wiki_page_at_naples_created_by_jkouaout9.txt
wikineurotic,6ada2ffc7e13-wiki_page_keith_swept_on_created_by_jkouaout9,m58kgi.fspgjt@www.lojban.org,1,mail/wikineurotic/threads/2012/6ada2ffc7e13-wiki_page_keith_swept_on_created_by_jkouaout9.txt
wikineurotic,b167a03e1dee-wiki_page_the_little_psalter_of_stwood_broke_of,m58kjj.2otpm@www.lojban.org,1,mail/wikineurotic/threads/2012/b167a03e1dee-wiki_page_the_little_psalter_of_stwood_broke_of.txt
wikineurotic,73cfb6452a8a-wiki_page_i_did_if_effectively_trained_created_,m58kkt.ho0mwx@www.lojban.org,1,mail/wikineurotic/threads/2012/73cfb6452a8a-wiki_page_i_did_if_effectively_trained_created_.txt
wikineurotic,1306a5ab1b0b-wiki_page_louis_vuitton_online_bringing_perfect,m58n51.d3z64a@www.lojban.org,1,mail/wikineurotic/threads/2012/1306a5ab1b0b-wiki_page_louis_vuitton_online_bringing_perfect.txt
wikineurotic,b3a2af6792e3-wiki_page_suffering_created_by_jkouaout9,m58n6d.bq2dqv@www.lojban.org,1,mail/wikineurotic/threads/2012/b3a2af6792e3-wiki_page_suffering_created_by_jkouaout9.txt
wikineurotic,5263530045ab-wiki_page_dammit_clearly_created_by_jkouaout9,m58n8m.y2c8yf@www.lojban.org,1,mail/wikineurotic/threads/2012/5263530045ab-wiki_page_dammit_clearly_created_by_jkouaout9.txt
wikineurotic,38a53dd0dbb6-wiki_page_wizarding_smith_created_by_jkouaout9,m58n9o.7g7kii@www.lojban.org,1,mail/wikineurotic/threads/2012/38a53dd0dbb6-wiki_page_wizarding_smith_created_by_jkouaout9.txt
wikineurotic,adbb5a4056e3-wiki_page_said_lord_belpher_but_let_him_try_it_,m58naw.q039w5@www.lojban.org,1,mail/wikineurotic/threads/2012/adbb5a4056e3-wiki_page_said_lord_belpher_but_let_him_try_it_.txt
wikineurotic,05e35d1d4c50-wiki_page_be_sure_to_take_it_easier_when_starti,m58ncc.hvf9gp@www.lojban.org,1,mail/wikineurotic/threads/2012/05e35d1d4c50-wiki_page_be_sure_to_take_it_easier_when_starti.txt
wikineurotic,16c080bbb3b4-wiki_page_assist_your_tax_line_created_by_jkoua,m58ndn.cxsyot@www.lojban.org,1,mail/wikineurotic/threads/2012/16c080bbb3b4-wiki_page_assist_your_tax_line_created_by_jkoua.txt
wikineurotic,56da96ea3d96-wiki_page_what's_new%3F_changed_by_gleki,m58zdl.cxx7wt@www.lojban.org,2,mail/wikineurotic/threads/2012/56da96ea3d96-wiki_page_what's_new%3F_changed_by_gleki.txt
wikineurotic,584f6c294f7b-wiki_page_lojban_changed_by_gleki,m5989n.uw6bz9@www.lojban.org,3,mail/wikineurotic/threads/2012/584f6c294f7b-wiki_page_lojban_changed_by_gleki.txt
wikineurotic,36e845a0ae1d-wiki_page_assist_your_tax_line_changed_by_cizyp,m59bip.oyuetf@www.lojban.org,1,mail/wikineurotic/threads/2012/36e845a0ae1d-wiki_page_assist_your_tax_line_changed_by_cizyp.txt
wikineurotic,b7f1cb0566bd-wiki_page_louis_vuitton_online_bringing_perfect,m59bl5.2khvn@www.lojban.org,1,mail/wikineurotic/threads/2012/b7f1cb0566bd-wiki_page_louis_vuitton_online_bringing_perfect.txt
wikineurotic,af8af64ffe35-wiki_page_wizarding_smith_changed_by_cizyprijev,m59bn2.ulj3xs@www.lojban.org,1,mail/wikineurotic/threads/2012/af8af64ffe35-wiki_page_wizarding_smith_changed_by_cizyprijev.txt
wikineurotic,b5f016e8516f-wiki_page_dammit_clearly_changed_by_cizyprijev,m59boa.abj51f@www.lojban.org,1,mail/wikineurotic/threads/2012/b5f016e8516f-wiki_page_dammit_clearly_changed_by_cizyprijev.txt
wikineurotic,9a98c4166d55-wiki_page_suffering_changed_by_cizyprijev,m59bpo.p564iw@www.lojban.org,1,mail/wikineurotic/threads/2012/9a98c4166d55-wiki_page_suffering_changed_by_cizyprijev.txt
wikineurotic,449e21c994a6-wiki_page_said_lord_belpher_but_let_him_try_it_,m59bqm.o64mvc@www.lojban.org,1,mail/wikineurotic/threads/2012/449e21c994a6-wiki_page_said_lord_belpher_but_let_him_try_it_.txt
wikineurotic,618ac34fd9cc-wiki_page_be_sure_to_take_it_easier_when_starti,m59brs.ay5woq@www.lojban.org,1,mail/wikineurotic/threads/2012/618ac34fd9cc-wiki_page_be_sure_to_take_it_easier_when_starti.txt
wikineurotic,c19120ec3d6d-wiki_page_wizarding_smith_deleted_by_najrut,m59by4.17gfpk@www.lojban.org,1,mail/wikineurotic/threads/2012/c19120ec3d6d-wiki_page_wizarding_smith_deleted_by_najrut.txt
wikineurotic,55ed8e4af5d8-wiki_page_suffering_deleted_by_najrut,m59byk.wujb1r@www.lojban.org,1,mail/wikineurotic/threads/2012/55ed8e4af5d8-wiki_page_suffering_deleted_by_najrut.txt
wikineurotic,5fe181af986d-wiki_page_louis_vuitton_online_bringing_perfect,m59byv.e0ibm2@www.lojban.org,1,mail/wikineurotic/threads/2012/5fe181af986d-wiki_page_louis_vuitton_online_bringing_perfect.txt
wikineurotic,e8e9a962d676-wiki_page_the_little_psalter_of_stwood_broke_of,m59c0f.syelx2@www.lojban.org,1,mail/wikineurotic/threads/2012/e8e9a962d676-wiki_page_the_little_psalter_of_stwood_broke_of.txt
wikineurotic,b7c0c368423a-wiki_page_not_your_eyes_deleted_by_najrut,m59c1j.az4dcy@www.lojban.org,1,mail/wikineurotic/threads/2012/b7c0c368423a-wiki_page_not_your_eyes_deleted_by_najrut.txt
wikineurotic,5e884b824232-wiki_page_keith_swept_on_deleted_by_najrut,m59c2r.bj4gsp@www.lojban.org,1,mail/wikineurotic/threads/2012/5e884b824232-wiki_page_keith_swept_on_deleted_by_najrut.txt
wikineurotic,3dee423ffaf5-wiki_page_be_sure_to_take_it_easier_when_starti,m59c8c.5lzjr3@www.lojban.org,1,mail/wikineurotic/threads/2012/3dee423ffaf5-wiki_page_be_sure_to_take_it_easier_when_starti.txt
wikineurotic,4d3848a0b5bc-wiki_page_casino_online_88998_a_far_east_cookwa,m59gl9.g7nf47@www.lojban.org,1,mail/wikineurotic/threads/2012/4d3848a0b5bc-wiki_page_casino_online_88998_a_far_east_cookwa.txt
wikineurotic,d8981e4e6778-wiki_page_rose_seven_pm_the_amazing_globe_of_wa,m59xyx.32rm8p@www.lojban.org,1,mail/wikineurotic/threads/2012/d8981e4e6778-wiki_page_rose_seven_pm_the_amazing_globe_of_wa.txt
wikineurotic,be05d64d2d83-wiki_page_girls_crystal_leather_belt_quartz_wat,m59xzl.hgv04r@www.lojban.org,1,mail/wikineurotic/threads/2012/be05d64d2d83-wiki_page_girls_crystal_leather_belt_quartz_wat.txt
wikineurotic,3a8267404571-a_file_was_attached_to_texts_in_lojban,m545gf.9mhwt9@www.lojban.org,7,mail/wikineurotic/threads/2012/3a8267404571-a_file_was_attached_to_texts_in_lojban.txt
wikineurotic,9cf9a75e9c1d-wiki_page_stonewashed_jeans_%E2%80%93_always_in,m59y13.yqfnfj@www.lojban.org,1,mail/wikineurotic/threads/2012/9cf9a75e9c1d-wiki_page_stonewashed_jeans_%E2%80%93_always_in.txt
wikineurotic,326612dcf18e-wiki_page_should_the_young_take_care_of_their_p,m59y1n.5g0bvk@www.lojban.org,1,mail/wikineurotic/threads/2012/326612dcf18e-wiki_page_should_the_young_take_care_of_their_p.txt
wikineurotic,d2d012369e35-wiki_page_rose_seven_pm_the_amazing_globe_of_wa,m5a2fc.85607b@www.lojban.org,1,mail/wikineurotic/threads/2012/d2d012369e35-wiki_page_rose_seven_pm_the_amazing_globe_of_wa.txt
wikineurotic,0d3a8e5f9a5b-wiki_page_girls_crystal_leather_belt_quartz_wat,m5a2i2.5b0rbm@www.lojban.org,1,mail/wikineurotic/threads/2012/0d3a8e5f9a5b-wiki_page_girls_crystal_leather_belt_quartz_wat.txt
wikineurotic,5754844cc4e7-wiki_page_stonewashed_jeans_%E2%80%93_always_in,m5a2lo.bstql7@www.lojban.org,1,mail/wikineurotic/threads/2012/5754844cc4e7-wiki_page_stonewashed_jeans_%E2%80%93_always_in.txt
wikineurotic,817db2171e13-wiki_page_should_the_young_take_care_of_their_p,m5a2o1.h6p4ko@www.lojban.org,1,mail/wikineurotic/threads/2012/817db2171e13-wiki_page_should_the_young_take_care_of_their_p.txt
wikineurotic,0c4531734548-wiki_page_the_girl_refused_to_courtship_was_dis,m5a50v.r9rzu3@www.lojban.orgwww.lojban.org,1,mail/wikineurotic/threads/2012/0c4531734548-wiki_page_the_girl_refused_to_courtship_was_dis.txt
wikineurotic,d9df78ba872a-wiki_page_two_young_people_for_the_theft_of_und,m5a526.stzauc@www.lojban.orgwww.lojban.org,1,mail/wikineurotic/threads/2012/d9df78ba872a-wiki_page_two_young_people_for_the_theft_of_und.txt
wikineurotic,9bd2fad240e9-wiki_page_women_fainted_due_to_flight_delays_to,m5a53h.g52n07@www.lojban.orgwww.lojban.org,1,mail/wikineurotic/threads/2012/9bd2fad240e9-wiki_page_women_fainted_due_to_flight_delays_to.txt
wikineurotic,6f09852a8f2d-wiki_page_la_cmalu_je_xunre_mapku_changed_by_ja,m55mk4.dogcv7@www.lojban.org,1,mail/wikineurotic/threads/2012/6f09852a8f2d-wiki_page_la_cmalu_je_xunre_mapku_changed_by_ja.txt
wikineurotic,d5b9865af7d0-wiki_page_bpfk_section%3A_gismu_issues_changed_,m56yry.nv1179@www.lojban.org,3,mail/wikineurotic/threads/2012/d5b9865af7d0-wiki_page_bpfk_section%3A_gismu_issues_changed_.txt
wikineurotic,5bd51e5ec122-wiki_page_la_lojbo_ranmi_created_by_jacob,m4yo71.qiy3nv@www.lojban.org,1,mail/wikineurotic/threads/2012/5bd51e5ec122-wiki_page_la_lojbo_ranmi_created_by_jacob.txt
wikineurotic,6363a366266b-wiki_page_fa'a_as_orientation_deleted_by_najrut,m56yy5.5lqml4@www.lojban.org,1,mail/wikineurotic/threads/2012/6363a366266b-wiki_page_fa'a_as_orientation_deleted_by_najrut.txt
wikineurotic,05e09acb4956-wiki_page_48821_within_innovative_circle_upon_1,m57d8j.35cxsx@www.lojban.org,1,mail/wikineurotic/threads/2012/05e09acb4956-wiki_page_48821_within_innovative_circle_upon_1.txt
wikineurotic,b898e1b52eef-wiki_page_35849_your_press_reporter_tan_zhibin_,m57d9q.pz2ux@www.lojban.org,1,mail/wikineurotic/threads/2012/b898e1b52eef-wiki_page_35849_your_press_reporter_tan_zhibin_.txt
wikineurotic,599cd6a21ae8-wiki_page_42288_while_in_the_staff_under_the_su,m57dat.jnnhq4@www.lojban.org,1,mail/wikineurotic/threads/2012/599cd6a21ae8-wiki_page_42288_while_in_the_staff_under_the_su.txt
wikineurotic,c012edc4b3f7-wiki_page_diablo_3_gold_26021_any_newspaper_new,m57dbv.bm8xki@www.lojban.com,1,mail/wikineurotic/threads/2012/c012edc4b3f7-wiki_page_diablo_3_gold_26021_any_newspaper_new.txt
wikineurotic,1a011d4868e8-wiki_page_christian_louboutin_shoes_82030_hu_fe,m57dc8.d9x2nv@www.lojban.org,1,mail/wikineurotic/threads/2012/1a011d4868e8-wiki_page_christian_louboutin_shoes_82030_hu_fe.txt
wikineurotic,52ce7dd41b50-wiki_page_91419_jiujiang_associated_with_the_fa,m57dd4.9k4e8b@www.lojban.com,1,mail/wikineurotic/threads/2012/52ce7dd41b50-wiki_page_91419_jiujiang_associated_with_the_fa.txt
wikineurotic,3f7757d42489-wiki_page_99345_hsinchu_regional_rural_person_i,m57dd8.bdssz8@www.lojban.org,1,mail/wikineurotic/threads/2012/3f7757d42489-wiki_page_99345_hsinchu_regional_rural_person_i.txt
wikineurotic,1bac51529dfe-wiki_page_casino_online_44344_on_thinking_about,m57dej.8t5uzg@www.lojban.com,1,mail/wikineurotic/threads/2012/1bac51529dfe-wiki_page_casino_online_44344_on_thinking_about.txt
wikineurotic,cf670436fb3d-wiki_page_diablo_3_gold_69816_nutrition_exhibit,m57dfq.t0u3dp@www.lojban.com,1,mail/wikineurotic/threads/2012/cf670436fb3d-wiki_page_diablo_3_gold_69816_nutrition_exhibit.txt
wikineurotic,122e6ede8db4-wiki_page_bpfk_section%3A_gismu_issues_changed_,m52qph.4y5w4o@www.lojban.org,3,mail/wikineurotic/threads/2012/122e6ede8db4-wiki_page_bpfk_section%3A_gismu_issues_changed_.txt
wikineurotic,beb630b55268-wiki_page_95271_on_the_networking_showing_compo,m57dgp.5pojkp@lojban.com,1,mail/wikineurotic/threads/2012/beb630b55268-wiki_page_95271_on_the_networking_showing_compo.txt
wikineurotic,8b639c9c2d8b-wiki_page_77739_with_may_21_created_by_blogdtw6,m57dh5.hray3c@www.lojban.com,1,mail/wikineurotic/threads/2012/8b639c9c2d8b-wiki_page_77739_with_may_21_created_by_blogdtw6.txt
wikineurotic,eee09604d7f0-wiki_page_98108_this_magazine_headlines_writer_,m57di9.h6677n@lojban.com,1,mail/wikineurotic/threads/2012/eee09604d7f0-wiki_page_98108_this_magazine_headlines_writer_.txt
wikineurotic,27e2571f2aee-wiki_page_diablo_3_gold_26021_any_newspaper_new,m57gjj.p2343z@www.lojban.org,1,mail/wikineurotic/threads/2012/27e2571f2aee-wiki_page_diablo_3_gold_26021_any_newspaper_new.txt
wikineurotic,ea75d6f2c6ec-wiki_page_replica_bags_62137_fujian_songxi_olde,m57go4.hi6taf@www.lojban.org,1,mail/wikineurotic/threads/2012/ea75d6f2c6ec-wiki_page_replica_bags_62137_fujian_songxi_olde.txt
wikineurotic,7238c79e8665-wiki_page_christian_louboutin_shoes_82030_hu_fe,m57gqk.340lcx@www.lojban.org,1,mail/wikineurotic/threads/2012/7238c79e8665-wiki_page_christian_louboutin_shoes_82030_hu_fe.txt
wikineurotic,b83c64f38588-wiki_page_98108_this_magazine_headlines_writer_,m57gsf.oqonk9@www.lojban.org,1,mail/wikineurotic/threads/2012/b83c64f38588-wiki_page_98108_this_magazine_headlines_writer_.txt
wikineurotic,8ec56ff27e91-wiki_page_77739_with_may_21_changed_by_cizyprij,m57gtg.zi47xb@www.lojban.org,1,mail/wikineurotic/threads/2012/8ec56ff27e91-wiki_page_77739_with_may_21_changed_by_cizyprij.txt
wikineurotic,c64c94fe556c-wiki_page_95271_on_the_networking_showing_compo,m57gux.v8kqi9@www.lojban.org,1,mail/wikineurotic/threads/2012/c64c94fe556c-wiki_page_95271_on_the_networking_showing_compo.txt
wikineurotic,df41cbb95c77-wiki_page_diablo_3_gold_69816_nutrition_exhibit,m57gw0.g5r1kz@www.lojban.org,1,mail/wikineurotic/threads/2012/df41cbb95c77-wiki_page_diablo_3_gold_69816_nutrition_exhibit.txt
wikineurotic,c1a2e9191201-wiki_page_casino_online_44344_on_thinking_about,m57gwu.l8sfdk@www.lojban.org,1,mail/wikineurotic/threads/2012/c1a2e9191201-wiki_page_casino_online_44344_on_thinking_about.txt
wikineurotic,34777b932b7d-wiki_page_99345_hsinchu_regional_rural_person_i,m57gxp.wlpzt2@www.lojban.org,1,mail/wikineurotic/threads/2012/34777b932b7d-wiki_page_99345_hsinchu_regional_rural_person_i.txt
wikineurotic,e41e9cf4b375-wiki_page_91419_jiujiang_associated_with_the_fa,m57gz1.yjas9x@www.lojban.org,1,mail/wikineurotic/threads/2012/e41e9cf4b375-wiki_page_91419_jiujiang_associated_with_the_fa.txt
wikineurotic,0138c6d51cd9-wiki_page_casino_games_16322_cityfood_group_hap,m58dty.aerbwi@www.lojban.org,1,mail/wikineurotic/threads/2012/0138c6d51cd9-wiki_page_casino_games_16322_cityfood_group_hap.txt
wikineurotic,db6aac486284-wiki_page_diablo_3_gold_52082_any_works_with_ch,m58dv5.gzefrq@www.lojban.org,1,mail/wikineurotic/threads/2012/db6aac486284-wiki_page_diablo_3_gold_52082_any_works_with_ch.txt
wikineurotic,941d84f1570b-wiki_page_replica_handbags_00691_frequently_tow,m58dw4.3h47r6@www.lojban.org,1,mail/wikineurotic/threads/2012/941d84f1570b-wiki_page_replica_handbags_00691_frequently_tow.txt
wikineurotic,4a397edf0048-wiki_page_nhl_jerseys_25862_huang_jianxiang_mic,m58dwp.1mf4w1@www.lojban.com,1,mail/wikineurotic/threads/2012/4a397edf0048-wiki_page_nhl_jerseys_25862_huang_jianxiang_mic.txt
wikineurotic,908dda71dfe5-wiki_page_cheap_09820_wuhu_wang_along_with_the_,m58dx9.82wkaf@www.lojban.org,1,mail/wikineurotic/threads/2012/908dda71dfe5-wiki_page_cheap_09820_wuhu_wang_along_with_the_.txt
wikineurotic,4f0dff19201c-wiki_page_www%2Eshoesamaze%2Ecom_26858_througho,m58dxs.18j7s@www.lojban.com,1,mail/wikineurotic/threads/2012/4f0dff19201c-wiki_page_www%2Eshoesamaze%2Ecom_26858_througho.txt
wikineurotic,c32616962e53-wiki_page_www%2Eshoeszip%2Ecom_83012_in_brand_n,m58dyo.ntq8ap@www.lojban.org,1,mail/wikineurotic/threads/2012/c32616962e53-wiki_page_www%2Eshoeszip%2Ecom_83012_in_brand_n.txt
wikineurotic,0c37e06fd9d6-wiki_page_www%2Egoldhulk%2Ecom_48040_yanv_lying,m58dzd.aafqbm@www.lojban.com,1,mail/wikineurotic/threads/2012/0c37e06fd9d6-wiki_page_www%2Egoldhulk%2Ecom_48040_yanv_lying.txt
wikineurotic,8899f40254df-wiki_page_42755_luo_yufeng_to_hold_declare_thei,m58e0g.ea1v2v@www.lojban.com,1,mail/wikineurotic/threads/2012/8899f40254df-wiki_page_42755_luo_yufeng_to_hold_declare_thei.txt
wikineurotic,40c8caef2bb6-wiki_page_diablo_3_gold_94173_the_interest_rate,m58e1f.qlfokm@lojban.com,1,mail/wikineurotic/threads/2012/40c8caef2bb6-wiki_page_diablo_3_gold_94173_the_interest_rate.txt
wikineurotic,b465ceeb5dfb-wiki_page_replica_handbags_85021_people_was_ini,m58e1g.lajx8u@www.lojban.com,1,mail/wikineurotic/threads/2012/b465ceeb5dfb-wiki_page_replica_handbags_85021_people_was_ini.txt
wikineurotic,d8799290c183-wiki_page_christian_louboutin_shoes_91037_the_a,m58e2p.84siv7@lojban.com,1,mail/wikineurotic/threads/2012/d8799290c183-wiki_page_christian_louboutin_shoes_91037_the_a.txt
wikineurotic,a23b2f7550a2-wiki_page_chile_twins_one_of_whom_died_after_se,m5a54m.jqfj51@www.lojban.orgwww.lojban.org,1,mail/wikineurotic/threads/2012/a23b2f7550a2-wiki_page_chile_twins_one_of_whom_died_after_se.txt
wikineurotic,22ff7081f6cd-wiki_page_workers_suffered_a_variety_of_strange,m5a562.tmcrvh@www.lojban.orgwww.lojban.org,1,mail/wikineurotic/threads/2012/22ff7081f6cd-wiki_page_workers_suffered_a_variety_of_strange.txt
wikineurotic,f5f76283e854-wiki_page_shenzhen_friends_advertised_to_respon,m5a5i7.b8yhj2@www.lojban.orgwww.lojban.org,1,mail/wikineurotic/threads/2012/f5f76283e854-wiki_page_shenzhen_friends_advertised_to_respon.txt
wikineurotic,94b0e98dfc3b-wiki_page_unopened_soda_is_now_black_sediment_-,m5a5jv.10ukrs@www.lojban.orgwww.lojban.org,1,mail/wikineurotic/threads/2012/94b0e98dfc3b-wiki_page_unopened_soda_is_now_black_sediment_-.txt
wikineurotic,67259ac0e38e-wiki_page_the_woman_was_holding_a_kitchen_knife,m5a5l6.40r7yp@www.lojban.orgwww.lojban.org,1,mail/wikineurotic/threads/2012/67259ac0e38e-wiki_page_the_woman_was_holding_a_kitchen_knife.txt
wikineurotic,59d54429bb5d-wiki_page_villagers_shooting_to_celebrate_buyin,m5a5mx.bgx7f7@www.lojban.orgwww.lojban.org,1,mail/wikineurotic/threads/2012/59d54429bb5d-wiki_page_villagers_shooting_to_celebrate_buyin.txt
wikineurotic,c70aac195805-wiki_page_middle-aged_man_was_the_boy_holding_a,m5a5od.ar33nr@www.lojban.orgwww.lojban.org,1,mail/wikineurotic/threads/2012/c70aac195805-wiki_page_middle-aged_man_was_the_boy_holding_a.txt
wikineurotic,9de7d8177269-wiki_page_men_to_discuss_the_wages_of_60_yuan_r,m5a6c3.k8y5tu@www.lojban.orgwww.lojban.org,1,mail/wikineurotic/threads/2012/9de7d8177269-wiki_page_men_to_discuss_the_wages_of_60_yuan_r.txt
wikineurotic,cfa9cf610aac-wiki_page_yin_zhengyi_chased_after_the_spring_f,m5a6dc.qfxyn7@www.lojban.orgwww.lojban.org,1,mail/wikineurotic/threads/2012/cfa9cf610aac-wiki_page_yin_zhengyi_chased_after_the_spring_f.txt
wikineurotic,2f891b169fd9-wiki_page_special_patrol_jumping_into_a_river_i,m5a6eo.qeutbz@www.lojban.orgwww.lojban.org,1,mail/wikineurotic/threads/2012/2f891b169fd9-wiki_page_special_patrol_jumping_into_a_river_i.txt
wikineurotic,072ba5d768f5-wiki_page_migrant_workers_pay_talks_to_climb_ov,m5a6g1.3w19bv@www.lojban.orgwww.lojban.org,1,mail/wikineurotic/threads/2012/072ba5d768f5-wiki_page_migrant_workers_pay_talks_to_climb_ov.txt
wikineurotic,1197de83806d-wiki_page_female_graduates_of_qinghua_doubt_sta,m5a6hk.n0lyaw@www.lojban.orgwww.lojban.org,1,mail/wikineurotic/threads/2012/1197de83806d-wiki_page_female_graduates_of_qinghua_doubt_sta.txt
wikineurotic,e5f37773002d-wiki_page_shenzhen_friends_advertised_to_respon,m5a81x.bq4j18@www.lojban.org,1,mail/wikineurotic/threads/2012/e5f37773002d-wiki_page_shenzhen_friends_advertised_to_respon.txt
wikineurotic,9950db0af97c-wiki_page_unopened_soda_is_now_black_sediment_-,m5a83z.fdx9mj@www.lojban.org,1,mail/wikineurotic/threads/2012/9950db0af97c-wiki_page_unopened_soda_is_now_black_sediment_-.txt
wikineurotic,479747b628ce-wiki_page_the_woman_was_holding_a_kitchen_knife,m5a85l.hgg5f3@www.lojban.org,1,mail/wikineurotic/threads/2012/479747b628ce-wiki_page_the_woman_was_holding_a_kitchen_knife.txt
wikineurotic,d77f3ee451b1-wiki_page_villagers_shooting_to_celebrate_buyin,m5a87y.g8y5jr@www.lojban.org,1,mail/wikineurotic/threads/2012/d77f3ee451b1-wiki_page_villagers_shooting_to_celebrate_buyin.txt
wikineurotic,cbd760ceb367-wiki_page_middle-aged_man_was_the_boy_holding_a,m5a8a7.1bmqii@www.lojban.org,1,mail/wikineurotic/threads/2012/cbd760ceb367-wiki_page_middle-aged_man_was_the_boy_holding_a.txt
wikineurotic,91e8b554e7ae-wiki_page_men_to_discuss_the_wages_of_60_yuan_r,m5a8ep.b711ls@www.lojban.org,1,mail/wikineurotic/threads/2012/91e8b554e7ae-wiki_page_men_to_discuss_the_wages_of_60_yuan_r.txt
wikineurotic,a007d2c25c7b-wiki_page_yin_zhengyi_chased_after_the_spring_f,m5a8ga.y7h3j3@www.lojban.org,1,mail/wikineurotic/threads/2012/a007d2c25c7b-wiki_page_yin_zhengyi_chased_after_the_spring_f.txt
wikineurotic,538afa856393-wiki_page_special_patrol_jumping_into_a_river_i,m5a8ho.s6yoqe@www.lojban.org,1,mail/wikineurotic/threads/2012/538afa856393-wiki_page_special_patrol_jumping_into_a_river_i.txt
wikineurotic,501d4b816e1b-wiki_page_migrant_workers_pay_talks_to_climb_ov,m5a8j0.553lu@www.lojban.org,1,mail/wikineurotic/threads/2012/501d4b816e1b-wiki_page_migrant_workers_pay_talks_to_climb_ov.txt
wikineurotic,95561345ab52-wiki_page_female_graduates_of_qinghua_doubt_sta,m5a8ka.q6f4u4@www.lojban.org,1,mail/wikineurotic/threads/2012/95561345ab52-wiki_page_female_graduates_of_qinghua_doubt_sta.txt
wikineurotic,74428756e48c-wiki_page_the_girl_refused_to_courtship_was_dis,m5aabo.1jfxjs@www.lojban.org,1,mail/wikineurotic/threads/2012/74428756e48c-wiki_page_the_girl_refused_to_courtship_was_dis.txt
wikineurotic,35395b74fcae-wiki_page_two_young_people_for_the_theft_of_und,m5aafr.xpvf1k@www.lojban.org,1,mail/wikineurotic/threads/2012/35395b74fcae-wiki_page_two_young_people_for_the_theft_of_und.txt
wikineurotic,8bcc29cdef97-wiki_page_women_fainted_due_to_flight_delays_to,m5aaig.dyt29q@www.lojban.org,1,mail/wikineurotic/threads/2012/8bcc29cdef97-wiki_page_women_fainted_due_to_flight_delays_to.txt
wikineurotic,a435935456e1-wiki_page_chile_twins_one_of_whom_died_after_se,m5aalf.la48hj@www.lojban.org,1,mail/wikineurotic/threads/2012/a435935456e1-wiki_page_chile_twins_one_of_whom_died_after_se.txt
wikineurotic,191ce9015e5e-wiki_page_workers_suffered_a_variety_of_strange,m5aamr.iuhvmv@www.lojban.org,1,mail/wikineurotic/threads/2012/191ce9015e5e-wiki_page_workers_suffered_a_variety_of_strange.txt
wikineurotic,dbe2c250e79e-wiki_page_mens_swimming_break_the_palace_to_see,m5aebr.4vvinj@www.lojban.orgwww.lojban.org,1,mail/wikineurotic/threads/2012/dbe2c250e79e-wiki_page_mens_swimming_break_the_palace_to_see.txt
wikineurotic,41ce2e2b7d26-wiki_page_the_man_convicted_of_the_business_deb,m5aedb.mi3j2s@www.lojban.orgwww.lojban.org,1,mail/wikineurotic/threads/2012/41ce2e2b7d26-wiki_page_the_man_convicted_of_the_business_deb.txt
wikineurotic,5f009da3e192-wiki_page_rolls-royce_cars_were_cut_rub_set_los,m5aeev.cwu1m4@www.lojban.orgwww.lojban.org,1,mail/wikineurotic/threads/2012/5f009da3e192-wiki_page_rolls-royce_cars_were_cut_rub_set_los.txt
wikineurotic,7be6dfcce1e3-wiki_page_caesarean_section_suicide_in_the_poli,m5aege.ps0mi@www.lojban.orgwww.lojban.org,1,mail/wikineurotic/threads/2012/7be6dfcce1e3-wiki_page_caesarean_section_suicide_in_the_poli.txt
wikineurotic,3309d17ce4b2-wiki_page_call_the_baby_was_scalded_mother_fami,m5aei6.ij87k7@www.lojban.orgwww.lojban.org,1,mail/wikineurotic/threads/2012/3309d17ce4b2-wiki_page_call_the_baby_was_scalded_mother_fami.txt
wikineurotic,cd729287e93f-wiki_page_the_man_convicted_of_the_business_deb,m5aeis.64893i@www.lojban.org,1,mail/wikineurotic/threads/2012/cd729287e93f-wiki_page_the_man_convicted_of_the_business_deb.txt
wikineurotic,b2f449af782f-wiki_page_mens_swimming_break_the_palace_to_see,m5aekn.87xs3m@www.lojban.org,1,mail/wikineurotic/threads/2012/b2f449af782f-wiki_page_mens_swimming_break_the_palace_to_see.txt
wikineurotic,f58964ed7167-wiki_page_lo%C5%BCban_%28pl%29_changed_by_marek,m5ayq9.ibyln@www.lojban.org,2,mail/wikineurotic/threads/2012/f58964ed7167-wiki_page_lo%C5%BCban_%28pl%29_changed_by_marek.txt
wikineurotic,193021d63bc8-wiki_page_la_%2Eslokrebaf%2E_%2Ee_le_ci_cribe_c,m5b247.mprnt8@www.lojban.org,1,mail/wikineurotic/threads/2012/193021d63bc8-wiki_page_la_%2Eslokrebaf%2E_%2Ee_le_ci_cribe_c.txt
wikineurotic,636cebe3b647-a_file_was_attached_to_la_%2Eslokrebaf%2E_%2Ee_,m5b29o.eh0gu@www.lojban.org,1,mail/wikineurotic/threads/2012/636cebe3b647-a_file_was_attached_to_la_%2Eslokrebaf%2E_%2Ee_.txt
wikineurotic,24fa25df6b4a-wiki_page_la_%2Eslokrebaf%2E_%2Ee_le_ci_cribe_c,m5b2d1.8lw32o@www.lojban.org,8,mail/wikineurotic/threads/2012/24fa25df6b4a-wiki_page_la_%2Eslokrebaf%2E_%2Ee_le_ci_cribe_c.txt
wikineurotic,1f9791649171-wiki_page_harbin_municipal_health_authority_sta,m5c144.prly7i@www.lojban.com,1,mail/wikineurotic/threads/2012/1f9791649171-wiki_page_harbin_municipal_health_authority_sta.txt
wikineurotic,a9224801b9b0-wiki_page_%22they_would_do_an_operation_created,m5c15g.ia8ymb@www.lojban.com,1,mail/wikineurotic/threads/2012/a9224801b9b0-wiki_page_%22they_would_do_an_operation_created.txt
wikineurotic,486cab3709f0-wiki_page_s_water_and_electricity_repairs_creat,m5c16r.mxrd06@www.lojban.com,1,mail/wikineurotic/threads/2012/486cab3709f0-wiki_page_s_water_and_electricity_repairs_creat.txt
wikineurotic,e7d1696d0ac9-wiki_page_harbin_municipal_health_authority_sta,m5c4a9.dpe8b9@www.lojban.org,1,mail/wikineurotic/threads/2012/e7d1696d0ac9-wiki_page_harbin_municipal_health_authority_sta.txt
wikineurotic,89988abfeda0-wiki_page_s_water_and_electricity_repairs_chang,m5c4nn.fm9t2x@www.lojban.org,1,mail/wikineurotic/threads/2012/89988abfeda0-wiki_page_s_water_and_electricity_repairs_chang.txt
wikineurotic,5c8a2886d4ba-wiki_page_%22they_would_do_an_operation_changed,m5c4ow.wz8go0@www.lojban.org,1,mail/wikineurotic/threads/2012/5c8a2886d4ba-wiki_page_%22they_would_do_an_operation_changed.txt
wikineurotic,e2f0aa4e4ed0-wiki_page_harbin_municipal_health_authority_sta,m5cwe8.e852bz@www.lojban.org,1,mail/wikineurotic/threads/2012/e2f0aa4e4ed0-wiki_page_harbin_municipal_health_authority_sta.txt
wikineurotic,762390c6008f-wiki_page_%22they_would_do_an_operation_deleted,m5cwfz.8rjov1@www.lojban.org,1,mail/wikineurotic/threads/2012/762390c6008f-wiki_page_%22they_would_do_an_operation_deleted.txt
wikineurotic,68c279e9362c-wiki_page_s_water_and_electricity_repairs_delet,m5cwhl.mebr0c@www.lojban.org,1,mail/wikineurotic/threads/2012/68c279e9362c-wiki_page_s_water_and_electricity_repairs_delet.txt
wikineurotic,12976cbb65b3-wiki_page_texts_in_lojban_changed_by_da20,m5dh1x.ojdxtr@www.lojban.org,2,mail/wikineurotic/threads/2012/12976cbb65b3-wiki_page_texts_in_lojban_changed_by_da20.txt
wikineurotic,6629c4ad3e80-wiki_page_the_summer_there_is_a_%22summer_camp%,m5ecfj.tck1rm@www.lojban.com,1,mail/wikineurotic/threads/2012/6629c4ad3e80-wiki_page_the_summer_there_is_a_%22summer_camp%.txt
wikineurotic,091cc260d20f-wiki_page_so_i_very_much_cherish_this_love_crea,m5ecgw.b5n98v@www.lojban.com,1,mail/wikineurotic/threads/2012/091cc260d20f-wiki_page_so_i_very_much_cherish_this_love_crea.txt
wikineurotic,2788d4b48af4-wiki_page_after_all_created_by_mene27tion,m5eci5.pqcwia@www.lojban.com,1,mail/wikineurotic/threads/2012/2788d4b48af4-wiki_page_after_all_created_by_mene27tion.txt
wikineurotic,e5020ba448c1-wiki_page_the_complete_lojban_language_changed_,m5ef4a.7a556s@www.lojban.org,1,mail/wikineurotic/threads/2012/e5020ba448c1-wiki_page_the_complete_lojban_language_changed_.txt
wikineurotic,f428c937900d-wiki_page_scientific_american_article_changed_b,m5ef8r.501fjs@www.lojban.org,1,mail/wikineurotic/threads/2012/f428c937900d-wiki_page_scientific_american_article_changed_b.txt
wikineurotic,0d66ea4cac21-wiki_page_robin_lee_powell_changed_by_gleki,m5efga.mqxon9@www.lojban.org,1,mail/wikineurotic/threads/2012/0d66ea4cac21-wiki_page_robin_lee_powell_changed_by_gleki.txt
wikineurotic,a4a6c7cf7f7f-wiki_page_biography_of_robin_lee_powell_deleted,m5efho.wi6y92@www.lojban.org,1,mail/wikineurotic/threads/2012/a4a6c7cf7f7f-wiki_page_biography_of_robin_lee_powell_deleted.txt
wikineurotic,fa35b82825c5-wiki_page_called_%22cloud_twists_and_blogger_cr,m5efiw.o3hmbk@www.lojban.com,1,mail/wikineurotic/threads/2012/fa35b82825c5-wiki_page_called_%22cloud_twists_and_blogger_cr.txt
wikineurotic,a4db90a7be0c-wiki_page_near_to_the_garden_village%2E_but_at_,m5efk8.gamrq8@www.lojban.com,1,mail/wikineurotic/threads/2012/a4db90a7be0c-wiki_page_near_to_the_garden_village%2E_but_at_.txt
wikineurotic,ce9a06931543-wiki_page_yang_guoqing_created_by_mene27tion,m5eflk.j11ejt@www.lojban.com,1,mail/wikineurotic/threads/2012/ce9a06931543-wiki_page_yang_guoqing_created_by_mene27tion.txt
wikineurotic,0dc32dd8fa38-wiki_page_james_cooke_brown_changed_by_gleki,m5eg5r.8c1zan@www.lojban.org,2,mail/wikineurotic/threads/2012/0dc32dd8fa38-wiki_page_james_cooke_brown_changed_by_gleki.txt
wikineurotic,af27fb2e003e-wiki_page_children_books_deleted_by_gleki,m5eg6g.8meteq@www.lojban.org,1,mail/wikineurotic/threads/2012/af27fb2e003e-wiki_page_children_books_deleted_by_gleki.txt
wikineurotic,3125ec0ff481-wiki_page_jcb_deleted_by_gleki,m5eg8q.u56ina@www.lojban.org,1,mail/wikineurotic/threads/2012/3125ec0ff481-wiki_page_jcb_deleted_by_gleki.txt
wikineurotic,2e73add2d8d9-wiki_page_dr%2E_james_cooke_brown_deleted_by_gl,m5egat.4meuva@www.lojban.org,1,mail/wikineurotic/threads/2012/2e73add2d8d9-wiki_page_dr%2E_james_cooke_brown_deleted_by_gl.txt
wikineurotic,66ada6e7a7e4-wiki_page_biography_of_robert_lechevalier_chang,m5egfb.h04iep@www.lojban.org,3,mail/wikineurotic/threads/2012/66ada6e7a7e4-wiki_page_biography_of_robert_lechevalier_chang.txt
wikineurotic,6605d97d2c99-wiki_page_autobiography_of_robert_lechevalier_d,m5eh6l.2q7xx9@www.lojban.org,1,mail/wikineurotic/threads/2012/6605d97d2c99-wiki_page_autobiography_of_robert_lechevalier_d.txt
wikineurotic,e38a6d518a54-wiki_page_lojbab_deleted_by_gleki,m5ehan.1ad2cx@www.lojban.org,1,mail/wikineurotic/threads/2012/e38a6d518a54-wiki_page_lojbab_deleted_by_gleki.txt
wikineurotic,3197c3c0d1a0-wiki_page_bob_lechevalier_changed_by_gleki,m5ehcx.t0ycjt@www.lojban.org,1,mail/wikineurotic/threads/2012/3197c3c0d1a0-wiki_page_bob_lechevalier_changed_by_gleki.txt
wikineurotic,062878f3a854-wiki_page_robert_lechevalier_deleted_by_gleki,m5ehj6.pcny6x@www.lojban.org,1,mail/wikineurotic/threads/2012/062878f3a854-wiki_page_robert_lechevalier_deleted_by_gleki.txt
wikineurotic,b5dfdc294c92-wiki_page_lojbab_changed_by_gleki,m5ehjp.ry0p2h@www.lojban.org,1,mail/wikineurotic/threads/2012/b5dfdc294c92-wiki_page_lojbab_changed_by_gleki.txt
wikineurotic,45b722a31d29-wiki_page_bpfk_member%3A_bob_lechevalier_delete,m5eiki.hewb6j@www.lojban.org,1,mail/wikineurotic/threads/2012/45b722a31d29-wiki_page_bpfk_member%3A_bob_lechevalier_delete.txt
wikineurotic,8f2422daeb35-wiki_page_bpfk_member%3A_bob_lechevalier_change,m5eily.ykyoj0@www.lojban.org,2,mail/wikineurotic/threads/2012/8f2422daeb35-wiki_page_bpfk_member%3A_bob_lechevalier_change.txt
wikineurotic,721dd02e0d43-wiki_page_lojbo_prenu_changed_by_gleki,m5eiwf.2ss19r@www.lojban.org,1,mail/wikineurotic/threads/2012/721dd02e0d43-wiki_page_lojbo_prenu_changed_by_gleki.txt
wikineurotic,2c0333827e40-wiki_page_suggestions_for_common_ui_expressions,m5ej2f.1b40ef@www.lojban.org,1,mail/wikineurotic/threads/2012/2c0333827e40-wiki_page_suggestions_for_common_ui_expressions.txt
wikineurotic,7afeccd4f07d-wiki_page_after_all_deleted_by_gleki,m5ejju.z1z2az@www.lojban.org,1,mail/wikineurotic/threads/2012/7afeccd4f07d-wiki_page_after_all_deleted_by_gleki.txt
wikineurotic,753f0d284b64-wiki_page_called_%22cloud_twists_and_blogger_de,m5ejlt.r2bdfs@www.lojban.org,1,mail/wikineurotic/threads/2012/753f0d284b64-wiki_page_called_%22cloud_twists_and_blogger_de.txt
wikineurotic,8c44268e81d8-wiki_page_dialogues_changed_by_gleki,m5ejva.2bcu14@www.lojban.org,1,mail/wikineurotic/threads/2012/8c44268e81d8-wiki_page_dialogues_changed_by_gleki.txt
wikineurotic,6c49b13e37b9-wiki_page_dialogues%2Ebus_stop_deleted_by_gleki,m5ejwe.szxdde@www.lojban.org,1,mail/wikineurotic/threads/2012/6c49b13e37b9-wiki_page_dialogues%2Ebus_stop_deleted_by_gleki.txt
wikineurotic,98048c8f989a-wiki_page_on_a_bus_stop_changed_by_gleki,m5ejzc.u6k3iu@www.lojban.org,1,mail/wikineurotic/threads/2012/98048c8f989a-wiki_page_on_a_bus_stop_changed_by_gleki.txt
wikineurotic,881552997f43-wiki_page_yang_guoqing_deleted_by_pierreabbat,m5empx.ap8pbx@www.lojban.org,1,mail/wikineurotic/threads/2012/881552997f43-wiki_page_yang_guoqing_deleted_by_pierreabbat.txt
wikineurotic,16115742459b-wiki_page_near_to_the_garden_village%2E_but_at_,m5emsi.necqjn@www.lojban.org,1,mail/wikineurotic/threads/2012/16115742459b-wiki_page_near_to_the_garden_village%2E_but_at_.txt
wikineurotic,d289118fb64b-wiki_page_the_summer_there_is_a_%22summer_camp%,m5en1o.wpkhgh@www.lojban.org,1,mail/wikineurotic/threads/2012/d289118fb64b-wiki_page_the_summer_there_is_a_%22summer_camp%.txt
wikineurotic,1ffb2b3da959-wiki_page_so_i_very_much_cherish_this_love_dele,m5en4v.xh1yat@www.lojban.org,1,mail/wikineurotic/threads/2012/1ffb2b3da959-wiki_page_so_i_very_much_cherish_this_love_dele.txt
wikineurotic,4a179b5ba9b3-a_file_was_attached_to_le_tumcakrespa_%2Ee_le_c,m5enab.6sqmir@www.lojban.org,1,mail/wikineurotic/threads/2012/4a179b5ba9b3-a_file_was_attached_to_le_tumcakrespa_%2Ee_le_c.txt
wikineurotic,1e5a08f7f1f4-wiki_page_le_tumcakrespa_%2Ee_le_clakeryractu_c,m5encl.g4rvqo@www.lojban.org,1,mail/wikineurotic/threads/2012/1e5a08f7f1f4-wiki_page_le_tumcakrespa_%2Ee_le_clakeryractu_c.txt
wikineurotic,5de4c177a782-wiki_page_le_tumcakrespa_%2Ee_le_clakeryractu_c,m5engg.s34jeg@www.lojban.org,2,mail/wikineurotic/threads/2012/5de4c177a782-wiki_page_le_tumcakrespa_%2Ee_le_clakeryractu_c.txt
wikineurotic,b9cf69148707-wiki_page_le_cmalu_je_xunre_jipcyfe'i_created_b,m5g88x.si49ya@www.lojban.org,1,mail/wikineurotic/threads/2012/b9cf69148707-wiki_page_le_cmalu_je_xunre_jipcyfe'i_created_b.txt
wikineurotic,3703005638b3-a_file_was_attached_to_le_cmalu_je_xunre_jipcyf,m5g8a2.57ric3@www.lojban.org,1,mail/wikineurotic/threads/2012/3703005638b3-a_file_was_attached_to_le_cmalu_je_xunre_jipcyf.txt
wikineurotic,0dda25c713c6-wiki_page_le_cmalu_je_xunre_jipcyfe'i_changed_b,m5g8cz.x0kczg@www.lojban.org,2,mail/wikineurotic/threads/2012/0dda25c713c6-wiki_page_le_cmalu_je_xunre_jipcyfe'i_changed_b.txt
wikineurotic,4fe07f66f2a8-wiki_page_jbonunsla_changed_by_kpreid,m5h9eq.umwoof@www.lojban.org,1,mail/wikineurotic/threads/2012/4fe07f66f2a8-wiki_page_jbonunsla_changed_by_kpreid.txt
wikineurotic,"ea07509a6cf3-wiki_page_2%EF%BC%9012,%E4%BC%A6%E6%95%A6%E5%87",m5hh8n.1lpmht@www.lojban.org,1,"mail/wikineurotic/threads/2012/ea07509a6cf3-wiki_page_2%EF%BC%9012,%E4%BC%A6%E6%95%A6%E5%87.txt"
wikineurotic,7c9c0fbb70e6-wiki_page_%E6%9C%BA%E5%9C%BA%E5%BF%AB%E9%80%921,m5hh99.3sfmed@www.lojban.org,1,mail/wikineurotic/threads/2012/7c9c0fbb70e6-wiki_page_%E6%9C%BA%E5%9C%BA%E5%BF%AB%E9%80%921.txt
wikineurotic,5646a7367444-wiki_page_%E5%8C%BB%E6%82%A3%E5%8F%8C%E6%96%B9%,m5hha5.33cdn5@www.lojban.org,1,mail/wikineurotic/threads/2012/5646a7367444-wiki_page_%E5%8C%BB%E6%82%A3%E5%8F%8C%E6%96%B9%.txt
wikineurotic,2aae47093b73-wiki_page_%E7%B2%AE%E9%A3%9F%E9%97%AE%E9%A2%98%,m5hhau.dx7xvz@www.lojban.org,1,mail/wikineurotic/threads/2012/2aae47093b73-wiki_page_%E7%B2%AE%E9%A3%9F%E9%97%AE%E9%A2%98%.txt
wikineurotic,e87bc00b36bc-wiki_page_%E4%B8%AD%E5%9B%BD%E6%9C%80%E5%A4%A7%,m5hhbl.aj3g83@www.lojban.org,1,mail/wikineurotic/threads/2012/e87bc00b36bc-wiki_page_%E4%B8%AD%E5%9B%BD%E6%9C%80%E5%A4%A7%.txt
wikineurotic,"4eb0cc6bc3a5-wiki_page_2%EF%BC%9012,%E4%BC%A6%E6%95%A6%E5%87",m5hqmg.w1zaga@www.lojban.org,1,"mail/wikineurotic/threads/2012/4eb0cc6bc3a5-wiki_page_2%EF%BC%9012,%E4%BC%A6%E6%95%A6%E5%87.txt"
wikineurotic,6bf28110d07b-wiki_page_%E6%9C%BA%E5%9C%BA%E5%BF%AB%E9%80%921,m5hqnj.h639z4@www.lojban.org,1,mail/wikineurotic/threads/2012/6bf28110d07b-wiki_page_%E6%9C%BA%E5%9C%BA%E5%BF%AB%E9%80%921.txt
wikineurotic,64e4f400bfed-wiki_page_%E5%8C%BB%E6%82%A3%E5%8F%8C%E6%96%B9%,m5hqqm.k1fj6c@www.lojban.org,1,mail/wikineurotic/threads/2012/64e4f400bfed-wiki_page_%E5%8C%BB%E6%82%A3%E5%8F%8C%E6%96%B9%.txt
wikineurotic,7f47eb3e3f4c-wiki_page_%E7%B2%AE%E9%A3%9F%E9%97%AE%E9%A2%98%,m5hqr1.x1mca7@www.lojban.org,1,mail/wikineurotic/threads/2012/7f47eb3e3f4c-wiki_page_%E7%B2%AE%E9%A3%9F%E9%97%AE%E9%A2%98%.txt
wikineurotic,b57db147f7a3-wiki_page_%E4%B8%AD%E5%9B%BD%E6%9C%80%E5%A4%A7%,m5hqrs.8fb9b3@www.lojban.org,1,mail/wikineurotic/threads/2012/b57db147f7a3-wiki_page_%E4%B8%AD%E5%9B%BD%E6%9C%80%E5%A4%A7%.txt
wikineurotic,"448cd0440564-wiki_page_2%EF%BC%9012,%E4%BC%A6%E6%95%A6%E5%87",m5i301.bqi8i6@www.lojban.org,1,"mail/wikineurotic/threads/2012/448cd0440564-wiki_page_2%EF%BC%9012,%E4%BC%A6%E6%95%A6%E5%87.txt"
wikineurotic,d032c5905cbc-wiki_page_currently_proposed_experimental_cmavo,m5i3cm.7wbri0@www.lojban.org,1,mail/wikineurotic/threads/2012/d032c5905cbc-wiki_page_currently_proposed_experimental_cmavo.txt
wikineurotic,6ed53c61d912-wiki_page_jbo_cheat_sheet_changed_by_gleki,m5i475.d300uq@www.lojban.org,2,mail/wikineurotic/threads/2012/6ed53c61d912-wiki_page_jbo_cheat_sheet_changed_by_gleki.txt
wikineurotic,0c95bbe564ac-wiki_page_vocabulary_changed_by_gleki,m5i4ca.rcpw4f@www.lojban.org,1,mail/wikineurotic/threads/2012/0c95bbe564ac-wiki_page_vocabulary_changed_by_gleki.txt
wikineurotic,9ded127d6e5e-wiki_page_word_lists_changed_by_gleki,m5i4ek.lxkevx@www.lojban.org,1,mail/wikineurotic/threads/2012/9ded127d6e5e-wiki_page_word_lists_changed_by_gleki.txt
wikineurotic,aa5c5edf7c00-wiki_page_introductory_learning_material_change,m5i4ll.zfi5aa@www.lojban.org,2,mail/wikineurotic/threads/2012/aa5c5edf7c00-wiki_page_introductory_learning_material_change.txt
wikineurotic,d6a5a0e3cf6f-wiki_page_%E7%B2%AE%E9%A3%9F%E9%97%AE%E9%A2%98%,m5i4wo.hy3did@www.lojban.org,1,mail/wikineurotic/threads/2012/d6a5a0e3cf6f-wiki_page_%E7%B2%AE%E9%A3%9F%E9%97%AE%E9%A2%98%.txt
wikineurotic,38fb8840965e-wiki_page_aionys_changed_by_gleki,m5i4zg.wve6aq@www.lojban.org,1,mail/wikineurotic/threads/2012/38fb8840965e-wiki_page_aionys_changed_by_gleki.txt
wikineurotic,693608d9ea83-wiki_page_le_lunra_jo_u_le_mapku_changed_by_gle,m5i8f4.cmfp2d@www.lojban.org,1,mail/wikineurotic/threads/2012/693608d9ea83-wiki_page_le_lunra_jo_u_le_mapku_changed_by_gle.txt
wikineurotic,54fb80689560-wiki_page_lojban_changed_by_totus,m5l1w5.3jyum4@www.lojban.org,1,mail/wikineurotic/threads/2012/54fb80689560-wiki_page_lojban_changed_by_totus.txt
wikineurotic,be60bbc6713e-wiki_page_the_lojban_reference_grammar_changed_,m5mafy.efpz60@www.lojban.org,1,mail/wikineurotic/threads/2012/be60bbc6713e-wiki_page_the_lojban_reference_grammar_changed_.txt
wikineurotic,862c5c18e7f2-wiki_page_llg_meeting_minutes_changed_by_gleki,m5mapr.mleg00@www.lojban.org,1,mail/wikineurotic/threads/2012/862c5c18e7f2-wiki_page_llg_meeting_minutes_changed_by_gleki.txt
wikineurotic,2c0dc93dada8-wiki_page_la_tcuang_e_le_todli_deleted_by_gleki,m5marn.bnrn1i@www.lojban.org,1,mail/wikineurotic/threads/2012/2c0dc93dada8-wiki_page_la_tcuang_e_le_todli_deleted_by_gleki.txt
wikineurotic,0fb276f5168d-wiki_page_lojbo_prenu_changed_by_viktor,m5pxxp.rlyv8i@www.lojban.org,1,mail/wikineurotic/threads/2012/0fb276f5168d-wiki_page_lojbo_prenu_changed_by_viktor.txt
wikineurotic,4a6fa690f37d-wiki_page_viktor_medrano_changed_by_viktor,m5py92.ilsv09@www.lojban.org,20,mail/wikineurotic/threads/2012/4a6fa690f37d-wiki_page_viktor_medrano_changed_by_viktor.txt
wikineurotic,5cb476598543-wiki_page_info_about_individuals_-_mostly_lojba,m5pzg1.jsmhn6@www.lojban.org,1,mail/wikineurotic/threads/2012/5cb476598543-wiki_page_info_about_individuals_-_mostly_lojba.txt
wikineurotic,1cdb2e16211b-wiki_page_donations_changed_by_kozmikreis,m5rw8m.ygcd0v@www.lojban.org,1,mail/wikineurotic/threads/2012/1cdb2e16211b-wiki_page_donations_changed_by_kozmikreis.txt
wikineurotic,816fab2029eb-wiki_page_cultural_fu'ivla_changed_by_benjmn,m5spte.838m0i@www.lojban.org,2,mail/wikineurotic/threads/2012/816fab2029eb-wiki_page_cultural_fu'ivla_changed_by_benjmn.txt
wikineurotic,be8d0dde7e49-wiki_page_le_dunda_tricu_created_by_vensa,m5tk41.x86wza@www.lojban.org,1,mail/wikineurotic/threads/2012/be8d0dde7e49-wiki_page_le_dunda_tricu_created_by_vensa.txt
wikineurotic,71bdd7e939ad-a_file_was_attached_to_le_dunda_tricu,m5tk54.tg7f2u@www.lojban.org,1,mail/wikineurotic/threads/2012/71bdd7e939ad-a_file_was_attached_to_le_dunda_tricu.txt
wikineurotic,39085d0610bc-wiki_page_le_dunda_tricu_changed_by_vensa,m5tk6v.vt7v88@www.lojban.org,3,mail/wikineurotic/threads/2012/39085d0610bc-wiki_page_le_dunda_tricu_changed_by_vensa.txt
wikineurotic,bf7ca8b4c5e5-wiki_page_texts_in_lojban_changed_by_totus,m5tksw.xrmnd5@www.lojban.org,1,mail/wikineurotic/threads/2012/bf7ca8b4c5e5-wiki_page_texts_in_lojban_changed_by_totus.txt
wikineurotic,"5459c0181c5b-wiki_page_cll,_aka_reference_grammar,_errata_ch",m5uvc2.f3k8mx@www.lojban.org,2,"mail/wikineurotic/threads/2012/5459c0181c5b-wiki_page_cll,_aka_reference_grammar,_errata_ch.txt"
wikineurotic,c0e5637b3892-wiki_page_composite_units_created_by_jacob,m5w43g.o3p1su@www.lojban.org,1,mail/wikineurotic/threads/2012/c0e5637b3892-wiki_page_composite_units_created_by_jacob.txt
wikineurotic,89589e2e8ce3-wiki_page_info_about_individuals_-_mostly_lojba,m5wqbq.6udk2p@www.lojban.org,1,mail/wikineurotic/threads/2012/89589e2e8ce3-wiki_page_info_about_individuals_-_mostly_lojba.txt
wikineurotic,e3b96622d465-wiki_page_gismu_list_errata_changed_by_gleki,m624bo.u0ryvx@www.lojban.org,2,mail/wikineurotic/threads/2012/e3b96622d465-wiki_page_gismu_list_errata_changed_by_gleki.txt
wikineurotic,c9231db08623-wiki_page_bpfk_section%3A_directional_spatial_c,m64xvr.vo5c69@www.lojban.org,2,mail/wikineurotic/threads/2012/c9231db08623-wiki_page_bpfk_section%3A_directional_spatial_c.txt
wikineurotic,aa370b3aed08-wiki_page_bpfk_section%3A_directional_spatial_c,m65w04.uyifqk@www.lojban.org,2,mail/wikineurotic/threads/2012/aa370b3aed08-wiki_page_bpfk_section%3A_directional_spatial_c.txt
wikineurotic,15fe957dcffc-wiki_page_wavelessonscontinued_changed_by_linda,m66u2u.s3yvw8@www.lojban.org,1,mail/wikineurotic/threads/2012/15fe957dcffc-wiki_page_wavelessonscontinued_changed_by_linda.txt
wikineurotic,19c1a5331791-wiki_page_wavelessonscontinuedp3_created_by_kla,m66yeb.cqr9dh@www.lojban.org,1,mail/wikineurotic/threads/2012/19c1a5331791-wiki_page_wavelessonscontinuedp3_created_by_kla.txt
wikineurotic,ff3e81cdb525-wiki_page_terminology_changed_by_jonathan_jones,m6888e.ov8tuz@www.lojban.org,1,mail/wikineurotic/threads/2012/ff3e81cdb525-wiki_page_terminology_changed_by_jonathan_jones.txt
wikineurotic,79c4a909a636-wiki_page_cultural_replacement_lujvo_created_by,m68qh5.cchqtl@www.lojban.org,1,mail/wikineurotic/threads/2012/79c4a909a636-wiki_page_cultural_replacement_lujvo_created_by.txt
wikineurotic,1bd71431a65f-wiki_page_cultural_replacement_lujvo_changed_by,m68qs4.7uegfo@www.lojban.org,1,mail/wikineurotic/threads/2012/1bd71431a65f-wiki_page_cultural_replacement_lujvo_changed_by.txt
wikineurotic,0492163abecc-wiki_page_cultural_fu'ivla_changed_by_jonathan_,m68qta.4hwz8u@www.lojban.org,1,mail/wikineurotic/threads/2012/0492163abecc-wiki_page_cultural_fu'ivla_changed_by_jonathan_.txt
wikineurotic,e38ce2fd0c25-wiki_page_chess_terminology_changed_by_betsemes,m6c2lk.tfwjsk@www.lojban.org,3,mail/wikineurotic/threads/2012/e38ce2fd0c25-wiki_page_chess_terminology_changed_by_betsemes.txt
wikineurotic,7697fdddf4d1-wiki_page_terminology_changed_by_admin,m6c31o.7ormc8@www.lojban.org,1,mail/wikineurotic/threads/2012/7697fdddf4d1-wiki_page_terminology_changed_by_admin.txt
wikineurotic,9d2e65d86557-wiki_page_graduate_employment_how_difficult_cre,m6d157.no7sp3@www.lojban.org,1,mail/wikineurotic/threads/2012/9d2e65d86557-wiki_page_graduate_employment_how_difficult_cre.txt
wikineurotic,3cfe4b0d213e-wiki_page_brooks_ignore_the_zinc_deficiency_cre,m6d15w.4htldf@www.lojban.org,1,mail/wikineurotic/threads/2012/3cfe4b0d213e-wiki_page_brooks_ignore_the_zinc_deficiency_cre.txt
wikineurotic,bca0baa13270-wiki_page_who_moved_the_young_l_small_the_inter,m6d16q.7c46mt@www.lojban.org,1,mail/wikineurotic/threads/2012/bca0baa13270-wiki_page_who_moved_the_young_l_small_the_inter.txt
wikineurotic,8f36457bfe97-wiki_page_100_000_choice_fees_beaten_to_death_1,m6d17n.btmp4y@www.lojban.org,1,mail/wikineurotic/threads/2012/8f36457bfe97-wiki_page_100_000_choice_fees_beaten_to_death_1.txt
wikineurotic,dd1a8d34dd8b-wiki_page_the_impact_of_family_background_on_co,m6d18e.8u5qb6@www.lojban.org,1,mail/wikineurotic/threads/2012/dd1a8d34dd8b-wiki_page_the_impact_of_family_background_on_co.txt
wikineurotic,c39495453f77-wiki_page_young_l_created_by_bjyeedld,m6d19e.gn5tek@www.lojban.org,1,mail/wikineurotic/threads/2012/c39495453f77-wiki_page_young_l_created_by_bjyeedld.txt
wikineurotic,78c0a13b3c5c-wiki_page_starting_salary_of_university_graduat,m6d1ab.4groau@www.lojban.org,1,mail/wikineurotic/threads/2012/78c0a13b3c5c-wiki_page_starting_salary_of_university_graduat.txt
wikineurotic,8a1ac5e8fc1b-wiki_page_graduate_employment_how_difficult_del,m6emzc.sbwa91@www.lojban.org,1,mail/wikineurotic/threads/2012/8a1ac5e8fc1b-wiki_page_graduate_employment_how_difficult_del.txt
wikineurotic,297733b24fd6-wiki_page_brooks_ignore_the_zinc_deficiency_del,m6en1i.5nq8l6@www.lojban.org,1,mail/wikineurotic/threads/2012/297733b24fd6-wiki_page_brooks_ignore_the_zinc_deficiency_del.txt
wikineurotic,fddf6a96f3d2-wiki_page_who_moved_the_young_l_small_the_inter,m6en42.txu409@www.lojban.org,1,mail/wikineurotic/threads/2012/fddf6a96f3d2-wiki_page_who_moved_the_young_l_small_the_inter.txt
wikineurotic,06fc60f30761-wiki_page_100_000_choice_fees_beaten_to_death_1,m6en6r.7ns50i@www.lojban.org,1,mail/wikineurotic/threads/2012/06fc60f30761-wiki_page_100_000_choice_fees_beaten_to_death_1.txt
wikineurotic,22e71934530d-wiki_page_the_impact_of_family_background_on_co,m6en95.6jznby@www.lojban.org,1,mail/wikineurotic/threads/2012/22e71934530d-wiki_page_the_impact_of_family_background_on_co.txt
wikineurotic,6a424b3fa1d8-wiki_page_young_l_deleted_by_pierreabbat,m6enc4.bcjgx7@www.lojban.org,1,mail/wikineurotic/threads/2012/6a424b3fa1d8-wiki_page_young_l_deleted_by_pierreabbat.txt
wikineurotic,161b1a13d41d-wiki_page_starting_salary_of_university_graduat,m6enka.p5ob13@www.lojban.org,1,mail/wikineurotic/threads/2012/161b1a13d41d-wiki_page_starting_salary_of_university_graduat.txt
wikineurotic,66848da009c2-wiki_page_lo_terci'a_be_lo_sedu'u_makau_cinri_l,m6fv4j.ypgxo2@www.lojban.org,1,mail/wikineurotic/threads/2012/66848da009c2-wiki_page_lo_terci'a_be_lo_sedu'u_makau_cinri_l.txt
wikineurotic,115efc6614e0-wiki_page_lojbanic_phone_group_changed_by_spfny,m6r0hy.3bkb35@www.lojban.org,1,mail/wikineurotic/threads/2012/115efc6614e0-wiki_page_lojbanic_phone_group_changed_by_spfny.txt
wikineurotic,eaad4961d7cd-wiki_page_userpagealexandras_created_by_brook_c,m6r5xd.ndbabl@www.lojban.org,1,mail/wikineurotic/threads/2012/eaad4961d7cd-wiki_page_userpagealexandras_created_by_brook_c.txt
wikineurotic,6bee0d8d45c0-wiki_page_userpagetobye_created_by_janelle_mall,m6rbl5.7wmb7c@www.lojban.org,1,mail/wikineurotic/threads/2012/6bee0d8d45c0-wiki_page_userpagetobye_created_by_janelle_mall.txt
wikineurotic,f187bb5cafe6-wiki_page_userpageadame_created_by_blanca_kessl,m6rf1d.gilr2m@www.lojban.org,1,mail/wikineurotic/threads/2012/f187bb5cafe6-wiki_page_userpageadame_created_by_blanca_kessl.txt
wikineurotic,0e72b8883344-wiki_page_userpageadame_deleted_by_pierreabbat,m6rkdi.szs94t@www.lojban.org,1,mail/wikineurotic/threads/2012/0e72b8883344-wiki_page_userpageadame_deleted_by_pierreabbat.txt
wikineurotic,12b7d8110ab0-wiki_page_userpagetobye_deleted_by_pierreabbat,m6rkfi.gw99fx@www.lojban.org,1,mail/wikineurotic/threads/2012/12b7d8110ab0-wiki_page_userpagetobye_deleted_by_pierreabbat.txt
wikineurotic,1f673c772de1-wiki_page_userpagealexandras_deleted_by_pierrea,m6rkie.8r4q6c@www.lojban.org,1,mail/wikineurotic/threads/2012/1f673c772de1-wiki_page_userpagealexandras_deleted_by_pierrea.txt
wikineurotic,c319556b8e92-wiki_page_userpagebrillhartsammie013_deleted_by,m6rkjs.sim845@www.lojban.org,1,mail/wikineurotic/threads/2012/c319556b8e92-wiki_page_userpagebrillhartsammie013_deleted_by.txt
wikineurotic,0a141bc23964-wiki_page_tsani's_type_system_created_by_jacob,m6s3c3.efcpap@www.lojban.org,1,mail/wikineurotic/threads/2012/0a141bc23964-wiki_page_tsani's_type_system_created_by_jacob.txt
wikineurotic,5356dfd896c1-wiki_page_tsani's_type_system_changed_by_selpa',m6spm5.liz07b@www.lojban.org,2,mail/wikineurotic/threads/2012/5356dfd896c1-wiki_page_tsani's_type_system_changed_by_selpa'.txt
wikineurotic,75f3f10580f1-wiki_page_discussion%3A_type_system_created_by_,m6squ6.i2zj9v@www.lojban.org,1,mail/wikineurotic/threads/2012/75f3f10580f1-wiki_page_discussion%3A_type_system_created_by_.txt
wikineurotic,8f90771898f8-wiki_page_discussion%3A_type_system_changed_by_,m6srqg.ww1pgc@www.lojban.org,5,mail/wikineurotic/threads/2012/8f90771898f8-wiki_page_discussion%3A_type_system_changed_by_.txt
wikineurotic,7384505c64ae-wiki_page_userpageharrisonys_created_by_christi,m6jpqt.3wlurz@www.lojban.org,1,mail/wikineurotic/threads/2012/7384505c64ae-wiki_page_userpageharrisonys_created_by_christi.txt
wikineurotic,8e86a3bef970-wiki_page_userpagenewnessalan656_created_by_ela,m6sso5.u11jad@www.lojban.org,1,mail/wikineurotic/threads/2012/8e86a3bef970-wiki_page_userpagenewnessalan656_created_by_ela.txt
wikineurotic,634075e15d6c-wiki_page_lo_skami_zi'evla_pe_fi'e_la_tsani_cre,m6t551.3xuvt5@www.lojban.org,1,mail/wikineurotic/threads/2012/634075e15d6c-wiki_page_lo_skami_zi'evla_pe_fi'e_la_tsani_cre.txt
wikineurotic,89924a43a2ad-wiki_page_discussion%3A_type_system_changed_by_,m6t6lt.pmucl7@www.lojban.org,3,mail/wikineurotic/threads/2012/89924a43a2ad-wiki_page_discussion%3A_type_system_changed_by_.txt
wikineurotic,eccecbff3531-wiki_page_folleto_de_introducci%C3%B3n_al_lojba,m6vg8h.jgufys@www.lojban.org,1,mail/wikineurotic/threads/2012/eccecbff3531-wiki_page_folleto_de_introducci%C3%B3n_al_lojba.txt
wikineurotic,dcb553e41233-wiki_page_userpageblt111_created_by_alysa_march,m6vk01.6v78j1@www.lojban.org,1,mail/wikineurotic/threads/2012/dcb553e41233-wiki_page_userpageblt111_created_by_alysa_march.txt
wikineurotic,c35ac86732b0-wiki_page_userpageletteeradrian477_created_by_a,m6jx9m.lj7irs@www.lojban.org,1,mail/wikineurotic/threads/2012/c35ac86732b0-wiki_page_userpageletteeradrian477_created_by_a.txt
wikineurotic,4ee5fbd59a8b-wiki_page_userpageblt111_deleted_by_pierreabbat,m6w86k.jfen17@www.lojban.org,1,mail/wikineurotic/threads/2012/4ee5fbd59a8b-wiki_page_userpageblt111_deleted_by_pierreabbat.txt
wikineurotic,edfc35e3a700-wiki_page_wavelessonscontinued_changed_by_spfny,m6wk07.1kik3r@www.lojban.org,1,mail/wikineurotic/threads/2012/edfc35e3a700-wiki_page_wavelessonscontinued_changed_by_spfny.txt
wikineurotic,524a212aa5bc-wiki_page_lojban_%28es%29_changed_by_aldoez,m6wrq5.gsp69y@www.lojban.org,1,mail/wikineurotic/threads/2012/524a212aa5bc-wiki_page_lojban_%28es%29_changed_by_aldoez.txt
wikineurotic,fc33c29c370c-wiki_page_userpagekatherinepetti_created_by_cur,m6wsiy.z3cndg@www.lojban.org,1,mail/wikineurotic/threads/2012/fc33c29c370c-wiki_page_userpagekatherinepetti_created_by_cur.txt
wikineurotic,da7ea4774139-wiki_page_folleto_de_introducci%C3%B3n_al_lojba,m6wsks.mrrpve@www.lojban.org,3,mail/wikineurotic/threads/2012/da7ea4774139-wiki_page_folleto_de_introducci%C3%B3n_al_lojba.txt
wikineurotic,d1863b19b4d5-wiki_page_userpagekatherinepetti_deleted_by_pie,m6x6eb.gaaw4e@www.lojban.org,1,mail/wikineurotic/threads/2012/d1863b19b4d5-wiki_page_userpagekatherinepetti_deleted_by_pie.txt
wikineurotic,fdbfe69efdad-wiki_page_lojban_irc_changed_by_admin,m6xn4r.m4cfcr@www.lojban.org,1,mail/wikineurotic/threads/2012/fdbfe69efdad-wiki_page_lojban_irc_changed_by_admin.txt
wikineurotic,90666b2a9c40-wiki_page_userpagekentonar_created_by_charissa_,m6xr8g.do4kv7@www.lojban.org,1,mail/wikineurotic/threads/2012/90666b2a9c40-wiki_page_userpagekentonar_created_by_charissa_.txt
wikineurotic,7ffa5bd45753-wiki_page_userpagebryantrw_created_by_kerrie_mc,m6yghu.khxpw0@www.lojban.org,1,mail/wikineurotic/threads/2012/7ffa5bd45753-wiki_page_userpagebryantrw_created_by_kerrie_mc.txt
wikineurotic,904e6b556c9a-wiki_page_userpagedemetriusc_created_by_samanth,m6keav.bab4l9@www.lojban.org,1,mail/wikineurotic/threads/2012/904e6b556c9a-wiki_page_userpagedemetriusc_created_by_samanth.txt
wikineurotic,1ac8e1c33d23-wiki_page_selci'a_sera'a_lai_pokemon%2E_created,m6ys6t.5qfecq@www.lojban.org,1,mail/wikineurotic/threads/2012/1ac8e1c33d23-wiki_page_selci'a_sera'a_lai_pokemon%2E_created.txt
wikineurotic,32ef4af1b412-wiki_page_lai_pokemon%2E_changed_by_jandew,m6ysai.pwryv0@www.lojban.org,13,mail/wikineurotic/threads/2012/32ef4af1b412-wiki_page_lai_pokemon%2E_changed_by_jandew.txt
wikineurotic,efa9b5bea578-wiki_page_selci'a_sera'a_lai_pokemon%2E_changed,m6yu2e.3tl1ut@www.lojban.org,43,mail/wikineurotic/threads/2012/efa9b5bea578-wiki_page_selci'a_sera'a_lai_pokemon%2E_changed.txt
wikineurotic,a6c00b93ad7b-wiki_page_userpagemalvinajenkins90_created_by_m,m6l7wj.gbmhjy@www.lojban.org,1,mail/wikineurotic/threads/2012/a6c00b93ad7b-wiki_page_userpagemalvinajenkins90_created_by_m.txt
wikineurotic,2fe05201f8e1-wiki_page_userpageflorettaalan014_created_by_br,m6l95b.8k5f1t@www.lojban.org,1,mail/wikineurotic/threads/2012/2fe05201f8e1-wiki_page_userpageflorettaalan014_created_by_br.txt
wikineurotic,3e0da4bf7ef2-wiki_page_userpagelilyoy_created_by_issac_gaski,m6lfcl.xn3smk@www.lojban.org,1,mail/wikineurotic/threads/2012/3e0da4bf7ef2-wiki_page_userpagelilyoy_created_by_issac_gaski.txt
wikineurotic,55943b135b76-wiki_page_userpagegeraldwj_created_by_bonnie_ba,m6mcdg.hlenif@www.lojban.org,1,mail/wikineurotic/threads/2012/55943b135b76-wiki_page_userpagegeraldwj_created_by_bonnie_ba.txt
wikineurotic,13f2c7f676dd-wiki_page_userpagefigliolalonda99_created_by_da,m6mcef.6zh2v7@www.lojban.org,1,mail/wikineurotic/threads/2012/13f2c7f676dd-wiki_page_userpagefigliolalonda99_created_by_da.txt
wikineurotic,d3db8cfe6893-unsubscribe_from_mailing_list,1341387035.8944.yahoomailneo@web39306.mail.mud.yahoo.com,1,mail/wikineurotic/threads/2012/d3db8cfe6893-unsubscribe_from_mailing_list.txt
wikineurotic,e054ac5a9c52-wiki_page_userpageletteeradrian477_deleted_by_p,m6mtb7.z32rj6@www.lojban.org,1,mail/wikineurotic/threads/2012/e054ac5a9c52-wiki_page_userpageletteeradrian477_deleted_by_p.txt
wikineurotic,33d4d7d3c055-wiki_page_userpagedemetriusc_deleted_by_pierrea,m6mtds.xlg7df@www.lojban.org,1,mail/wikineurotic/threads/2012/33d4d7d3c055-wiki_page_userpagedemetriusc_deleted_by_pierrea.txt
wikineurotic,a7d04516913b-wiki_page_userpagemalvinajenkins90_deleted_by_p,m6mtgc.gz4t6e@www.lojban.org,1,mail/wikineurotic/threads/2012/a7d04516913b-wiki_page_userpagemalvinajenkins90_deleted_by_p.txt
wikineurotic,b54a74946e98-wiki_page_userpageflorettaalan014_deleted_by_pi,m6mtio.6knpkq@www.lojban.org,1,mail/wikineurotic/threads/2012/b54a74946e98-wiki_page_userpageflorettaalan014_deleted_by_pi.txt
wikineurotic,651cee5b23c8-wiki_page_userpagelilyoy_deleted_by_pierreabbat,m6mtuh.vpl9eu@www.lojban.org,1,mail/wikineurotic/threads/2012/651cee5b23c8-wiki_page_userpagelilyoy_deleted_by_pierreabbat.txt
wikineurotic,81145f414c60-wiki_page_userpagegeraldwj_deleted_by_pierreabb,m6mtx4.reza9l@www.lojban.org,1,mail/wikineurotic/threads/2012/81145f414c60-wiki_page_userpagegeraldwj_deleted_by_pierreabb.txt
wikineurotic,06b3d004288b-wiki_page_userpagefigliolalonda99_deleted_by_pi,m6mtzi.ugwmam@www.lojban.org,1,mail/wikineurotic/threads/2012/06b3d004288b-wiki_page_userpagefigliolalonda99_deleted_by_pi.txt
wikineurotic,19640a392103-wiki_page_userpagezelke_created_by_hermelinda_g,m6n1ok.ojgg7a@www.lojban.org,1,mail/wikineurotic/threads/2012/19640a392103-wiki_page_userpagezelke_created_by_hermelinda_g.txt
wikineurotic,f02d7bca210e-wiki_page_userpagezelke_deleted_by_pierreabbat,m6n2k6.wc4k58@www.lojban.org,1,mail/wikineurotic/threads/2012/f02d7bca210e-wiki_page_userpagezelke_deleted_by_pierreabbat.txt
wikineurotic,20b2797ed71b-a_file_was_attached_to_viktor_medrano,m6n8s8.f3fl5p@www.lojban.org,20,mail/wikineurotic/threads/2012/20b2797ed71b-a_file_was_attached_to_viktor_medrano.txt
wikineurotic,c0ca93566df1-wiki_page_userpageladonnagn_created_by_shantell,m6o5f7.fzwkhz@www.lojban.org,1,mail/wikineurotic/threads/2012/c0ca93566df1-wiki_page_userpageladonnagn_created_by_shantell.txt
wikineurotic,ae53cfb05b33-wiki_page_userpagerebbecasg_created_by_marsha_b,m6ockv.xkdg36@www.lojban.org,1,mail/wikineurotic/threads/2012/ae53cfb05b33-wiki_page_userpagerebbecasg_created_by_marsha_b.txt
wikineurotic,3c190eda8acc-wiki_page_userpageladonnagn_deleted_by_pierreab,m6ommm.29pftl@www.lojban.org,1,mail/wikineurotic/threads/2012/3c190eda8acc-wiki_page_userpageladonnagn_deleted_by_pierreab.txt
wikineurotic,a6d97f331889-wiki_page_userpagerebbecasg_deleted_by_pierreab,m6omps.dhkzdt@www.lojban.org,1,mail/wikineurotic/threads/2012/a6d97f331889-wiki_page_userpagerebbecasg_deleted_by_pierreab.txt
wikineurotic,497c03210608-wiki_page_userpagebrillhartsammie013_created_by,m6p4r7.ypzjjs@www.lojban.org,1,mail/wikineurotic/threads/2012/497c03210608-wiki_page_userpagebrillhartsammie013_created_by.txt
wikineurotic,a441d5e6348e-wiki_page_mumble_changed_by_iurok,m6zwz7.ysgsw0@www.lojban.org,1,mail/wikineurotic/threads/2012/a441d5e6348e-wiki_page_mumble_changed_by_iurok.txt
wikineurotic,770ae4188d04-wiki_page_%D1%87%D1%82%D0%BE_%D1%82%D0%B0%D0%BA,m7073z.xl8mg8@www.lojban.org,2,mail/wikineurotic/threads/2012/770ae4188d04-wiki_page_%D1%87%D1%82%D0%BE_%D1%82%D0%B0%D0%BA.txt
wikineurotic,ee35f1f34200-wiki_page_%D1%87%D1%82%D0%BE_%D1%82%D0%B0%D0%BA,m707a9.b7dshu@www.lojban.org,1,mail/wikineurotic/threads/2012/ee35f1f34200-wiki_page_%D1%87%D1%82%D0%BE_%D1%82%D0%B0%D0%BA.txt
wikineurotic,f84cff0bcd1b-wiki_page_what_is_lojban%3F_russian_deleted_by_,m707f1.fz6tlh@www.lojban.org,1,mail/wikineurotic/threads/2012/f84cff0bcd1b-wiki_page_what_is_lojban%3F_russian_deleted_by_.txt
wikineurotic,7e2458a90fdf-wiki_page_userpagestephenuj_created_by_barbara_,m70oc7.qe58ng@www.lojban.org,1,mail/wikineurotic/threads/2012/7e2458a90fdf-wiki_page_userpagestephenuj_created_by_barbara_.txt
wikineurotic,4bd45893c40b-wiki_page_userpagebernicebir_created_by_lolita_,m71gjv.pehlva@www.lojban.org,1,mail/wikineurotic/threads/2012/4bd45893c40b-wiki_page_userpagebernicebir_created_by_lolita_.txt
wikineurotic,b239727698ef-wiki_page_conlang_test_sentences_changed_by_gle,m71t5z.345af2@www.lojban.org,6,mail/wikineurotic/threads/2012/b239727698ef-wiki_page_conlang_test_sentences_changed_by_gle.txt
wikineurotic,dcb2e883313b-wiki_page_conlang_test_sentences_changed_by_jac,m72jge.dbeqqx@www.lojban.org,1,mail/wikineurotic/threads/2012/dcb2e883313b-wiki_page_conlang_test_sentences_changed_by_jac.txt
wikineurotic,4a318c91d125-wiki_page_joe_anderson_created_by_jandew,m72vmf.qoyllv@www.lojban.org,1,mail/wikineurotic/threads/2012/4a318c91d125-wiki_page_joe_anderson_created_by_jandew.txt
wikineurotic,7e3c9ce0033e-wiki_page_lojban%3A_first_time_changed_by_iesk,m73tfq.am30x6@www.lojban.org,2,mail/wikineurotic/threads/2012/7e3c9ce0033e-wiki_page_lojban%3A_first_time_changed_by_iesk.txt
wikineurotic,2ff15a01704c-wiki_page_userpagemarlyscj_created_by_marlyscj,m73u0u.9e7jsg@www.lojban.org,1,mail/wikineurotic/threads/2012/2ff15a01704c-wiki_page_userpagemarlyscj_created_by_marlyscj.txt
wikineurotic,a18294921f21-wiki_page_userpagesonyacav_created_by_fran_beau,m73zyc.opuh8z@www.lojban.org,1,mail/wikineurotic/threads/2012/a18294921f21-wiki_page_userpagesonyacav_created_by_fran_beau.txt
wikineurotic,cf793d932bfc-wiki_page_userpagedlouis796_created_by_maynard_,m744v4.st8rry@www.lojban.org,1,mail/wikineurotic/threads/2012/cf793d932bfc-wiki_page_userpagedlouis796_created_by_maynard_.txt
wikineurotic,6adba5e79d88-wiki_page_selci'a_sera'a_lai_pokemon%2E_changed,m745o6.jr39d5@www.lojban.org,22,mail/wikineurotic/threads/2012/6adba5e79d88-wiki_page_selci'a_sera'a_lai_pokemon%2E_changed.txt
wikineurotic,2dcce0b236ef-wiki_page_selpa'i_created_by_selpa'i,m7468e.oylguh@www.lojban.org,1,mail/wikineurotic/threads/2012/2dcce0b236ef-wiki_page_selpa'i_created_by_selpa'i.txt
wikineurotic,c0da8952d559-wiki_page_selpa'i_changed_by_selpa'i,m746ba.rjnifo@www.lojban.org,3,mail/wikineurotic/threads/2012/c0da8952d559-wiki_page_selpa'i_changed_by_selpa'i.txt
wikineurotic,e2dc0c403b9c-wiki_page_lai_pokemon%2E_changed_by_selpa'i,m747rw.m1yqun@www.lojban.org,3,mail/wikineurotic/threads/2012/e2dc0c403b9c-wiki_page_lai_pokemon%2E_changed_by_selpa'i.txt
wikineurotic,b01bacc486fb-wiki_page_userpagevonbgfhx_created_by_tim_pritc,m74fv0.33cbis@www.lojban.org,1,mail/wikineurotic/threads/2012/b01bacc486fb-wiki_page_userpagevonbgfhx_created_by_tim_pritc.txt
wikineurotic,2775473300f4-wiki_page_userpagexfreddy_created_by_misty_holi,m7630o.wlu6ak@www.lojban.org,1,mail/wikineurotic/threads/2012/2775473300f4-wiki_page_userpagexfreddy_created_by_misty_holi.txt
wikineurotic,45a9f5b86811-wiki_page_bpfk_section%3A_sensory_gismu_created,m763nj.v8qqht@www.lojban.org,1,mail/wikineurotic/threads/2012/45a9f5b86811-wiki_page_bpfk_section%3A_sensory_gismu_created.txt
wikineurotic,721b2e210d2b-wiki_page_bpfk_section%3A_sensory_gismu_changed,m763z0.8yy12t@www.lojban.org,2,mail/wikineurotic/threads/2012/721b2e210d2b-wiki_page_bpfk_section%3A_sensory_gismu_changed.txt
wikineurotic,b3a41af13c40-wiki_page_bpfk_section%3A_gismu_issues_changed_,m764yx.obs3b6@www.lojban.org,1,mail/wikineurotic/threads/2012/b3a41af13c40-wiki_page_bpfk_section%3A_gismu_issues_changed_.txt
wikineurotic,5588092f03ae-wiki_page_userpagetristad_created_by_alta_bonil,m76887.d4hsc8@www.lojban.org,1,mail/wikineurotic/threads/2012/5588092f03ae-wiki_page_userpagetristad_created_by_alta_bonil.txt
wikineurotic,c2c29650c55e-wiki_page_userpagemichellqbq_created_by_raleigh,m76ayn.u9wv9l@www.lojban.org,1,mail/wikineurotic/threads/2012/c2c29650c55e-wiki_page_userpagemichellqbq_created_by_raleigh.txt
wikineurotic,efd4365fa7a4-wiki_page_userpagetaneshaiq_created_by_brent_ko,m76c3p.9pprq0@www.lojban.org,1,mail/wikineurotic/threads/2012/efd4365fa7a4-wiki_page_userpagetaneshaiq_created_by_brent_ko.txt
wikineurotic,ff0c1497b825-wiki_page_userpagenonas_created_by_emmett_macle,m76drg.1gjj1s@www.lojban.org,1,mail/wikineurotic/threads/2012/ff0c1497b825-wiki_page_userpagenonas_created_by_emmett_macle.txt
wikineurotic,3f67525abac8-wiki_page_userpagenonas_changed_by_taylor_berry,m76gig.j009x0@www.lojban.org,1,mail/wikineurotic/threads/2012/3f67525abac8-wiki_page_userpagenonas_changed_by_taylor_berry.txt
wikineurotic,58f6fa579a4a-wiki_page_userpagelakeishads_created_by_louann_,m76mkc.tk3825@www.lojban.org,1,mail/wikineurotic/threads/2012/58f6fa579a4a-wiki_page_userpagelakeishads_created_by_louann_.txt
wikineurotic,2776079453ae-wiki_page_userpagecathernze_created_by_maple_an,m76oja.48hxze@www.lojban.org,1,mail/wikineurotic/threads/2012/2776079453ae-wiki_page_userpagecathernze_created_by_maple_an.txt
wikineurotic,b66338d1438a-wiki_page_userpageadamw_created_by_felipe_sheph,m76pqv.bx6fbo@www.lojban.org,1,mail/wikineurotic/threads/2012/b66338d1438a-wiki_page_userpageadamw_created_by_felipe_sheph.txt
wikineurotic,663d76fbf47f-wiki_page_userpagekermitvsm_created_by_rachelle,m781rz.7urutt@www.lojban.org,1,mail/wikineurotic/threads/2012/663d76fbf47f-wiki_page_userpagekermitvsm_created_by_rachelle.txt
wikineurotic,f7c9aaa36196-wiki_page_userpagekermitvsm_deleted_by_pierreab,m789hk.9l4px1@www.lojban.org,1,mail/wikineurotic/threads/2012/f7c9aaa36196-wiki_page_userpagekermitvsm_deleted_by_pierreab.txt
wikineurotic,47ade1e74dbd-wiki_page_userpagelenorarri_created_by_chad_hor,m78mxu.e38y3t@www.lojban.org,1,mail/wikineurotic/threads/2012/47ade1e74dbd-wiki_page_userpagelenorarri_created_by_chad_hor.txt
wikineurotic,ae703aac83d5-wiki_page_userpagefranciscam_created_by_herbert,m78nh3.gc9qxo@www.lojban.org,1,mail/wikineurotic/threads/2012/ae703aac83d5-wiki_page_userpagefranciscam_created_by_herbert.txt
wikineurotic,60401f07e94e-wiki_page_userpagegeraldoqs_created_by_anastasi,m78t1q.9s2c2r@www.lojban.org,1,mail/wikineurotic/threads/2012/60401f07e94e-wiki_page_userpagegeraldoqs_created_by_anastasi.txt
wikineurotic,fc0abfac6f1b-wiki_page_userpagejulietkj_created_by_mirta_bur,m78xyf.1s987k@www.lojban.org,1,mail/wikineurotic/threads/2012/fc0abfac6f1b-wiki_page_userpagejulietkj_created_by_mirta_bur.txt
wikineurotic,866ac677e4ff-wiki_page_userpagekristoferu_created_by_katlyn_,m797sh.g1c9gx@www.lojban.org,1,mail/wikineurotic/threads/2012/866ac677e4ff-wiki_page_userpagekristoferu_created_by_katlyn_.txt
wikineurotic,aa5392fb4cec-wiki_page_userpagealexandraq_created_by_kit_cla,m79hfe.oy6oei@www.lojban.org,1,mail/wikineurotic/threads/2012/aa5392fb4cec-wiki_page_userpagealexandraq_created_by_kit_cla.txt
wikineurotic,017315211064-wiki_page_userpagelarar_created_by_lenora_huey,m79iuq.6qwpgz@www.lojban.org,1,mail/wikineurotic/threads/2012/017315211064-wiki_page_userpagelarar_created_by_lenora_huey.txt
wikineurotic,c0a3291f1a9f-wiki_page_userpagedonakagey001_created_by_vivia,m79rca.c9pyw4@www.lojban.org,1,mail/wikineurotic/threads/2012/c0a3291f1a9f-wiki_page_userpagedonakagey001_created_by_vivia.txt
wikineurotic,6f709d2e43a2-wiki_page_userpagelouracollins85_created_by_lou,m7a1ee.carx29@www.lojban.org,1,mail/wikineurotic/threads/2012/6f709d2e43a2-wiki_page_userpagelouracollins85_created_by_lou.txt
wikineurotic,aeae445c8024-wiki_page_userpageterap_created_by_mark_dubose,m7a1i3.hntd5u@www.lojban.org,1,mail/wikineurotic/threads/2012/aeae445c8024-wiki_page_userpageterap_created_by_mark_dubose.txt
wikineurotic,dacc1bab7b51-wiki_page_userpageleonidamills90_created_by_arm,m7a2qf.klgym0@www.lojban.org,1,mail/wikineurotic/threads/2012/dacc1bab7b51-wiki_page_userpageleonidamills90_created_by_arm.txt
wikineurotic,648c2dac5cf2-wiki_page_userpagerosenapowell81_created_by_non,m7a3a1.bctsvd@www.lojban.org,1,mail/wikineurotic/threads/2012/648c2dac5cf2-wiki_page_userpagerosenapowell81_created_by_non.txt
wikineurotic,597b54639b58-wiki_page_userpagelylezg_created_by_elisha_wash,m7a4mi.wox3r3@www.lojban.org,1,mail/wikineurotic/threads/2012/597b54639b58-wiki_page_userpagelylezg_created_by_elisha_wash.txt
wikineurotic,22f6e66cb8aa-wiki_page_userpagegemagraham1987_created_by_tim,m7a6my.jaqz4o@www.lojban.org,1,mail/wikineurotic/threads/2012/22f6e66cb8aa-wiki_page_userpagegemagraham1987_created_by_tim.txt
wikineurotic,c66fb7276048-wiki_page_userpagereginebrown47_created_by_robe,m7a81m.e7lv9t@www.lojban.org,1,mail/wikineurotic/threads/2012/c66fb7276048-wiki_page_userpagereginebrown47_created_by_robe.txt
wikineurotic,c7a33dbf1775-wiki_page_userpagestepanieiy_created_by_rolland,m7aiq9.ow2ymp@www.lojban.org,1,mail/wikineurotic/threads/2012/c7a33dbf1775-wiki_page_userpagestepanieiy_created_by_rolland.txt
wikineurotic,f9fe77f67455-wiki_page_userpagealinax_created_by_alfredo_bro,m7amfq.58vkzu@www.lojban.org,1,mail/wikineurotic/threads/2012/f9fe77f67455-wiki_page_userpagealinax_created_by_alfredo_bro.txt
wikineurotic,9fe1b486ca53-wiki_page_userpagetanjab_created_by_avis_york,m7an4h.1agut9@www.lojban.org,1,mail/wikineurotic/threads/2012/9fe1b486ca53-wiki_page_userpagetanjab_created_by_avis_york.txt
wikineurotic,734b02ec515e-wiki_page_userpagebasiliacooper82_created_by_ja,m7ap7l.6s0h93@www.lojban.org,1,mail/wikineurotic/threads/2012/734b02ec515e-wiki_page_userpagebasiliacooper82_created_by_ja.txt
wikineurotic,70cc5a0742ef-wiki_page_userpageeleanoreik_created_by_kaylee_,m7apm1.9oxk8d@www.lojban.org,1,mail/wikineurotic/threads/2012/70cc5a0742ef-wiki_page_userpageeleanoreik_created_by_kaylee_.txt
wikineurotic,8f59ee3ec07e-wiki_page_userpageyalvin_created_by_ernie_mancu,m7aq6y.ef3l5q@www.lojban.org,1,mail/wikineurotic/threads/2012/8f59ee3ec07e-wiki_page_userpageyalvin_created_by_ernie_mancu.txt
wikineurotic,ba6d8f312a73-wiki_page_userpagebillnux_created_by_letha_inma,m7b00f.8kud2x@www.lojban.org,1,mail/wikineurotic/threads/2012/ba6d8f312a73-wiki_page_userpagebillnux_created_by_letha_inma.txt
wikineurotic,313c0c5bbfbf-wiki_page_userpageharrydj_created_by_roseanne_l,m7bl3d.v31rys@www.lojban.org,1,mail/wikineurotic/threads/2012/313c0c5bbfbf-wiki_page_userpageharrydj_created_by_roseanne_l.txt
wikineurotic,bc0ebb3e140e-wiki_page_userpagelenorarri_deleted_by_pierreab,m7blfz.5xydp9@www.lojban.org,1,mail/wikineurotic/threads/2012/bc0ebb3e140e-wiki_page_userpagelenorarri_deleted_by_pierreab.txt
wikineurotic,2edfd958f3a4-wiki_page_userpagefranciscam_deleted_by_pierrea,m7blio.19bnpd@www.lojban.org,1,mail/wikineurotic/threads/2012/2edfd958f3a4-wiki_page_userpagefranciscam_deleted_by_pierrea.txt
wikineurotic,7a9cfd187600-wiki_page_userpageandynug_deleted_by_pierreabba,m7blkk.bckmxf@www.lojban.org,1,mail/wikineurotic/threads/2012/7a9cfd187600-wiki_page_userpageandynug_deleted_by_pierreabba.txt
wikineurotic,79307600c02a-wiki_page_userpageasommer_created_by_eula_oconn,m7bnvu.syzauf@www.lojban.org,1,mail/wikineurotic/threads/2012/79307600c02a-wiki_page_userpageasommer_created_by_eula_oconn.txt
wikineurotic,4ba46b6472e2-wiki_page_userpagetaniaj_created_by_brianna_mat,m7bvlb.wvbph6@www.lojban.org,1,mail/wikineurotic/threads/2012/4ba46b6472e2-wiki_page_userpagetaniaj_created_by_brianna_mat.txt
wikineurotic,7617e6738135-wiki_page_userpagegarlandw_created_by_lorenzo_m,m7dory.ajbs6o@www.lojban.org,1,mail/wikineurotic/threads/2012/7617e6738135-wiki_page_userpagegarlandw_created_by_lorenzo_m.txt
wikineurotic,dc5fd24e1565-wiki_page_''gismu''_agentive_and_non-agentive_c,m7evor.80jjnv@www.lojban.org,1,mail/wikineurotic/threads/2012/dc5fd24e1565-wiki_page_''gismu''_agentive_and_non-agentive_c.txt
wikineurotic,b9fe69360916-wiki_page_userpagesharikawallace1981_created_by,m7ew2v.wupcxx@www.lojban.org,1,mail/wikineurotic/threads/2012/b9fe69360916-wiki_page_userpagesharikawallace1981_created_by.txt
wikineurotic,81c652a02239-wiki_page_userpagebaribarnes111_created_by_marg,m7ewhg.e468s4@www.lojban.org,1,mail/wikineurotic/threads/2012/81c652a02239-wiki_page_userpagebaribarnes111_created_by_marg.txt
wikineurotic,ad48a3626fc8-wiki_page_userpagejanycemartinez71_created_by_l,m7ewyf.qy455o@www.lojban.org,1,mail/wikineurotic/threads/2012/ad48a3626fc8-wiki_page_userpagejanycemartinez71_created_by_l.txt
wikineurotic,2c2b22a6fd1b-wiki_page_userpageearendur_changed_by_gleki,m7exwt.bki5yb@www.lojban.org,1,mail/wikineurotic/threads/2012/2c2b22a6fd1b-wiki_page_userpageearendur_changed_by_gleki.txt
wikineurotic,12548235089c-wiki_page_userpagelaverneuf_created_by_roy_medl,m7fjhd.7srbx6@www.lojban.org,1,mail/wikineurotic/threads/2012/12548235089c-wiki_page_userpagelaverneuf_created_by_roy_medl.txt
wikineurotic,4650cd3ba7ec-wiki_page_userpagethanhj_created_by_patrick_ale,m7fkry.64mvd3@www.lojban.org,1,mail/wikineurotic/threads/2012/4650cd3ba7ec-wiki_page_userpagethanhj_created_by_patrick_ale.txt
wikineurotic,eaf98b00b20e-wiki_page_userpagenannetteol_created_by_belinda,m7fs3z.ptxdmy@www.lojban.org,1,mail/wikineurotic/threads/2012/eaf98b00b20e-wiki_page_userpagenannetteol_created_by_belinda.txt
wikineurotic,95bc2813de9b-wiki_page_userpagezacherysj_created_by_milagros,m7gbai.gq2df@www.lojban.org,1,mail/wikineurotic/threads/2012/95bc2813de9b-wiki_page_userpagezacherysj_created_by_milagros.txt
wikineurotic,0ed8c8595ef2-wiki_page_userpagejeraldu_created_by_tammara_ha,m7gii8.xg8p3@www.lojban.org,1,mail/wikineurotic/threads/2012/0ed8c8595ef2-wiki_page_userpagejeraldu_created_by_tammara_ha.txt
wikineurotic,db04ecc52bc6-wiki_page_userpagefgladys_created_by_carl_whitt,m7gjid.1qeol2@www.lojban.org,1,mail/wikineurotic/threads/2012/db04ecc52bc6-wiki_page_userpagefgladys_created_by_carl_whitt.txt
wikineurotic,7fdd6cd276cb-wiki_page_userpagewilliamc_created_by_lilian_bo,m7gsqf.vtzzv1@www.lojban.org,1,mail/wikineurotic/threads/2012/7fdd6cd276cb-wiki_page_userpagewilliamc_created_by_lilian_bo.txt
wikineurotic,0cb67bca5e37-wiki_page_userpagekellyu_created_by_tanja_parra,m7gvww.jgu3vo@www.lojban.org,1,mail/wikineurotic/threads/2012/0cb67bca5e37-wiki_page_userpagekellyu_created_by_tanja_parra.txt
wikineurotic,904601be7590-wiki_page_userpagemakedakennedy88_created_by_ma,m7h0co.conix4@www.lojban.org,1,mail/wikineurotic/threads/2012/904601be7590-wiki_page_userpagemakedakennedy88_created_by_ma.txt
wikineurotic,216f8c6c4a63-wiki_page_the_complete_lojban_language_changed_,m7hdpe.v99w23@www.lojban.org,1,mail/wikineurotic/threads/2012/216f8c6c4a63-wiki_page_the_complete_lojban_language_changed_.txt
wikineurotic,88ef7605d567-wiki_page_userpagemonikagg_created_by_lucille_r,m7hpek.lmyx57@www.lojban.org,1,mail/wikineurotic/threads/2012/88ef7605d567-wiki_page_userpagemonikagg_created_by_lucille_r.txt
wikineurotic,efab5bf3e312-wiki_page_userpagedylanqdd_created_by_carrie_ho,m7i9z0.kih908@www.lojban.org,1,mail/wikineurotic/threads/2012/efab5bf3e312-wiki_page_userpagedylanqdd_created_by_carrie_ho.txt
wikineurotic,4170d5e7b167-wiki_page_userpageshilohporter72_created_by_lei,m7if2s.gjeqff@www.lojban.org,1,mail/wikineurotic/threads/2012/4170d5e7b167-wiki_page_userpageshilohporter72_created_by_lei.txt
wikineurotic,461b7c7736e9-wiki_page_userpagegloriai_created_by_tanja_crow,m7ig0c.tboarg@www.lojban.org,1,mail/wikineurotic/threads/2012/461b7c7736e9-wiki_page_userpagegloriai_created_by_tanja_crow.txt
wikineurotic,97bac0676ee1-wiki_page_userpagejuanitapmn_created_by_rita_al,m7ii8p.8ax2g0@www.lojban.org,1,mail/wikineurotic/threads/2012/97bac0676ee1-wiki_page_userpagejuanitapmn_created_by_rita_al.txt
wikineurotic,82e96ab495b9-a_file_was_attached_to_jbo_cheat_sheet,m7ijwi.tmoagh@www.lojban.org,6,mail/wikineurotic/threads/2012/82e96ab495b9-a_file_was_attached_to_jbo_cheat_sheet.txt
wikineurotic,c5b9e32ed06f-wiki_page_userpageezekielhh_created_by_keesha_j,m7j3i7.5ytjbt@www.lojban.org,1,mail/wikineurotic/threads/2012/c5b9e32ed06f-wiki_page_userpageezekielhh_created_by_keesha_j.txt
wikineurotic,f8c0cc78cb7e-wiki_page_userpageladonnajo_created_by_preston_,m7lb73.9a9hus@www.lojban.org,1,mail/wikineurotic/threads/2012/f8c0cc78cb7e-wiki_page_userpageladonnajo_created_by_preston_.txt
wikineurotic,86f5488ed922-wiki_page_userpagejeniferbv_created_by_arlie_am,m7lbuq.92lib7@www.lojban.org,1,mail/wikineurotic/threads/2012/86f5488ed922-wiki_page_userpagejeniferbv_created_by_arlie_am.txt
wikineurotic,1ceba687f305-wiki_page_userpagejereuhd_created_by_merrill_pu,m7ll93.koz164@www.lojban.org,1,mail/wikineurotic/threads/2012/1ceba687f305-wiki_page_userpagejereuhd_created_by_merrill_pu.txt
wikineurotic,89f3caa05015-wiki_page_userpagehattie396_created_by_branden_,m7mwry.nmc4dt@www.lojban.org,1,mail/wikineurotic/threads/2012/89f3caa05015-wiki_page_userpagehattie396_created_by_branden_.txt
wikineurotic,eeff88bc3269-wiki_page_userpagemeganfhm_created_by_rosaria_t,m7nba7.rains7@www.lojban.org,1,mail/wikineurotic/threads/2012/eeff88bc3269-wiki_page_userpagemeganfhm_created_by_rosaria_t.txt
wikineurotic,6c36b069d85c-wiki_page_userpagelorenzovin_created_by_karine_,m7ols7.xgijka@www.lojban.org,1,mail/wikineurotic/threads/2012/6c36b069d85c-wiki_page_userpagelorenzovin_created_by_karine_.txt
wikineurotic,245ca6cef269-wiki_page_userpagelawerences_created_by_krista_,m7p0h4.f0koq2@www.lojban.org,1,mail/wikineurotic/threads/2012/245ca6cef269-wiki_page_userpagelawerences_created_by_krista_.txt
wikineurotic,a69262e387fa-wiki_page_userpagemiamidf_created_by_jeffry_gom,m7p761.avtw3d@www.lojban.org,1,mail/wikineurotic/threads/2012/a69262e387fa-wiki_page_userpagemiamidf_created_by_jeffry_gom.txt
wikineurotic,0a149d9604ea-wiki_page_userpagetrinawia_created_by_holley_nu,m7p8ko.gnpc9t@www.lojban.org,1,mail/wikineurotic/threads/2012/0a149d9604ea-wiki_page_userpagetrinawia_created_by_holley_nu.txt
wikineurotic,26de62df8f26-wiki_page_userpagedianawzh_created_by_bebe_joll,m7pqd5.j8es5w@www.lojban.org,1,mail/wikineurotic/threads/2012/26de62df8f26-wiki_page_userpagedianawzh_created_by_bebe_joll.txt
wikineurotic,db0898c90a3f-wiki_page_userpagedamarisqif_created_by_felix_p,m7pugz.iqolsy@www.lojban.org,1,mail/wikineurotic/threads/2012/db0898c90a3f-wiki_page_userpagedamarisqif_created_by_felix_p.txt
wikineurotic,f99ce6a33195-wiki_page_userpageronnieof_created_by_royal_mcc,m7q1qf.6m12md@www.lojban.org,1,mail/wikineurotic/threads/2012/f99ce6a33195-wiki_page_userpageronnieof_created_by_royal_mcc.txt
wikineurotic,4fba8e5de706-wiki_page_userpagelorip_created_by_carl_cress,m7qssl.le45tn@www.lojban.org,1,mail/wikineurotic/threads/2012/4fba8e5de706-wiki_page_userpagelorip_created_by_carl_cress.txt
wikineurotic,1cf952ab765a-wiki_page_userpageionai_created_by_phillipp_may,m7r0ks.ukf3al@www.lojban.org,1,mail/wikineurotic/threads/2012/1cf952ab765a-wiki_page_userpageionai_created_by_phillipp_may.txt
wikineurotic,cd11db90643f-wiki_page_userpagedanialv_created_by_kit_noonan,m7reyu.ti0odl@www.lojban.org,1,mail/wikineurotic/threads/2012/cd11db90643f-wiki_page_userpagedanialv_created_by_kit_noonan.txt
wikineurotic,9d50fac15bc2-wiki_page_basic_english_word_list_changed_by_gl,m7s1tu.eonegh@www.lojban.org,1,mail/wikineurotic/threads/2012/9d50fac15bc2-wiki_page_basic_english_word_list_changed_by_gl.txt
wikineurotic,6de617aae111-wiki_page_userpageminnaxs_created_by_yvette_eld,m7s5qo.7txvan@www.lojban.org,1,mail/wikineurotic/threads/2012/6de617aae111-wiki_page_userpageminnaxs_created_by_yvette_eld.txt
wikineurotic,3dda6d3cef3f-wiki_page_alternate_orthographies_changed_by_gl,m7tfbc.ijvtdn@www.lojban.org,1,mail/wikineurotic/threads/2012/3dda6d3cef3f-wiki_page_alternate_orthographies_changed_by_gl.txt
wikineurotic,7c23d92f2d50-wiki_page_userpageharrisonzl_created_by_traci_p,m7u1xy.95mmiz@www.lojban.org,1,mail/wikineurotic/threads/2012/7c23d92f2d50-wiki_page_userpageharrisonzl_created_by_traci_p.txt
wikineurotic,132ec5218d24-wiki_page_userpagesommerncc_created_by_ellie_ha,m7uqdo.t83p27@www.lojban.org,1,mail/wikineurotic/threads/2012/132ec5218d24-wiki_page_userpagesommerncc_created_by_ellie_ha.txt
wikineurotic,7a9f5b2eee0f-wiki_page_userpagelandolfigiorgianni853_created,m7v07z.bis5jv@www.lojban.org,1,mail/wikineurotic/threads/2012/7a9f5b2eee0f-wiki_page_userpagelandolfigiorgianni853_created.txt
wikineurotic,785d34955a25-wiki_page_userpagecandygup_created_by_everett_m,m7witf.9ecifz@www.lojban.org,1,mail/wikineurotic/threads/2012/785d34955a25-wiki_page_userpagecandygup_created_by_everett_m.txt
wikineurotic,8e1dd179c072-wiki_page_userpagejustinm_created_by_celina_raf,m7wvjl.c5n4b1@www.lojban.org,1,mail/wikineurotic/threads/2012/8e1dd179c072-wiki_page_userpagejustinm_created_by_celina_raf.txt
wikineurotic,5c22029647e5-wiki_page_userpagexavierfrt_created_by_federico,m7x7n0.njhp2b@www.lojban.org,1,mail/wikineurotic/threads/2012/5c22029647e5-wiki_page_userpagexavierfrt_created_by_federico.txt
wikineurotic,725a7e26a621-wiki_page_userpagetodnj_created_by_vicki_saldiv,m7xarm.cnalyl@www.lojban.org,1,mail/wikineurotic/threads/2012/725a7e26a621-wiki_page_userpagetodnj_created_by_vicki_saldiv.txt
wikineurotic,d9455ec1a1fd-wiki_page_userpagektrista_created_by_j%EF%BF%BD,m7y2j6.sef0as@www.lojban.org,1,mail/wikineurotic/threads/2012/d9455ec1a1fd-wiki_page_userpagektrista_created_by_j%EF%BF%BD.txt
wikineurotic,5b0d3994b4e0-wiki_page_userpagecandicey_created_by_alton_mcf,m7zihd.rfht4r@www.lojban.org,1,mail/wikineurotic/threads/2012/5b0d3994b4e0-wiki_page_userpagecandicey_created_by_alton_mcf.txt
wikineurotic,7c3c2397a7bb-wiki_page_userpagerebeccats_created_by_hong_mir,m80zsf.6518qb@www.lojban.org,1,mail/wikineurotic/threads/2012/7c3c2397a7bb-wiki_page_userpagerebeccats_created_by_hong_mir.txt
wikineurotic,4d49cb17b3a2-a_file_was_attached_to_gismu_scoring_algorithm,m8wbtl.i5njbc@www.lojban.org,2,mail/wikineurotic/threads/2012/4d49cb17b3a2-a_file_was_attached_to_gismu_scoring_algorithm.txt
wikineurotic,2e03de44e36b-wiki_page_userpagenilaw_created_by_maisie_croni,m93h7u.ov897r@www.lojban.org,1,mail/wikineurotic/threads/2012/2e03de44e36b-wiki_page_userpagenilaw_created_by_maisie_croni.txt
wikineurotic,645ddd95a284-wiki_page_userpageelisabeths_created_by_lasonya,m93n2c.wpnr9y@www.lojban.org,1,mail/wikineurotic/threads/2012/645ddd95a284-wiki_page_userpageelisabeths_created_by_lasonya.txt
wikineurotic,3ff71627099c-wiki_page_userpagecandacemq_created_by_chad_som,m9734m.jbul4h@www.lojban.org,1,mail/wikineurotic/threads/2012/3ff71627099c-wiki_page_userpagecandacemq_created_by_chad_som.txt
wikineurotic,a24847843263-wiki_page_userpageedmundhu_created_by_novella_g,m98v6h.k6z4ux@www.lojban.org,1,mail/wikineurotic/threads/2012/a24847843263-wiki_page_userpageedmundhu_created_by_novella_g.txt
wikineurotic,34b22b642f26-wiki_page_userpageclintondiy_created_by_titus_c,m98x5b.su70rq@www.lojban.org,1,mail/wikineurotic/threads/2012/34b22b642f26-wiki_page_userpageclintondiy_created_by_titus_c.txt
wikineurotic,e2e44060330a-wiki_page_userpagemadisonfl_created_by_marilou_,m98xtg.g0shnf@www.lojban.org,1,mail/wikineurotic/threads/2012/e2e44060330a-wiki_page_userpagemadisonfl_created_by_marilou_.txt
wikineurotic,834af37c81f7-wiki_page_userpagenmaurice_created_by_candra_pi,m999oz.xahgbk@www.lojban.org,1,mail/wikineurotic/threads/2012/834af37c81f7-wiki_page_userpagenmaurice_created_by_candra_pi.txt
wikineurotic,2b89a4c28664-wiki_page_userpagebarrettx_created_by_hector_ea,m99u4e.na9qpc@www.lojban.org,1,mail/wikineurotic/threads/2012/2b89a4c28664-wiki_page_userpagebarrettx_created_by_hector_ea.txt
wikineurotic,a0c06978118c-wiki_page_userpagefosterdfd_created_by_son_putm,m99yfg.8etgyb@www.lojban.org,1,mail/wikineurotic/threads/2012/a0c06978118c-wiki_page_userpagefosterdfd_created_by_son_putm.txt
wikineurotic,450c340f77bb-wiki_page_userpagekendravbl_created_by_malcolm_,m9a3my.4jajw4@www.lojban.org,1,mail/wikineurotic/threads/2012/450c340f77bb-wiki_page_userpagekendravbl_created_by_malcolm_.txt
wikineurotic,90593fd2658d-wiki_page_userpagetylna_belka_002_created_by_nu,m9a4t0.ops2m7@www.lojban.org,1,mail/wikineurotic/threads/2012/90593fd2658d-wiki_page_userpagetylna_belka_002_created_by_nu.txt
wikineurotic,faae3d2258fd-wiki_page_userpagerosalindf_created_by_geraldo_,m9a6xc.as11mw@www.lojban.org,1,mail/wikineurotic/threads/2012/faae3d2258fd-wiki_page_userpagerosalindf_created_by_geraldo_.txt
wikineurotic,75ed0fc0b659-wiki_page_userpagejarrodfj_created_by_selma_hil,m9aau7.onj0d9@www.lojban.org,1,mail/wikineurotic/threads/2012/75ed0fc0b659-wiki_page_userpagejarrodfj_created_by_selma_hil.txt
wikineurotic,85507b890699-wiki_page_userpageettaol_created_by_alberta_hel,m9adnj.2rv0bl@www.lojban.org,1,mail/wikineurotic/threads/2012/85507b890699-wiki_page_userpageettaol_created_by_alberta_hel.txt
wikineurotic,7369d03ae7f2-wiki_page_userpageterrellph_created_by_hildegar,m86t7i.yx6ltj@www.lojban.org,1,mail/wikineurotic/threads/2012/7369d03ae7f2-wiki_page_userpageterrellph_created_by_hildegar.txt
wikineurotic,0d2ab7d6eccf-wiki_page_userpagedemetriaxc_created_by_demetri,m9am4b.a7wtzp@www.lojban.org,1,mail/wikineurotic/threads/2012/0d2ab7d6eccf-wiki_page_userpagedemetriaxc_created_by_demetri.txt
wikineurotic,52f83d067c1a-wiki_page_userpagebessugg_created_by_swen_batts,m9axdq.croiak@www.lojban.org,1,mail/wikineurotic/threads/2012/52f83d067c1a-wiki_page_userpagebessugg_created_by_swen_batts.txt
wikineurotic,3e8de9ebb3b2-wiki_page_userpagemaritit_created_by_lesli_ault,m9bbd1.wtsxde@www.lojban.org,1,mail/wikineurotic/threads/2012/3e8de9ebb3b2-wiki_page_userpagemaritit_created_by_lesli_ault.txt
wikineurotic,f600b15ddd73-wiki_page_userpagetammyiei_created_by_ingeborg_,m9bdvt.tb1fwl@www.lojban.org,1,mail/wikineurotic/threads/2012/f600b15ddd73-wiki_page_userpagetammyiei_created_by_ingeborg_.txt
wikineurotic,dfcdae42ac68-wiki_page_userpageubrigette_created_by_juanita_,m9ec7m.sedp9b@www.lojban.org,1,mail/wikineurotic/threads/2012/dfcdae42ac68-wiki_page_userpageubrigette_created_by_juanita_.txt
wikineurotic,2bf40cbe7a36-wiki_page_userpageroycetc_created_by_royce_dobb,m88iu3.8n8fc7@www.lojban.org,1,mail/wikineurotic/threads/2012/2bf40cbe7a36-wiki_page_userpageroycetc_created_by_royce_dobb.txt
wikineurotic,74353061e06b-wiki_page_userpagephillippzq_created_by_manuela,m89xlc.625wky@www.lojban.org,1,mail/wikineurotic/threads/2012/74353061e06b-wiki_page_userpagephillippzq_created_by_manuela.txt
wikineurotic,1f029f465495-wiki_page_userpagedelorisuzg_created_by_ludie_b,m8e2uc.ir5m1q@www.lojban.org,1,mail/wikineurotic/threads/2012/1f029f465495-wiki_page_userpagedelorisuzg_created_by_ludie_b.txt
wikineurotic,87b821d15c76-wiki_page_userpagedsteven_created_by_brook_wile,m839hq.froggc@www.lojban.org,1,mail/wikineurotic/threads/2012/87b821d15c76-wiki_page_userpagedsteven_created_by_brook_wile.txt
wikineurotic,da0a05bfa849-wiki_page_userpageduaneuc_created_by_rickey_sch,m8eu5r.3buk1o@www.lojban.org,1,mail/wikineurotic/threads/2012/da0a05bfa849-wiki_page_userpageduaneuc_created_by_rickey_sch.txt
wikineurotic,51971aff35df-wiki_page_userpagechastitywe_created_by_von_rob,m8fdxj.vvmc5u@www.lojban.org,1,mail/wikineurotic/threads/2012/51971aff35df-wiki_page_userpagechastitywe_created_by_von_rob.txt
wikineurotic,28d188255d76-wiki_page_bpfk_section%3A_gismu_issues_changed_,m8h07y.grq43d@www.lojban.org,2,mail/wikineurotic/threads/2012/28d188255d76-wiki_page_bpfk_section%3A_gismu_issues_changed_.txt
wikineurotic,9f7084a67a56-wiki_page_userpagelorraineni_created_by_lazaro_,m8hvnn.74d44g@www.lojban.org,1,mail/wikineurotic/threads/2012/9f7084a67a56-wiki_page_userpagelorraineni_created_by_lazaro_.txt
wikineurotic,1d9dbc1d57d6-wiki_page_userpagemoroccan_mosaic_tiles_created,m8i5y7.fhavul@www.lojban.org,1,mail/wikineurotic/threads/2012/1d9dbc1d57d6-wiki_page_userpagemoroccan_mosaic_tiles_created.txt
wikineurotic,5ab31673a8fe-wiki_page_bpfk_section%3A_sensory_gismu_changed,m8jl6e.87rnyl@www.lojban.org,6,mail/wikineurotic/threads/2012/5ab31673a8fe-wiki_page_bpfk_section%3A_sensory_gismu_changed.txt
wikineurotic,0c9063ae9962-wiki_page_userpagelinwoodvqs_created_by_astrid_,m8lt5f.w3rzr0@www.lojban.org,1,mail/wikineurotic/threads/2012/0c9063ae9962-wiki_page_userpagelinwoodvqs_created_by_astrid_.txt
wikineurotic,fd3ebe521d60-wiki_page_userpagerozellaqqu_created_by_shane_w,m8nwh3.ascrcm@www.lojban.org,1,mail/wikineurotic/threads/2012/fd3ebe521d60-wiki_page_userpagerozellaqqu_created_by_shane_w.txt
wikineurotic,53c093b8483d-wiki_page_userpagekarlrk_created_by_laurene_bos,m8o87d.aeqco4@www.lojban.org,1,mail/wikineurotic/threads/2012/53c093b8483d-wiki_page_userpagekarlrk_created_by_laurene_bos.txt
wikineurotic,96d563d164f2-wiki_page_userpagechesterzae_created_by_dominic,m8onf3.6l8kk2@www.lojban.org,1,mail/wikineurotic/threads/2012/96d563d164f2-wiki_page_userpagechesterzae_created_by_dominic.txt
wikineurotic,b1dc75ee562d-wiki_page_userpageissaceh_created_by_cora_brant,m8p08f.l4sttn@www.lojban.org,1,mail/wikineurotic/threads/2012/b1dc75ee562d-wiki_page_userpageissaceh_created_by_cora_brant.txt
wikineurotic,c32df6cab558-wiki_page_userpageamalstephens72_created_by_bel,m8pdr6.gzwf1q@www.lojban.org,1,mail/wikineurotic/threads/2012/c32df6cab558-wiki_page_userpageamalstephens72_created_by_bel.txt
wikineurotic,719abc16b0b9-wiki_page_gismu_scoring_algorithm_created_by_jo,m8pp4v.f5bsml@www.lojban.org,1,mail/wikineurotic/threads/2012/719abc16b0b9-wiki_page_gismu_scoring_algorithm_created_by_jo.txt
wikineurotic,b8f48bb99743-wiki_page_gismu_creation_algorithm_created_by_j,m8pp7w.kqtrnk@www.lojban.org,1,mail/wikineurotic/threads/2012/b8f48bb99743-wiki_page_gismu_creation_algorithm_created_by_j.txt
wikineurotic,643fb6c2c54d-wiki_page_books_changed_by_selpa'i,m8rbnt.zbzlro@www.lojban.org,1,mail/wikineurotic/threads/2012/643fb6c2c54d-wiki_page_books_changed_by_selpa'i.txt
wikineurotic,f1f44de123d2-wiki_page_gismu_scoring_algorithm_changed_by_jo,m8rf8v.3dqsq7@www.lojban.org,1,mail/wikineurotic/threads/2012/f1f44de123d2-wiki_page_gismu_scoring_algorithm_changed_by_jo.txt
wikineurotic,802f8eaebe5a-wiki_page_l%EF%BF%BDadan_deleted_by_gleki,m8spwm.8efd17@www.lojban.org,1,mail/wikineurotic/threads/2012/802f8eaebe5a-wiki_page_l%EF%BF%BDadan_deleted_by_gleki.txt
wikineurotic,d8d48c1083e8-wiki_page_laadan_deleted_by_admin,m8t672.dyydrn@www.lojban.org,1,mail/wikineurotic/threads/2012/d8d48c1083e8-wiki_page_laadan_deleted_by_admin.txt
wikineurotic,9da728606f34-wiki_page_userpagegailln_created_by_rickey_mcfa,m8umcy.fzvjpt@www.lojban.org,1,mail/wikineurotic/threads/2012/9da728606f34-wiki_page_userpagegailln_created_by_rickey_mcfa.txt
wikineurotic,e2b9f6da8976-wiki_page_userpagedennisru_created_by_irma_patt,m8vfnh.372prg@www.lojban.org,1,mail/wikineurotic/threads/2012/e2b9f6da8976-wiki_page_userpagedennisru_created_by_irma_patt.txt
wikineurotic,30e82acd6890-wiki_page_userpagevector_created_by_michell_bun,m8vql3.1d3ptj@www.lojban.org,1,mail/wikineurotic/threads/2012/30e82acd6890-wiki_page_userpagevector_created_by_michell_bun.txt
wikineurotic,bc56f408598b-wiki_page_userpageleomazcn_created_by_loretta_s,m86q6x.kb1y5k@www.lojban.org,1,mail/wikineurotic/threads/2012/bc56f408598b-wiki_page_userpageleomazcn_created_by_loretta_s.txt
wikineurotic,ebf820c3195a-wiki_page_wavelessonscontinued_changed_by_brend,m8wl6b.9qr3cu@www.lojban.org,1,mail/wikineurotic/threads/2012/ebf820c3195a-wiki_page_wavelessonscontinued_changed_by_brend.txt
wikineurotic,5301851a7787-wiki_page_userpagesuzettedjp_created_by_enid_mc,m8wphw.w4k793@www.lojban.org,1,mail/wikineurotic/threads/2012/5301851a7787-wiki_page_userpagesuzettedjp_created_by_enid_mc.txt
wikineurotic,8ccdef675388-wiki_page_userpageelanajtf_created_by_lyndon_de,m8x35f.iknqc3@www.lojban.org,1,mail/wikineurotic/threads/2012/8ccdef675388-wiki_page_userpageelanajtf_created_by_lyndon_de.txt
wikineurotic,8825f63c339f-wiki_page_userpagesungxh_created_by_emanuel_bra,m920ux.bgyhz2@www.lojban.org,1,mail/wikineurotic/threads/2012/8825f63c339f-wiki_page_userpagesungxh_created_by_emanuel_bra.txt
wikineurotic,8579f147a670-wiki_page_userpagedorriso_created_by_lena_fusco,m9esr5.ttiii3@www.lojban.org,1,mail/wikineurotic/threads/2012/8579f147a670-wiki_page_userpagedorriso_created_by_lena_fusco.txt
wikineurotic,ab0b5db5d4c0-wiki_page_userpageramirop_created_by_john_demar,m9ewl1.1o1t7w@www.lojban.org,1,mail/wikineurotic/threads/2012/ab0b5db5d4c0-wiki_page_userpageramirop_created_by_john_demar.txt
wikineurotic,4dbec0bbebc2-wiki_page_userpagerandalljtl_created_by_cleo_fo,m9f5ri.2m5vpk@www.lojban.org,1,mail/wikineurotic/threads/2012/4dbec0bbebc2-wiki_page_userpagerandalljtl_created_by_cleo_fo.txt
wikineurotic,c1041209928c-wiki_page_userpagedennisv_created_by_nell_lafle,m9f9pz.hph83k@www.lojban.org,1,mail/wikineurotic/threads/2012/c1041209928c-wiki_page_userpagedennisv_created_by_nell_lafle.txt
wikineurotic,d36eab135dc9-wiki_page_userpagesamiracvt_created_by_lindsay_,m9h5xv.atjdmi@www.lojban.org,1,mail/wikineurotic/threads/2012/d36eab135dc9-wiki_page_userpagesamiracvt_created_by_lindsay_.txt
wikineurotic,fa65b3e7ea02-wiki_page_userpagelonnierab_created_by_wilson_d,m9il6p.z8dcsa@www.lojban.org,1,mail/wikineurotic/threads/2012/fa65b3e7ea02-wiki_page_userpagelonnierab_created_by_wilson_d.txt
wikineurotic,e2ea78ea2472-wiki_page_the_complete_lojban_language_changed_,m9k7ww.whil48@www.lojban.org,1,mail/wikineurotic/threads/2012/e2ea78ea2472-wiki_page_the_complete_lojban_language_changed_.txt
wikineurotic,adb228d38716-wiki_page_userpagedonnaxpd_created_by_jina_mart,m9krz5.1ydxar@www.lojban.org,1,mail/wikineurotic/threads/2012/adb228d38716-wiki_page_userpagedonnaxpd_created_by_jina_mart.txt
wikineurotic,2bed2681d77d-wiki_page_userpageabrahamjou_created_by_darwin_,m9md24.fali31@www.lojban.org,1,mail/wikineurotic/threads/2012/2bed2681d77d-wiki_page_userpageabrahamjou_created_by_darwin_.txt
wikineurotic,53f92121492a-wiki_page_userpagegldstock2098_created_by_janin,m9n34w.e8cnoh@www.lojban.org,1,mail/wikineurotic/threads/2012/53f92121492a-wiki_page_userpagegldstock2098_created_by_janin.txt
wikineurotic,1bf06de55054-wiki_page_userpagedeannaduf_created_by_sandra_b,m9nils.x8ujqw@www.lojban.org,1,mail/wikineurotic/threads/2012/1bf06de55054-wiki_page_userpagedeannaduf_created_by_sandra_b.txt
wikineurotic,7b7aa4740c9f-wiki_page_the_princess_and_the_pea_changed_by_s,m9zqbz.46io53@www.lojban.org,16,mail/wikineurotic/threads/2012/7b7aa4740c9f-wiki_page_the_princess_and_the_pea_changed_by_s.txt
wikineurotic,5dae84d8862d-wiki_page_wavelessonscontinued_changed_by_kizos,ma5lu8.pn73hx@www.lojban.org,2,mail/wikineurotic/threads/2012/5dae84d8862d-wiki_page_wavelessonscontinued_changed_by_kizos.txt
wikineurotic,acb0bcd07f14-wiki_page_selci'a_sera'a_lai_pokemon%2E_changed,m9rbeq.ifb9lf@www.lojban.org,4,mail/wikineurotic/threads/2012/acb0bcd07f14-wiki_page_selci'a_sera'a_lai_pokemon%2E_changed.txt
wikineurotic,b75a8fb7ed96-wiki_page_selci'a_sera'a_lai_pokemon%2E_changed,m9qm6n.2kt0z2@www.lojban.org,1,mail/wikineurotic/threads/2012/b75a8fb7ed96-wiki_page_selci'a_sera'a_lai_pokemon%2E_changed.txt
wikineurotic,45fd8bb8a316-wiki_page_userpagepressrtbox_created_by_chad_ca,ma9hzz.ftrlju@www.lojban.org,1,mail/wikineurotic/threads/2012/45fd8bb8a316-wiki_page_userpagepressrtbox_created_by_chad_ca.txt
wikineurotic,a4c376d2b37e-wiki_page_parsing_expression_grammar_created_by,maal9h.4fm23o@www.lojban.org,1,mail/wikineurotic/threads/2012/a4c376d2b37e-wiki_page_parsing_expression_grammar_created_by.txt
wikineurotic,25b5327a433a-wiki_page_jbogenturfa'i_created_by_%2Ealyn%2Epo,maalxd.92w62e@www.lojban.org,1,mail/wikineurotic/threads/2012/25b5327a433a-wiki_page_jbogenturfa'i_created_by_%2Ealyn%2Epo.txt
wikineurotic,e850d04eba68-wiki_page_jbogentufa'i_changed_by_%2Ealyn%2Epos,maalzh.8onatv@www.lojban.org,1,mail/wikineurotic/threads/2012/e850d04eba68-wiki_page_jbogentufa'i_changed_by_%2Ealyn%2Epos.txt
wikineurotic,de00eaa85721-wiki_page_wavelessonscontinuedp2_changed_by_sel,macxjh.c1dl6t@www.lojban.org,2,mail/wikineurotic/threads/2012/de00eaa85721-wiki_page_wavelessonscontinuedp2_changed_by_sel.txt
wikineurotic,d84468c7188f-wiki_page_keyboard_key_names_changed_by_pierrea,maf0re.kraklf@www.lojban.org,1,mail/wikineurotic/threads/2012/d84468c7188f-wiki_page_keyboard_key_names_changed_by_pierrea.txt
wikineurotic,ad2776f0f47a-wiki_page_peg_changed_by_gleki,mag4h4.bj2hwb@www.lojban.org,1,mail/wikineurotic/threads/2012/ad2776f0f47a-wiki_page_peg_changed_by_gleki.txt
wikineurotic,a1927ba9b477-wiki_page_the_complete_lojban_language_%E6%97%A,majmwk.9yelux@www.lojban.org,2,mail/wikineurotic/threads/2012/a1927ba9b477-wiki_page_the_complete_lojban_language_%E6%97%A.txt
wikineurotic,68c97412415f-wiki_page_lojbanic_software_changed_by_brisk,malkr0.xmh3w1@www.lojban.org,2,mail/wikineurotic/threads/2012/68c97412415f-wiki_page_lojbanic_software_changed_by_brisk.txt
wikineurotic,55d071c01db7-wiki_page_userpageadultdating_587_created_by_ly,mamhz1.4dnbbf@www.lojban.org,1,mail/wikineurotic/threads/2012/55d071c01db7-wiki_page_userpageadultdating_587_created_by_ly.txt
wikineurotic,ea79f4e5da4b-wiki_page_wavelessonscontinuedp2_changed_by_kiz,maru18.n044iq@www.lojban.org,2,mail/wikineurotic/threads/2012/ea79f4e5da4b-wiki_page_wavelessonscontinuedp2_changed_by_kiz.txt
wikineurotic,518d2138f5bd-wiki_page_texts_in_lojban_changed_by_remod,masmys.shdtt1@www.lojban.org,2,mail/wikineurotic/threads/2012/518d2138f5bd-wiki_page_texts_in_lojban_changed_by_remod.txt
wikineurotic,94e3bbd0510c-wiki_page_kucyvla_created_by_remod,masniy.tnolsu@www.lojban.org,1,mail/wikineurotic/threads/2012/94e3bbd0510c-wiki_page_kucyvla_created_by_remod.txt
wikineurotic,79d3ccdb914a-a_file_was_attached_to_kucyvla,masnpr.sr8if7@www.lojban.org,2,mail/wikineurotic/threads/2012/79d3ccdb914a-a_file_was_attached_to_kucyvla.txt
wikineurotic,ac6654438525-wiki_page_kucyvla_changed_by_remod,masntj.g57rxc@www.lojban.org,3,mail/wikineurotic/threads/2012/ac6654438525-wiki_page_kucyvla_changed_by_remod.txt
wikineurotic,479219410829-wiki_page_the_logical_language_group_changed_by,matyok.e8xhvg@www.lojban.org,1,mail/wikineurotic/threads/2012/479219410829-wiki_page_the_logical_language_group_changed_by.txt
wikineurotic,3da6f2de718e-wiki_page_what_others_say_about_lojban_changed_,mav1sf.h3d5px@www.lojban.org,1,mail/wikineurotic/threads/2012/3da6f2de718e-wiki_page_what_others_say_about_lojban_changed_.txt
wikineurotic,f7aa33d0a698-wiki_page_the_lojbanic_community_changed_by_mar,mav1xf.rgon2a@www.lojban.org,1,mail/wikineurotic/threads/2012/f7aa33d0a698-wiki_page_the_lojbanic_community_changed_by_mar.txt
wikineurotic,bb765d3bd54e-wiki_page_userpageloansbadcredit564_created_by_,mb3nwc.mx8bf@www.lojban.org,1,mail/wikineurotic/threads/2012/bb765d3bd54e-wiki_page_userpageloansbadcredit564_created_by_.txt
wikineurotic,"713cd200a493-wiki_page_cll,_aka_reference_grammar,_errata_ch",mb4ccf.udqjsr@www.lojban.org,2,"mail/wikineurotic/threads/2012/713cd200a493-wiki_page_cll,_aka_reference_grammar,_errata_ch.txt"
wikineurotic,"b7a2efe8df4a-wiki_page_cll,_aka_reference_grammar,_errata_ch",mb4i8o.fimotj@www.lojban.org,1,"mail/wikineurotic/threads/2012/b7a2efe8df4a-wiki_page_cll,_aka_reference_grammar,_errata_ch.txt"
wikineurotic,5c748993fc01-a_file_was_attached_to_lojban_anthem,mb5cyr.hgcjnr@www.lojban.org,1,mail/wikineurotic/threads/2012/5c748993fc01-a_file_was_attached_to_lojban_anthem.txt
wikineurotic,1d6af6207f76-wiki_page_lojban_anthem_changed_by_tijlan,mb5dal.nyj674@www.lojban.org,1,mail/wikineurotic/threads/2012/1d6af6207f76-wiki_page_lojban_anthem_changed_by_tijlan.txt
wikineurotic,c2b7a0484dc4-wiki_page_userpagelifeinsurancequotes22_created,m9ye23.8c0e1d@www.lojban.org,1,mail/wikineurotic/threads/2012/c2b7a0484dc4-wiki_page_userpagelifeinsurancequotes22_created.txt
wikineurotic,93498a731299-wiki_page_userpagesunguu_created_by_jean_girard,m9of6i.v63va5@www.lojban.org,1,mail/wikineurotic/threads/2012/93498a731299-wiki_page_userpagesunguu_created_by_jean_girard.txt
wikineurotic,51fc597eb581-wiki_page_%E5%B9%B4%E8%A1%A8_created_by_marica_,m9zcu9.902ym8@www.lojban.org,1,mail/wikineurotic/threads/2012/51fc597eb581-wiki_page_%E5%B9%B4%E8%A1%A8_created_by_marica_.txt
wikineurotic,1728371d5dab-wiki_page_%E5%B9%B4%E8%A1%A8_changed_by_marica_,m9zk4t.6owrwk@www.lojban.org,1,mail/wikineurotic/threads/2012/1728371d5dab-wiki_page_%E5%B9%B4%E8%A1%A8_changed_by_marica_.txt
wikineurotic,646c0d51d354-wiki_page_texts_in_lojban_changed_by_selpa'i,m9zpmc.clxsuu@www.lojban.org,1,mail/wikineurotic/threads/2012/646c0d51d354-wiki_page_texts_in_lojban_changed_by_selpa'i.txt
wikineurotic,fbf53814d1c9-wiki_page_the_princess_and_the_pea_created_by_s,m9zqaa.tai9w1@www.lojban.org,1,mail/wikineurotic/threads/2012/fbf53814d1c9-wiki_page_the_princess_and_the_pea_created_by_s.txt
wikineurotic,6915058cd0c0-wiki_page_userpagetarenyq_created_by_damion_moo,m9ojh6.eir8y9@www.lojban.org,1,mail/wikineurotic/threads/2012/6915058cd0c0-wiki_page_userpagetarenyq_created_by_damion_moo.txt
wikineurotic,edddee8d550a-wiki_page_the_princess_and_the_pea_changed_by_l,ma1hnf.afkrl1@www.lojban.org,13,mail/wikineurotic/threads/2012/edddee8d550a-wiki_page_the_princess_and_the_pea_changed_by_l.txt
wikineurotic,848082dd14b1-wiki_page_userpagefinance242_created_by_bettye_,m9qbiz.l6a8l7@www.lojban.org,1,mail/wikineurotic/threads/2012/848082dd14b1-wiki_page_userpagefinance242_created_by_bettye_.txt
wikineurotic,d9e8fd352525-wiki_page_the_princess_and_the_pea_changed_by_j,ma3e4n.yh955q@www.lojban.org,2,mail/wikineurotic/threads/2012/d9e8fd352525-wiki_page_the_princess_and_the_pea_changed_by_j.txt
wikineurotic,51997d9d773b-wiki_page_userpagemicaelaxx_created_by_anton_ov,m9qh3q.3fv46d@www.lojban.org,1,mail/wikineurotic/threads/2012/51997d9d773b-wiki_page_userpagemicaelaxx_created_by_anton_ov.txt
wikineurotic,368bfe434369-wiki_page_software_assisted_learning_changed_by,ma55a8.bere24@www.lojban.org,1,mail/wikineurotic/threads/2012/368bfe434369-wiki_page_software_assisted_learning_changed_by.txt
wikineurotic,7c55813f76cd-wiki_page_memriseconventions_created_by_marica_,ma5675.yccfc4@www.lojban.org,1,mail/wikineurotic/threads/2012/7c55813f76cd-wiki_page_memriseconventions_created_by_marica_.txt
wikineurotic,f4ed2cf0fa8d-wiki_page_userpagefree_adult_chat59_created_by_,mbjq52.w1gomv@www.lojban.org,1,mail/wikineurotic/threads/2012/f4ed2cf0fa8d-wiki_page_userpagefree_adult_chat59_created_by_.txt
wikineurotic,11c08714cee6-wiki_page_qwertasdf_changed_by_lagejyspa,mbov2f.1199v9@www.lojban.org,1,mail/wikineurotic/threads/2012/11c08714cee6-wiki_page_qwertasdf_changed_by_lagejyspa.txt
wikineurotic,10883dad3bf7-wiki_page_meeting_other_lojbanists_changed_by_v,mbtzpc.tt1omt@www.lojban.org,1,mail/wikineurotic/threads/2012/10883dad3bf7-wiki_page_meeting_other_lojbanists_changed_by_v.txt
wikineurotic,307f45067993-wiki_page_cmevla_created_by_eimi,mbc45m.4m4em8@www.lojban.org,1,mail/wikineurotic/threads/2012/307f45067993-wiki_page_cmevla_created_by_eimi.txt
wikineurotic,db1d0a75b554-wiki_page_bpfk_section%3A_aspect_changed_by_xor,mc402e.8u93ry@www.lojban.org,1,mail/wikineurotic/threads/2012/db1d0a75b554-wiki_page_bpfk_section%3A_aspect_changed_by_xor.txt
wikineurotic,9b77e06cb421-wiki_page_the_princess_and_the_pea_changed_by_l,mbf969.5q9mwz@www.lojban.org,3,mail/wikineurotic/threads/2012/9b77e06cb421-wiki_page_the_princess_and_the_pea_changed_by_l.txt
wikineurotic,17148bfb8eec-wiki_page_lambda_calculus_changed_by_zort,mccto1.1ovafo@www.lojban.org,1,mail/wikineurotic/threads/2012/17148bfb8eec-wiki_page_lambda_calculus_changed_by_zort.txt
wikineurotic,246ec808189b-wiki_page_currently_proposed_experimental_cmavo,mcjhhc.gtv0ya@www.lojban.org,4,mail/wikineurotic/threads/2012/246ec808189b-wiki_page_currently_proposed_experimental_cmavo.txt
wikineurotic,cccd0f0b70c5-wiki_page_ci'oi_created_by_guskant,mcjiab.9hyb7c@www.lojban.org,1,mail/wikineurotic/threads/2012/cccd0f0b70c5-wiki_page_ci'oi_created_by_guskant.txt
wikineurotic,41c79112490f-wiki_page_tai'i_created_by_guskant,mcjj42.iftkmr@www.lojban.org,1,mail/wikineurotic/threads/2012/41c79112490f-wiki_page_tai'i_created_by_guskant.txt
wikineurotic,4e1315a1e713-wiki_page_ci'oi_changed_by_guskant,mcjj6i.bbxkw2@www.lojban.org,6,mail/wikineurotic/threads/2012/4e1315a1e713-wiki_page_ci'oi_changed_by_guskant.txt
wikineurotic,12fbbc726f21-wiki_page_phenomimes_and_psychomimes_created_by,mcjjq4.kwwr6c@www.lojban.org,1,mail/wikineurotic/threads/2012/12fbbc726f21-wiki_page_phenomimes_and_psychomimes_created_by.txt
wikineurotic,4945c41d4497-wiki_page_tai'i_changed_by_guskant,mcjjxe.pl0pa5@www.lojban.org,5,mail/wikineurotic/threads/2012/4945c41d4497-wiki_page_tai'i_changed_by_guskant.txt
wikineurotic,be8d3011bacc-wiki_page_currently_used_experimental_cmavo_cha,mcjk9n.m3zhoj@www.lojban.org,1,mail/wikineurotic/threads/2012/be8d3011bacc-wiki_page_currently_used_experimental_cmavo_cha.txt
wikineurotic,f9960057c082-wiki_page_phenomimes_and_psychomimes_changed_by,mcr6qc.f17sx6@www.lojban.org,1,mail/wikineurotic/threads/2012/f9960057c082-wiki_page_phenomimes_and_psychomimes_changed_by.txt
wikineurotic,cc1edfbe3490-wiki_page_la_balselfri_be_la_ceitsa_ku_pamoi_cr,md98ro.oa7ziu@www.lojban.org,1,mail/wikineurotic/threads/2012/cc1edfbe3490-wiki_page_la_balselfri_be_la_ceitsa_ku_pamoi_cr.txt
wikineurotic,e31a600dbe29-wiki_page_la_balselfri_be_la_ceitsa_ku_pamoi_ch,md98zh.56vxmq@www.lojban.org,2,mail/wikineurotic/threads/2012/e31a600dbe29-wiki_page_la_balselfri_be_la_ceitsa_ku_pamoi_ch.txt
wikineurotic,8ecf5b032282-wiki_page_ko'oi_created_by_guskant,mdmvq2.hkmgv0@www.lojban.org,1,mail/wikineurotic/threads/2012/8ecf5b032282-wiki_page_ko'oi_created_by_guskant.txt
wikineurotic,bc53301d2cb8-wiki_page_todo_list_for_the_new_wiki_created_by,mdmwj7.7ow72v@www.lojban.org,1,mail/wikineurotic/threads/2012/bc53301d2cb8-wiki_page_todo_list_for_the_new_wiki_created_by.txt
wikineurotic,535d7ffd5f28-wiki_page_todo_list_for_the_new_wiki_changed_by,mdmwq9.s7tx2r@www.lojban.org,1,mail/wikineurotic/threads/2012/535d7ffd5f28-wiki_page_todo_list_for_the_new_wiki_changed_by.txt
wikineurotic,3f63ee238eec-wiki_page_ko'oi_changed_by_guskant,mdn36e.re4urg@www.lojban.org,1,mail/wikineurotic/threads/2012/3f63ee238eec-wiki_page_ko'oi_changed_by_guskant.txt
wikineurotic,fec080c52b2c-wiki_page_todo_list_for_the_new_wiki_changed_by,mdn6jj.9jimrm@www.lojban.org,1,mail/wikineurotic/threads/2012/fec080c52b2c-wiki_page_todo_list_for_the_new_wiki_changed_by.txt
wikineurotic,47ad122b6614-wiki_page_llg_members_changed_by_alisajidimami,mds378.5vgbck@www.lojban.org,1,mail/wikineurotic/threads/2012/47ad122b6614-wiki_page_llg_members_changed_by_alisajidimami.txt
wikineurotic,0970c60b8877-wiki_page_bpfk_section%3A_irrealis_attitudinals,md6q7y.lfwigd@www.lojban.org,1,mail/wikineurotic/threads/2012/0970c60b8877-wiki_page_bpfk_section%3A_irrealis_attitudinals.txt
wikineurotic,42bf7616e154-wiki_page_the_complete_lojban_language_changed_,mdstnn.xswcra@www.lojban.org,1,mail/wikineurotic/threads/2012/42bf7616e154-wiki_page_the_complete_lojban_language_changed_.txt
wikineurotic,1be370956312-wiki_page_la_tsani_changed_by_jacob,md971t.koxvaz@www.lojban.org,1,mail/wikineurotic/threads/2012/1be370956312-wiki_page_la_tsani_changed_by_jacob.txt
wikineurotic,23e78bfde74b-wiki_page_lo_ke_se_ciska_ja_se_finti_ke'e_be_la,md979z.phcszt@www.lojban.org,1,mail/wikineurotic/threads/2012/23e78bfde74b-wiki_page_lo_ke_se_ciska_ja_se_finti_ke'e_be_la.txt
wikineurotic,ae3e046d9e9d-wiki_page_la_balselfri_be_la_ceitsa_created_by_,md97w9.pmi1h4@www.lojban.org,1,mail/wikineurotic/threads/2012/ae3e046d9e9d-wiki_page_la_balselfri_be_la_ceitsa_created_by_.txt
wikineurotic,3e4c8bc66ab8-wiki_page_bpfk_section%3A_gismu_issues_changed_,meh6h1.j3sxto@www.lojban.org,1,mail/wikineurotic/threads/2012/3e4c8bc66ab8-wiki_page_bpfk_section%3A_gismu_issues_changed_.txt
wikineurotic,66ddc58701e4-wiki_page_selpa'i_changed_by_selpa'i,mehddy.4n0h67@www.lojban.org,1,mail/wikineurotic/threads/2012/66ddc58701e4-wiki_page_selpa'i_changed_by_selpa'i.txt
wikineurotic,f537674e976b-wiki_page_the_nbl_experiment_created_by_selpa'i,meihrg.99p363@www.lojban.org,1,mail/wikineurotic/threads/2012/f537674e976b-wiki_page_the_nbl_experiment_created_by_selpa'i.txt
wikineurotic,07edfaf2c60b-wiki_page_the_nbl_experiment_changed_by_selpa'i,meii4n.hij5qx@www.lojban.org,11,mail/wikineurotic/threads/2012/07edfaf2c60b-wiki_page_the_nbl_experiment_changed_by_selpa'i.txt
wikineurotic,067b98f147dc-wiki_page_rafsi_zi'evla_created_by_selpa'i,mef8p7.8201a@www.lojban.org,1,mail/wikineurotic/threads/2012/067b98f147dc-wiki_page_rafsi_zi'evla_created_by_selpa'i.txt
wikineurotic,94f3604ab19b-wiki_page_the_nbl_experiment_changed_by_gleki,merzoa.nfihyd@www.lojban.org,1,mail/wikineurotic/threads/2012/94f3604ab19b-wiki_page_the_nbl_experiment_changed_by_gleki.txt
wikineurotic,7ab0999662d1-wiki_page_the_nbl_experiment_changed_by_luke_be,mesjq7.p6zxml@www.lojban.org,1,mail/wikineurotic/threads/2012/7ab0999662d1-wiki_page_the_nbl_experiment_changed_by_luke_be.txt
wikineurotic,9af450a09586-wiki_page_lojban_etymology_changed_by_zort,mf3b1k.s64dkd@www.lojban.org,1,mail/wikineurotic/threads/2012/9af450a09586-wiki_page_lojban_etymology_changed_by_zort.txt
wikineurotic,ab3f9b0a22c2-wiki_page_rafsi_zi'evla_changed_by_selpa'i,mef9lr.so0xi3@www.lojban.org,3,mail/wikineurotic/threads/2012/ab3f9b0a22c2-wiki_page_rafsi_zi'evla_changed_by_selpa'i.txt
wikineurotic,8812ff6920de-wiki_page_official_parser_changed_by_phrike,mf6wuz.syb43n@www.lojban.org,1,mail/wikineurotic/threads/2012/8812ff6920de-wiki_page_official_parser_changed_by_phrike.txt
wikineurotic,d7b9556b377e-wiki_page_user1231_created_by_iurok,mf7n3w.kwvaua@www.lojban.org,1,mail/wikineurotic/threads/2012/d7b9556b377e-wiki_page_user1231_created_by_iurok.txt
wikineurotic,d37103486dc4-wiki_page_user1231_changed_by_iurok,mf7nhq.rwhj6n@www.lojban.org,3,mail/wikineurotic/threads/2012/d37103486dc4-wiki_page_user1231_changed_by_iurok.txt
wikineurotic,df88130587b1-wiki_page_the_nbl_experiment_changed_by_klaki,mf8vjn.q5yafi@www.lojban.org,1,mail/wikineurotic/threads/2012/df88130587b1-wiki_page_the_nbl_experiment_changed_by_klaki.txt
wikineurotic,ccbad018e0d4-wiki_page_lojbanic_software_changed_by_zort,mff2kt.ywpcxv@www.lojban.org,1,mail/wikineurotic/threads/2012/ccbad018e0d4-wiki_page_lojbanic_software_changed_by_zort.txt
wikineurotic,"81e8ac3d257f-wiki_page_dictionaries,_glossers_and_parsers_ch",mff3ao.79c71r@www.lojban.org,1,"mail/wikineurotic/threads/2012/81e8ac3d257f-wiki_page_dictionaries,_glossers_and_parsers_ch.txt"
wikineurotic,4f8ba5ee4426-wiki_page_tiki_administration_created_by_marcla,mfhoxw.3ucxv@www.lojban.org,1,mail/wikineurotic/threads/2012/4f8ba5ee4426-wiki_page_tiki_administration_created_by_marcla.txt
wikineurotic,6db166a25137-wiki_page_tiki_administration_changed_by_marcla,mfhp23.ouscqr@www.lojban.org,4,mail/wikineurotic/threads/2012/6db166a25137-wiki_page_tiki_administration_changed_by_marcla.txt
wikineurotic,2736d5da8868-wiki_page_anglan_changed_by_zort,mfhz3z.3520r8@www.lojban.org,1,mail/wikineurotic/threads/2012/2736d5da8868-wiki_page_anglan_changed_by_zort.txt
wikineurotic,4fd6b1c8a21f-wiki_page_the_nbl_experiment_changed_by_iurok,mfkqbp.uv2hy@www.lojban.org,1,mail/wikineurotic/threads/2012/4fd6b1c8a21f-wiki_page_the_nbl_experiment_changed_by_iurok.txt
wikineurotic,d1893c071e0c-wiki_page_gismu_%21%3D_primitives_changed_by_zo,mfnud1.39e56r@www.lojban.org,1,mail/wikineurotic/threads/2012/d1893c071e0c-wiki_page_gismu_%21%3D_primitives_changed_by_zo.txt
wikineurotic,e985e781d696-wiki_page_the_princess_and_the_pea_changed_by_k,mfop0f.du42mh@www.lojban.org,2,mail/wikineurotic/threads/2012/e985e781d696-wiki_page_the_princess_and_the_pea_changed_by_k.txt
wikineurotic,5ac8f41e6d0a-wiki_page_books_changed_by_la_mlatus,mfq6gh.cnh8tl@www.lojban.org,1,mail/wikineurotic/threads/2012/5ac8f41e6d0a-wiki_page_books_changed_by_la_mlatus.txt
wikineurotic,6bb9ec8ca159-wiki_page_prolog_tools_changed_by_kigyd,mfuhom.fkqkuv@www.lojban.org,1,mail/wikineurotic/threads/2012/6bb9ec8ca159-wiki_page_prolog_tools_changed_by_kigyd.txt
wikineurotic,ec0f67e5e1d3-wiki_page_functional_vocabulary_list_deleted_by,mfutoi.yc5xx3@www.lojban.org,1,mail/wikineurotic/threads/2012/ec0f67e5e1d3-wiki_page_functional_vocabulary_list_deleted_by.txt
wikineurotic,f98090e6ea15-wiki_page_vocabulary_changed_by_gleki,mfutqz.u9olwb@www.lojban.org,1,mail/wikineurotic/threads/2012/f98090e6ea15-wiki_page_vocabulary_changed_by_gleki.txt
wikineurotic,"5c9d206112ee-wiki_page_cll,_aka_reference_grammar,_errata_ch",mg16sr.byax9u@www.lojban.org,1,"mail/wikineurotic/threads/2013/5c9d206112ee-wiki_page_cll,_aka_reference_grammar,_errata_ch.txt"
wikineurotic,346a7e23a7e0-wiki_page_hvad_er_lojban%3F_changed_by_klaki,mg5pmm.488cyf@www.lojban.org,1,mail/wikineurotic/threads/2013/346a7e23a7e0-wiki_page_hvad_er_lojban%3F_changed_by_klaki.txt
wikineurotic,d2cae15041fc-wiki_page_wavelessonscontinued_changed_by_snanu,mga0lv.pc2c1t@www.lojban.org,18,mail/wikineurotic/threads/2013/d2cae15041fc-wiki_page_wavelessonscontinued_changed_by_snanu.txt
wikineurotic,b1d10eafd490-wiki_page_semantic_categorization_of_gismu_crea,mga49c.x8ssom@www.lojban.org,1,mail/wikineurotic/threads/2013/b1d10eafd490-wiki_page_semantic_categorization_of_gismu_crea.txt
wikineurotic,b3ca527348b5-a_file_was_attached_to_multimedia,mfzn1b.m43rdi@www.lojban.org,2,mail/wikineurotic/threads/2013/b3ca527348b5-a_file_was_attached_to_multimedia.txt
wikineurotic,eeb3e9935800-wiki_page_semantic_categorization_of_gismu_chan,mga6nx.1gomoe@www.lojban.org,4,mail/wikineurotic/threads/2013/eeb3e9935800-wiki_page_semantic_categorization_of_gismu_chan.txt
wikineurotic,504d1505921d-wiki_page_multimedia_changed_by_jonathan_jones,mfznaw.rgvt4z@www.lojban.org,3,mail/wikineurotic/threads/2013/504d1505921d-wiki_page_multimedia_changed_by_jonathan_jones.txt
wikineurotic,2d56ab39eeda-wiki_page_wavelessonscontinuedp2_changed_by_sna,mge0gf.ikcl7y@www.lojban.org,1,mail/wikineurotic/threads/2013/2d56ab39eeda-wiki_page_wavelessonscontinuedp2_changed_by_sna.txt
wikineurotic,5ea951ea019e-wiki_page_allyourbase_changed_by_zort,mgf4gk.6k15ql@www.lojban.org,2,mail/wikineurotic/threads/2013/5ea951ea019e-wiki_page_allyourbase_changed_by_zort.txt
wikineurotic,77377918f0ad-wiki_page_mumble_changed_by_iurok,mgfbdv.qqmw07@www.lojban.org,2,mail/wikineurotic/threads/2013/77377918f0ad-wiki_page_mumble_changed_by_iurok.txt
wikineurotic,68bd6e8e1062-wiki_page_texts_in_lojban_changed_by_remod,mgk642.hjfs9t@www.lojban.org,4,mail/wikineurotic/threads/2013/68bd6e8e1062-wiki_page_texts_in_lojban_changed_by_remod.txt
wikineurotic,44c6e193c162-a_file_was_attached_to_word_lists,mgkpzb.j2h6fx@www.lojban.org,1,mail/wikineurotic/threads/2013/44c6e193c162-a_file_was_attached_to_word_lists.txt
wikineurotic,1eb5a7c37276-wiki_page_bevezet%C3%A9s_changed_by_kapos,mgpovm.fq1a8z@www.lojban.org,1,mail/wikineurotic/threads/2013/1eb5a7c37276-wiki_page_bevezet%C3%A9s_changed_by_kapos.txt
wikineurotic,a1464c0aee2d-wiki_page_viktor_medrano_changed_by_viktor,mgujav.fb2c2x@www.lojban.org,2,mail/wikineurotic/threads/2013/a1464c0aee2d-wiki_page_viktor_medrano_changed_by_viktor.txt
wikineurotic,d025617ab423-wiki_page_lojbanic_software_changed_by_feilen,mgurt0.6dpt29@www.lojban.org,3,mail/wikineurotic/threads/2013/d025617ab423-wiki_page_lojbanic_software_changed_by_feilen.txt
wikineurotic,b4f0a551a0c8-wiki_page_bpfk_section%3A_gismu_issues_changed_,mh01ak.678d5f@www.lojban.org,5,mail/wikineurotic/threads/2013/b4f0a551a0c8-wiki_page_bpfk_section%3A_gismu_issues_changed_.txt
wikineurotic,"f164a50ff5b5-wiki_page_suggestions_for_cll,_second_edition_c",mh432f.37qv5n@www.lojban.org,3,"mail/wikineurotic/threads/2013/f164a50ff5b5-wiki_page_suggestions_for_cll,_second_edition_c.txt"
wikineurotic,891a2a1dfa42-wiki_page_user3650_created_by_acoyoa_chaemetay,mhgp0i.lu59ai@www.lojban.org,1,mail/wikineurotic/threads/2013/891a2a1dfa42-wiki_page_user3650_created_by_acoyoa_chaemetay.txt
wikineurotic,ba0532abab89-wiki_page_popular_pages_changed_by_zort,mhgs9x.p2y5bh@lojban.org,1,mail/wikineurotic/threads/2013/ba0532abab89-wiki_page_popular_pages_changed_by_zort.txt
wikineurotic,a3ea61d9ad23-wiki_page_public_pages_changed_by_zort,mhgsyg.iye05h@www.lojban.org,1,mail/wikineurotic/threads/2013/a3ea61d9ad23-wiki_page_public_pages_changed_by_zort.txt
wikineurotic,f68ec842cbf9-wiki_page_wavelessonscontinuedp2_changed_by_kla,mhz3kz.vj656r@www.lojban.org,2,mail/wikineurotic/threads/2013/f68ec842cbf9-wiki_page_wavelessonscontinuedp2_changed_by_kla.txt
wikineurotic,978fd46c1407-wiki_page_the_princess_and_the_pea_changed_by_s,mhzcmb.hk450f@www.lojban.org,1,mail/wikineurotic/threads/2013/978fd46c1407-wiki_page_the_princess_and_the_pea_changed_by_s.txt
wikineurotic,c8af2a29b973-wiki_page_books_changed_by_gleki,mife61.rx2m20@www.lojban.org,1,mail/wikineurotic/threads/2013/c8af2a29b973-wiki_page_books_changed_by_gleki.txt
wikineurotic,d2f1dbde669d-wiki_page_wavelessonscontinued_changed_by_klaki,miqewm.itl43o@www.lojban.org,1,mail/wikineurotic/threads/2013/d2f1dbde669d-wiki_page_wavelessonscontinued_changed_by_klaki.txt
wikineurotic,7d062d07a208-wiki_page_wavelessonscontinuedp3_changed_by_kla,miqf9k.qa2r3n@www.lojban.org,1,mail/wikineurotic/threads/2013/7d062d07a208-wiki_page_wavelessonscontinuedp3_changed_by_kla.txt
wikineurotic,1e96201462e2-wiki_page_zdilisri_changed_by_pierreabbat,mithdo.rz7bjg@www.lojban.org,1,mail/wikineurotic/threads/2013/1e96201462e2-wiki_page_zdilisri_changed_by_pierreabbat.txt
wikineurotic,3c77d7d42a08-wiki_page_wavelessonscontinuedp2_changed_by_gle,miu2ge.8rmmoe@www.lojban.org,3,mail/wikineurotic/threads/2013/3c77d7d42a08-wiki_page_wavelessonscontinuedp2_changed_by_gle.txt
wikineurotic,b5f4d38ce31a-wiki_page_wavelessonscontinuedp3_changed_by_gle,miu8mf.zej94r@www.lojban.org,4,mail/wikineurotic/threads/2013/b5f4d38ce31a-wiki_page_wavelessonscontinuedp3_changed_by_gle.txt
wikineurotic,93a7c7c63d05-wiki_page_lojban_%28fr%29_changed_by_sinma,mhk7r0.qbz7bn@www.lojban.org,1,mail/wikineurotic/threads/2013/93a7c7c63d05-wiki_page_lojban_%28fr%29_changed_by_sinma.txt
wikineurotic,e9cb4e7e1429-wiki_page_wavelessonscontinued_changed_by_gleki,miw2v3.v8x664@www.lojban.org,23,mail/wikineurotic/threads/2013/e9cb4e7e1429-wiki_page_wavelessonscontinued_changed_by_gleki.txt
wikineurotic,cd43bb2ad51f-wiki_page_la_teris%2E_po'u_lo_tirxu_cu_vitke_zi,mj7jlg.t5qfbu@www.lojban.org,1,mail/wikineurotic/threads/2013/cd43bb2ad51f-wiki_page_la_teris%2E_po'u_lo_tirxu_cu_vitke_zi.txt
wikineurotic,24abb3fd554e-wiki_page_le_gusta_co_minde_mutce_changed_by_gl,mj5085.rf0mjc@www.lojban.org,2,mail/wikineurotic/threads/2013/24abb3fd554e-wiki_page_le_gusta_co_minde_mutce_changed_by_gl.txt
wikineurotic,9b42a9d04721-wiki_page_how_to_say_it_in_lojban_changed_by_pi,mjnvp1.df0how@www.lojban.org,1,mail/wikineurotic/threads/2013/9b42a9d04721-wiki_page_how_to_say_it_in_lojban_changed_by_pi.txt
wikineurotic,4a9dfa8417ac-wiki_page_one_third_as_much_water_as_potatoes_c,mjnwgn.3oepjm@www.lojban.org,1,mail/wikineurotic/threads/2013/4a9dfa8417ac-wiki_page_one_third_as_much_water_as_potatoes_c.txt
wikineurotic,ab86a29f0424-wiki_page_user4563_created_by_janifar18,mjqm4a.vuxl3c@www.lojban.org,1,mail/wikineurotic/threads/2013/ab86a29f0424-wiki_page_user4563_created_by_janifar18.txt
wikineurotic,c8b25acb04f2-wiki_page_user4563_changed_by_janifar18,mjqm83.ax4i3p@www.lojban.org,2,mail/wikineurotic/threads/2013/c8b25acb04f2-wiki_page_user4563_changed_by_janifar18.txt
wikineurotic,cba99fa5fc3b-wiki_page_user4563_deleted_by_gleki,mjr3d8.l4n8bv@www.lojban.org,1,mail/wikineurotic/threads/2013/cba99fa5fc3b-wiki_page_user4563_deleted_by_gleki.txt
wikineurotic,19f4a491deae-wiki_page_le_gusta_co_minde_mutce_changed_by_ti,mj1kib.ysfeuf@www.lojban.org,1,mail/wikineurotic/threads/2013/19f4a491deae-wiki_page_le_gusta_co_minde_mutce_changed_by_ti.txt
wikineurotic,59ac9f13468e-wiki_page_spy_software_created_by_johnjoules,mjzt4y.kls2wy@www.lojban.org,1,mail/wikineurotic/threads/2013/59ac9f13468e-wiki_page_spy_software_created_by_johnjoules.txt
wikineurotic,b32b8b46f390-wiki_page_spy_software_deleted_by_gleki,mk0f9e.bpouxd@www.lojban.org,1,mail/wikineurotic/threads/2013/b32b8b46f390-wiki_page_spy_software_deleted_by_gleki.txt
wikineurotic,496a60e91f8b-wiki_page_gua%5Cspi_changed_by_guo,mke7jh.vcq48e@www.lojban.org,2,mail/wikineurotic/threads/2013/496a60e91f8b-wiki_page_gua%5Cspi_changed_by_guo.txt
wikineurotic,13138c2d3e85-wiki_page_la_snime_blabi_changed_by_selpa'i,mkj9sc.kkwhn5@www.lojban.org,5,mail/wikineurotic/threads/2013/13138c2d3e85-wiki_page_la_snime_blabi_changed_by_selpa'i.txt
wikineurotic,73d0cb0ad776-wiki_page_bpfk_section%3A_sensory_gismu_changed,mkwcgm.szvy93@www.lojban.org,5,mail/wikineurotic/threads/2013/73d0cb0ad776-wiki_page_bpfk_section%3A_sensory_gismu_changed.txt
wikineurotic,1077d396ce67-wiki_page_wavelessonscontinuedp0_created_by_gle,ml8v89.b63a19@www.lojban.org,1,mail/wikineurotic/threads/2013/1077d396ce67-wiki_page_wavelessonscontinuedp0_created_by_gle.txt
wikineurotic,cd5ca70da92f-wiki_page_wavelessonscontinuedp0_changed_by_gle,ml8vmf.qwqz2g@www.lojban.org,9,mail/wikineurotic/threads/2013/cd5ca70da92f-wiki_page_wavelessonscontinuedp0_changed_by_gle.txt
wikineurotic,bde43fb4ea09-wiki_page_wavelessonscontinuedp0_deleted_by_gle,ml941s.u5thdb@www.lojban.org,1,mail/wikineurotic/threads/2013/bde43fb4ea09-wiki_page_wavelessonscontinuedp0_deleted_by_gle.txt
wikineurotic,1eb48e4a34ec-a_file_was_attached_to_word_frequency_lists,mllpoh.xj40n0@www.lojban.org,2,mail/wikineurotic/threads/2013/1eb48e4a34ec-a_file_was_attached_to_word_frequency_lists.txt
wikineurotic,e44aa902199a-wiki_page_word_frequency_lists_changed_by_gleki,mllpu6.fw4vbc@www.lojban.org,3,mail/wikineurotic/threads/2013/e44aa902199a-wiki_page_word_frequency_lists_changed_by_gleki.txt
wikineurotic,a6b6bc12ddea-wiki_page_le%C3%A7ons_wave_en_fran%C3%A7ais_cre,mm1r7n.zcbdl6@lojban.org,1,mail/wikineurotic/threads/2013/a6b6bc12ddea-wiki_page_le%C3%A7ons_wave_en_fran%C3%A7ais_cre.txt
wikineurotic,2514d93bc740-wiki_page_le%C3%A7ons_wave_en_fran%C3%A7ais_cha,mm1sxt.tk4f9b@lojban.org,41,mail/wikineurotic/threads/2013/2514d93bc740-wiki_page_le%C3%A7ons_wave_en_fran%C3%A7ais_cha.txt
wikineurotic,e240a2f61229-wiki_page_le%C3%A7ons_wave_en_fran%C3%A7ais_cha,mm6qs5.vcl8yr@www.lojban.org,4,mail/wikineurotic/threads/2013/e240a2f61229-wiki_page_le%C3%A7ons_wave_en_fran%C3%A7ais_cha.txt
wikineurotic,cb19c2fb68ad-wiki_page_wavelessonscontinuedp3_changed_by_jac,mmetzn.pslcv@www.lojban.org,1,mail/wikineurotic/threads/2013/cb19c2fb68ad-wiki_page_wavelessonscontinuedp3_changed_by_jac.txt
wikineurotic,7f72e88aa0f8-wiki_page_%E5%AD%A6%E7%BF%92_changed_by_guskant,mn6dgj.qd9488@www.lojban.org,27,mail/wikineurotic/threads/2013/7f72e88aa0f8-wiki_page_%E5%AD%A6%E7%BF%92_changed_by_guskant.txt
wikineurotic,56ef01fe2868-wiki_page_%E6%96%87%E6%9B%B8_changed_by_guskant,mn6jq3.hrdf65@www.lojban.org,2,mail/wikineurotic/threads/2013/56ef01fe2868-wiki_page_%E6%96%87%E6%9B%B8_changed_by_guskant.txt
wikineurotic,9f1134ad5c66-wiki_page_le%C3%A7ons_wave_en_fran%C3%A7ais_cha,mn5q8g.qopyxg@lojban.org,6,mail/wikineurotic/threads/2013/9f1134ad5c66-wiki_page_le%C3%A7ons_wave_en_fran%C3%A7ais_cha.txt
wikineurotic,343e34cce394-wiki_page_la_communaut%C3%A9_lojbane_created_by,mn7c8x.fudri9@www.lojban.org,1,mail/wikineurotic/threads/2013/343e34cce394-wiki_page_la_communaut%C3%A9_lojbane_created_by.txt
wikineurotic,847e2053818a-wiki_page_la_communaut%C3%A9_lojbane_changed_by,mn7cl2.vix7rv@www.lojban.org,1,mail/wikineurotic/threads/2013/847e2053818a-wiki_page_la_communaut%C3%A9_lojbane_changed_by.txt
wikineurotic,77f96882649a-wiki_page_le%C3%A7ons_wave_en_fran%C3%A7ais_p2_,mn7y2l.5mhjll@www.lojban.org,1,mail/wikineurotic/threads/2013/77f96882649a-wiki_page_le%C3%A7ons_wave_en_fran%C3%A7ais_p2_.txt
wikineurotic,3903b20dc3c4-wiki_page_wavelessonscontinuedp2_changed_by_lom,mn85hr.pt75wh@www.lojban.org,2,mail/wikineurotic/threads/2013/3903b20dc3c4-wiki_page_wavelessonscontinuedp2_changed_by_lom.txt
wikineurotic,fafc9dbded85-wiki_page_le%C3%A7ons_wave_en_fran%C3%A7ais_p2_,mn8wfh.mwt1u8@www.lojban.org,1,mail/wikineurotic/threads/2013/fafc9dbded85-wiki_page_le%C3%A7ons_wave_en_fran%C3%A7ais_p2_.txt
wikineurotic,ce3c7ae1411c-wiki_page_le%C3%A7ons_wave_en_fran%C3%A7ais_p2_,mnb7mb.pr2ada@www.lojban.org,6,mail/wikineurotic/threads/2013/ce3c7ae1411c-wiki_page_le%C3%A7ons_wave_en_fran%C3%A7ais_p2_.txt
wikineurotic,f2b248fc0580-wiki_page_wavelessonscontinued_changed_by_dimna,mnbhni.qx83x4@www.lojban.org,7,mail/wikineurotic/threads/2013/f2b248fc0580-wiki_page_wavelessonscontinued_changed_by_dimna.txt
wikineurotic,47b9b499d882-wiki_page_wavelessonscontinued_changed_by_johan,mnbo6u.6oweo5@www.lojban.org,1,mail/wikineurotic/threads/2013/47b9b499d882-wiki_page_wavelessonscontinued_changed_by_johan.txt
wikineurotic,8dad84aa270a-wiki_page_lojbanic_phone_group_changed_by_rprij,mncjxq.w5xvlp@www.lojban.org,1,mail/wikineurotic/threads/2013/8dad84aa270a-wiki_page_lojbanic_phone_group_changed_by_rprij.txt
wikineurotic,068fe4c51038-a_file_was_attached_to_lojban_audio_stories,mncvhz.17btt5@www.lojban.org,1,mail/wikineurotic/threads/2013/068fe4c51038-a_file_was_attached_to_lojban_audio_stories.txt
wikineurotic,53fbedf146e3-wiki_page_lojbanic_forums_changed_by_dimnas,mndph2.s82uy6@www.lojban.org,1,mail/wikineurotic/threads/2013/53fbedf146e3-wiki_page_lojbanic_forums_changed_by_dimnas.txt
wikineurotic,b121dfa421d7-wiki_page_user6831_created_by_dimnas,mneqzn.hdb4q9@www.lojban.org,1,mail/wikineurotic/threads/2013/b121dfa421d7-wiki_page_user6831_created_by_dimnas.txt
wikineurotic,014f72ea4fca-wiki_page_loglan_changed_by_dimnas,mneu16.eklnrq@www.lojban.org,2,mail/wikineurotic/threads/2013/014f72ea4fca-wiki_page_loglan_changed_by_dimnas.txt
wikineurotic,1ada8ebef1ff-wiki_page_pequena_introdu%C3%A7%C3%A3o_do_lojba,mnh11n.ao0owy@www.lojban.org,1,mail/wikineurotic/threads/2013/1ada8ebef1ff-wiki_page_pequena_introdu%C3%A7%C3%A3o_do_lojba.txt
wikineurotic,f1320ea591f1-wiki_page_pequena_introdu%C3%A7%C3%A3o_do_lojba,mnh1ud.ncly44@www.lojban.org,2,mail/wikineurotic/threads/2013/f1320ea591f1-wiki_page_pequena_introdu%C3%A7%C3%A3o_do_lojba.txt
wikineurotic,c9972849e8c8-wiki_page_o_que_outros_dizem_sobre_lojban%3F_cr,mnh5hh.x4tfx8@www.lojban.org,1,mail/wikineurotic/threads/2013/c9972849e8c8-wiki_page_o_que_outros_dizem_sobre_lojban%3F_cr.txt
wikineurotic,a3a912e0c5aa-wiki_page_perguntas_mais_frequentes_created_by_,mnhcja.oecq2w@www.lojban.org,1,mail/wikineurotic/threads/2013/a3a912e0c5aa-wiki_page_perguntas_mais_frequentes_created_by_.txt
wikineurotic,17eaf8086123-wiki_page_perguntas_mais_frequentes_changed_by_,mnhcuo.bcrgjk@www.lojban.org,2,mail/wikineurotic/threads/2013/17eaf8086123-wiki_page_perguntas_mais_frequentes_changed_by_.txt
wikineurotic,bc3863f34d77-a_file_was_attached_to_ko'a_marji_lo_rectu,mnj6vl.2x0jz2@www.lojban.org,1,mail/wikineurotic/threads/2013/bc3863f34d77-a_file_was_attached_to_ko'a_marji_lo_rectu.txt
wikineurotic,"b809fee1ab09-wiki_page_what_is_lojban%3F,_o_livro_%28ingl%C3",mnl3uy.kp6e0s@www.lojban.org,1,"mail/wikineurotic/threads/2013/b809fee1ab09-wiki_page_what_is_lojban%3F,_o_livro_%28ingl%C3.txt"
wikineurotic,01cd979e8cbe-wiki_page_wavelessonscontinued_changed_by_daeld,mnoir6.nle5sc@www.lojban.org,1,mail/wikineurotic/threads/2013/01cd979e8cbe-wiki_page_wavelessonscontinued_changed_by_daeld.txt
wikineurotic,c3747828945e-wiki_page_bpfk_section%3A_gismu_issues_changed_,mn2of1.rk0nsl@www.lojban.org,1,mail/wikineurotic/threads/2013/c3747828945e-wiki_page_bpfk_section%3A_gismu_issues_changed_.txt
wikineurotic,822cb6c2292e-wiki_page_lojban_logo_changed_by_iesk,mn3raf.7orc42@www.lojban.org,1,mail/wikineurotic/threads/2013/822cb6c2292e-wiki_page_lojban_logo_changed_by_iesk.txt
wikineurotic,d0807d2bd842-wiki_page_bpfk_section%3A_place_structure_cmavo,mn5llq.y21l7t@www.lojban.org,1,mail/wikineurotic/threads/2013/d0807d2bd842-wiki_page_bpfk_section%3A_place_structure_cmavo.txt
wikineurotic,19b5315125cc-wiki_page_bpfk_sections_changed_by_jonathan_jon,mn5mvp.up9csg@www.lojban.org,1,mail/wikineurotic/threads/2013/19b5315125cc-wiki_page_bpfk_sections_changed_by_jonathan_jon.txt
wikineurotic,060e857de9d8-wiki_page_%E3%82%B3%E3%83%9F%E3%83%A5%E3%83%8B%,mn6d4h.9yskcy@www.lojban.org,3,mail/wikineurotic/threads/2013/060e857de9d8-wiki_page_%E3%82%B3%E3%83%9F%E3%83%A5%E3%83%8B%.txt
wikineurotic,c7eeac832809-wiki_page_wavelessonscontinuedp2_changed_by_eim,mnvllq.sovawd@www.lojban.org,1,mail/wikineurotic/threads/2013/c7eeac832809-wiki_page_wavelessonscontinuedp2_changed_by_eim.txt
wikineurotic,84b96ee55463-wiki_page_le%C3%A7ons_wave_en_fran%C3%A7ais_p2_,mnvmr4.e2eo8p@www.lojban.org,1,mail/wikineurotic/threads/2013/84b96ee55463-wiki_page_le%C3%A7ons_wave_en_fran%C3%A7ais_p2_.txt
wikineurotic,c0878ae1eb9f-wiki_page_aprendendo_created_by_andreibaque,mnpy01.vbc8is@www.lojban.org,1,mail/wikineurotic/threads/2013/c0878ae1eb9f-wiki_page_aprendendo_created_by_andreibaque.txt
wikineurotic,2a87c3e76e94-wiki_page_terminology_changed_by_jonathan_jones,mnuuzg.ih1rlm@www.lojban.org,1,mail/wikineurotic/threads/2013/2a87c3e76e94-wiki_page_terminology_changed_by_jonathan_jones.txt
wikineurotic,61aa1fa3aeae-wiki_page_wavelessonscontinued_changed_by_eimi,moe3vg.1rndb7@www.lojban.org,1,mail/wikineurotic/threads/2013/61aa1fa3aeae-wiki_page_wavelessonscontinued_changed_by_eimi.txt
wikineurotic,d50774abc199-wiki_page_orden_de_cll_para_principiantes_creat,mofq9p.4o7xh1@www.lojban.org,1,mail/wikineurotic/threads/2013/d50774abc199-wiki_page_orden_de_cll_para_principiantes_creat.txt
wikineurotic,4b19f0d543ad-wiki_page_orden_de_cll_para_principiantes_chang,mofqk6.w8cuxi@www.lojban.org,2,mail/wikineurotic/threads/2013/4b19f0d543ad-wiki_page_orden_de_cll_para_principiantes_chang.txt
wikineurotic,7657275008df-wiki_page_lojban_%28es%29_changed_by_aldoez,mox6by.nz8hqg@www.lojban.org,1,mail/wikineurotic/threads/2013/7657275008df-wiki_page_lojban_%28es%29_changed_by_aldoez.txt
wikineurotic,b0c4f1dcb2ac-wiki_page_how_to_use_xorlo_changed_by_selpa'i,mp2l4o.xu8pd8@www.lojban.org,3,mail/wikineurotic/threads/2013/b0c4f1dcb2ac-wiki_page_how_to_use_xorlo_changed_by_selpa'i.txt
wikineurotic,a1bfd297c86e-wiki_page_wavelessonscontinuedp2_changed_by_ilm,mphdl5.2e1yq0@www.lojban.org,3,mail/wikineurotic/threads/2013/a1bfd297c86e-wiki_page_wavelessonscontinuedp2_changed_by_ilm.txt
wikineurotic,e98749f3fe3e-wiki_page_le%C3%A7ons_wave_en_fran%C3%A7ais_p2_,mpheev.ql9mow@www.lojban.org,3,mail/wikineurotic/threads/2013/e98749f3fe3e-wiki_page_le%C3%A7ons_wave_en_fran%C3%A7ais_p2_.txt
wikineurotic,955b163e767b-wiki_page_lojbanic_software_changed_by_feilen,mph3f4.r6q8x@www.lojban.org,7,mail/wikineurotic/threads/2013/955b163e767b-wiki_page_lojbanic_software_changed_by_feilen.txt
wikineurotic,ff58f4253828-wiki_page_wavelessonscontinuedp2_changed_by_jac,mpr731.lm2fsx@www.lojban.org,1,mail/wikineurotic/threads/2013/ff58f4253828-wiki_page_wavelessonscontinuedp2_changed_by_jac.txt
wikineurotic,d1bc7e374d8d-wiki_page_qu'est-ce_que_le_lojban%3F_changed_by,mpewmi.t60035@www.lojban.org,2,mail/wikineurotic/threads/2013/d1bc7e374d8d-wiki_page_qu'est-ce_que_le_lojban%3F_changed_by.txt
wikineurotic,e6306011d0bd-wiki_page_wavelessonscontinued_changed_by_volat,mprsvr.dsqigy@www.lojban.org,1,mail/wikineurotic/threads/2013/e6306011d0bd-wiki_page_wavelessonscontinued_changed_by_volat.txt
wikineurotic,fa96aa45cfc5-wiki_page_multimedia_changed_by_neseniko,mq00ng.vn5rpj@www.lojban.org,1,mail/wikineurotic/threads/2013/fa96aa45cfc5-wiki_page_multimedia_changed_by_neseniko.txt
wikineurotic,6a87d6415b0e-wiki_page_learning_changed_by_gleki,mqfygj.avvd2i@www.lojban.org,2,mail/wikineurotic/threads/2013/6a87d6415b0e-wiki_page_learning_changed_by_gleki.txt
wikineurotic,e2fce95f85ea-wiki_page_lojbanic_forums_changed_by_selpa'i,mqgo67.vhtewx@www.lojban.org,2,mail/wikineurotic/threads/2013/e2fce95f85ea-wiki_page_lojbanic_forums_changed_by_selpa'i.txt
wikineurotic,f4621b574706-wiki_page_lojban_%28fr%29_changed_by_sinma,mpexrw.za0to0@www.lojban.org,1,mail/wikineurotic/threads/2013/f4621b574706-wiki_page_lojban_%28fr%29_changed_by_sinma.txt
wikineurotic,36c4f2f5a511-wiki_page_wavelessonscontinued_changed_by_ilmen,mqliyo.eeaes0@www.lojban.org,3,mail/wikineurotic/threads/2013/36c4f2f5a511-wiki_page_wavelessonscontinued_changed_by_ilmen.txt
wikineurotic,7913d15228c7-wiki_page_saturday_each_lucky_created_by_shebud,mqsfia.eefd1f@www.lojban.org,1,mail/wikineurotic/threads/2013/7913d15228c7-wiki_page_saturday_each_lucky_created_by_shebud.txt
wikineurotic,dc40554e1da0-wiki_page_testing_and_competi_created_by_shebud,mqsfiw.zg9nck@www.lojban.org,1,mail/wikineurotic/threads/2013/dc40554e1da0-wiki_page_testing_and_competi_created_by_shebud.txt
wikineurotic,392159fb57e5-wiki_page_dingy_said_any_of_created_by_shebuden,mqsfjm.pkeg96@www.lojban.org,1,mail/wikineurotic/threads/2013/392159fb57e5-wiki_page_dingy_said_any_of_created_by_shebuden.txt
wikineurotic,d93c7f04ae9f-wiki_page_tech_ended_the_regu_created_by_shebud,mqsfkg.zbpscd@www.lojban.org,1,mail/wikineurotic/threads/2013/d93c7f04ae9f-wiki_page_tech_ended_the_regu_created_by_shebud.txt
wikineurotic,0bb7bc2c8e1e-wiki_page_to_my_knowledge_bee_created_by_shebud,mqsfl9.7dtlzc@www.lojban.org,1,mail/wikineurotic/threads/2013/0bb7bc2c8e1e-wiki_page_to_my_knowledge_bee_created_by_shebud.txt
wikineurotic,6e35244f8fe3-wiki_page_80348_created_by_shebudeni,mqsgi2.2ke78p@www.lojban.org,1,mail/wikineurotic/threads/2013/6e35244f8fe3-wiki_page_80348_created_by_shebudeni.txt
wikineurotic,57ee0c99c82b-wiki_page_saturday_each_lucky_deleted_by_kpreid,mqttfj.bpdsln@www.lojban.org,1,mail/wikineurotic/threads/2013/57ee0c99c82b-wiki_page_saturday_each_lucky_deleted_by_kpreid.txt
wikineurotic,d71bc7c2bf14-wiki_page_testing_and_competi_deleted_by_kpreid,mqttnb.fv1udt@www.lojban.org,1,mail/wikineurotic/threads/2013/d71bc7c2bf14-wiki_page_testing_and_competi_deleted_by_kpreid.txt
wikineurotic,9c5f3449ef4c-wiki_page_dingy_said_any_of_deleted_by_kpreid,mqtu16.m4em4t@www.lojban.org,1,mail/wikineurotic/threads/2013/9c5f3449ef4c-wiki_page_dingy_said_any_of_deleted_by_kpreid.txt
wikineurotic,0e9537142416-wiki_page_tech_ended_the_regu_deleted_by_kpreid,mqtu65.py4mi0@www.lojban.org,1,mail/wikineurotic/threads/2013/0e9537142416-wiki_page_tech_ended_the_regu_deleted_by_kpreid.txt
wikineurotic,5b3afb2ad254-wiki_page_to_my_knowledge_bee_deleted_by_kpreid,mqtu80.f7rq77@www.lojban.org,1,mail/wikineurotic/threads/2013/5b3afb2ad254-wiki_page_to_my_knowledge_bee_deleted_by_kpreid.txt
wikineurotic,0a4200d76012-wiki_page_wavelessonscontinuedp2_changed_by_gle,mrzkrg.r38o59@www.lojban.org,1,mail/wikineurotic/threads/2013/0a4200d76012-wiki_page_wavelessonscontinuedp2_changed_by_gle.txt
wikineurotic,0159f0a38c17-wiki_page_wavelessonscontinued_changed_by_selpa,mr25bw.j2l7zi@www.lojban.org,1,mail/wikineurotic/threads/2013/0159f0a38c17-wiki_page_wavelessonscontinued_changed_by_selpa.txt
wikineurotic,c356367494bb-wiki_page_wavelessonscontinued_changed_by_mitli,mr267j.lfyyvw@www.lojban.org,1,mail/wikineurotic/threads/2013/c356367494bb-wiki_page_wavelessonscontinued_changed_by_mitli.txt
wikineurotic,1d4c5cd59642-wiki_page_userpagesalvatorecantyxxarkc_created_,mr36g2.5ee64z@www.lojban.org,1,mail/wikineurotic/threads/2013/1d4c5cd59642-wiki_page_userpagesalvatorecantyxxarkc_created_.txt
wikineurotic,5452aa5a366f-wiki_page_userpageearnestre_created_by_rodolfo_,msselo.w7mf9q@lojban.org,1,mail/wikineurotic/threads/2013/5452aa5a366f-wiki_page_userpageearnestre_created_by_rodolfo_.txt
wikineurotic,"38fc4b438319-wiki_page_dictionaries,_glossers_and_parsers_ch",msxva2.mpgrn4@www.lojban.org,2,"mail/wikineurotic/threads/2013/38fc4b438319-wiki_page_dictionaries,_glossers_and_parsers_ch.txt"
wikineurotic,9a864a68d77e-wiki_page_lo%C5%BCban_%28pl%29_changed_by_marek,mtjqjr.2s89e@www.lojban.org,1,mail/wikineurotic/threads/2013/9a864a68d77e-wiki_page_lo%C5%BCban_%28pl%29_changed_by_marek.txt
wikineurotic,562bffec8078-wiki_page_bpfk_section%3A_numeric_selbri_change,mtkxjc.u6a5mf@www.lojban.org,1,mail/wikineurotic/threads/2013/562bffec8078-wiki_page_bpfk_section%3A_numeric_selbri_change.txt
wikineurotic,4019f55d6598-wiki_page_presenting_lojban_changed_by_wrongvsw,msm9v0.3s2y4i@www.lojban.org,2,mail/wikineurotic/threads/2013/4019f55d6598-wiki_page_presenting_lojban_changed_by_wrongvsw.txt
wikineurotic,30b08e4c2cf8-wiki_page_userpagejolenejbxbieddxo_created_by_t,msqcqa.vrr7et@lojban.org,1,mail/wikineurotic/threads/2013/30b08e4c2cf8-wiki_page_userpagejolenejbxbieddxo_created_by_t.txt
wikineurotic,fe5b06792c1a-wiki_page_jbovlaste_import%3A_natlang_word_defi,muk73v.tbmiq6@www.lojban.org,1,mail/wikineurotic/threads/2013/fe5b06792c1a-wiki_page_jbovlaste_import%3A_natlang_word_defi.txt
wikineurotic,2fc86175702f-wiki_page_%E7%BF%BB%E8%AD%AFtiki%E9%A0%81%E9%9D,muk7ys.sci4ld@www.lojban.org,1,mail/wikineurotic/threads/2013/2fc86175702f-wiki_page_%E7%BF%BB%E8%AD%AFtiki%E9%A0%81%E9%9D.txt
wikineurotic,2ae735444d15-wiki_page_%E5%96%AE%E5%AD%97%E5%88%97%E8%A1%A8_,muk88j.hf9p7m@www.lojban.org,1,mail/wikineurotic/threads/2013/2ae735444d15-wiki_page_%E5%96%AE%E5%AD%97%E5%88%97%E8%A1%A8_.txt
wikineurotic,e5fa3a4472ea-wiki_page_jbovlaste_import%3A_natlang_word_defi,muk8nz.hrph4f@www.lojban.org,1,mail/wikineurotic/threads/2013/e5fa3a4472ea-wiki_page_jbovlaste_import%3A_natlang_word_defi.txt
wikineurotic,e5fe9a500b61-wiki_page_%E5%A6%82%E4%BD%95%E7%B7%A8%E8%BC%AF_,muk9qs.ujpbyt@www.lojban.org,1,mail/wikineurotic/threads/2013/e5fe9a500b61-wiki_page_%E5%A6%82%E4%BD%95%E7%B7%A8%E8%BC%AF_.txt
wikineurotic,c2d1665fdcec-wiki_page_tiki%E5%8A%9F%E8%83%BD%E6%B8%AC%E8%A9,muka1t.lzorac@www.lojban.org,1,mail/wikineurotic/threads/2013/c2d1665fdcec-wiki_page_tiki%E5%8A%9F%E8%83%BD%E6%B8%AC%E8%A9.txt
wikineurotic,21ea7d3458bf-wiki_page_tiki%E5%8A%9F%E8%83%BD%E6%B8%AC%E8%A9,muka43.xp7um9@www.lojban.org,1,mail/wikineurotic/threads/2013/21ea7d3458bf-wiki_page_tiki%E5%8A%9F%E8%83%BD%E6%B8%AC%E8%A9.txt
wikineurotic,a3a93c3f4272-wiki_page_non-english_lojban_materials_changed_,mukvnf.guv5xm@www.lojban.org,1,mail/wikineurotic/threads/2013/a3a93c3f4272-wiki_page_non-english_lojban_materials_changed_.txt
wikineurotic,0f701ea3c9f5-a_file_was_attached_to_multimedia,mu6aa7.ek5c4q@www.lojban.org,1,mail/wikineurotic/threads/2013/0f701ea3c9f5-a_file_was_attached_to_multimedia.txt
wikineurotic,046867396d28-wiki_page_lojban_changed_by_najrut,mv2h9l.kzp3jh@www.lojban.org,3,mail/wikineurotic/threads/2013/046867396d28-wiki_page_lojban_changed_by_najrut.txt
wikineurotic,d8b2c0be4adf-wiki_page_lojbanic_forums_changed_by_omnipotend,mvaevu.lukp5x@www.lojban.org,1,mail/wikineurotic/threads/2013/d8b2c0be4adf-wiki_page_lojbanic_forums_changed_by_omnipotend.txt
wikineurotic,43bd2a4f76db-wiki_page_user19030_created_by_omnipotender,mvaezv.1gr7gm@www.lojban.org,1,mail/wikineurotic/threads/2013/43bd2a4f76db-wiki_page_user19030_created_by_omnipotender.txt
wikineurotic,e55ff7147c10-a_file_was_attached_to_user19030,mvaf7s.pcx5b5@www.lojban.org,1,mail/wikineurotic/threads/2013/e55ff7147c10-a_file_was_attached_to_user19030.txt
wikineurotic,1ff382768227-wiki_page_user19030_changed_by_omnipotender,mvafer.ykzeuf@www.lojban.org,1,mail/wikineurotic/threads/2013/1ff382768227-wiki_page_user19030_changed_by_omnipotender.txt
wikineurotic,a6dbb9909173-wiki_page_le%C3%A7ons_wave_en_fran%C3%A7ais_cha,mvdjib.3rlk2a@lojban.org,1,mail/wikineurotic/threads/2013/a6dbb9909173-wiki_page_le%C3%A7ons_wave_en_fran%C3%A7ais_cha.txt
wikineurotic,352440859e6e-wiki_page_le%C3%A7ons_wave_en_fran%C3%A7ais_cha,mud8wz.a0ehpf@lojban.org,16,mail/wikineurotic/threads/2013/352440859e6e-wiki_page_le%C3%A7ons_wave_en_fran%C3%A7ais_cha.txt
wikineurotic,d88f29dae397-wiki_page_wavelessonscontinued_changed_by_daeld,mvgbdl.dt9awc@www.lojban.org,1,mail/wikineurotic/threads/2013/d88f29dae397-wiki_page_wavelessonscontinued_changed_by_daeld.txt
wikineurotic,bf5e2dc1fa91-wiki_page_multimedia_changed_by_selpa'i,mw5rhp.garsss@www.lojban.org,1,mail/wikineurotic/threads/2013/bf5e2dc1fa91-wiki_page_multimedia_changed_by_selpa'i.txt
wikineurotic,a71ff9ac9229-wiki_page_wavelessonscontinuedp2_changed_by_gus,mwoo12.9z0i33@www.lojban.org,3,mail/wikineurotic/threads/2013/a71ff9ac9229-wiki_page_wavelessonscontinuedp2_changed_by_gus.txt
wikineurotic,d249da30c587-wiki_page_currently_proposed_experimental_cmavo,mw5kno.3deodz@www.lojban.org,3,mail/wikineurotic/threads/2013/d249da30c587-wiki_page_currently_proposed_experimental_cmavo.txt
wikineurotic,b9cd5f2509c9-wiki_page_fau'u_changed_by_guskant,mwrw03.bx067i@www.lojban.org,2,mail/wikineurotic/threads/2013/b9cd5f2509c9-wiki_page_fau'u_changed_by_guskant.txt
wikineurotic,7454c9e39cdf-wiki_page_meeting_other_lojbanists_changed_by_i,mw23pi.ivp9jc@www.lojban.org,1,mail/wikineurotic/threads/2013/7454c9e39cdf-wiki_page_meeting_other_lojbanists_changed_by_i.txt
wikineurotic,39be31f162b2-wiki_page_fau'u_created_by_guskant,mw5kk8.qao07y@www.lojban.org,1,mail/wikineurotic/threads/2013/39be31f162b2-wiki_page_fau'u_created_by_guskant.txt
wikineurotic,590380abfd03-wiki_page_texts_in_lojban_changed_by_guskant,mwv4v7.jex5a0@www.lojban.org,1,mail/wikineurotic/threads/2013/590380abfd03-wiki_page_texts_in_lojban_changed_by_guskant.txt
wikineurotic,cfe9f3a4716d-wiki_page_user_cogitator_alpha_created_by_cogit,mx1eij.z5rzli@www.lojban.org,1,mail/wikineurotic/threads/2013/cfe9f3a4716d-wiki_page_user_cogitator_alpha_created_by_cogit.txt
wikineurotic,dac9e74f586f-wiki_page_bu'ai_and_xe'u_created_by_guskant,mxpo5q.j3bnjg@www.lojban.org,1,mail/wikineurotic/threads/2013/dac9e74f586f-wiki_page_bu'ai_and_xe'u_created_by_guskant.txt
wikineurotic,a5f3a3b6b9c0-wiki_page_official_llg_projects_changed_by_stro,mxq9c5.w46ml3@www.lojban.org,1,mail/wikineurotic/threads/2013/a5f3a3b6b9c0-wiki_page_official_llg_projects_changed_by_stro.txt
wikineurotic,9bc78b7bbfa7-wiki_page_bu'ai_and_xe'u_changed_by_guskant,mxr6mr.43bgj@www.lojban.org,1,mail/wikineurotic/threads/2013/9bc78b7bbfa7-wiki_page_bu'ai_and_xe'u_changed_by_guskant.txt
wikineurotic,f7eff0099d68-wiki_page_lojbanic_phone_group_changed_by_ahbre,mxxrmo.bymfjm@www.lojban.org,1,mail/wikineurotic/threads/2013/f7eff0099d68-wiki_page_lojbanic_phone_group_changed_by_ahbre.txt
wikineurotic,224cdcbbde1c-wiki_page_le%C3%A7ons_wave_en_fran%C3%A7ais_p2_,mxdu80.f5ebmw@www.lojban.org,14,mail/wikineurotic/threads/2013/224cdcbbde1c-wiki_page_le%C3%A7ons_wave_en_fran%C3%A7ais_p2_.txt
wikineurotic,48d570b77437-wiki_page_le%C3%A7ons_wave_en_fran%C3%A7ais_cha,mxyw8c.von9b2@www.lojban.org,22,mail/wikineurotic/threads/2013/48d570b77437-wiki_page_le%C3%A7ons_wave_en_fran%C3%A7ais_cha.txt
wikineurotic,bd663a560103-wiki_page_official_llg_projects_changed_by_glek,mz0ydm.1hzpau@www.lojban.org,2,mail/wikineurotic/threads/2014/bd663a560103-wiki_page_official_llg_projects_changed_by_glek.txt
wikineurotic,b163d1a04689-wiki_page_zasni_gerna_changed_by_xorxes,mz5302.u3ij5t@www.lojban.org,1,mail/wikineurotic/threads/2014/b163d1a04689-wiki_page_zasni_gerna_changed_by_xorxes.txt
wikineurotic,a7c9b63e7553-wiki_page_wavelessonscontinued_changed_by_klaki,mzb6tc.th8vzy@www.lojban.org,3,mail/wikineurotic/threads/2014/a7c9b63e7553-wiki_page_wavelessonscontinued_changed_by_klaki.txt
wikineurotic,63355519094a-wiki_page_wavelessonscontinuedp2_changed_by_kla,mzeuee.om1sss@www.lojban.org,1,mail/wikineurotic/threads/2014/63355519094a-wiki_page_wavelessonscontinuedp2_changed_by_kla.txt
wikineurotic,dcb9bc0a8efc-wiki_page_%E5%8B%89%E5%BC%B7%E4%BC%9A_changed_b,mzmhgr.w0ytfp@www.lojban.org,1,mail/wikineurotic/threads/2014/dcb9bc0a8efc-wiki_page_%E5%8B%89%E5%BC%B7%E4%BC%9A_changed_b.txt
wikineurotic,aed65ff59c97-wiki_page_official_llg_projects_changed_by_ahme,mytx8x.w4rya1@www.lojban.org,3,mail/wikineurotic/threads/2014/aed65ff59c97-wiki_page_official_llg_projects_changed_by_ahme.txt
wikineurotic,"db8682db398d-wiki_page_dictionaries,_glossers_and_parsers_ch",mzmpog.irk49u@www.lojban.org,2,"mail/wikineurotic/threads/2014/db8682db398d-wiki_page_dictionaries,_glossers_and_parsers_ch.txt"
wikineurotic,bd579ed214a2-wiki_page_peg_changed_by_guskant,mzmqe1.k4xrt4@www.lojban.org,2,mail/wikineurotic/threads/2014/bd579ed214a2-wiki_page_peg_changed_by_guskant.txt
wikineurotic,22e370a509f7-wiki_page_bpfk_section%3A_formal_grammar_change,mzxax0.nnlkq9@www.lojban.org,3,mail/wikineurotic/threads/2014/22e370a509f7-wiki_page_bpfk_section%3A_formal_grammar_change.txt
wikineurotic,0db2c1a57e50-wiki_page_wavelessonscontinuedp3_changed_by_kla,mzz4sg.4w19pw@www.lojban.org,2,mail/wikineurotic/threads/2014/0db2c1a57e50-wiki_page_wavelessonscontinuedp3_changed_by_kla.txt
wikineurotic,"25c8c4080868-wiki_page_cll,_aka_reference_grammar,_errata_ch",n02wvp.e4wgpt@www.lojban.org,1,"mail/wikineurotic/threads/2014/25c8c4080868-wiki_page_cll,_aka_reference_grammar,_errata_ch.txt"
wikineurotic,9a04525f7d0b-a_file_was_attached_to_multimedia,n08jmn.vjrwsr@www.lojban.org,2,mail/wikineurotic/threads/2014/9a04525f7d0b-a_file_was_attached_to_multimedia.txt
wikineurotic,46da3ae7a178-wiki_page_multimedia_changed_by_ilmen,n08kae.38u86f@www.lojban.org,3,mail/wikineurotic/threads/2014/46da3ae7a178-wiki_page_multimedia_changed_by_ilmen.txt
wikineurotic,52bc0e400ab6-wiki_page_lojbanic_software_changed_by_mukti,n1jyjw.ddnacj@www.lojban.org,3,mail/wikineurotic/threads/2014/52bc0e400ab6-wiki_page_lojbanic_software_changed_by_mukti.txt
wikineurotic,97d7c1b1bd44-wiki_page_public_pages_changed_by_ohcacu,n0s6f2.ywqm5v@www.lojban.org,1,mail/wikineurotic/threads/2014/97d7c1b1bd44-wiki_page_public_pages_changed_by_ohcacu.txt
wikineurotic,50fd8cc3d304-wiki_page_popular_pages_changed_by_ohcacu,n0sbtc.w1pdge@www.lojban.org,1,mail/wikineurotic/threads/2014/50fd8cc3d304-wiki_page_popular_pages_changed_by_ohcacu.txt
wikineurotic,71fe5cc7f22a-wiki_page_translating_tiki_pages_changed_by_ohc,n0ur5z.3x6dxf@www.lojban.org,1,mail/wikineurotic/threads/2014/71fe5cc7f22a-wiki_page_translating_tiki_pages_changed_by_ohc.txt
wikineurotic,cfcc713d1de0-wiki_page_popular_pages_changed_by_gleki,n0xhnt.1elsct@www.lojban.org,1,mail/wikineurotic/threads/2014/cfcc713d1de0-wiki_page_popular_pages_changed_by_gleki.txt
wikineurotic,1a406e04cca1-wiki_page_sandbox_link_changed_by_lomicmenes,n0yp8f.tpqvg9@www.lojban.org,8,mail/wikineurotic/threads/2014/1a406e04cca1-wiki_page_sandbox_link_changed_by_lomicmenes.txt
wikineurotic,af6dea7315bd-wiki_page_wavelessonscontinuedp2_changed_by_lom,n11ipu.1jwovk@www.lojban.org,1,mail/wikineurotic/threads/2014/af6dea7315bd-wiki_page_wavelessonscontinuedp2_changed_by_lom.txt
wikineurotic,f4bca1d8bbec-wiki_page_learning_changed_by_eimi,n17duv.oz5khx@www.lojban.org,1,mail/wikineurotic/threads/2014/f4bca1d8bbec-wiki_page_learning_changed_by_eimi.txt
wikineurotic,29003462d60b-wiki_page_wavelessonscontinued_changed_by_eimi,n17g4z.i3ig26@www.lojban.org,6,mail/wikineurotic/threads/2014/29003462d60b-wiki_page_wavelessonscontinued_changed_by_eimi.txt
wikineurotic,"04b7699b680b-wiki_page_cll,_aka_reference_grammar,_errata_ch",n0n9bu.ncsy7v@www.lojban.org,1,"mail/wikineurotic/threads/2014/04b7699b680b-wiki_page_cll,_aka_reference_grammar,_errata_ch.txt"
wikineurotic,d20932a114a7-wiki_page_le%C3%A7ons_wave_en_fran%C3%A7ais_cha,n19i2h.pp5kgh@lojban.org,1,mail/wikineurotic/threads/2014/d20932a114a7-wiki_page_le%C3%A7ons_wave_en_fran%C3%A7ais_cha.txt
wikineurotic,879c2b80190e-wiki_page_le_lojban_pour_les_nuls_created_by_lo,n1akip.iaajfx@www.lojban.org,1,mail/wikineurotic/threads/2014/879c2b80190e-wiki_page_le_lojban_pour_les_nuls_created_by_lo.txt
wikineurotic,3e8cdba93593-wiki_page_wavelessonscontinued_changed_by_izabe,n1b7ap.2w4aid@www.lojban.org,1,mail/wikineurotic/threads/2014/3e8cdba93593-wiki_page_wavelessonscontinued_changed_by_izabe.txt
wikineurotic,8bc8d148cdd6-wiki_page_wavelessonscontinued_changed_by_gleki,n1cdfu.jcedz2@www.lojban.org,1,mail/wikineurotic/threads/2014/8bc8d148cdd6-wiki_page_wavelessonscontinued_changed_by_gleki.txt
wikineurotic,05a642a9a28b-wiki_page_le%C3%A7ons_wave_en_fran%C3%A7ais_cha,n1j45w.o3fijg@www.lojban.org,2,mail/wikineurotic/threads/2014/05a642a9a28b-wiki_page_le%C3%A7ons_wave_en_fran%C3%A7ais_cha.txt
wikineurotic,cdc091f91851-wiki_page_defunct_lojbanic_software_created_by_,n1jz38.qsphda@www.lojban.org,1,mail/wikineurotic/threads/2014/cdc091f91851-wiki_page_defunct_lojbanic_software_created_by_.txt
wikineurotic,20a1ec606dc5-wiki_page_bpfk_section%3A_gismu_issues_changed_,n303x5.x9ue3v@www.lojban.org,1,mail/wikineurotic/threads/2014/20a1ec606dc5-wiki_page_bpfk_section%3A_gismu_issues_changed_.txt
wikineurotic,41b98198a288-wiki_page_writing_conventions_created_by_eimi,n326zq.wbypsh@www.lojban.org,1,mail/wikineurotic/threads/2014/41b98198a288-wiki_page_writing_conventions_created_by_eimi.txt
wikineurotic,997ba2cedced-wiki_page_writing_conventions_changed_by_eimi,n3278f.cu5j9w@www.lojban.org,1,mail/wikineurotic/threads/2014/997ba2cedced-wiki_page_writing_conventions_changed_by_eimi.txt
wikineurotic,0b513ca48dab-wiki_page_le%C3%A7ons_wave_en_fran%C3%A7ais_cha,n32ch9.9zvzg4@www.lojban.org,1,mail/wikineurotic/threads/2014/0b513ca48dab-wiki_page_le%C3%A7ons_wave_en_fran%C3%A7ais_cha.txt
wikineurotic,b31305682bfd-wiki_page_le%C3%A7ons_wave_en_fran%C3%A7ais_p3_,n35v7r.1hw5yp@www.lojban.org,2,mail/wikineurotic/threads/2014/b31305682bfd-wiki_page_le%C3%A7ons_wave_en_fran%C3%A7ais_p3_.txt
wikineurotic,2e84bb4f027f-wiki_page_lojbanic_forums_changed_by_mukti,n1rzb8.yt4q7m@www.lojban.org,3,mail/wikineurotic/threads/2014/2e84bb4f027f-wiki_page_lojbanic_forums_changed_by_mukti.txt
wikineurotic,34550d93743e-wiki_page_lojbanic_community_links_changed_by_m,n1s115.w9v6w7@www.lojban.org,2,mail/wikineurotic/threads/2014/34550d93743e-wiki_page_lojbanic_community_links_changed_by_m.txt
wikineurotic,d5d7fce8bbd6-wiki_page_popular_pages_changed_by_mukti,n1s1pe.bsrvqe@www.lojban.org,1,mail/wikineurotic/threads/2014/d5d7fce8bbd6-wiki_page_popular_pages_changed_by_mukti.txt
wikineurotic,d87deba639be-wiki_page_public_pages_changed_by_mukti,n1s1z0.kzfuqy@www.lojban.org,1,mail/wikineurotic/threads/2014/d87deba639be-wiki_page_public_pages_changed_by_mukti.txt
wikineurotic,7efcb39c390d-wiki_page_lojban_cvs_server_changed_by_mukti,n1s7nx.j3gru2@www.lojban.org,1,mail/wikineurotic/threads/2014/7efcb39c390d-wiki_page_lojban_cvs_server_changed_by_mukti.txt
wikineurotic,3424283c50a0-wiki_page_texts_in_lojban_changed_by_mukti,n1s7td.cxxqh5@www.lojban.org,2,mail/wikineurotic/threads/2014/3424283c50a0-wiki_page_texts_in_lojban_changed_by_mukti.txt
wikineurotic,7910fb8c6a4c-wiki_page_lojban_podcast_changed_by_mukti,n1s85k.z7ckih@www.lojban.org,1,mail/wikineurotic/threads/2014/7910fb8c6a4c-wiki_page_lojban_podcast_changed_by_mukti.txt
wikineurotic,33c72487b1e8-wiki_page_multimedia_changed_by_mukti,n1s8ny.uqzega@www.lojban.org,1,mail/wikineurotic/threads/2014/33c72487b1e8-wiki_page_multimedia_changed_by_mukti.txt
wikineurotic,744041b42480-wiki_page_wavelessonscontinued_changed_by_mitli,n1rvb8.dd35ti@www.lojban.org,1,mail/wikineurotic/threads/2014/744041b42480-wiki_page_wavelessonscontinued_changed_by_mitli.txt
wikineurotic,54194d8f8c95-wiki_page_official_llg_projects_changed_by_mukt,n1s9s3.w2djnw@www.lojban.org,2,mail/wikineurotic/threads/2014/54194d8f8c95-wiki_page_official_llg_projects_changed_by_mukt.txt
wikineurotic,5b7c81a51adb-wiki_page_donations_changed_by_mukti,n1sa26.xnnmmf@www.lojban.org,1,mail/wikineurotic/threads/2014/5b7c81a51adb-wiki_page_donations_changed_by_mukti.txt
wikineurotic,410a5cd76402-wiki_page_llg_members_changed_by_mukti,n1ssl4.5sdv19@www.lojban.org,9,mail/wikineurotic/threads/2014/410a5cd76402-wiki_page_llg_members_changed_by_mukti.txt
wikineurotic,a77d62eb6483-wiki_page_le%C3%A7ons_wave_en_fran%C3%A7ais_p3_,n2341j.fqp6y8@www.lojban.org,1,mail/wikineurotic/threads/2014/a77d62eb6483-wiki_page_le%C3%A7ons_wave_en_fran%C3%A7ais_p3_.txt
wikineurotic,f7b0f6859d1f-wiki_page_texts_in_lojban_changed_by_danr,n26whq.65uf6@www.lojban.org,2,mail/wikineurotic/threads/2014/f7b0f6859d1f-wiki_page_texts_in_lojban_changed_by_danr.txt
wikineurotic,e0beea3fa028-wiki_page_scientific_american_article_changed_b,n1rwc6.qzglai@www.lojban.org,1,mail/wikineurotic/threads/2014/e0beea3fa028-wiki_page_scientific_american_article_changed_b.txt
wikineurotic,c4ac2e4efebc-wiki_page_gadri_%E3%81%AE%E8%AB%96%E7%90%86%E5%,n2a1ac.9zus5j@www.lojban.org,1,mail/wikineurotic/threads/2014/c4ac2e4efebc-wiki_page_gadri_%E3%81%AE%E8%AB%96%E7%90%86%E5%.txt
wikineurotic,e0638ab22e90-wiki_page_gadri_%E3%81%AE%E8%AB%96%E7%90%86%E5%,n2a1vi.356dzv@www.lojban.org,27,mail/wikineurotic/threads/2014/e0638ab22e90-wiki_page_gadri_%E3%81%AE%E8%AB%96%E7%90%86%E5%.txt
wikineurotic,9448233737cf-wiki_page_books_changed_by_mukti,n1rydj.dkjz4l@www.lojban.org,1,mail/wikineurotic/threads/2014/9448233737cf-wiki_page_books_changed_by_mukti.txt
wikineurotic,c926b02b1980-wiki_page_official_llg_committees_changed_by_mu,n3kjrj.z2j8al@www.lojban.org,1,mail/wikineurotic/threads/2014/c926b02b1980-wiki_page_official_llg_committees_changed_by_mu.txt
wikineurotic,987c38d81ac8-wiki_page_gadri%3A_an_unofficial_commentary_fro,n3osob.ix35p3@www.lojban.org,1,mail/wikineurotic/threads/2014/987c38d81ac8-wiki_page_gadri%3A_an_unofficial_commentary_fro.txt
wikineurotic,4ef14d5f25be-wiki_page_gadri%3A_an_unofficial_commentary_fro,n3q13w.y9qi6t@www.lojban.org,21,mail/wikineurotic/threads/2014/4ef14d5f25be-wiki_page_gadri%3A_an_unofficial_commentary_fro.txt
wikineurotic,98955cdf6905-wiki_page_how_to_use_xorlo_changed_by_mukti,n3kf3u.d2hovh@www.lojban.org,3,mail/wikineurotic/threads/2014/98955cdf6905-wiki_page_how_to_use_xorlo_changed_by_mukti.txt
wikineurotic,f64b469a9236-wiki_page_archived_news_changed_by_mukti,n55229.gz3syf@www.lojban.org,1,mail/wikineurotic/threads/2014/f64b469a9236-wiki_page_archived_news_changed_by_mukti.txt
wikineurotic,437ba5dfaa14-wiki_page_what's_new%3F_changed_by_mukti,n54n63.43qu1g@www.lojban.org,18,mail/wikineurotic/threads/2014/437ba5dfaa14-wiki_page_what's_new%3F_changed_by_mukti.txt
wikineurotic,9cbb03f78d80-wiki_page_lojban_changed_by_mukti,n552qa.rvrraw@www.lojban.org,21,mail/wikineurotic/threads/2014/9cbb03f78d80-wiki_page_lojban_changed_by_mukti.txt
wikineurotic,"4eaea2bb026e-wiki_page_cll,_aka_reference_grammar,_errata_ch",n5j5u0.tabwfi@www.lojban.org,1,"mail/wikineurotic/threads/2014/4eaea2bb026e-wiki_page_cll,_aka_reference_grammar,_errata_ch.txt"
wikineurotic,463e9c58215c-wiki_page_bpfk_section%3A_causation_sumtcita_ch,n5rbrx.svnbl9@www.lojban.org,1,mail/wikineurotic/threads/2014/463e9c58215c-wiki_page_bpfk_section%3A_causation_sumtcita_ch.txt
wikineurotic,e74889989ba9-wiki_page_archived_news_created_by_mukti,n54n11.57bx42@www.lojban.org,1,mail/wikineurotic/threads/2014/e74889989ba9-wiki_page_archived_news_created_by_mukti.txt
wikineurotic,ba9cedaeb1f0-wiki_page_bpfk_sections_changed_by_rossogilvie,n5undo.qydqro@www.lojban.org,2,mail/wikineurotic/threads/2014/ba9cedaeb1f0-wiki_page_bpfk_sections_changed_by_rossogilvie.txt
wikineurotic,e12587976738-wiki_page_bpfk_section%3A_termsets_changed_by_r,n5unfk.abmjci@www.lojban.org,4,mail/wikineurotic/threads/2014/e12587976738-wiki_page_bpfk_section%3A_termsets_changed_by_r.txt
wikineurotic,6cfe8119cfa0-wiki_page_bpfk_section%3A_mex_changed_by_rossog,n5unwz.9zt6er@www.lojban.org,1,mail/wikineurotic/threads/2014/6cfe8119cfa0-wiki_page_bpfk_section%3A_mex_changed_by_rossog.txt
wikineurotic,08151596a43a-wiki_page_llg_meeting_minutes_changed_by_mukti,n5zbjd.h83ogy@www.lojban.org,19,mail/wikineurotic/threads/2014/08151596a43a-wiki_page_llg_meeting_minutes_changed_by_mukti.txt
wikineurotic,270c376d10bd-wiki_page_bpfk_section%3A_linkargs_changed_by_i,n5zkeh.t2tiub@www.lojban.org,20,mail/wikineurotic/threads/2014/270c376d10bd-wiki_page_bpfk_section%3A_linkargs_changed_by_i.txt
wikineurotic,fdf0fc01dcb8-wiki_page_bpfk_sections_changed_by_ilmen,n5zwcc.i3pbp8@www.lojban.org,3,mail/wikineurotic/threads/2014/fdf0fc01dcb8-wiki_page_bpfk_sections_changed_by_ilmen.txt
wikineurotic,c0e9ebdecede-wiki_page_ju'i_lobypli_changed_by_mukti,n60vgq.bos882@www.lojban.org,5,mail/wikineurotic/threads/2014/c0e9ebdecede-wiki_page_ju'i_lobypli_changed_by_mukti.txt
wikineurotic,5f33b63f98e9-wiki_page_the_loglanist_changed_by_mukti,n60wxt.akqr9w@www.lojban.org,1,mail/wikineurotic/threads/2014/5f33b63f98e9-wiki_page_the_loglanist_changed_by_mukti.txt
wikineurotic,4aa4043240f2-wiki_page_me_la_uacintyn_loglytuan_created_by_m,n60xa7.wvtlrt@www.lojban.org,1,mail/wikineurotic/threads/2014/4aa4043240f2-wiki_page_me_la_uacintyn_loglytuan_created_by_m.txt
wikineurotic,17c7ba4db322-wiki_page_hoi_loglypli_created_by_mukti,n60y00.524k8i@www.lojban.org,1,mail/wikineurotic/threads/2014/17c7ba4db322-wiki_page_hoi_loglypli_created_by_mukti.txt
wikineurotic,80f753eb9f67-wiki_page_bpfk_section%3A_numeric_selbri_change,n6135k.du9cb8@www.lojban.org,3,mail/wikineurotic/threads/2014/80f753eb9f67-wiki_page_bpfk_section%3A_numeric_selbri_change.txt
wikineurotic,730d9e88d839-wiki_page_bpfk_section%3A_digressives_changed_b,n6154t.u3v2wc@www.lojban.org,1,mail/wikineurotic/threads/2014/730d9e88d839-wiki_page_bpfk_section%3A_digressives_changed_b.txt
wikineurotic,9c8bb12aceb7-wiki_page_me_la_uacintyn_loglytuan_changed_by_m,n615hn.14y717@www.lojban.org,1,mail/wikineurotic/threads/2014/9c8bb12aceb7-wiki_page_me_la_uacintyn_loglytuan_changed_by_m.txt
wikineurotic,de1296b38fe1-wiki_page_bpfk_section%3A_non-logical_connectiv,n616se.kz6oyz@www.lojban.org,12,mail/wikineurotic/threads/2014/de1296b38fe1-wiki_page_bpfk_section%3A_non-logical_connectiv.txt
wikineurotic,b6408fe6b0d0-wiki_page_bpfk_section%3A_intensifiers_changed_,n618is.i0kniv@www.lojban.org,14,mail/wikineurotic/threads/2014/b6408fe6b0d0-wiki_page_bpfk_section%3A_intensifiers_changed_.txt
wikineurotic,2daf053dd2ab-wiki_page_bpfk_section%3A_digressives_changed_b,n61cfu.sxq5wc@www.lojban.org,2,mail/wikineurotic/threads/2014/2daf053dd2ab-wiki_page_bpfk_section%3A_digressives_changed_b.txt
wikineurotic,"9a2bd3cd8d93-wiki_page_cll,_aka_reference_grammar,_errata_ch",n61u68.dw5w5l@www.lojban.org,2,"mail/wikineurotic/threads/2014/9a2bd3cd8d93-wiki_page_cll,_aka_reference_grammar,_errata_ch.txt"
wikineurotic,1ca4aa980e9e-wiki_page_bpfk_section%3A_indirect_referers_cha,n62zk1.f3elwc@www.lojban.org,11,mail/wikineurotic/threads/2014/1ca4aa980e9e-wiki_page_bpfk_section%3A_indirect_referers_cha.txt
wikineurotic,488f54538366-wiki_page_donations_changed_by_kozmikreis,n66ccr.36c0hy@www.lojban.org,1,mail/wikineurotic/threads/2014/488f54538366-wiki_page_donations_changed_by_kozmikreis.txt
wikineurotic,e36bf5d79c6e-wiki_page_bpfk_section%3A_scope_cmavo_changed_b,n672jm.quil21@www.lojban.org,1,mail/wikineurotic/threads/2014/e36bf5d79c6e-wiki_page_bpfk_section%3A_scope_cmavo_changed_b.txt
wikineurotic,534419eb0250-wiki_page_bpfk_section%3A_non-contact_spatial_c,n672u6.fqzps3@www.lojban.org,22,mail/wikineurotic/threads/2014/534419eb0250-wiki_page_bpfk_section%3A_non-contact_spatial_c.txt
wikineurotic,df95c7c7e06d-wiki_page_bpfk_section%3A_contact_spatial_chang,n677gt.k8t0ns@www.lojban.org,16,mail/wikineurotic/threads/2014/df95c7c7e06d-wiki_page_bpfk_section%3A_contact_spatial_chang.txt
wikineurotic,ab1cf0bc51c9-wiki_page_bpfk_section%3A_directional_spatial_c,n687co.gygdae@www.lojban.org,8,mail/wikineurotic/threads/2014/ab1cf0bc51c9-wiki_page_bpfk_section%3A_directional_spatial_c.txt
wikineurotic,e20bd3c9599a-wiki_page_bpfk_section%3A_compass_spatial_chang,n68eak.vpfv5v@www.lojban.org,7,mail/wikineurotic/threads/2014/e20bd3c9599a-wiki_page_bpfk_section%3A_compass_spatial_chang.txt
wikineurotic,9b1ee77f9a87-wiki_page_bpfk_sections_changed_by_selpa'i,n68erz.2mo1c0@www.lojban.org,7,mail/wikineurotic/threads/2014/9b1ee77f9a87-wiki_page_bpfk_sections_changed_by_selpa'i.txt
wikineurotic,89dc9c71a1db-wiki_page_bpfk_section%3A_distance_changed_by_s,n6a1yx.1b0chw@www.lojban.org,1,mail/wikineurotic/threads/2014/89dc9c71a1db-wiki_page_bpfk_section%3A_distance_changed_by_s.txt
wikineurotic,9a877cc2b825-wiki_page_bpfk_section%3A_distance_changed_by_p,n6a5wp.nzz3u1@www.lojban.org,1,mail/wikineurotic/threads/2014/9a877cc2b825-wiki_page_bpfk_section%3A_distance_changed_by_p.txt
wikineurotic,31c9d2d55fcd-wiki_page_bpfk_section%3A_non-contact_spatial_c,n6bxi4.uhgkzo@www.lojban.org,3,mail/wikineurotic/threads/2014/31c9d2d55fcd-wiki_page_bpfk_section%3A_non-contact_spatial_c.txt
wikineurotic,ae0dade5eb20-wiki_page_bpfk_section%3A_digressives_changed_b,n6by3o.573cr1@www.lojban.org,14,mail/wikineurotic/threads/2014/ae0dade5eb20-wiki_page_bpfk_section%3A_digressives_changed_b.txt
wikineurotic,923ceade2213-wiki_page_bpfk_section%3A_sumtcita_formants_cha,n6c7pv.3l05ak@www.lojban.org,4,mail/wikineurotic/threads/2014/923ceade2213-wiki_page_bpfk_section%3A_sumtcita_formants_cha.txt
wikineurotic,eda4e93692d9-wiki_page_bpfk_section%3A_tense_changed_by_selp,n6c7wi.k4hp0u@www.lojban.org,12,mail/wikineurotic/threads/2014/eda4e93692d9-wiki_page_bpfk_section%3A_tense_changed_by_selp.txt
wikineurotic,aa110292b384-wiki_page_bpfk_section%3A_linkargs_changed_by_d,n5znhx.qq0jcf@www.lojban.org,1,mail/wikineurotic/threads/2014/aa110292b384-wiki_page_bpfk_section%3A_linkargs_changed_by_d.txt
wikineurotic,adb5b03e0a31-wiki_page_bpfk_section%3A_tense_interval_change,n6cda8.z038yp@www.lojban.org,19,mail/wikineurotic/threads/2014/adb5b03e0a31-wiki_page_bpfk_section%3A_tense_interval_change.txt
wikineurotic,78009b97e90c-wiki_page_bpfk_section%3A_contact_spatial_chang,n6cf07.ndpx5@www.lojban.org,4,mail/wikineurotic/threads/2014/78009b97e90c-wiki_page_bpfk_section%3A_contact_spatial_chang.txt
wikineurotic,d285c32c6878-wiki_page_bpfk_section%3A_irrealis_attitudinals,n6cqbn.72niu2@www.lojban.org,1,mail/wikineurotic/threads/2014/d285c32c6878-wiki_page_bpfk_section%3A_irrealis_attitudinals.txt
wikineurotic,ca6a9f19d71b-wiki_page_bpfk_section%3A_logical_connectives_c,n6cwig.vtf73n@www.lojban.org,1,mail/wikineurotic/threads/2014/ca6a9f19d71b-wiki_page_bpfk_section%3A_logical_connectives_c.txt
wikineurotic,39a2ca572f90-wiki_page_bpfk_section%3A_distance_changed_by_j,n6dr4e.rbxefs@www.lojban.org,1,mail/wikineurotic/threads/2014/39a2ca572f90-wiki_page_bpfk_section%3A_distance_changed_by_j.txt
wikineurotic,f08c2626f2ba-wiki_page_bpfk_section%3A_numeric_tense_changed,n6dy6g.9zskjd@www.lojban.org,7,mail/wikineurotic/threads/2014/f08c2626f2ba-wiki_page_bpfk_section%3A_numeric_tense_changed.txt
wikineurotic,24100253414b-wiki_page_what_others_say_about_lojban_changed_,n6f17f.suq42i@www.lojban.org,1,mail/wikineurotic/threads/2014/24100253414b-wiki_page_what_others_say_about_lojban_changed_.txt
wikineurotic,0ababa145562-wiki_page_popular_pages_changed_by_mukti,n6f22f.fzynix@www.lojban.org,1,mail/wikineurotic/threads/2014/0ababa145562-wiki_page_popular_pages_changed_by_mukti.txt
wikineurotic,c777540e6841-wiki_page_llg_meeting_summary_2011_created_by_m,n6tjnt.pi2i7v@www.lojban.org,1,mail/wikineurotic/threads/2014/c777540e6841-wiki_page_llg_meeting_summary_2011_created_by_m.txt
wikineurotic,9e80f8098d68-wiki_page_llg_meeting_summary_2011_changed_by_m,n6tkhl.1vc9ec@www.lojban.org,2,mail/wikineurotic/threads/2014/9e80f8098d68-wiki_page_llg_meeting_summary_2011_changed_by_m.txt
wikineurotic,523c5666a3c3-wiki_page_llg_meeting_summary_2012_changed_by_m,n6tkko.8w234t@www.lojban.org,1,mail/wikineurotic/threads/2014/523c5666a3c3-wiki_page_llg_meeting_summary_2012_changed_by_m.txt
wikineurotic,eac6722afde3-wiki_page_llg_meeting_summary_2013_changed_by_m,n6lg7b.uvis8f@www.lojban.org,2,mail/wikineurotic/threads/2014/eac6722afde3-wiki_page_llg_meeting_summary_2013_changed_by_m.txt
wikineurotic,52c4d943fdb9-wiki_page_llg_meeting_topics_2010_changed_by_mu,n6tkvi.bmrh7d@www.lojban.org,1,mail/wikineurotic/threads/2014/52c4d943fdb9-wiki_page_llg_meeting_topics_2010_changed_by_mu.txt
wikineurotic,6259032cbc1b-wiki_page_llg_2009_annual_meeting_minutes_chang,n6tkzi.vdc5ox@www.lojban.org,2,mail/wikineurotic/threads/2014/6259032cbc1b-wiki_page_llg_2009_annual_meeting_minutes_chang.txt
wikineurotic,7ac004d3e3ec-wiki_page_llg_2007_annual_meeting_minutes_chang,n6tl6k.aor9e7@www.lojban.org,1,mail/wikineurotic/threads/2014/7ac004d3e3ec-wiki_page_llg_2007_annual_meeting_minutes_chang.txt
wikineurotic,33442ff10faf-wiki_page_llg_2006_annual_meeting_minutes_chang,n6tlah.b87zaj@www.lojban.org,1,mail/wikineurotic/threads/2014/33442ff10faf-wiki_page_llg_2006_annual_meeting_minutes_chang.txt
wikineurotic,c20ae9a4e6ea-wiki_page_llg_2005_annual_meeting_minutes_chang,n6tlcx.6nm6q7@www.lojban.org,2,mail/wikineurotic/threads/2014/c20ae9a4e6ea-wiki_page_llg_2005_annual_meeting_minutes_chang.txt
wikineurotic,a2dfddea43cc-wiki_page_llg_2004_annual_meeting_minutes_chang,n6tlfy.r2q6vz@www.lojban.org,1,mail/wikineurotic/threads/2014/a2dfddea43cc-wiki_page_llg_2004_annual_meeting_minutes_chang.txt
wikineurotic,d0f5530e0466-wiki_page_llg_2003_annual_meeting_minutes_chang,n6tlji.74qt4k@www.lojban.org,1,mail/wikineurotic/threads/2014/d0f5530e0466-wiki_page_llg_2003_annual_meeting_minutes_chang.txt
wikineurotic,d319c3c190f1-wiki_page_jbonunsla_changed_by_mukti,n6tma8.w9d126@www.lojban.org,2,mail/wikineurotic/threads/2014/d319c3c190f1-wiki_page_jbonunsla_changed_by_mukti.txt
wikineurotic,852970efaf2d-wiki_page_gismu_changed_by_eimi,n6k0kd.d62wnt@www.lojban.org,1,mail/wikineurotic/threads/2014/852970efaf2d-wiki_page_gismu_changed_by_eimi.txt
wikineurotic,b885bc92c11b-wiki_page_llg_meetings_changed_by_mukti,n6tmmn.8exiq7@www.lojban.org,1,mail/wikineurotic/threads/2014/b885bc92c11b-wiki_page_llg_meetings_changed_by_mukti.txt
wikineurotic,08a93b48cafc-wiki_page_logfest_deleted_by_mukti,n6v5e6.qa9hj7@www.lojban.org,1,mail/wikineurotic/threads/2014/08a93b48cafc-wiki_page_logfest_deleted_by_mukti.txt
wikineurotic,f4ece5199daf-wiki_page_llg_deleted_by_mukti,n6vchq.fhp6e@www.lojban.org,1,mail/wikineurotic/threads/2014/f4ece5199daf-wiki_page_llg_deleted_by_mukti.txt
wikineurotic,301d3dbbe4b7-wiki_page_arnt_johansen_deleted_by_mukti,n6vcu1.da6lrs@www.lojban.org,1,mail/wikineurotic/threads/2014/301d3dbbe4b7-wiki_page_arnt_johansen_deleted_by_mukti.txt
wikineurotic,d356df1978ed-wiki_page_broca_deleted_by_mukti,n6vcv3.6eizn2@www.lojban.org,1,mail/wikineurotic/threads/2014/d356df1978ed-wiki_page_broca_deleted_by_mukti.txt
wikineurotic,d1f66e97068c-wiki_page_arnt_richard_johansen_deleted_by_mukt,n6vcx7.obzh23@www.lojban.org,1,mail/wikineurotic/threads/2014/d1f66e97068c-wiki_page_arnt_richard_johansen_deleted_by_mukt.txt
wikineurotic,4d143ea50cd9-wiki_page_80348_deleted_by_mukti,n6vdwo.40f228@www.lojban.org,1,mail/wikineurotic/threads/2014/4d143ea50cd9-wiki_page_80348_deleted_by_mukti.txt
wikineurotic,66a9cd803aa3-wiki_page_le_lisxra_cu_fanva_fo_zo'oi%2Eceqli%2,n6vdyb.8hgfsb@www.lojban.org,1,mail/wikineurotic/threads/2014/66a9cd803aa3-wiki_page_le_lisxra_cu_fanva_fo_zo'oi%2Eceqli%2.txt
wikineurotic,9b5f84f725e5-wiki_page_gismu_creation_algorithm_deleted_by_m,n6ve4w.2cmpt0@www.lojban.org,1,mail/wikineurotic/threads/2014/9b5f84f725e5-wiki_page_gismu_creation_algorithm_deleted_by_m.txt
wikineurotic,a726543e1c40-wiki_page_page_%26_name_%26_test_2_deleted_by_m,n6vf2c.w55c8i@www.lojban.org,1,mail/wikineurotic/threads/2014/a726543e1c40-wiki_page_page_%26_name_%26_test_2_deleted_by_m.txt
wikineurotic,a78901847bb1-wiki_page_andr_deleted_by_mukti,n6vfjt.n5fg1x@www.lojban.org,1,mail/wikineurotic/threads/2014/a78901847bb1-wiki_page_andr_deleted_by_mukti.txt
wikineurotic,c1467464cacd-wiki_page_androsta_deleted_by_mukti,n6vfnu.d5c17j@www.lojban.org,1,mail/wikineurotic/threads/2014/c1467464cacd-wiki_page_androsta_deleted_by_mukti.txt
wikineurotic,b55f2cba358f-wiki_page_magic_words_changed_by_mukti,n6idz6.yj2x1n@www.lojban.org,2,mail/wikineurotic/threads/2014/b55f2cba358f-wiki_page_magic_words_changed_by_mukti.txt
wikineurotic,a43d2f5b8b32-wiki_page_llg_meeting_topics_2012_created_by_mu,n6lfpi.aohkpm@www.lojban.org,1,mail/wikineurotic/threads/2014/a43d2f5b8b32-wiki_page_llg_meeting_topics_2012_created_by_mu.txt
wikineurotic,a2671f3398b7-wiki_page_llg_meeting_topics_2012_changed_by_mu,n6lfrn.pxoi52@www.lojban.org,1,mail/wikineurotic/threads/2014/a2671f3398b7-wiki_page_llg_meeting_topics_2012_changed_by_mu.txt
wikineurotic,67977c140817-wiki_page_llg_meeting_topics_2013_created_by_mu,n6lfxj.9770sa@www.lojban.org,1,mail/wikineurotic/threads/2014/67977c140817-wiki_page_llg_meeting_topics_2013_created_by_mu.txt
wikineurotic,fa1b78bf68f3-a_file_was_attached_to_lojban,n6lkv0.cfgh89@www.lojban.org,1,mail/wikineurotic/threads/2014/fa1b78bf68f3-a_file_was_attached_to_lojban.txt
wikineurotic,e6a0049658ca-wiki_page_bpfk_section%3A_syntactic_numbers_cha,n6r75h.lp5fqa@www.lojban.org,2,mail/wikineurotic/threads/2014/e6a0049658ca-wiki_page_bpfk_section%3A_syntactic_numbers_cha.txt
wikineurotic,babb5f29188f-wiki_page_bpfk_section%3A_inexact_numbers_chang,n6r9tl.q6ne2w@www.lojban.org,4,mail/wikineurotic/threads/2014/babb5f29188f-wiki_page_bpfk_section%3A_inexact_numbers_chang.txt
wikineurotic,0529d9a150bf-wiki_page_bpfk_section%3A_directional_spatial_c,n6rag8.gf5lc6@www.lojban.org,1,mail/wikineurotic/threads/2014/0529d9a150bf-wiki_page_bpfk_section%3A_directional_spatial_c.txt
wikineurotic,6db670352f62-wiki_page_bpfk_section%3A_sumtcita_formants_cha,n6rcf7.rqe29t@www.lojban.org,2,mail/wikineurotic/threads/2014/6db670352f62-wiki_page_bpfk_section%3A_sumtcita_formants_cha.txt
wikineurotic,6001c08bd427-wiki_page_bpfk_section%3A_numeric_tense_changed,n6sxu5.wg5bkj@www.lojban.org,1,mail/wikineurotic/threads/2014/6001c08bd427-wiki_page_bpfk_section%3A_numeric_tense_changed.txt
wikineurotic,165cfc048360-wiki_page_bpfk_section%3A_aspect_changed_by_ilm,n6t4zd.shz92n@www.lojban.org,5,mail/wikineurotic/threads/2014/165cfc048360-wiki_page_bpfk_section%3A_aspect_changed_by_ilm.txt
wikineurotic,76f216be57e2-wiki_page_how_to_use_xorlo_changed_by_selpa'i,n6tcmg.x7893z@www.lojban.org,1,mail/wikineurotic/threads/2014/76f216be57e2-wiki_page_how_to_use_xorlo_changed_by_selpa'i.txt
wikineurotic,d24cbf63dbd7-wiki_page_and_deleted_by_mukti,n6vfsc.a61jrx@www.lojban.org,1,mail/wikineurotic/threads/2014/d24cbf63dbd7-wiki_page_and_deleted_by_mukti.txt
wikineurotic,2d59301ad745-wiki_page_mark_shoulson_changed_by_mukti,n6vghq.sd1ce7@www.lojban.org,1,mail/wikineurotic/threads/2014/2d59301ad745-wiki_page_mark_shoulson_changed_by_mukti.txt
wikineurotic,4b934e0d97c8-wiki_page_phma_deleted_by_mukti,n6vgks.pl03s0@www.lojban.org,1,mail/wikineurotic/threads/2014/4b934e0d97c8-wiki_page_phma_deleted_by_mukti.txt
wikineurotic,482c8e5d7202-wiki_page_theodore_reed_deleted_by_mukti,n6vgqn.m9jdwl@www.lojban.org,1,mail/wikineurotic/threads/2014/482c8e5d7202-wiki_page_theodore_reed_deleted_by_mukti.txt
wikineurotic,52fb2f3424f3-wiki_page_rizen_deleted_by_mukti,n6vgru.y32n3h@www.lojban.org,1,mail/wikineurotic/threads/2014/52fb2f3424f3-wiki_page_rizen_deleted_by_mukti.txt
wikineurotic,3541c55f410c-wiki_page_eimi_deleted_by_mukti,n6vgy2.1qph1d@www.lojban.org,1,mail/wikineurotic/threads/2014/3541c55f410c-wiki_page_eimi_deleted_by_mukti.txt
wikineurotic,55475f3ad3d3-wiki_page_jorge_llambias_deleted_by_mukti,n6vh3b.q8kbeg@www.lojban.org,1,mail/wikineurotic/threads/2014/55475f3ad3d3-wiki_page_jorge_llambias_deleted_by_mukti.txt
wikineurotic,6b7e2977768b-wiki_page_timo_paulssen_deleted_by_mukti,n6vh68.ixwb9n@www.lojban.org,1,mail/wikineurotic/threads/2014/6b7e2977768b-wiki_page_timo_paulssen_deleted_by_mukti.txt
wikineurotic,12af1f5679a2-wiki_page_eyeonus_deleted_by_mukti,n6vhej.3zstrt@www.lojban.org,1,mail/wikineurotic/threads/2014/12af1f5679a2-wiki_page_eyeonus_deleted_by_mukti.txt
wikineurotic,5f068f2dcf37-wiki_page_bpfk_section%3A_digits_changed_by_sel,n6x2va.e6oar8@www.lojban.org,1,mail/wikineurotic/threads/2014/5f068f2dcf37-wiki_page_bpfk_section%3A_digits_changed_by_sel.txt
wikineurotic,5f68d5acfd01-wiki_page_bpfk_section%3A_intervals_changed_by_,n6x4ri.wy6p0u@www.lojban.org,9,mail/wikineurotic/threads/2014/5f68d5acfd01-wiki_page_bpfk_section%3A_intervals_changed_by_.txt
wikineurotic,9ce5cefaeaa2-wiki_page_bpfk_section%3A_mathematical_constant,n6x5qv.n8z6sf@www.lojban.org,1,mail/wikineurotic/threads/2014/9ce5cefaeaa2-wiki_page_bpfk_section%3A_mathematical_constant.txt
wikineurotic,010d0608bee4-wiki_page_bpfk_section%3A_anaphoric_pro-sumti_c,n6x9ge.6nbosy@www.lojban.org,3,mail/wikineurotic/threads/2014/010d0608bee4-wiki_page_bpfk_section%3A_anaphoric_pro-sumti_c.txt
wikineurotic,3c58bbad1611-wiki_page_bpfk_section%3A_reference_regulators_,n6xbt9.1ve7mm@www.lojban.org,1,mail/wikineurotic/threads/2014/3c58bbad1611-wiki_page_bpfk_section%3A_reference_regulators_.txt
wikineurotic,ebd43ca62c54-wiki_page_the_book_deleted_by_mukti,n6xnq2.mc8ape@www.lojban.org,1,mail/wikineurotic/threads/2014/ebd43ca62c54-wiki_page_the_book_deleted_by_mukti.txt
wikineurotic,e9c51cd888de-wiki_page_tli_deleted_by_mukti,n6xnxd.srfidd@www.lojban.org,1,mail/wikineurotic/threads/2014/e9c51cd888de-wiki_page_tli_deleted_by_mukti.txt
wikineurotic,478b47c9d918-wiki_page_theodorereed_deleted_by_mukti,n6xp2x.zbmm4n@www.lojban.org,1,mail/wikineurotic/threads/2014/478b47c9d918-wiki_page_theodorereed_deleted_by_mukti.txt
wikineurotic,fb8970b411b8-wiki_page_user30707_created_by_zenaitamarcin,n6ztmd.er8u7n@www.lojban.org,1,mail/wikineurotic/threads/2014/fb8970b411b8-wiki_page_user30707_created_by_zenaitamarcin.txt
wikineurotic,bc70c4b2430b-wiki_page_user30707_changed_by_zenaitamarcin,n6ztpi.t34416@www.lojban.org,2,mail/wikineurotic/threads/2014/bc70c4b2430b-wiki_page_user30707_changed_by_zenaitamarcin.txt
wikineurotic,7cc19253aa41-wiki_page_user30708_created_by_andrewjames085,n6zu7t.i7yueq@www.lojban.org,1,mail/wikineurotic/threads/2014/7cc19253aa41-wiki_page_user30708_created_by_andrewjames085.txt
wikineurotic,b7bb561071af-wiki_page_user30709_created_by_andy66438,n6zuhq.9lf39a@www.lojban.org,1,mail/wikineurotic/threads/2014/b7bb561071af-wiki_page_user30709_created_by_andy66438.txt
wikineurotic,e173cc9fb82a-wiki_page_user30710_created_by_messijack6,n6zus5.d3qqb8@www.lojban.org,1,mail/wikineurotic/threads/2014/e173cc9fb82a-wiki_page_user30710_created_by_messijack6.txt
wikineurotic,c57b2cf21a0e-wiki_page_user30710_changed_by_messijack6,n6zuu4.6wf8jv@www.lojban.org,1,mail/wikineurotic/threads/2014/c57b2cf21a0e-wiki_page_user30710_changed_by_messijack6.txt
wikineurotic,3328ced0ed44-wiki_page_user30711_created_by_dennialjack,n6zv1h.xjb1se@www.lojban.org,1,mail/wikineurotic/threads/2014/3328ced0ed44-wiki_page_user30711_created_by_dennialjack.txt
wikineurotic,ceeb1c8160e2-wiki_page_user30707_deleted_by_mukti,n6zzk3.2qb66v@www.lojban.org,1,mail/wikineurotic/threads/2014/ceeb1c8160e2-wiki_page_user30707_deleted_by_mukti.txt
wikineurotic,8dd262f638f7-wiki_page_user30708_deleted_by_mukti,n6zzle.8jvx6s@www.lojban.org,1,mail/wikineurotic/threads/2014/8dd262f638f7-wiki_page_user30708_deleted_by_mukti.txt
wikineurotic,d201c55881be-wiki_page_user30709_deleted_by_mukti,n6zzmj.p3cm9r@www.lojban.org,1,mail/wikineurotic/threads/2014/d201c55881be-wiki_page_user30709_deleted_by_mukti.txt
wikineurotic,fc3f3e4d5526-wiki_page_user30710_deleted_by_mukti,n6zznu.eoqnbl@www.lojban.org,1,mail/wikineurotic/threads/2014/fc3f3e4d5526-wiki_page_user30710_deleted_by_mukti.txt
wikineurotic,eb559ba9f4e7-wiki_page_user30711_deleted_by_mukti,n6zzp4.sjyx45@www.lojban.org,1,mail/wikineurotic/threads/2014/eb559ba9f4e7-wiki_page_user30711_deleted_by_mukti.txt
wikineurotic,bb46c99022a6-wiki_page_%E5%AD%A6%E7%BF%92_changed_by_najrut,n754ay.r0j02j@www.lojban.org,1,mail/wikineurotic/threads/2014/bb46c99022a6-wiki_page_%E5%AD%A6%E7%BF%92_changed_by_najrut.txt
wikineurotic,57cabbbc72df-wiki_page_bpfk_section%3A_personal_pro-sumti_ch,n761fu.r4vokj@www.lojban.org,1,mail/wikineurotic/threads/2014/57cabbbc72df-wiki_page_bpfk_section%3A_personal_pro-sumti_ch.txt
wikineurotic,c10671ecfce6-wiki_page_bpfk_section%3A_indirect_referers_cha,n761vm.w5v7yg@www.lojban.org,1,mail/wikineurotic/threads/2014/c10671ecfce6-wiki_page_bpfk_section%3A_indirect_referers_cha.txt
wikineurotic,b415774f61ba-wiki_page_bpfk_section%3A_tense_changed_by_ilme,n76egd.dxtknn@www.lojban.org,2,mail/wikineurotic/threads/2014/b415774f61ba-wiki_page_bpfk_section%3A_tense_changed_by_ilme.txt
wikineurotic,249c21f70f19-wiki_page_bpfk_section%3A_digits_changed_by_ilm,n76j9q.lbx9si@www.lojban.org,2,mail/wikineurotic/threads/2014/249c21f70f19-wiki_page_bpfk_section%3A_digits_changed_by_ilm.txt
wikineurotic,c3c95ea3d590-wiki_page_magic_words_changed_by_durka42,n783v8.pp6xe1@www.lojban.org,1,mail/wikineurotic/threads/2014/c3c95ea3d590-wiki_page_magic_words_changed_by_durka42.txt
wikineurotic,38aa3bcf89cb-wiki_page_bpfk_section%3A_lerfu_forming_cmavo_c,n784ss.lzvp1e@www.lojban.org,1,mail/wikineurotic/threads/2014/38aa3bcf89cb-wiki_page_bpfk_section%3A_lerfu_forming_cmavo_c.txt
wikineurotic,7cbbe90fa267-wiki_page_bpfk_section%3A_nonce_connectives_cha,n7853x.dpri14@www.lojban.org,3,mail/wikineurotic/threads/2014/7cbbe90fa267-wiki_page_bpfk_section%3A_nonce_connectives_cha.txt
wikineurotic,5521e4a82cc1-wiki_page_%E5%AD%A6%E7%BF%92_changed_by_guskant,n7biqs.yli9ii@www.lojban.org,8,mail/wikineurotic/threads/2014/5521e4a82cc1-wiki_page_%E5%AD%A6%E7%BF%92_changed_by_guskant.txt
wikineurotic,426ce9d4ba90-wiki_page_multimedia_changed_by_guskant,n7bu5h.vxig6w@www.lojban.org,3,mail/wikineurotic/threads/2014/426ce9d4ba90-wiki_page_multimedia_changed_by_guskant.txt
wikineurotic,868084f3d3c0-wiki_page_texts_in_lojban_changed_by_guskant,n7buhc.sfhd59@www.lojban.org,4,mail/wikineurotic/threads/2014/868084f3d3c0-wiki_page_texts_in_lojban_changed_by_guskant.txt
wikineurotic,339625c436fb-wiki_page_bpfk_section%3A_mathematical_constant,n7bzoo.afoesh@www.lojban.org,1,mail/wikineurotic/threads/2014/339625c436fb-wiki_page_bpfk_section%3A_mathematical_constant.txt
wikineurotic,f4ed0f8d579b-wiki_page_lojbanic_phone_group_changed_by_evilp,n7czxi.a1ikj@www.lojban.org,1,mail/wikineurotic/threads/2014/f4ed0f8d579b-wiki_page_lojbanic_phone_group_changed_by_evilp.txt
wikineurotic,01b84b6863f9-wiki_page_lojban_%28pt-br%29_changed_by_andreib,n7i1h0.wpckod@www.lojban.org,3,mail/wikineurotic/threads/2014/01b84b6863f9-wiki_page_lojban_%28pt-br%29_changed_by_andreib.txt
wikineurotic,bedb16ef70e0-wiki_page_materiais_promocionais_created_by_and,n7kxjo.lmib14@www.lojban.org,1,mail/wikineurotic/threads/2014/bedb16ef70e0-wiki_page_materiais_promocionais_created_by_and.txt
wikineurotic,b97e69c2185d-wiki_page_materiais_promocionais_changed_by_and,n7kxre.i67kgb@www.lojban.org,4,mail/wikineurotic/threads/2014/b97e69c2185d-wiki_page_materiais_promocionais_changed_by_and.txt
wikineurotic,616fa6ed8276-wiki_page_brochura_de_lojban_criado_por_jay_cre,n7kze3.erorbm@www.lojban.org,1,mail/wikineurotic/threads/2014/616fa6ed8276-wiki_page_brochura_de_lojban_criado_por_jay_cre.txt
wikineurotic,6a2138b1b23f-wiki_page_brochura_de_lojban_criado_por_jay_cha,n7kzon.qplk4r@www.lojban.org,1,mail/wikineurotic/threads/2014/6a2138b1b23f-wiki_page_brochura_de_lojban_criado_por_jay_cha.txt
wikineurotic,8e0ecfc405eb-wiki_page_sintetizador_de_fala_de_lojban_create,n7l1od.s3dipw@www.lojban.org,1,mail/wikineurotic/threads/2014/8e0ecfc405eb-wiki_page_sintetizador_de_fala_de_lojban_create.txt
wikineurotic,ea0a5eda1636-wiki_page_hino_de_lojban_created_by_andr%C3%A9_,n7l2x2.swdu6d@www.lojban.org,1,mail/wikineurotic/threads/2014/ea0a5eda1636-wiki_page_hino_de_lojban_created_by_andr%C3%A9_.txt
wikineurotic,1b3e3c08778e-wiki_page_multim%C3%ADdia_created_by_andr%C3%A9,n7l3ek.bfhyfn@www.lojban.org,1,mail/wikineurotic/threads/2014/1b3e3c08778e-wiki_page_multim%C3%ADdia_created_by_andr%C3%A9.txt
wikineurotic,0b9bc3a61dc3-wiki_page_1997_baseline_announcement_created_by,n8mt49.bfcjnu@www.lojban.org,1,mail/wikineurotic/threads/2014/0b9bc3a61dc3-wiki_page_1997_baseline_announcement_created_by.txt
wikineurotic,1bb1f190b7d5-a_file_was_attached_to_viktor_medrano,n934sf.6epm5k@www.lojban.org,2,mail/wikineurotic/threads/2014/1bb1f190b7d5-a_file_was_attached_to_viktor_medrano.txt
wikineurotic,7ee3455cfc75-wiki_page_bpfk_section%3A_pro-bridi_changed_by_,n9c22q.pb8qb3@www.lojban.org,5,mail/wikineurotic/threads/2014/7ee3455cfc75-wiki_page_bpfk_section%3A_pro-bridi_changed_by_.txt
wikineurotic,efadff12611b-wiki_page_wavelessonscontinuedp2_changed_by_ilm,n9dvl7.bmguvu@www.lojban.org,1,mail/wikineurotic/threads/2014/efadff12611b-wiki_page_wavelessonscontinuedp2_changed_by_ilm.txt
wikineurotic,5afe4316f990-wiki_page_texts_in_lojban_changed_by_taun,n9fh9o.cl5424@www.lojban.org,1,mail/wikineurotic/threads/2014/5afe4316f990-wiki_page_texts_in_lojban_changed_by_taun.txt
wikineurotic,aec7bcfce52b-wiki_page_how_to_use_xorlo_changed_by_jcowan,n9hfwu.8ikjzf@www.lojban.org,1,mail/wikineurotic/threads/2014/aec7bcfce52b-wiki_page_how_to_use_xorlo_changed_by_jcowan.txt
wikineurotic,4255dfddb43a-wiki_page_bpfk_section%3A_anaphoric_pro-sumti_c,n8k4e4.e2wnon@www.lojban.org,1,mail/wikineurotic/threads/2014/4255dfddb43a-wiki_page_bpfk_section%3A_anaphoric_pro-sumti_c.txt
wikineurotic,7bf7a28de6e9-wiki_page_wavelessonscontinued_changed_by_gleki,n9mfg5.mq0zoh@www.lojban.org,3,mail/wikineurotic/threads/2014/7bf7a28de6e9-wiki_page_wavelessonscontinued_changed_by_gleki.txt
wikineurotic,12c46312c39d-wiki_page_le%C3%A7ons_wave_en_fran%C3%A7ais_cha,n9zman.bifa4b@www.lojban.org,1,mail/wikineurotic/threads/2014/12c46312c39d-wiki_page_le%C3%A7ons_wave_en_fran%C3%A7ais_cha.txt
wikineurotic,556718488bcd-wiki_page_bpfk_2003_report_created_by_mukti,nal9b7.9mmvew@www.lojban.org,1,mail/wikineurotic/threads/2014/556718488bcd-wiki_page_bpfk_2003_report_created_by_mukti.txt
wikineurotic,0d0e3be3a4e9-wiki_page_bpfk_section%3A_causation_sumtcita_ch,namjnp.ui7sf0@www.lojban.org,3,mail/wikineurotic/threads/2014/0d0e3be3a4e9-wiki_page_bpfk_section%3A_causation_sumtcita_ch.txt
wikineurotic,3574d8455e3e-wiki_page_bpfk_section%3A_relational_sumtcita_c,namlly.a5xsj1@www.lojban.org,2,mail/wikineurotic/threads/2014/3574d8455e3e-wiki_page_bpfk_section%3A_relational_sumtcita_c.txt
wikineurotic,5bbb129c89c7-wiki_page_bpfk_section%3A_mex_operators_changed,nanx5v.fl91aj@www.lojban.org,1,mail/wikineurotic/threads/2014/5bbb129c89c7-wiki_page_bpfk_section%3A_mex_operators_changed.txt
wikineurotic,79b06370f4ad-wiki_page_bpfk_section%3A_logical_connectives_c,nao47d.38nbru@www.lojban.org,1,mail/wikineurotic/threads/2014/79b06370f4ad-wiki_page_bpfk_section%3A_logical_connectives_c.txt
wikineurotic,91dc30e9d40b-wiki_page_bpfk_section%3A_gadri_changed_by_ilme,nao8p8.f7kwr7@www.lojban.org,3,mail/wikineurotic/threads/2014/91dc30e9d40b-wiki_page_bpfk_section%3A_gadri_changed_by_ilme.txt
wikineurotic,e8ec674eccb7-wiki_page_bpfk_section%3A_causation_sumtcita_ch,napeu9.k8ashp@www.lojban.org,1,mail/wikineurotic/threads/2014/e8ec674eccb7-wiki_page_bpfk_section%3A_causation_sumtcita_ch.txt
wikineurotic,94a52c328eb3-wiki_page_bpfk_section%3A_grammatical_pro-sumti,napg5s.5l9uk8@www.lojban.org,1,mail/wikineurotic/threads/2014/94a52c328eb3-wiki_page_bpfk_section%3A_grammatical_pro-sumti.txt
wikineurotic,405ad929e13c-wiki_page_bpfk_section%3A_quotations_changed_by,napn3t.ronf5s@www.lojban.org,1,mail/wikineurotic/threads/2014/405ad929e13c-wiki_page_bpfk_section%3A_quotations_changed_by.txt
wikineurotic,ba3189a9ccf5-wiki_page_bpfk_section%3A_realis_attitudinals_c,narupe.e1si01@www.lojban.org,1,mail/wikineurotic/threads/2014/ba3189a9ccf5-wiki_page_bpfk_section%3A_realis_attitudinals_c.txt
wikineurotic,6d7a3b29f59a-wiki_page_zdilisri_changed_by_latros,n9pjuq.iyqi2u@www.lojban.org,2,mail/wikineurotic/threads/2014/6d7a3b29f59a-wiki_page_zdilisri_changed_by_latros.txt
wikineurotic,f5c98266675b-wiki_page_bpfk_section%3A_text_structure_cmavo_,narvci.7xht95@www.lojban.org,6,mail/wikineurotic/threads/2014/f5c98266675b-wiki_page_bpfk_section%3A_text_structure_cmavo_.txt
wikineurotic,4e7b74725756-wiki_page_bpfk_section%3A_case_sumtcita_changed,nated7.xexlvb@www.lojban.org,2,mail/wikineurotic/threads/2014/4e7b74725756-wiki_page_bpfk_section%3A_case_sumtcita_changed.txt
wikineurotic,67af28cb7a79-wiki_page_bpfk_section%3A_tense_sumtcita_change,natr6l.xryuej@www.lojban.org,1,mail/wikineurotic/threads/2014/67af28cb7a79-wiki_page_bpfk_section%3A_tense_sumtcita_change.txt
wikineurotic,2f635364b887-wiki_page_bpfk_section%3A_quantity_sumtcita_cha,natz28.a0qinv@www.lojban.org,1,mail/wikineurotic/threads/2014/2f635364b887-wiki_page_bpfk_section%3A_quantity_sumtcita_cha.txt
wikineurotic,94fb0e685ca1-wiki_page_how_to_use_xorlo_changed_by_guskant,nauj65.99djin@www.lojban.org,1,mail/wikineurotic/threads/2014/94fb0e685ca1-wiki_page_how_to_use_xorlo_changed_by_guskant.txt
wikineurotic,9021f58a248b-wiki_page_user33013_created_by_holidayinncamden,nauoip.u31qp2@www.lojban.org,1,mail/wikineurotic/threads/2014/9021f58a248b-wiki_page_user33013_created_by_holidayinncamden.txt
wikineurotic,55babaa07b8b-wiki_page_bpfk_section%3A_numeric_selbri_change,nauwga.c1432q@www.lojban.org,1,mail/wikineurotic/threads/2014/55babaa07b8b-wiki_page_bpfk_section%3A_numeric_selbri_change.txt
wikineurotic,2e4dc3c18dba-wiki_page_bpfk_section%3A_numeric_selbri_change,naw0tr.tj9zi0@www.lojban.org,1,mail/wikineurotic/threads/2014/2e4dc3c18dba-wiki_page_bpfk_section%3A_numeric_selbri_change.txt
wikineurotic,262db87369f7-wiki_page_bpfk_section%3A_gadri_changed_by_gusk,nawb1c.58h06w@www.lojban.org,1,mail/wikineurotic/threads/2014/262db87369f7-wiki_page_bpfk_section%3A_gadri_changed_by_gusk.txt
wikineurotic,94c3c7a88d3f-wiki_page_llg_1995_annual_meeting_minutes_chang,naz0l7.kuejnc@www.lojban.org,1,mail/wikineurotic/threads/2014/94c3c7a88d3f-wiki_page_llg_1995_annual_meeting_minutes_chang.txt
wikineurotic,8e3ea487e095-wiki_page_user33013_changed_by_holidayinncamden,nb2197.s7z33b@www.lojban.org,1,mail/wikineurotic/threads/2014/8e3ea487e095-wiki_page_user33013_changed_by_holidayinncamden.txt
wikineurotic,17e8f496e677-wiki_page_llg_1996_annual_meeting_announcement_,nbbdkr.200as6@www.lojban.org,1,mail/wikineurotic/threads/2014/17e8f496e677-wiki_page_llg_1996_annual_meeting_announcement_.txt
wikineurotic,ae956e63cf1a-wiki_page_llg_2000_annual_meeting_announcement_,nbbdof.bfm3uw@www.lojban.org,1,mail/wikineurotic/threads/2014/ae956e63cf1a-wiki_page_llg_2000_annual_meeting_announcement_.txt
wikineurotic,1119f937614e-wiki_page_the_logical_language_group_changed_by,nbdc7f.c4uhf@www.lojban.org,1,mail/wikineurotic/threads/2014/1119f937614e-wiki_page_the_logical_language_group_changed_by.txt
wikineurotic,1ac956551cd8-wiki_page_texts_in_lojban_changed_by_maiky'elsy,nbl9nb.j7mgl9@www.lojban.org,1,mail/wikineurotic/threads/2014/1ac956551cd8-wiki_page_texts_in_lojban_changed_by_maiky'elsy.txt
wikineurotic,"cd94f71b3381-wiki_page_cll,_aka_reference_grammar,_errata_ch",nbskil.u2a9bi@www.lojban.org,1,"mail/wikineurotic/threads/2014/cd94f71b3381-wiki_page_cll,_aka_reference_grammar,_errata_ch.txt"
wikineurotic,99be5ec7906d-a_file_was_attached_to_texts_in_lojban,nbtyhi.ipo5o@www.lojban.org,1,mail/wikineurotic/threads/2014/99be5ec7906d-a_file_was_attached_to_texts_in_lojban.txt
wikineurotic,53886652b8c8-wiki_page_texts_in_lojban_changed_by_remod,nbtyjw.m6kx9v@www.lojban.org,1,mail/wikineurotic/threads/2014/53886652b8c8-wiki_page_texts_in_lojban_changed_by_remod.txt
wikineurotic,d7901a64abc2-wiki_page_le_petit_prince_changed_by_xorxes,nbyh9w.6h0lf3@www.lojban.org,1,mail/wikineurotic/threads/2014/d7901a64abc2-wiki_page_le_petit_prince_changed_by_xorxes.txt
wikineurotic,5e222d9da1c7-wiki_page_bpfk_sections_changed_by_xorxes,nbymtk.wmyj6g@www.lojban.org,2,mail/wikineurotic/threads/2014/5e222d9da1c7-wiki_page_bpfk_sections_changed_by_xorxes.txt
wikineurotic,d73ca5105922-wiki_page_llg_2005_annual_meeting_announcement_,nbbckd.esn7xs@www.lojban.org,1,mail/wikineurotic/threads/2014/d73ca5105922-wiki_page_llg_2005_annual_meeting_announcement_.txt
wikineurotic,d7dfd0929e6d-wiki_page_bpfk_sections_changed_by_jonathan_jon,nbzggd.7mq7w8@www.lojban.org,7,mail/wikineurotic/threads/2014/d7dfd0929e6d-wiki_page_bpfk_sections_changed_by_jonathan_jon.txt
wikineurotic,4646290c1c53-wiki_page_llg_meeting_annoucement_2010_created_,nbbcty.ufo0ee@www.lojban.org,1,mail/wikineurotic/threads/2014/4646290c1c53-wiki_page_llg_meeting_annoucement_2010_created_.txt
wikineurotic,7352971c530b-wiki_page_%E8%AA%9E%E5%BD%99_changed_by_guskant,ncbdm5.jobgx0@www.lojban.org,2,mail/wikineurotic/threads/2014/7352971c530b-wiki_page_%E8%AA%9E%E5%BD%99_changed_by_guskant.txt
wikineurotic,4041576068ef-wiki_page_word_lists_changed_by_guskant,ncbdtl.xed51u@www.lojban.org,2,mail/wikineurotic/threads/2014/4041576068ef-wiki_page_word_lists_changed_by_guskant.txt
wikineurotic,424f4bcba500-wiki_page_llg_meetings_changed_by_mukti,ncc4tg.kkopfo@www.lojban.org,2,mail/wikineurotic/threads/2014/424f4bcba500-wiki_page_llg_meetings_changed_by_mukti.txt
wikineurotic,a9a3008b7d3a-wiki_page_llg_meeting_summary_2008_created_by_m,nce7o9.5vxihx@www.lojban.org,1,mail/wikineurotic/threads/2014/a9a3008b7d3a-wiki_page_llg_meeting_summary_2008_created_by_m.txt
wikineurotic,077193443fb0-wiki_page_texts_in_lojban_changed_by_rlpowell,ncey8y.8527of@www.lojban.org,1,mail/wikineurotic/threads/2014/077193443fb0-wiki_page_texts_in_lojban_changed_by_rlpowell.txt
wikineurotic,feeb021fe022-wiki_page_llg_1997_annual_meeting_announcement_,nbbczw.da1bhh@www.lojban.org,1,mail/wikineurotic/threads/2014/feeb021fe022-wiki_page_llg_1997_annual_meeting_announcement_.txt
wikineurotic,fb2d8c075ac9-wiki_page_robin's_palm_writings%3A_nicte_cadzu_,ncf8z4.4yz4od@www.lojban.org,1,mail/wikineurotic/threads/2014/fb2d8c075ac9-wiki_page_robin's_palm_writings%3A_nicte_cadzu_.txt
wikineurotic,a042375b8628-wiki_page_llg_meeting_summary_2010_created_by_m,ncn8ax.klqtfl@www.lojban.org,1,mail/wikineurotic/threads/2014/a042375b8628-wiki_page_llg_meeting_summary_2010_created_by_m.txt
wikineurotic,ccac06fa397a-wiki_page_lo_nu_binxo_changed_by_xorxes,ncomf8.1sdtgt@www.lojban.org,1,mail/wikineurotic/threads/2014/ccac06fa397a-wiki_page_lo_nu_binxo_changed_by_xorxes.txt
wikineurotic,52aaa8add5a7-wiki_page_llg_1992_annual_meeting_announcement_,nbbd4v.w46d7z@www.lojban.org,1,mail/wikineurotic/threads/2014/52aaa8add5a7-wiki_page_llg_1992_annual_meeting_announcement_.txt
wikineurotic,2a5746a3301c-wiki_page_bpfk_section%3A_gismu_issues_changed_,nd31rf.t2k7m3@www.lojban.org,1,mail/wikineurotic/threads/2014/2a5746a3301c-wiki_page_bpfk_section%3A_gismu_issues_changed_.txt
wikineurotic,404297763001-wiki_page_the_princess_and_the_pea_changed_by_m,nd8dwu.vf60xt@www.lojban.org,1,mail/wikineurotic/threads/2014/404297763001-wiki_page_the_princess_and_the_pea_changed_by_m.txt
wikineurotic,1d9c4550a867-wiki_page_grammatical_similarity_of_q_codes_to_,ndgbpy.o04kcx@www.lojban.org,1,mail/wikineurotic/threads/2014/1d9c4550a867-wiki_page_grammatical_similarity_of_q_codes_to_.txt
wikineurotic,c0ba6b0df86b-wiki_page_grammatical_similarity_of_q_codes_and,ndgbvg.t1hhct@www.lojban.org,1,mail/wikineurotic/threads/2014/c0ba6b0df86b-wiki_page_grammatical_similarity_of_q_codes_and.txt
wikineurotic,ec6835d61cfb-wiki_page_%E3%82%B3%E3%83%9F%E3%83%A5%E3%83%8B%,ndn4wm.t1hx38@www.lojban.org,1,mail/wikineurotic/threads/2014/ec6835d61cfb-wiki_page_%E3%82%B3%E3%83%9F%E3%83%A5%E3%83%8B%.txt
wikineurotic,c1f195bea71a-a_file_was_attached_to_jbo_cheat_sheet,ndnhgz.wc5q77@www.lojban.org,1,mail/wikineurotic/threads/2014/c1f195bea71a-a_file_was_attached_to_jbo_cheat_sheet.txt
wikineurotic,7bdcfe9e98e9-wiki_page_jbo_cheat_sheet_changed_by_mukti,ndnhmh.lt0rx8@www.lojban.org,1,mail/wikineurotic/threads/2014/7bdcfe9e98e9-wiki_page_jbo_cheat_sheet_changed_by_mukti.txt
wikineurotic,5e15d4f13374-wiki_page_lojban_thesaurus_changed_by_ilmen,ndnsfz.3zn131@www.lojban.org,1,mail/wikineurotic/threads/2014/5e15d4f13374-wiki_page_lojban_thesaurus_changed_by_ilmen.txt
wikineurotic,3da2f2fe4da1-wiki_page_vocabulary_changed_by_ilmen,ndnvpz.1twut1@www.lojban.org,1,mail/wikineurotic/threads/2014/3da2f2fe4da1-wiki_page_vocabulary_changed_by_ilmen.txt
wikineurotic,51d3450b26cc-wiki_page_bpfk_section%3A_peg_morphology_algori,ndx0tx.si9xsq@www.lojban.org,15,mail/wikineurotic/threads/2014/51d3450b26cc-wiki_page_bpfk_section%3A_peg_morphology_algori.txt
wikineurotic,6db45ecb2936-wiki_page_lojbanic_software_changed_by_johanp,ne6ekm.5d2yar@www.lojban.org,1,mail/wikineurotic/threads/2014/6db45ecb2936-wiki_page_lojbanic_software_changed_by_johanp.txt
wikineurotic,ba47269acd02-wiki_page_bevezet%C3%A9s_changed_by_ashtif,neyaf9.txttvq@www.lojban.org,2,mail/wikineurotic/threads/2014/ba47269acd02-wiki_page_bevezet%C3%A9s_changed_by_ashtif.txt
wikineurotic,a49a3c7a18b1-wiki_page_k%C3%B6nyvek_created_by_ashtif,neybvy.jn79z9@www.lojban.org,1,mail/wikineurotic/threads/2014/a49a3c7a18b1-wiki_page_k%C3%B6nyvek_created_by_ashtif.txt
wikineurotic,"270325115fe5-wiki_page_cll,_aka_reference_grammar,_errata_ch",nf9xpp.8hi33k@www.lojban.org,4,"mail/wikineurotic/threads/2014/270325115fe5-wiki_page_cll,_aka_reference_grammar,_errata_ch.txt"
wikineurotic,d751e11dd5e4-wiki_page_bpfk_section%3A_attitudinal_modifiers,nfej0i.jck35m@www.lojban.org,1,mail/wikineurotic/threads/2014/d751e11dd5e4-wiki_page_bpfk_section%3A_attitudinal_modifiers.txt
wikineurotic,2cf4e6327359-wiki_page_llg_meeting_annoucement_2014_created_,nefu8p.1hbl28@www.lojban.org,1,mail/wikineurotic/threads/2014/2cf4e6327359-wiki_page_llg_meeting_annoucement_2014_created_.txt
wikineurotic,aed255b73ece-wiki_page_viktor_medrano_changed_by_viktor,ng354f.hfl52l@www.lojban.org,5,mail/wikineurotic/threads/2014/aed255b73ece-wiki_page_viktor_medrano_changed_by_viktor.txt
wikineurotic,430beb3be9d3-wiki_page_wavelessonscontinuedp2_changed_by_gle,ng65rx.lzdt8x@www.lojban.org,2,mail/wikineurotic/threads/2014/430beb3be9d3-wiki_page_wavelessonscontinuedp2_changed_by_gle.txt
wikineurotic,79a2f8f822db-wiki_page_wavelessonscontinuedp3_changed_by_gle,ng65ws.6utcbk@www.lojban.org,2,mail/wikineurotic/threads/2014/79a2f8f822db-wiki_page_wavelessonscontinuedp3_changed_by_gle.txt
wikineurotic,e6324ac9cac2-wiki_page_geometry_changed_by_ravas,ngovt4.bhwvzn@www.lojban.org,2,mail/wikineurotic/threads/2014/e6324ac9cac2-wiki_page_geometry_changed_by_ravas.txt
wikineurotic,f5c3021ea3e1-a_file_was_attached_to_multimedia,ng24lm.7jaupw@www.lojban.org,1,mail/wikineurotic/threads/2014/f5c3021ea3e1-a_file_was_attached_to_multimedia.txt
wikineurotic,0e1b766c404e-wiki_page_ko'a_marji_lo_rectu_changed_by_pierre,nh1zoa.dl6o25@www.lojban.org,1,mail/wikineurotic/threads/2014/0e1b766c404e-wiki_page_ko'a_marji_lo_rectu_changed_by_pierre.txt
wikineurotic,a9612bb95ca7-wiki_page_mumble_changed_by_selpa'i,nh7mza.hk4ldi@www.lojban.org,1,mail/wikineurotic/threads/2014/a9612bb95ca7-wiki_page_mumble_changed_by_selpa'i.txt
wikineurotic,68ea073612f8-wiki_page_multimedia_changed_by_guskant,ng24ra.wx8kn6@www.lojban.org,1,mail/wikineurotic/threads/2014/68ea073612f8-wiki_page_multimedia_changed_by_guskant.txt
wikineurotic,f9b34805e068-wiki_page_bpfk_section%3A_ban_on_consonant-glid,nhnqgd.ik8cxb@www.lojban.org,11,mail/wikineurotic/threads/2015/f9b34805e068-wiki_page_bpfk_section%3A_ban_on_consonant-glid.txt
wikineurotic,58c01550e5f7-wiki_page_llg_members_changed_by_durka42,nhq5p9.glm470@www.lojban.org,1,mail/wikineurotic/threads/2015/58c01550e5f7-wiki_page_llg_members_changed_by_durka42.txt
wikineurotic,b0996042f590-wiki_page_llg_members_changed_by_mukti,nhmomd.69db73@www.lojban.org,3,mail/wikineurotic/threads/2015/b0996042f590-wiki_page_llg_members_changed_by_mukti.txt
wikineurotic,28617cb7085c-wiki_page_bpfk_section%3A_ban_on_consonant-glid,nhnpdd.rr08q9@www.lojban.org,1,mail/wikineurotic/threads/2015/28617cb7085c-wiki_page_bpfk_section%3A_ban_on_consonant-glid.txt
wikineurotic,a874e76d4cba-wiki_page_bpfk_section%3A_formal_morphology_cha,nhnpho.h2rfcb@www.lojban.org,1,mail/wikineurotic/threads/2015/a874e76d4cba-wiki_page_bpfk_section%3A_formal_morphology_cha.txt
wikineurotic,"67d21dd69d21-wiki_page_cll,_aka_reference_grammar,_errata_ch",ni5t45.41ua10@www.lojban.org,1,"mail/wikineurotic/threads/2015/67d21dd69d21-wiki_page_cll,_aka_reference_grammar,_errata_ch.txt"
wikineurotic,4ff3b0878fd1-wiki_page_native_speakers_changed_by_jop,nihw9q.9jglyr@www.lojban.org,1,mail/wikineurotic/threads/2015/4ff3b0878fd1-wiki_page_native_speakers_changed_by_jop.txt
wikineurotic,02c3a4915387-wiki_page_esther_changed_by_lagejyspa,nimunh.72pezy@www.lojban.org,1,mail/wikineurotic/threads/2015/02c3a4915387-wiki_page_esther_changed_by_lagejyspa.txt
wikineurotic,e8f906f9f792-wiki_page_esther_changed_by_najrut,niu8c3.mqvfwz@www.lojban.org,1,mail/wikineurotic/threads/2015/e8f906f9f792-wiki_page_esther_changed_by_najrut.txt
wikineurotic,f90e4cd95e58-a_file_was_attached_to_viktor_medrano,nlhwgq.r25dxz@www.lojban.org,6,mail/wikineurotic/threads/2015/f90e4cd95e58-a_file_was_attached_to_viktor_medrano.txt
wikineurotic,934e0ca34132-wiki_page_the_logical_language_group_changed_by,nlxq8j.d1130c@www.lojban.org,2,mail/wikineurotic/threads/2015/934e0ca34132-wiki_page_the_logical_language_group_changed_by.txt
wikineurotic,ecdff4d02fbf-wiki_page_bfpk_reauthorization_created_by_mukti,nlzjwy.4yq2f5@tiki.lojban.org,1,mail/wikineurotic/threads/2015/ecdff4d02fbf-wiki_page_bfpk_reauthorization_created_by_mukti.txt
wikineurotic,14afe1be2b1b-wiki_page_llg_board_of_directors_created_by_muk,nlzk3n.mpbaj8@tiki.lojban.org,1,mail/wikineurotic/threads/2015/14afe1be2b1b-wiki_page_llg_board_of_directors_created_by_muk.txt
wikineurotic,7c7fab5db030-wiki_page_bpfk_members_changed_by_mukti,nlzl8c.kboq48@tiki.lojban.org,1,mail/wikineurotic/threads/2015/7c7fab5db030-wiki_page_bpfk_members_changed_by_mukti.txt
wikineurotic,d1a1fd86b921-wiki_page_baupla_fuzykamni_changed_by_mukti,nlzlkj.wqgx0w@tiki.lojban.org,1,mail/wikineurotic/threads/2015/d1a1fd86b921-wiki_page_baupla_fuzykamni_changed_by_mukti.txt
wikineurotic,5bc646827d28-wiki_page_archived_news_changed_by_mukti,nlzmof.q9opqd@tiki.lojban.org,1,mail/wikineurotic/threads/2015/5bc646827d28-wiki_page_archived_news_changed_by_mukti.txt
wikineurotic,c5b7200d35aa-wiki_page_llg_board_of_directors_changed_by_muk,nlzqxa.2ekv1r@tiki.lojban.org,1,mail/wikineurotic/threads/2015/c5b7200d35aa-wiki_page_llg_board_of_directors_changed_by_muk.txt
wikineurotic,9a8cbedb1af9-wiki_page_llg_honorary_officers_created_by_mukt,nlzr20.4wdfta@tiki.lojban.org,1,mail/wikineurotic/threads/2015/9a8cbedb1af9-wiki_page_llg_honorary_officers_created_by_mukt.txt
wikineurotic,8668c783b148-wiki_page_bpfk_section%3A_peg_morphology_algori,nn0mqr.xqmk5t@tiki.lojban.org,3,mail/wikineurotic/threads/2015/8668c783b148-wiki_page_bpfk_section%3A_peg_morphology_algori.txt
wikineurotic,6db1a48cce0a-wiki_page_userpagehaydensuggseaarv_created_by_d,nwvp61.aoc4t8@tiki.lojban.org,1,mail/wikineurotic/threads/2015/6db1a48cce0a-wiki_page_userpagehaydensuggseaarv_created_by_d.txt
wikineurotic,ae2d2591d3b7-wiki_page_userpagerosalindthatchersi_created_by,nwz3ur.fbqnxu@tiki.lojban.org,1,mail/wikineurotic/threads/2015/ae2d2591d3b7-wiki_page_userpagerosalindthatchersi_created_by.txt
wikineurotic,67c15c1e8df2-wiki_page_userpagecasinoklaudkico_created_by_me,nx03rr.tb28k1@tiki.lojban.org,1,mail/wikineurotic/threads/2015/67c15c1e8df2-wiki_page_userpagecasinoklaudkico_created_by_me.txt
wikineurotic,0e02f013ba84-wiki_page_userpagexhmphilippmzyydwn_created_by_,nx04zr.bbgplr@tiki.lojban.org,1,mail/wikineurotic/threads/2015/0e02f013ba84-wiki_page_userpagexhmphilippmzyydwn_created_by_.txt
wikineurotic,556555dfd36d-wiki_page_userpagecasinoroscodfli_created_by_my,nx1541.2ehdou@tiki.lojban.org,1,mail/wikineurotic/threads/2015/556555dfd36d-wiki_page_userpagecasinoroscodfli_created_by_my.txt
wikineurotic,5f4756021497-wiki_page_userpagearmandmuncyocsltlh_created_by,nx16rk.548y50@tiki.lojban.org,1,mail/wikineurotic/threads/2015/5f4756021497-wiki_page_userpagearmandmuncyocsltlh_created_by.txt
wikineurotic,8b8d5bd8ba6a-wiki_page_userpagekassandrabatten_created_by_la,nx1uml.gvox1w@tiki.lojban.org,1,mail/wikineurotic/threads/2015/8b8d5bd8ba6a-wiki_page_userpagekassandrabatten_created_by_la.txt
wikineurotic,5cf5af3a44ba-wiki_page_userpageoyqsheriqgiivbyvc_created_by_,nx1ynx.lr9j5d@tiki.lojban.org,1,mail/wikineurotic/threads/2015/5cf5af3a44ba-wiki_page_userpageoyqsheriqgiivbyvc_created_by_.txt
wikineurotic,ca3be89aca88-wiki_page_userpagelavadaninjgqbpxdf_created_by_,nx229u.n78f10@tiki.lojban.org,1,mail/wikineurotic/threads/2015/ca3be89aca88-wiki_page_userpagelavadaninjgqbpxdf_created_by_.txt
wikineurotic,b1ee588445ab-wiki_page_userpagegregghagerogtzr_created_by_al,nx2e3x.x7xqr8@tiki.lojban.org,1,mail/wikineurotic/threads/2015/b1ee588445ab-wiki_page_userpagegregghagerogtzr_created_by_al.txt
wikineurotic,42f04eff50f0-wiki_page_userpagereginaldfallstxew_created_by_,nx3g4i.meick4@tiki.lojban.org,1,mail/wikineurotic/threads/2015/42f04eff50f0-wiki_page_userpagereginaldfallstxew_created_by_.txt
wikineurotic,0f7375c07bb7-wiki_page_userpagedinahdanielrzbynazxh_created_,nwvpt5.bjvgb1@tiki.lojban.org,1,mail/wikineurotic/threads/2015/0f7375c07bb7-wiki_page_userpagedinahdanielrzbynazxh_created_.txt
wikineurotic,6220fd949353-wiki_page_userpageprestonkelliherwlig_created_b,nx3on1.hmjetm@tiki.lojban.org,1,mail/wikineurotic/threads/2015/6220fd949353-wiki_page_userpageprestonkelliherwlig_created_b.txt
wikineurotic,739041a175b5-wiki_page_userpageruzhilariocxwkrexrhcc_created,nx3tvh.lo0rvx@tiki.lojban.org,1,mail/wikineurotic/threads/2015/739041a175b5-wiki_page_userpageruzhilariocxwkrexrhcc_created.txt
wikineurotic,141c3fb70a7e-wiki_page_userpageaudreyicmmtfetmpasypx_created,nx46z4.tv67sw@tiki.lojban.org,1,mail/wikineurotic/threads/2015/141c3fb70a7e-wiki_page_userpageaudreyicmmtfetmpasypx_created.txt
wikineurotic,8fe6daec943a-wiki_page_userpagecasinoalexadtyn_created_by_ly,nwxq5y.hpwkxf@tiki.lojban.org,1,mail/wikineurotic/threads/2015/8fe6daec943a-wiki_page_userpagecasinoalexadtyn_created_by_ly.txt
wikineurotic,80e976350cba-wiki_page_userpagehowardtrenerrynzmol_created_b,nwyf6c.5u38ig@tiki.lojban.org,1,mail/wikineurotic/threads/2015/80e976350cba-wiki_page_userpagehowardtrenerrynzmol_created_b.txt
wikineurotic,25a811ae4dcf-wiki_page_userpageteddyarcehaivmd_created_by_ma,nwyn8a.5613z5@tiki.lojban.org,1,mail/wikineurotic/threads/2015/25a811ae4dcf-wiki_page_userpageteddyarcehaivmd_created_by_ma.txt
wikineurotic,0e9f84d4c71d-wiki_page_userpagecruzheadricktjw_created_by_gw,nx6qzs.gtj3c8@tiki.lojban.org,1,mail/wikineurotic/threads/2015/0e9f84d4c71d-wiki_page_userpagecruzheadricktjw_created_by_gw.txt
wikineurotic,033f7792a82b-wiki_page_userpagelarachristopherfx_created_by_,nx7kl5.tiakpw@tiki.lojban.org,1,mail/wikineurotic/threads/2015/033f7792a82b-wiki_page_userpagelarachristopherfx_created_by_.txt
wikineurotic,dd4f70d75f0b-wiki_page_userpagenevasimonsmrvhh_created_by_ul,nx7m3f.9luw04@tiki.lojban.org,1,mail/wikineurotic/threads/2015/dd4f70d75f0b-wiki_page_userpagenevasimonsmrvhh_created_by_ul.txt
wikineurotic,83d7b8ba997d-wiki_page_userpagelesterdanglowmixv_created_by_,nx7mxe.imss7d@tiki.lojban.org,1,mail/wikineurotic/threads/2015/83d7b8ba997d-wiki_page_userpagelesterdanglowmixv_created_by_.txt
wikineurotic,7182a9eb71f0-wiki_page_userpagearaceliskilvingtoni_created_b,nx8kr5.bpqmrj@tiki.lojban.org,1,mail/wikineurotic/threads/2015/7182a9eb71f0-wiki_page_userpagearaceliskilvingtoni_created_b.txt
wikineurotic,e11241700b21-wiki_page_userpagewandabarbeeovstu_created_by_r,nx8n90.npsqki@tiki.lojban.org,1,mail/wikineurotic/threads/2015/e11241700b21-wiki_page_userpagewandabarbeeovstu_created_by_r.txt
wikineurotic,c9aa08e1aeec-wiki_page_userpagemarisolstambaughv_created_by_,nx8svn.i5i56f@tiki.lojban.org,1,mail/wikineurotic/threads/2015/c9aa08e1aeec-wiki_page_userpagemarisolstambaughv_created_by_.txt
wikineurotic,50e5d210fd0c-wiki_page_userpagesimonfowellsaotx_created_by_m,nx962s.l96vjp@tiki.lojban.org,1,mail/wikineurotic/threads/2015/50e5d210fd0c-wiki_page_userpagesimonfowellsaotx_created_by_m.txt
wikineurotic,14d7529231e1-wiki_page_userpagedebbradiederichf_created_by_l,nx9de1.3f6zax@tiki.lojban.org,1,mail/wikineurotic/threads/2015/14d7529231e1-wiki_page_userpagedebbradiederichf_created_by_l.txt
wikineurotic,3b5d63399894-wiki_page_userpagemajorcordnersunx_created_by_s,nx9rpl.d4ql33@tiki.lojban.org,1,mail/wikineurotic/threads/2015/3b5d63399894-wiki_page_userpagemajorcordnersunx_created_by_s.txt
wikineurotic,44a84e8cecfa-wiki_page_userpagerustywesterucwdy_created_by_r,nx510i.sq2k79@tiki.lojban.org,1,mail/wikineurotic/threads/2015/44a84e8cecfa-wiki_page_userpagerustywesterucwdy_created_by_r.txt
wikineurotic,835dd886e717-wiki_page_userpageelizabergertsan_created_by_sh,nxa1fo.zdbpc4@tiki.lojban.org,1,mail/wikineurotic/threads/2015/835dd886e717-wiki_page_userpageelizabergertsan_created_by_sh.txt
wikineurotic,f7413b13ee51-wiki_page_userpagetameranievesssf_created_by_ad,nxadnm.2hugni@tiki.lojban.org,1,mail/wikineurotic/threads/2015/f7413b13ee51-wiki_page_userpagetameranievesssf_created_by_ad.txt
wikineurotic,37938c888400-wiki_page_userpagerafaelacovenypzjjzap_created_,nxafd5.jzu36d@tiki.lojban.org,1,mail/wikineurotic/threads/2015/37938c888400-wiki_page_userpagerafaelacovenypzjjzap_created_.txt
wikineurotic,1b65eeefcb5c-wiki_page_userpageintenwolcottakyxmv_created_by,nxaflb.vuuf5k@tiki.lojban.org,1,mail/wikineurotic/threads/2015/1b65eeefcb5c-wiki_page_userpageintenwolcottakyxmv_created_by.txt
wikineurotic,87ab8ae7bece-wiki_page_userpagesatyaquirozrlhiz_created_by_p,nxapbg.tpkyhd@tiki.lojban.org,1,mail/wikineurotic/threads/2015/87ab8ae7bece-wiki_page_userpagesatyaquirozrlhiz_created_by_p.txt
wikineurotic,e89ff5ab0966-wiki_page_userpagesukmamontaguliynozodz_created,nxaqnk.pzmb89@tiki.lojban.org,1,mail/wikineurotic/threads/2015/e89ff5ab0966-wiki_page_userpagesukmamontaguliynozodz_created.txt
wikineurotic,13e5ace3d7ca-wiki_page_userpageoctaviagandoniagzr_created_by,nxcaqj.fp9728@tiki.lojban.org,1,mail/wikineurotic/threads/2015/13e5ace3d7ca-wiki_page_userpageoctaviagandoniagzr_created_by.txt
wikineurotic,e7f0972d29ad-wiki_page_userpagevirginiawinterbotham_created_,nxcdme.611hin@tiki.lojban.org,1,mail/wikineurotic/threads/2015/e7f0972d29ad-wiki_page_userpagevirginiawinterbotham_created_.txt
wikineurotic,5769701c7f30-wiki_page_userpagedanilofarquharsonv_created_by,nxcmom.yscfxd@tiki.lojban.org,1,mail/wikineurotic/threads/2015/5769701c7f30-wiki_page_userpagedanilofarquharsonv_created_by.txt
wikineurotic,a1660914c026-wiki_page_userpagejamikaunrluudar_created_by_ma,nxcvia.hofcr5@tiki.lojban.org,1,mail/wikineurotic/threads/2015/a1660914c026-wiki_page_userpagejamikaunrluudar_created_by_ma.txt
wikineurotic,50e3a7b42e1e-wiki_page_userpagerosalinawpzppcrjs_created_by_,nx51kx.wtyhx9@tiki.lojban.org,1,mail/wikineurotic/threads/2015/50e3a7b42e1e-wiki_page_userpagerosalinawpzppcrjs_created_by_.txt
wikineurotic,7e1bd9ee6672-wiki_page_userpagekaceylqqjdlklwsvviyb_created_,nxd1ak.fz4by2@tiki.lojban.org,1,mail/wikineurotic/threads/2015/7e1bd9ee6672-wiki_page_userpagekaceylqqjdlklwsvviyb_created_.txt
wikineurotic,a37ac1740192-wiki_page_userpagecesarraysnwkxuow_created_by_j,nxd64r.pjfofq@tiki.lojban.org,1,mail/wikineurotic/threads/2015/a37ac1740192-wiki_page_userpagecesarraysnwkxuow_created_by_j.txt
wikineurotic,df3b61468433-wiki_page_userpagegarudadykesfjey_created_by_kr,nxd9cn.djp4at@tiki.lojban.org,1,mail/wikineurotic/threads/2015/df3b61468433-wiki_page_userpagegarudadykesfjey_created_by_kr.txt
wikineurotic,371b4e383f1a-wiki_page_userpageconcepcionboltonb_created_by_,nxdavo.t47jd@tiki.lojban.org,1,mail/wikineurotic/threads/2015/371b4e383f1a-wiki_page_userpageconcepcionboltonb_created_by_.txt
wikineurotic,7c0356a75e8c-wiki_page_userpagerichpeytonmuyxqz_created_by_c,nxdd48.84zix6@tiki.lojban.org,1,mail/wikineurotic/threads/2015/7c0356a75e8c-wiki_page_userpagerichpeytonmuyxqz_created_by_c.txt
wikineurotic,496c07d4d8f4-wiki_page_userpagesurafisktugunvtjgr_created_by,nxdesh.tnup46@tiki.lojban.org,1,mail/wikineurotic/threads/2015/496c07d4d8f4-wiki_page_userpagesurafisktugunvtjgr_created_by.txt
wikineurotic,359e9ffb6eaf-wiki_page_userpagereinaldoloftinowcdq_created_b,nxdk5n.hnkyjz@tiki.lojban.org,1,mail/wikineurotic/threads/2015/359e9ffb6eaf-wiki_page_userpagereinaldoloftinowcdq_created_b.txt
wikineurotic,0f7d3634a569-wiki_page_userpagelucajassotzvdzzsnisj_created_,nxdnsu.uiqoka@tiki.lojban.org,1,mail/wikineurotic/threads/2015/0f7d3634a569-wiki_page_userpagelucajassotzvdzzsnisj_created_.txt
wikineurotic,49ffaf0c6051-wiki_page_userpagedeborahperlecpdpnu_created_by,nxdubn.b4upz2@tiki.lojban.org,1,mail/wikineurotic/threads/2015/49ffaf0c6051-wiki_page_userpagedeborahperlecpdpnu_created_by.txt
wikineurotic,f0dd9b9db0d9-wiki_page_userpagelouellamichelsogiox_created_b,nxdx3a.wlvwog@tiki.lojban.org,1,mail/wikineurotic/threads/2015/f0dd9b9db0d9-wiki_page_userpagelouellamichelsogiox_created_b.txt
wikineurotic,205c7806f01e-wiki_page_userpagerozellagermaniadomc_created_b,nx65c7.n6aodr@tiki.lojban.org,1,mail/wikineurotic/threads/2015/205c7806f01e-wiki_page_userpagerozellagermaniadomc_created_b.txt
wikineurotic,42b344bb16a1-wiki_page_userpagequentinhardisonwz_created_by_,nxdxdh.y8tu5s@tiki.lojban.org,1,mail/wikineurotic/threads/2015/42b344bb16a1-wiki_page_userpagequentinhardisonwz_created_by_.txt
wikineurotic,920e4d78e26c-wiki_page_userpageninavileszmvbjuhkab_created_b,nxdxjh.w8ddtm@tiki.lojban.org,1,mail/wikineurotic/threads/2015/920e4d78e26c-wiki_page_userpageninavileszmvbjuhkab_created_b.txt
wikineurotic,ec4ae79a07a4-wiki_page_userpagemalloryhaydonsvphczj_created_,nxe0wm.sbgo8m@tiki.lojban.org,1,mail/wikineurotic/threads/2015/ec4ae79a07a4-wiki_page_userpagemalloryhaydonsvphczj_created_.txt
wikineurotic,4fbee0821fb2-wiki_page_userpagelucajassotzvdzzsnisj_changed_,nxe13e.yymr6r@tiki.lojban.org,1,mail/wikineurotic/threads/2015/4fbee0821fb2-wiki_page_userpagelucajassotzvdzzsnisj_changed_.txt
wikineurotic,98f828f821c0-wiki_page_userpagemakaylamashsdoogdv_created_by,nxe2dg.2hgyt6@tiki.lojban.org,1,mail/wikineurotic/threads/2015/98f828f821c0-wiki_page_userpagemakaylamashsdoogdv_created_by.txt
wikineurotic,8cee7427d02a-wiki_page_userpagelucajassotzvdzzsnisj_changed_,nxe2zs.b2f41g@tiki.lojban.org,1,mail/wikineurotic/threads/2015/8cee7427d02a-wiki_page_userpagelucajassotzvdzzsnisj_changed_.txt
wikineurotic,e169bc4bb348-wiki_page_userpageprincedriskellkk_created_by_r,nxe5jn.ryg5i7@tiki.lojban.org,1,mail/wikineurotic/threads/2015/e169bc4bb348-wiki_page_userpageprincedriskellkk_created_by_r.txt
wikineurotic,3994f138afaa-wiki_page_userpagemarkoborehamiogzm_created_by_,nxe9ak.ao7la9@tiki.lojban.org,1,mail/wikineurotic/threads/2015/3994f138afaa-wiki_page_userpagemarkoborehamiogzm_created_by_.txt
wikineurotic,d0f971090577-wiki_page_userpagevictorkyumwjqdj_created_by_fr,nxeg30.rygjvx@tiki.lojban.org,1,mail/wikineurotic/threads/2015/d0f971090577-wiki_page_userpagevictorkyumwjqdj_created_by_fr.txt
wikineurotic,38969ef08b8e-wiki_page_userpageshelleypintoyvok_created_by_w,nxesho.7w1p5h@tiki.lojban.org,1,mail/wikineurotic/threads/2015/38969ef08b8e-wiki_page_userpageshelleypintoyvok_created_by_w.txt
wikineurotic,ffa3d8a5715a-wiki_page_userpageestherhandfieldjm_created_by_,nx6pqo.h4h4vz@tiki.lojban.org,1,mail/wikineurotic/threads/2015/ffa3d8a5715a-wiki_page_userpageestherhandfieldjm_created_by_.txt
wikineurotic,fce96ba7ddd4-wiki_page_userpagelucajassotzvdzzsnisj_changed_,nxfuk3.db1n28@tiki.lojban.org,1,mail/wikineurotic/threads/2015/fce96ba7ddd4-wiki_page_userpagelucajassotzvdzzsnisj_changed_.txt
wikineurotic,f1ac07f200c0-wiki_page_userpagekarinamcculloughufp_created_b,nxg0vk.asx562@tiki.lojban.org,1,mail/wikineurotic/threads/2015/f1ac07f200c0-wiki_page_userpagekarinamcculloughufp_created_b.txt
wikineurotic,e6b6c1593ce2-wiki_page_userpageblakenobeliusjtkbzb_created_b,nxg90b.2wes6l@tiki.lojban.org,1,mail/wikineurotic/threads/2015/e6b6c1593ce2-wiki_page_userpageblakenobeliusjtkbzb_created_b.txt
wikineurotic,6d5c21c181f9-wiki_page_userpagetrenthuotnyfzzjiz_created_by_,nxgc6x.w33dbu@tiki.lojban.org,1,mail/wikineurotic/threads/2015/6d5c21c181f9-wiki_page_userpagetrenthuotnyfzzjiz_created_by_.txt
wikineurotic,ac53829972b7-wiki_page_userpagemargaritagalvezlg_created_by_,nxge1q.qvrvwd@tiki.lojban.org,1,mail/wikineurotic/threads/2015/ac53829972b7-wiki_page_userpagemargaritagalvezlg_created_by_.txt
wikineurotic,f203aac4fd75-wiki_page_userpagemellisauqgwxrolqbajgb_created,nxge4o.s3yq1p@tiki.lojban.org,1,mail/wikineurotic/threads/2015/f203aac4fd75-wiki_page_userpagemellisauqgwxrolqbajgb_created.txt
wikineurotic,8920845d2766-wiki_page_userpagejakeononziikepffy_created_by_,nxgesh.eeasd7@tiki.lojban.org,1,mail/wikineurotic/threads/2015/8920845d2766-wiki_page_userpagejakeononziikepffy_created_by_.txt
wikineurotic,5ac76477eb6a-wiki_page_userpagelamarqrferuapeb_created_by_ti,nxgeuz.ivfami@tiki.lojban.org,1,mail/wikineurotic/threads/2015/5ac76477eb6a-wiki_page_userpagelamarqrferuapeb_created_by_ti.txt
wikineurotic,370f68070a3d-wiki_page_userpagemarceloeyfsushfl_created_by_s,nxgl31.fgbgv9@tiki.lojban.org,1,mail/wikineurotic/threads/2015/370f68070a3d-wiki_page_userpagemarceloeyfsushfl_created_by_s.txt
wikineurotic,b88b87f97485-wiki_page_userpageflormarrerojgyf_created_by_de,nxgnat.mashha@tiki.lojban.org,1,mail/wikineurotic/threads/2015/b88b87f97485-wiki_page_userpageflormarrerojgyf_created_by_de.txt
wikineurotic,28b8d89219c0-wiki_page_userpagemaynardrudallqqiggao_created_,nxgr30.lp8p74@tiki.lojban.org,1,mail/wikineurotic/threads/2015/28b8d89219c0-wiki_page_userpagemaynardrudallqqiggao_created_.txt
wikineurotic,f87aa6b1356d-wiki_page_userpagehilariobmhoreffbwuiyj_created,nxgr3y.9db6dj@tiki.lojban.org,1,mail/wikineurotic/threads/2015/f87aa6b1356d-wiki_page_userpagehilariobmhoreffbwuiyj_created.txt
wikineurotic,e8ba8604fbeb-wiki_page_userpageahmadrosenbergjpzjeiy_created,nxh16o.hc3ugs@tiki.lojban.org,1,mail/wikineurotic/threads/2015/e8ba8604fbeb-wiki_page_userpageahmadrosenbergjpzjeiy_created.txt
wikineurotic,e080e67a3da4-wiki_page_userpageangelesclemente_created_by_mi,nxh5nh.l58jvb@tiki.lojban.org,1,mail/wikineurotic/threads/2015/e080e67a3da4-wiki_page_userpageangelesclemente_created_by_mi.txt
wikineurotic,0c5428dad33f-wiki_page_userpagecandragarretsonfqni_created_b,nxhbz6.bujukf@tiki.lojban.org,1,mail/wikineurotic/threads/2015/0c5428dad33f-wiki_page_userpagecandragarretsonfqni_created_b.txt
wikineurotic,772bea2473b0-wiki_page_userpageconnorhlfyznmzmzmze_created_b,nxhl6i.o46gte@tiki.lojban.org,1,mail/wikineurotic/threads/2015/772bea2473b0-wiki_page_userpageconnorhlfyznmzmzmze_created_b.txt
wikineurotic,c3ae4927d263-wiki_page_userpagekthbaskorocfaecfhnh_created_b,nxhvnk.vtdpcq@tiki.lojban.org,1,mail/wikineurotic/threads/2015/c3ae4927d263-wiki_page_userpagekthbaskorocfaecfhnh_created_b.txt
wikineurotic,4cc38310e23a-wiki_page_userpagekarinamcculloughufp_changed_b,nxhwys.73nam@tiki.lojban.org,1,mail/wikineurotic/threads/2015/4cc38310e23a-wiki_page_userpagekarinamcculloughufp_changed_b.txt
wikineurotic,30869eeb73e7-wiki_page_userpagekarinamcculloughufp_changed_b,nxhx9e.ar8iz5@tiki.lojban.org,1,mail/wikineurotic/threads/2015/30869eeb73e7-wiki_page_userpagekarinamcculloughufp_changed_b.txt
wikineurotic,5821ae482f12-wiki_page_userpagekarinamcculloughufp_changed_b,nxhzq8.si05zh@tiki.lojban.org,1,mail/wikineurotic/threads/2015/5821ae482f12-wiki_page_userpagekarinamcculloughufp_changed_b.txt
wikineurotic,7eef2c5cb753-wiki_page_userpagevickiagpkwqwvzzuz_created_by_,nxi0hr.bnt8f9@tiki.lojban.org,1,mail/wikineurotic/threads/2015/7eef2c5cb753-wiki_page_userpagevickiagpkwqwvzzuz_created_by_.txt
wikineurotic,a1a3f7b1b803-wiki_page_userpagekarinamcculloughufp_changed_b,nxi0hy.jq7ch9@tiki.lojban.org,1,mail/wikineurotic/threads/2015/a1a3f7b1b803-wiki_page_userpagekarinamcculloughufp_changed_b.txt
wikineurotic,0243bce8c4e1-wiki_page_userpagekarinamcculloughufp_changed_b,nxi1sk.t3bhob@tiki.lojban.org,1,mail/wikineurotic/threads/2015/0243bce8c4e1-wiki_page_userpagekarinamcculloughufp_changed_b.txt
wikineurotic,a759d0d4e2b7-wiki_page_userpagekarinamcculloughufp_changed_b,nxi52k.dm20d9@tiki.lojban.org,1,mail/wikineurotic/threads/2015/a759d0d4e2b7-wiki_page_userpagekarinamcculloughufp_changed_b.txt
wikineurotic,408e501d97e4-wiki_page_userpagekarinamcculloughufp_changed_b,nxi6s3.kk61u@tiki.lojban.org,1,mail/wikineurotic/threads/2015/408e501d97e4-wiki_page_userpagekarinamcculloughufp_changed_b.txt
wikineurotic,5ad1cc7b977a-wiki_page_userpagekarinamcculloughufp_changed_b,nxi84c.j5d0x0@tiki.lojban.org,1,mail/wikineurotic/threads/2015/5ad1cc7b977a-wiki_page_userpagekarinamcculloughufp_changed_b.txt
wikineurotic,227b5faa27d3-wiki_page_userpageradensteadhamnpgem_created_by,nxi99c.z34am8@tiki.lojban.org,1,mail/wikineurotic/threads/2015/227b5faa27d3-wiki_page_userpageradensteadhamnpgem_created_by.txt
wikineurotic,60174d0b761c-wiki_page_userpagevaleriedelargie_created_by_ha,nxia4d.hypowf@tiki.lojban.org,1,mail/wikineurotic/threads/2015/60174d0b761c-wiki_page_userpagevaleriedelargie_created_by_ha.txt
wikineurotic,958404356a24-wiki_page_userpageyusufeppxsdteqmoko_created_by,nxiasl.kgknki@tiki.lojban.org,1,mail/wikineurotic/threads/2015/958404356a24-wiki_page_userpageyusufeppxsdteqmoko_created_by.txt
wikineurotic,eccd8c22f21e-wiki_page_userpagekarinamcculloughufp_changed_b,nxibsx.f5eaje@tiki.lojban.org,1,mail/wikineurotic/threads/2015/eccd8c22f21e-wiki_page_userpagekarinamcculloughufp_changed_b.txt
wikineurotic,21f41e5969cf-wiki_page_userpagekarinamcculloughufp_changed_b,nxifin.yoilcf@tiki.lojban.org,1,mail/wikineurotic/threads/2015/21f41e5969cf-wiki_page_userpagekarinamcculloughufp_changed_b.txt
wikineurotic,1d66de0ada91-wiki_page_userpagemagnoliascerrirlhzt_created_b,nxig2c.fbum0r@tiki.lojban.org,1,mail/wikineurotic/threads/2015/1d66de0ada91-wiki_page_userpagemagnoliascerrirlhzt_created_b.txt
wikineurotic,be475beebfc8-wiki_page_userpagejordanyuenijlqhdvsbhv_created,nxih7k.q545os@tiki.lojban.org,1,mail/wikineurotic/threads/2015/be475beebfc8-wiki_page_userpagejordanyuenijlqhdvsbhv_created.txt
wikineurotic,e7c3a90a4ff6-wiki_page_userpagekarinamcculloughufp_changed_b,nxih7s.q0qoso@tiki.lojban.org,1,mail/wikineurotic/threads/2015/e7c3a90a4ff6-wiki_page_userpagekarinamcculloughufp_changed_b.txt
wikineurotic,625e631386d7-wiki_page_userpagekarinamcculloughufp_changed_b,nxijue.o1azfx@tiki.lojban.org,1,mail/wikineurotic/threads/2015/625e631386d7-wiki_page_userpagekarinamcculloughufp_changed_b.txt
wikineurotic,685cb6ae57a2-wiki_page_userpagekarinamcculloughufp_changed_b,nxilfg.8ufg6@tiki.lojban.org,1,mail/wikineurotic/threads/2015/685cb6ae57a2-wiki_page_userpagekarinamcculloughufp_changed_b.txt
wikineurotic,4ed02165399d-wiki_page_userpageainixzwxxygjlvqcm_created_by_,nxinoo.v5sk43@tiki.lojban.org,1,mail/wikineurotic/threads/2015/4ed02165399d-wiki_page_userpageainixzwxxygjlvqcm_created_by_.txt
wikineurotic,641dddff425b-wiki_page_userpageratuoconorjytsmu_created_by_k,nxinyk.b0p27c@tiki.lojban.org,1,mail/wikineurotic/threads/2015/641dddff425b-wiki_page_userpageratuoconorjytsmu_created_by_k.txt
wikineurotic,26864cff96d7-wiki_page_userpageernestinaschlinkbsmm_created_,nxio78.zcz33@tiki.lojban.org,1,mail/wikineurotic/threads/2015/26864cff96d7-wiki_page_userpageernestinaschlinkbsmm_created_.txt
wikineurotic,648019b4506c-wiki_page_userpageleesalnygotsspk_created_by_ma,nxio8g.3zqzsp@tiki.lojban.org,1,mail/wikineurotic/threads/2015/648019b4506c-wiki_page_userpageleesalnygotsspk_created_by_ma.txt
wikineurotic,faa45f9a7987-wiki_page_userpagekarinamcculloughufp_changed_b,nxip1v.gtzl1l@tiki.lojban.org,1,mail/wikineurotic/threads/2015/faa45f9a7987-wiki_page_userpagekarinamcculloughufp_changed_b.txt
wikineurotic,d7c9eb56b8db-wiki_page_userpageharrispbqmneoiop_created_by_h,nxiqoa.h4zuq5@tiki.lojban.org,1,mail/wikineurotic/threads/2015/d7c9eb56b8db-wiki_page_userpageharrispbqmneoiop_created_by_h.txt
wikineurotic,e3b923fac6fc-wiki_page_userpagestefanrivasdyzprtjzo_created_,nxirun.26curk@tiki.lojban.org,1,mail/wikineurotic/threads/2015/e3b923fac6fc-wiki_page_userpagestefanrivasdyzprtjzo_created_.txt
wikineurotic,61755dae8c09-wiki_page_userpagekarinamcculloughufp_changed_b,nxitx6.xqn57k@tiki.lojban.org,1,mail/wikineurotic/threads/2015/61755dae8c09-wiki_page_userpagekarinamcculloughufp_changed_b.txt
wikineurotic,405d3d13e820-wiki_page_userpagekarinamcculloughufp_changed_b,nxixsp.mg9668@tiki.lojban.org,1,mail/wikineurotic/threads/2015/405d3d13e820-wiki_page_userpagekarinamcculloughufp_changed_b.txt
wikineurotic,04555bb3b008-wiki_page_userpagekarinamcculloughufp_changed_b,nxizfd.tyon1i@tiki.lojban.org,1,mail/wikineurotic/threads/2015/04555bb3b008-wiki_page_userpagekarinamcculloughufp_changed_b.txt
wikineurotic,ab0d46d6a53c-wiki_page_userpagekarinamcculloughufp_changed_b,nxj133.jbksi5@tiki.lojban.org,1,mail/wikineurotic/threads/2015/ab0d46d6a53c-wiki_page_userpagekarinamcculloughufp_changed_b.txt
wikineurotic,dc6410b626a7-wiki_page_userpagesukmaironsyeojxb_created_by_y,nxj2si.arxppg@tiki.lojban.org,1,mail/wikineurotic/threads/2015/dc6410b626a7-wiki_page_userpagesukmaironsyeojxb_created_by_y.txt
wikineurotic,e9eccf0c424f-wiki_page_userpagekarinamcculloughufp_changed_b,nxj2sw.y07of9@tiki.lojban.org,1,mail/wikineurotic/threads/2015/e9eccf0c424f-wiki_page_userpagekarinamcculloughufp_changed_b.txt
wikineurotic,0ad988b5df89-wiki_page_userpagekarinamcculloughufp_changed_b,nxj43j.cntgkr@tiki.lojban.org,1,mail/wikineurotic/threads/2015/0ad988b5df89-wiki_page_userpagekarinamcculloughufp_changed_b.txt
wikineurotic,4907f34e483e-wiki_page_userpageharrisonpmatxvplaz_created_by,nxj47b.mw4ljh@tiki.lojban.org,1,mail/wikineurotic/threads/2015/4907f34e483e-wiki_page_userpageharrisonpmatxvplaz_created_by.txt
wikineurotic,45290c9f1632-wiki_page_userpagekarinamcculloughufp_changed_b,nxj56h.s8qvb4@tiki.lojban.org,1,mail/wikineurotic/threads/2015/45290c9f1632-wiki_page_userpagekarinamcculloughufp_changed_b.txt
wikineurotic,6aacda044530-wiki_page_userpagekarinamcculloughufp_changed_b,nxj7cr.wh1ew@tiki.lojban.org,1,mail/wikineurotic/threads/2015/6aacda044530-wiki_page_userpagekarinamcculloughufp_changed_b.txt
wikineurotic,41defafbbaf2-wiki_page_userpagekurtparrishzaduwhamx_created_,nxj86i.cg5lo@tiki.lojban.org,1,mail/wikineurotic/threads/2015/41defafbbaf2-wiki_page_userpagekurtparrishzaduwhamx_created_.txt
wikineurotic,79109c837187-wiki_page_userpagekarinamcculloughufp_changed_b,nxjaew.bm3ugt@tiki.lojban.org,1,mail/wikineurotic/threads/2015/79109c837187-wiki_page_userpagekarinamcculloughufp_changed_b.txt
wikineurotic,6108783aef3f-wiki_page_userpagethorstenbalmain_created_by_je,nxjamc.2n2k37@tiki.lojban.org,1,mail/wikineurotic/threads/2015/6108783aef3f-wiki_page_userpagethorstenbalmain_created_by_je.txt
wikineurotic,376334053ec0-wiki_page_userpagekarinamcculloughufp_changed_b,nxjbuq.mrjdp0@tiki.lojban.org,1,mail/wikineurotic/threads/2015/376334053ec0-wiki_page_userpagekarinamcculloughufp_changed_b.txt
wikineurotic,fa4517196838-wiki_page_userpagemargiedarcyhzay_created_by_sh,nxjdc0.nr2y7i@tiki.lojban.org,1,mail/wikineurotic/threads/2015/fa4517196838-wiki_page_userpagemargiedarcyhzay_created_by_sh.txt
wikineurotic,b9e06e834ad1-wiki_page_userpagekarinamcculloughufp_changed_b,nxjepx.s9zg0s@tiki.lojban.org,1,mail/wikineurotic/threads/2015/b9e06e834ad1-wiki_page_userpagekarinamcculloughufp_changed_b.txt
wikineurotic,c595d93e437f-wiki_page_userpagekarinamcculloughufp_changed_b,nxjg23.necqjn@tiki.lojban.org,1,mail/wikineurotic/threads/2015/c595d93e437f-wiki_page_userpagekarinamcculloughufp_changed_b.txt
wikineurotic,cc323b753e8e-wiki_page_userpagekarinamcculloughufp_changed_b,nxjlfy.belx4m@tiki.lojban.org,1,mail/wikineurotic/threads/2015/cc323b753e8e-wiki_page_userpagekarinamcculloughufp_changed_b.txt
wikineurotic,5a291475f21c-wiki_page_userpagekarinamcculloughufp_changed_b,nxjnyq.qhnckz@tiki.lojban.org,1,mail/wikineurotic/threads/2015/5a291475f21c-wiki_page_userpagekarinamcculloughufp_changed_b.txt
wikineurotic,776f836b2a2b-wiki_page_userpagekarinamcculloughufp_changed_b,nxjp45.725awa@tiki.lojban.org,1,mail/wikineurotic/threads/2015/776f836b2a2b-wiki_page_userpagekarinamcculloughufp_changed_b.txt
wikineurotic,1eebebe1afc3-wiki_page_userpagekarinamcculloughufp_changed_b,nxjqx4.qrj89n@tiki.lojban.org,1,mail/wikineurotic/threads/2015/1eebebe1afc3-wiki_page_userpagekarinamcculloughufp_changed_b.txt
wikineurotic,496c10948364-wiki_page_userpagemattpadvaxcfsihdbeoij_created,nxjrcx.cvvmik@tiki.lojban.org,1,mail/wikineurotic/threads/2015/496c10948364-wiki_page_userpagemattpadvaxcfsihdbeoij_created.txt
wikineurotic,2b1cae403f10-wiki_page_userpagegrantblameyebcgbtu_created_by,nxjsls.aws7e8@tiki.lojban.org,1,mail/wikineurotic/threads/2015/2b1cae403f10-wiki_page_userpagegrantblameyebcgbtu_created_by.txt
wikineurotic,d59f856cb197-wiki_page_userpagekarinamcculloughufp_changed_b,nxjsnb.mcajpb@tiki.lojban.org,1,mail/wikineurotic/threads/2015/d59f856cb197-wiki_page_userpagekarinamcculloughufp_changed_b.txt
wikineurotic,391da4a73fb3-wiki_page_userpagekarinamcculloughufp_changed_b,nxjv2x.5fcn1w@tiki.lojban.org,1,mail/wikineurotic/threads/2015/391da4a73fb3-wiki_page_userpagekarinamcculloughufp_changed_b.txt
wikineurotic,058c8967a1c6-wiki_page_userpagebridgettshephardxyd_created_b,nxjvt7.op6g2f@tiki.lojban.org,1,mail/wikineurotic/threads/2015/058c8967a1c6-wiki_page_userpagebridgettshephardxyd_created_b.txt
wikineurotic,d99ca5339b57-wiki_page_userpagekarinamcculloughufp_changed_b,nxjwnq.l8yfgt@tiki.lojban.org,1,mail/wikineurotic/threads/2015/d99ca5339b57-wiki_page_userpagekarinamcculloughufp_changed_b.txt
wikineurotic,2eccbc6aff87-wiki_page_userpagekarinamcculloughufp_changed_b,nxjy20.hi0zjz@tiki.lojban.org,1,mail/wikineurotic/threads/2015/2eccbc6aff87-wiki_page_userpagekarinamcculloughufp_changed_b.txt
wikineurotic,43a9610ce3e8-wiki_page_userpagekarinamcculloughufp_changed_b,nxjz9j.hgl0o0@tiki.lojban.org,1,mail/wikineurotic/threads/2015/43a9610ce3e8-wiki_page_userpagekarinamcculloughufp_changed_b.txt
wikineurotic,9862a83c0aed-wiki_page_userpagekarinamcculloughufp_changed_b,nxjzyz.jdz15h@tiki.lojban.org,1,mail/wikineurotic/threads/2015/9862a83c0aed-wiki_page_userpagekarinamcculloughufp_changed_b.txt
wikineurotic,3ac72da06d41-wiki_page_userpagekarinamcculloughufp_changed_b,nxk1da.qdahcl@tiki.lojban.org,1,mail/wikineurotic/threads/2015/3ac72da06d41-wiki_page_userpagekarinamcculloughufp_changed_b.txt
wikineurotic,92c289ea355a-wiki_page_userpagekarinamcculloughufp_changed_b,nxk23q.we8768@tiki.lojban.org,1,mail/wikineurotic/threads/2015/92c289ea355a-wiki_page_userpagekarinamcculloughufp_changed_b.txt
wikineurotic,4b02a4926267-wiki_page_userpagemahaliavcwqyrxh_created_by_vi,nxk4a3.6jz9fa@tiki.lojban.org,1,mail/wikineurotic/threads/2015/4b02a4926267-wiki_page_userpagemahaliavcwqyrxh_created_by_vi.txt
wikineurotic,d06651c09eaf-wiki_page_userpagekarinamcculloughufp_changed_b,nxk4o9.hweadl@tiki.lojban.org,1,mail/wikineurotic/threads/2015/d06651c09eaf-wiki_page_userpagekarinamcculloughufp_changed_b.txt
wikineurotic,6785fad86904-wiki_page_userpagekarinamcculloughufp_changed_b,nxk5rs.rigimu@tiki.lojban.org,1,mail/wikineurotic/threads/2015/6785fad86904-wiki_page_userpagekarinamcculloughufp_changed_b.txt
wikineurotic,b231caea05d7-wiki_page_userpagekarinamcculloughufp_changed_b,nxk6yf.kc5kl1@tiki.lojban.org,1,mail/wikineurotic/threads/2015/b231caea05d7-wiki_page_userpagekarinamcculloughufp_changed_b.txt
wikineurotic,efb7df35632d-wiki_page_userpagekarinamcculloughufp_changed_b,nxk8xt.8p7w7m@tiki.lojban.org,1,mail/wikineurotic/threads/2015/efb7df35632d-wiki_page_userpagekarinamcculloughufp_changed_b.txt
wikineurotic,90b9888fda03-wiki_page_userpagekarinamcculloughufp_changed_b,nxka2n.exnmjp@tiki.lojban.org,1,mail/wikineurotic/threads/2015/90b9888fda03-wiki_page_userpagekarinamcculloughufp_changed_b.txt
wikineurotic,49605ecd6b13-wiki_page_userpagekarinamcculloughufp_changed_b,nxkc8u.uggu6h@tiki.lojban.org,1,mail/wikineurotic/threads/2015/49605ecd6b13-wiki_page_userpagekarinamcculloughufp_changed_b.txt
wikineurotic,3c57a8b513ac-wiki_page_userpagekarinamcculloughufp_changed_b,nxkdy5.jj38ui@tiki.lojban.org,1,mail/wikineurotic/threads/2015/3c57a8b513ac-wiki_page_userpagekarinamcculloughufp_changed_b.txt
wikineurotic,fb2266a0c660-wiki_page_userpagekarinamcculloughufp_changed_b,nxkf4b.k8bfdj@tiki.lojban.org,1,mail/wikineurotic/threads/2015/fb2266a0c660-wiki_page_userpagekarinamcculloughufp_changed_b.txt
wikineurotic,124bf8830b78-wiki_page_userpagekarinamcculloughufp_changed_b,nxkgvk.it28yt@tiki.lojban.org,1,mail/wikineurotic/threads/2015/124bf8830b78-wiki_page_userpagekarinamcculloughufp_changed_b.txt
wikineurotic,e4a5d874f2d8-wiki_page_userpagerenepenningtonxsfcm_created_b,nxkgy8.usv4a8@tiki.lojban.org,1,mail/wikineurotic/threads/2015/e4a5d874f2d8-wiki_page_userpagerenepenningtonxsfcm_created_b.txt
wikineurotic,c232ed76dfed-wiki_page_userpageberndwooldridge_created_by_ad,nxki1z.gv8cb3@tiki.lojban.org,1,mail/wikineurotic/threads/2015/c232ed76dfed-wiki_page_userpageberndwooldridge_created_by_ad.txt
wikineurotic,d80ac63714b2-wiki_page_userpageaverybrandidwszkdgdvh_created,nxkjdr.8xf1ms@tiki.lojban.org,1,mail/wikineurotic/threads/2015/d80ac63714b2-wiki_page_userpageaverybrandidwszkdgdvh_created.txt
wikineurotic,cee8b05234f6-wiki_page_userpagekarinamcculloughufp_changed_b,nxkjpu.x55hqb@tiki.lojban.org,2,mail/wikineurotic/threads/2015/cee8b05234f6-wiki_page_userpagekarinamcculloughufp_changed_b.txt
wikineurotic,ee1c180239b9-wiki_page_userpagekarinamcculloughufp_changed_b,nxkle1.jzzcbv@tiki.lojban.org,1,mail/wikineurotic/threads/2015/ee1c180239b9-wiki_page_userpagekarinamcculloughufp_changed_b.txt
wikineurotic,c682601ed280-wiki_page_userpagekarinamcculloughufp_changed_b,nxkn3v.kncxr5@tiki.lojban.org,1,mail/wikineurotic/threads/2015/c682601ed280-wiki_page_userpagekarinamcculloughufp_changed_b.txt
wikineurotic,6315815f8c51-wiki_page_userpagekarinamcculloughufp_changed_b,nxkots.sbfma5@tiki.lojban.org,1,mail/wikineurotic/threads/2015/6315815f8c51-wiki_page_userpagekarinamcculloughufp_changed_b.txt
wikineurotic,69c1aa95b328-wiki_page_userpagekarinamcculloughufp_changed_b,nxkps0.c9tyq5@tiki.lojban.org,1,mail/wikineurotic/threads/2015/69c1aa95b328-wiki_page_userpagekarinamcculloughufp_changed_b.txt
wikineurotic,3df984c5619a-wiki_page_userpagekarinamcculloughufp_changed_b,nxkqnt.f5lqc8@tiki.lojban.org,1,mail/wikineurotic/threads/2015/3df984c5619a-wiki_page_userpagekarinamcculloughufp_changed_b.txt
wikineurotic,f039df384b7a-wiki_page_userpagekarinamcculloughufp_changed_b,nxkt3s.7vg556@tiki.lojban.org,1,mail/wikineurotic/threads/2015/f039df384b7a-wiki_page_userpagekarinamcculloughufp_changed_b.txt
wikineurotic,35751de4a1db-wiki_page_userpagekarinamcculloughufp_changed_b,nxku0i.2v50an@tiki.lojban.org,1,mail/wikineurotic/threads/2015/35751de4a1db-wiki_page_userpagekarinamcculloughufp_changed_b.txt
wikineurotic,19c3e78131a7-wiki_page_userpageperwirahtxsakstxlxxk_created_,nxkuez.2sv0xw@tiki.lojban.org,1,mail/wikineurotic/threads/2015/19c3e78131a7-wiki_page_userpageperwirahtxsakstxlxxk_created_.txt
wikineurotic,f69325038b2a-wiki_page_userpagekarinamcculloughufp_changed_b,nxkuy7.i8sjjs@tiki.lojban.org,1,mail/wikineurotic/threads/2015/f69325038b2a-wiki_page_userpagekarinamcculloughufp_changed_b.txt
wikineurotic,aa144e4dd499-wiki_page_userpagekarinamcculloughufp_changed_b,nxkvoy.k9bgy8@tiki.lojban.org,1,mail/wikineurotic/threads/2015/aa144e4dd499-wiki_page_userpagekarinamcculloughufp_changed_b.txt
wikineurotic,3289e48fc574-wiki_page_userpagekarinamcculloughufp_changed_b,nxkycx.wlk35@tiki.lojban.org,1,mail/wikineurotic/threads/2015/3289e48fc574-wiki_page_userpagekarinamcculloughufp_changed_b.txt
wikineurotic,af834cf80314-wiki_page_userpagekarinamcculloughufp_changed_b,nxkz9v.pkwjcd@tiki.lojban.org,1,mail/wikineurotic/threads/2015/af834cf80314-wiki_page_userpagekarinamcculloughufp_changed_b.txt
wikineurotic,b81932d8fc8b-wiki_page_userpagekarinamcculloughufp_changed_b,nxl0tx.87wl9u@tiki.lojban.org,1,mail/wikineurotic/threads/2015/b81932d8fc8b-wiki_page_userpagekarinamcculloughufp_changed_b.txt
wikineurotic,25f85b9d4a10-wiki_page_userpagekarinamcculloughufp_changed_b,nxl2rj.sk2rf3@tiki.lojban.org,1,mail/wikineurotic/threads/2015/25f85b9d4a10-wiki_page_userpagekarinamcculloughufp_changed_b.txt
wikineurotic,657c97ad4f9c-wiki_page_userpagemorriscluniesin_created_by_ha,nxl3bq.a7peio@tiki.lojban.org,1,mail/wikineurotic/threads/2015/657c97ad4f9c-wiki_page_userpagemorriscluniesin_created_by_ha.txt
wikineurotic,8ef0f35ec987-wiki_page_userpagekarinamcculloughufp_changed_b,nxl3up.xfmecx@tiki.lojban.org,1,mail/wikineurotic/threads/2015/8ef0f35ec987-wiki_page_userpagekarinamcculloughufp_changed_b.txt
wikineurotic,a4bd9ca61dc5-wiki_page_userpagebimachenehuxfvc_created_by_ku,nxl4g6.6d0xrq@tiki.lojban.org,1,mail/wikineurotic/threads/2015/a4bd9ca61dc5-wiki_page_userpagebimachenehuxfvc_created_by_ku.txt
wikineurotic,53e6c6ebea29-wiki_page_userpagekarinamcculloughufp_changed_b,nxl4r5.7ej5l8@tiki.lojban.org,1,mail/wikineurotic/threads/2015/53e6c6ebea29-wiki_page_userpagekarinamcculloughufp_changed_b.txt
wikineurotic,d4a775ba5310-wiki_page_userpagekarinamcculloughufp_changed_b,nxl60p.dqwr21@tiki.lojban.org,1,mail/wikineurotic/threads/2015/d4a775ba5310-wiki_page_userpagekarinamcculloughufp_changed_b.txt
wikineurotic,1f5f050fc5ed-wiki_page_userpagekarinamcculloughufp_changed_b,nxl6rt.fyjhfx@tiki.lojban.org,1,mail/wikineurotic/threads/2015/1f5f050fc5ed-wiki_page_userpagekarinamcculloughufp_changed_b.txt
wikineurotic,e347eea9e382-wiki_page_userpagekarinamcculloughufp_changed_b,nxl8jd.wxmggv@tiki.lojban.org,1,mail/wikineurotic/threads/2015/e347eea9e382-wiki_page_userpagekarinamcculloughufp_changed_b.txt
wikineurotic,cf046421c19d-wiki_page_userpagekarinamcculloughufp_changed_b,nxlaix.il3mxb@tiki.lojban.org,1,mail/wikineurotic/threads/2015/cf046421c19d-wiki_page_userpagekarinamcculloughufp_changed_b.txt
wikineurotic,6911bf748868-wiki_page_userpagekarinamcculloughufp_changed_b,nxlbkv.e3sfp@tiki.lojban.org,1,mail/wikineurotic/threads/2015/6911bf748868-wiki_page_userpagekarinamcculloughufp_changed_b.txt
wikineurotic,d031a80963f9-wiki_page_userpagekarinamcculloughufp_changed_b,nxlclt.ul70ju@tiki.lojban.org,1,mail/wikineurotic/threads/2015/d031a80963f9-wiki_page_userpagekarinamcculloughufp_changed_b.txt
wikineurotic,16b1335ec631-wiki_page_userpagekarinamcculloughufp_changed_b,nxldt6.nbqs7i@tiki.lojban.org,1,mail/wikineurotic/threads/2015/16b1335ec631-wiki_page_userpagekarinamcculloughufp_changed_b.txt
wikineurotic,35f9f9244437-wiki_page_userpagejerryklhsclgphzan_created_by_,nxleah.oqjzfr@tiki.lojban.org,1,mail/wikineurotic/threads/2015/35f9f9244437-wiki_page_userpagejerryklhsclgphzan_created_by_.txt
wikineurotic,9327250c481b-wiki_page_userpagejerryklhsclgphzan_changed_by_,nxlfbr.wrfrcm@tiki.lojban.org,1,mail/wikineurotic/threads/2015/9327250c481b-wiki_page_userpagejerryklhsclgphzan_changed_by_.txt
wikineurotic,69c143ef8394-wiki_page_userpageputrariddellbtmexpj_created_b,nxlh8v.vpqmm0@tiki.lojban.org,1,mail/wikineurotic/threads/2015/69c143ef8394-wiki_page_userpageputrariddellbtmexpj_created_b.txt
wikineurotic,bc9218d7975a-wiki_page_userpagealinakanodeqdfccez_created_by,nxlj3s.qgfy9h@tiki.lojban.org,1,mail/wikineurotic/threads/2015/bc9218d7975a-wiki_page_userpagealinakanodeqdfccez_created_by.txt
wikineurotic,442b1a569f30-wiki_page_userpageromandaddarioaio_created_by_a,nxljoc.qxmakn@tiki.lojban.org,1,mail/wikineurotic/threads/2015/442b1a569f30-wiki_page_userpageromandaddarioaio_created_by_a.txt
wikineurotic,57660089267d-wiki_page_userpagemaybellfihellyskr_created_by_,nxljpn.25vwud@tiki.lojban.org,1,mail/wikineurotic/threads/2015/57660089267d-wiki_page_userpagemaybellfihellyskr_created_by_.txt
wikineurotic,e5ef89ea70fb-wiki_page_userpagekatharinafellows_created_by_a,nxljqr.b53ugi@tiki.lojban.org,1,mail/wikineurotic/threads/2015/e5ef89ea70fb-wiki_page_userpagekatharinafellows_created_by_a.txt
wikineurotic,40c52f1f083d-wiki_page_userpagetysonbannermanuuqeevo_created,nxlk0y.6vmrmc@tiki.lojban.org,1,mail/wikineurotic/threads/2015/40c52f1f083d-wiki_page_userpagetysonbannermanuuqeevo_created.txt
wikineurotic,8fe749bb3863-wiki_page_userpagekarinamcculloughufp_changed_b,nxlmft.hc972w@tiki.lojban.org,1,mail/wikineurotic/threads/2015/8fe749bb3863-wiki_page_userpagekarinamcculloughufp_changed_b.txt
wikineurotic,a9bacc459d7f-wiki_page_userpagekarinamcculloughufp_changed_b,nxlnzk.dg4nbd@tiki.lojban.org,1,mail/wikineurotic/threads/2015/a9bacc459d7f-wiki_page_userpagekarinamcculloughufp_changed_b.txt
wikineurotic,063d2f9e9bd3-wiki_page_userpagekarinamcculloughufp_changed_b,nxlovb.aev796@tiki.lojban.org,1,mail/wikineurotic/threads/2015/063d2f9e9bd3-wiki_page_userpagekarinamcculloughufp_changed_b.txt
wikineurotic,28e787705e5a-wiki_page_userpagegrantblameyebcgbtu_changed_by,nxlp1y.mbxs64@tiki.lojban.org,1,mail/wikineurotic/threads/2015/28e787705e5a-wiki_page_userpagegrantblameyebcgbtu_changed_by.txt
wikineurotic,757f25df4560-wiki_page_userpagekarinamcculloughufp_changed_b,nxlpj7.6ecxg3@tiki.lojban.org,1,mail/wikineurotic/threads/2015/757f25df4560-wiki_page_userpagekarinamcculloughufp_changed_b.txt
wikineurotic,2838d4880e3e-wiki_page_userpagelenoraspruillyo_created_by_mi,nxlpup.fohy1e@tiki.lojban.org,1,mail/wikineurotic/threads/2015/2838d4880e3e-wiki_page_userpagelenoraspruillyo_created_by_mi.txt
wikineurotic,c58083f46e18-wiki_page_userpagegrantblameyebcgbtu_changed_by,nxlq5q.owkei4@tiki.lojban.org,1,mail/wikineurotic/threads/2015/c58083f46e18-wiki_page_userpagegrantblameyebcgbtu_changed_by.txt
wikineurotic,fc7530497138-wiki_page_userpagekarinamcculloughufp_changed_b,nxlqpg.b4qo34@tiki.lojban.org,1,mail/wikineurotic/threads/2015/fc7530497138-wiki_page_userpagekarinamcculloughufp_changed_b.txt
wikineurotic,36da84a76513-wiki_page_userpagegrantblameyebcgbtu_changed_by,nxlrd6.dulivg@tiki.lojban.org,1,mail/wikineurotic/threads/2015/36da84a76513-wiki_page_userpagegrantblameyebcgbtu_changed_by.txt
wikineurotic,953627188f06-wiki_page_userpagekarinamcculloughufp_changed_b,nxlrge.1bljr7@tiki.lojban.org,1,mail/wikineurotic/threads/2015/953627188f06-wiki_page_userpagekarinamcculloughufp_changed_b.txt
wikineurotic,c1462c6dbcba-wiki_page_userpagegrantblameyebcgbtu_changed_by,nxlsg1.8tg0l3@tiki.lojban.org,1,mail/wikineurotic/threads/2015/c1462c6dbcba-wiki_page_userpagegrantblameyebcgbtu_changed_by.txt
wikineurotic,9e341e123019-wiki_page_userpagekarinamcculloughufp_changed_b,nxlsyn.mc2g6v@tiki.lojban.org,1,mail/wikineurotic/threads/2015/9e341e123019-wiki_page_userpagekarinamcculloughufp_changed_b.txt
wikineurotic,93ccf5cb9e70-wiki_page_userpagegrantblameyebcgbtu_changed_by,nxltxu.u2j473@tiki.lojban.org,1,mail/wikineurotic/threads/2015/93ccf5cb9e70-wiki_page_userpagegrantblameyebcgbtu_changed_by.txt
wikineurotic,70a0c4605b5b-wiki_page_userpagekarinamcculloughufp_changed_b,nxlvjk.2w8jhp@tiki.lojban.org,1,mail/wikineurotic/threads/2015/70a0c4605b5b-wiki_page_userpagekarinamcculloughufp_changed_b.txt
wikineurotic,bf93782a365b-wiki_page_userpagesonjacollinsghurek_created_by,nxlvno.qgbwmn@tiki.lojban.org,1,mail/wikineurotic/threads/2015/bf93782a365b-wiki_page_userpagesonjacollinsghurek_created_by.txt
wikineurotic,3518523549b0-wiki_page_userpagegrantblameyebcgbtu_changed_by,nxlw9a.65htkr@tiki.lojban.org,1,mail/wikineurotic/threads/2015/3518523549b0-wiki_page_userpagegrantblameyebcgbtu_changed_by.txt
wikineurotic,aa301d15acde-wiki_page_userpagekarinamcculloughufp_changed_b,nxlwdl.lpobdb@tiki.lojban.org,1,mail/wikineurotic/threads/2015/aa301d15acde-wiki_page_userpagekarinamcculloughufp_changed_b.txt
wikineurotic,6d46f0fa2177-wiki_page_userpagelloydhartmannfn_created_by_ro,nxlx5g.7e76pe@tiki.lojban.org,1,mail/wikineurotic/threads/2015/6d46f0fa2177-wiki_page_userpagelloydhartmannfn_created_by_ro.txt
wikineurotic,9fc95e3157f2-wiki_page_userpagegrantblameyebcgbtu_changed_by,nxlx74.88g1ma@tiki.lojban.org,1,mail/wikineurotic/threads/2015/9fc95e3157f2-wiki_page_userpagegrantblameyebcgbtu_changed_by.txt
wikineurotic,87f9774e56c5-wiki_page_userpagekarinamcculloughufp_changed_b,nxlxb1.9imq14@tiki.lojban.org,1,mail/wikineurotic/threads/2015/87f9774e56c5-wiki_page_userpagekarinamcculloughufp_changed_b.txt
wikineurotic,0219599f1138-wiki_page_userpagegrantblameyebcgbtu_changed_by,nxlxt7.2kwh82@tiki.lojban.org,1,mail/wikineurotic/threads/2015/0219599f1138-wiki_page_userpagegrantblameyebcgbtu_changed_by.txt
wikineurotic,4b80734c7b89-wiki_page_userpagekarinamcculloughufp_changed_b,nxlyxy.rgqthc@tiki.lojban.org,1,mail/wikineurotic/threads/2015/4b80734c7b89-wiki_page_userpagekarinamcculloughufp_changed_b.txt
wikineurotic,b884b66a451f-wiki_page_userpagegrantblameyebcgbtu_changed_by,nxlzs1.8vbb0m@tiki.lojban.org,1,mail/wikineurotic/threads/2015/b884b66a451f-wiki_page_userpagegrantblameyebcgbtu_changed_by.txt
wikineurotic,b9dadf325737-wiki_page_userpagewinfredmagrathltqddn_created_,nxm03w.t48uh3@tiki.lojban.org,1,mail/wikineurotic/threads/2015/b9dadf325737-wiki_page_userpagewinfredmagrathltqddn_created_.txt
wikineurotic,78848003d352-wiki_page_userpagekarinamcculloughufp_changed_b,nxm0fq.fkrobv@tiki.lojban.org,1,mail/wikineurotic/threads/2015/78848003d352-wiki_page_userpagekarinamcculloughufp_changed_b.txt
wikineurotic,73a6c705ea86-wiki_page_userpagevenettarcfrpqegxbwljp_created,nxm0js.9kw9a1@tiki.lojban.org,1,mail/wikineurotic/threads/2015/73a6c705ea86-wiki_page_userpagevenettarcfrpqegxbwljp_created.txt
wikineurotic,eeec51811fab-wiki_page_userpagegrantblameyebcgbtu_changed_by,nxm170.8ixk97@tiki.lojban.org,1,mail/wikineurotic/threads/2015/eeec51811fab-wiki_page_userpagegrantblameyebcgbtu_changed_by.txt
wikineurotic,1d5d49e4bfd1-wiki_page_userpageshereeakeroydqvw_created_by_r,nxm1di.ejun1x@tiki.lojban.org,1,mail/wikineurotic/threads/2015/1d5d49e4bfd1-wiki_page_userpageshereeakeroydqvw_created_by_r.txt
wikineurotic,a844070d61e3-wiki_page_userpagebellmaguirepywzyzda_created_b,nxm1em.c48cwu@tiki.lojban.org,1,mail/wikineurotic/threads/2015/a844070d61e3-wiki_page_userpagebellmaguirepywzyzda_created_b.txt
wikineurotic,7dbc25860a45-wiki_page_userpagedorineokeefeszywmofle_created,nxm1fn.8f7reo@tiki.lojban.org,1,mail/wikineurotic/threads/2015/7dbc25860a45-wiki_page_userpagedorineokeefeszywmofle_created.txt
wikineurotic,8aa993aabd56-wiki_page_userpagekarinamcculloughufp_changed_b,nxm1mb.de0dn3@tiki.lojban.org,1,mail/wikineurotic/threads/2015/8aa993aabd56-wiki_page_userpagekarinamcculloughufp_changed_b.txt
wikineurotic,2fa943ad99cf-wiki_page_userpagegrantblameyebcgbtu_changed_by,nxm1zd.qdbcp9@tiki.lojban.org,1,mail/wikineurotic/threads/2015/2fa943ad99cf-wiki_page_userpagegrantblameyebcgbtu_changed_by.txt
wikineurotic,71258c1746ac-wiki_page_userpagearacelisdabneyjmfl_created_by,nxm2zs.rr39s2@tiki.lojban.org,1,mail/wikineurotic/threads/2015/71258c1746ac-wiki_page_userpagearacelisdabneyjmfl_created_by.txt
wikineurotic,7bcf5fd680f4-wiki_page_userpagegrantblameyebcgbtu_changed_by,nxm3xh.rh2b52@tiki.lojban.org,1,mail/wikineurotic/threads/2015/7bcf5fd680f4-wiki_page_userpagegrantblameyebcgbtu_changed_by.txt
wikineurotic,dff4e358e8d3-wiki_page_userpagemadeleinecraceqkw_created_by_,nxm4hj.qqje8f@tiki.lojban.org,1,mail/wikineurotic/threads/2015/dff4e358e8d3-wiki_page_userpagemadeleinecraceqkw_created_by_.txt
wikineurotic,a3d979275957-wiki_page_userpagegrantblameyebcgbtu_changed_by,nxm5d5.le14bz@tiki.lojban.org,1,mail/wikineurotic/threads/2015/a3d979275957-wiki_page_userpagegrantblameyebcgbtu_changed_by.txt
wikineurotic,d03be7120bfd-wiki_page_userpagekarinamcculloughufp_changed_b,nxm5j0.5chlnn@tiki.lojban.org,1,mail/wikineurotic/threads/2015/d03be7120bfd-wiki_page_userpagekarinamcculloughufp_changed_b.txt
wikineurotic,865e8bb9a44e-wiki_page_userpagegrantblameyebcgbtu_changed_by,nxm6vg.rol5f5@tiki.lojban.org,1,mail/wikineurotic/threads/2015/865e8bb9a44e-wiki_page_userpagegrantblameyebcgbtu_changed_by.txt
wikineurotic,42211601bb84-wiki_page_userpagekarinamcculloughufp_changed_b,nxm71i.mwb4ic@tiki.lojban.org,1,mail/wikineurotic/threads/2015/42211601bb84-wiki_page_userpagekarinamcculloughufp_changed_b.txt
wikineurotic,1c525fd64cec-wiki_page_userpagegrantblameyebcgbtu_changed_by,nxm7lw.spacnl@tiki.lojban.org,1,mail/wikineurotic/threads/2015/1c525fd64cec-wiki_page_userpagegrantblameyebcgbtu_changed_by.txt
wikineurotic,fa94ff306e21-wiki_page_userpagekarinamcculloughufp_changed_b,nxm8ke.4kmx50@tiki.lojban.org,1,mail/wikineurotic/threads/2015/fa94ff306e21-wiki_page_userpagekarinamcculloughufp_changed_b.txt
